ISO-10303-21;
HEADER;
FILE_DESCRIPTION(('STEP AP214'),'1');
FILE_NAME('1051330001.stp','2024-11-23T15:49:54',('TraceParts'),('TraceParts S.A.'),'Spatial InterOp 3D',' ',' ');
FILE_SCHEMA(('AUTOMOTIVE_DESIGN { 1 0 10303 214 1 1 1 1 }'));
ENDSEC;
DATA;
#1=PRODUCT_DEFINITION_CONTEXT('',#10,'design');
#2=APPLICATION_PROTOCOL_DEFINITION('INTERNATIONAL STANDARD','automotive_design',1994,#10);
#3=PRODUCT_CATEGORY_RELATIONSHIP('NONE','NONE',#11,#12);
#4=SHAPE_DEFINITION_REPRESENTATION(#13,#14);
#5=SHAPE_DEFINITION_REPRESENTATION(#13,#15);
#6= (GEOMETRIC_REPRESENTATION_CONTEXT(3)GLOBAL_UNCERTAINTY_ASSIGNED_CONTEXT((#18))GLOBAL_UNIT_ASSIGNED_CONTEXT((#20,#21,#22))REPRESENTATION_CONTEXT('NONE','WORKSPACE'));
#10=APPLICATION_CONTEXT(' ');
#11=PRODUCT_CATEGORY('part','NONE');
#12=PRODUCT_RELATED_PRODUCT_CATEGORY('detail',' ',(#24));
#13=PRODUCT_DEFINITION_SHAPE('NONE','NONE',#25);
#14=ADVANCED_BREP_SHAPE_REPRESENTATION('1051330001_1',(#26,#27),#6);
#15=GEOMETRICALLY_BOUNDED_SURFACE_SHAPE_REPRESENTATION('1',(#28,#29),#6);
#18=UNCERTAINTY_MEASURE_WITH_UNIT(LENGTH_MEASURE(1.0E-06),#20,'','');
#20= (CONVERSION_BASED_UNIT('MILLIMETRE',#32)LENGTH_UNIT()NAMED_UNIT(#35));
#21= (NAMED_UNIT(#37)PLANE_ANGLE_UNIT()SI_UNIT($,.RADIAN.));
#22= (NAMED_UNIT(#37)SOLID_ANGLE_UNIT()SI_UNIT($,.STERADIAN.));
#24=PRODUCT('1051330001_1','1051330001_1','PART-1051330001_1-DESC',(#43));
#25=PRODUCT_DEFINITION('','NONE',#44,#1);
#26=MANIFOLD_SOLID_BREP('1051330001_1',#45);
#27=AXIS2_PLACEMENT_3D('',#46,#47,#48);
#28=GEOMETRIC_SET('1',(#49,#50,#51,#52,#53,#54,#55,#56,#57,#58,#59,#60,#61,#62,#63,#64,#65,#66,#67,#68,#69,#70,#71,#72,#73,#74,#75,#76,#77,#78,#79,#80,#81,#82,#83,#84,#85,#86,#87,#88,#89,#90,#91,#92));
#29=AXIS2_PLACEMENT_3D('',#93,#94,#95);
#32=LENGTH_MEASURE_WITH_UNIT(LENGTH_MEASURE(1.0),#96);
#35=DIMENSIONAL_EXPONENTS(1.0,0.0,0.0,0.0,0.0,0.0,0.0);
#37=DIMENSIONAL_EXPONENTS(0.0,0.0,0.0,0.0,0.0,0.0,0.0);
#43=PRODUCT_CONTEXT('',#10,'mechanical');
#44=PRODUCT_DEFINITION_FORMATION_WITH_SPECIFIED_SOURCE(' ','NONE',#24,.NOT_KNOWN.);
#45=CLOSED_SHELL('',(#97,#98,#99,#100,#101,#102,#103,#104,#105,#106,#107,#108,#109,#110,#111,#112,#113,#114,#115,#116,#117,#118,#119,#120,#121,#122,#123,#124,#125,#126,#127,#128,#129,#130,#131,#132,#133,#134,#135,#136,#137,#138,#139,#140,#141,#142,#143,#144,#145,#146,#147,#148,#149,#150,#151,#152,#153,#154,#155,#156,#157,#158,#159,#160,#161,#162,#163,#164,#165,#166,#167,#168,#169,#170,#171,#172,#173,#174,#175,#176,#177,#178,#179,#180,#181,#182,#183,#184,#185,#186,#187,#188,#189,#190,#191,#192,#193,#194,#195,#196,#197,#198,#199,#200,#201,#202,#203,#204,#205,#206,#207,#208,#209,#210,#211,#212,#213,#214,#215,#216,#217,#218,#219,#220,#221,#222,#223,#224,#225,#226,#227,#228,#229,#230,#231,#232,#233,#234,#235,#236,#237,#238,#239,#240,#241,#242,#243,#244,#245,#246,#247,#248,#249,#250,#251,#252,#253,#254,#255,#256,#257,#258,#259,#260,#261,#262,#263,#264,#265,#266,#267,#268,#269,#270,#271,#272,#273,#274,#275,#276,#277,#278,#279,#280,#281,#282,#283,#284,#285,#286,#287,#288,#289,#290,#291,#292,#293,#294,#295,#296,#297,#298,#299,#300,#301,#302,#303,#304,#305,#306,#307,#308,#309,#310,#311,#312,#313,#314,#315,#316,#317,#318,#319,#320,#321,#322,#323,#324,#325,#326,#327,#328,#329,#330,#331,#332,#333,#334,#335,#336,#337,#338,#339,#340,#341,#342,#343,#344,#345,#346,#347,#348,#349,#350,#351,#352,#353,#354,#355,#356,#357,#358,#359,#360,#361,#362,#363,#364,#365,#366,#367,#368,#369,#370,#371,#372,#373,#374,#375,#376,#377,#378,#379,#380,#381,#382,#383,#384,#385,#386,#387,#388,#389,#390,#391,#392,#393,#394,#395,#396,#397,#398,#399,#400,#401,#402,#403,#404,#405,#406,#407,#408,#409,#410,#411,#412,#413,#414,#415,#416,#417,#418,#419,#420,#421,#422,#423,#424,#425,#426,#427,#428,#429,#430,#431,#432,#433,#434,#435,#436,#437,#438,#439,#440,#441,#442,#443,#444,#445,#446,#447,#448,#449,#450,#451,#452,#453,#454,#455,#456,#457,#458,#459,#460,#461,#462,#463,#464,#465,#466,#467,#468,#469,#470,#471,#472,#473,#474,#475,#476,#477,#478,#479,#480,#481,#482,#483,#484,#485,#486,#487,#488,#489,#490,#491,#492,#493,#494,#495,#496,#497,#498,#499,#500,#501,#502,#503,#504,#505,#506,#507,#508,#509,#510,#511,#512,#513,#514,#515,#516,#517,#518,#519,#520,#521,#522,#523,#524,#525,#526,#527,#528,#529,#530,#531,#532,#533,#534,#535,#536,#537,#538,#539,#540,#541,#542,#543,#544,#545,#546,#547,#548,#549,#550,#551,#552,#553,#554,#555,#556,#557,#558,#559,#560,#561,#562,#563,#564));
#46=CARTESIAN_POINT('',(0.0,0.0,0.0));
#47=DIRECTION('',(0.0,0.0,1.0));
#48=DIRECTION('',(1.0,0.0,0.0));
#49=COMPOSITE_CURVE('1051330001_2',(#565),.U.);
#50=COMPOSITE_CURVE('1051330001_3',(#566),.U.);
#51=COMPOSITE_CURVE('1051330001_4',(#567),.U.);
#52=COMPOSITE_CURVE('1051330001_5',(#568),.U.);
#53=COMPOSITE_CURVE('1051330001_6',(#569),.U.);
#54=COMPOSITE_CURVE('1051330001_7',(#570),.U.);
#55=COMPOSITE_CURVE('1051330001_8',(#571),.U.);
#56=COMPOSITE_CURVE('1051330001_9',(#572),.U.);
#57=COMPOSITE_CURVE('1051330001_10',(#573),.U.);
#58=COMPOSITE_CURVE('1051330001_11',(#574),.U.);
#59=COMPOSITE_CURVE('1051330001_12',(#575),.U.);
#60=COMPOSITE_CURVE('1051330001_13',(#576),.U.);
#61=COMPOSITE_CURVE('1051330001_14',(#577),.U.);
#62=COMPOSITE_CURVE('1051330001_15',(#578),.U.);
#63=COMPOSITE_CURVE('1051330001_16',(#579),.U.);
#64=COMPOSITE_CURVE('1051330001_17',(#580),.U.);
#65=COMPOSITE_CURVE('1051330001_18',(#581),.U.);
#66=COMPOSITE_CURVE('1051330001_19',(#582),.U.);
#67=COMPOSITE_CURVE('1051330001_20',(#583),.U.);
#68=COMPOSITE_CURVE('1051330001_21',(#584),.U.);
#69=COMPOSITE_CURVE('1051330001_22',(#585),.U.);
#70=COMPOSITE_CURVE('1051330001_23',(#586),.U.);
#71=COMPOSITE_CURVE('1051330001_24',(#587),.U.);
#72=COMPOSITE_CURVE('1051330001_25',(#588),.U.);
#73=COMPOSITE_CURVE('1051330001_26',(#589),.U.);
#74=COMPOSITE_CURVE('1051330001_27',(#590),.U.);
#75=COMPOSITE_CURVE('1051330001_28',(#591),.U.);
#76=COMPOSITE_CURVE('1051330001_29',(#592),.U.);
#77=COMPOSITE_CURVE('1051330001_30',(#593),.U.);
#78=COMPOSITE_CURVE('1051330001_31',(#594),.U.);
#79=COMPOSITE_CURVE('1051330001_32',(#595),.U.);
#80=COMPOSITE_CURVE('1051330001_33',(#596),.U.);
#81=COMPOSITE_CURVE('1051330001_34',(#597),.U.);
#82=COMPOSITE_CURVE('1051330001_35',(#598),.U.);
#83=COMPOSITE_CURVE('1051330001_36',(#599),.U.);
#84=COMPOSITE_CURVE('1051330001_37',(#600),.U.);
#85=COMPOSITE_CURVE('1051330001_38',(#601),.U.);
#86=COMPOSITE_CURVE('1051330001_39',(#602),.U.);
#87=COMPOSITE_CURVE('1051330001_40',(#603),.U.);
#88=COMPOSITE_CURVE('1051330001_41',(#604),.U.);
#89=COMPOSITE_CURVE('1051330001_42',(#605),.U.);
#90=COMPOSITE_CURVE('1051330001_43',(#606),.U.);
#91=COMPOSITE_CURVE('1051330001_44',(#607),.U.);
#92=COMPOSITE_CURVE('1051330001_45',(#608),.U.);
#93=CARTESIAN_POINT('',(0.0,0.0,0.0));
#94=DIRECTION('',(0.0,0.0,1.0));
#95=DIRECTION('',(1.0,0.0,0.0));
#96= (NAMED_UNIT(#35)LENGTH_UNIT()SI_UNIT(.MILLI.,.METRE.));
#97=ADVANCED_FACE('',(#610),#611,.T.);
#98=ADVANCED_FACE('',(#612),#613,.T.);
#99=ADVANCED_FACE('',(#614),#615,.T.);
#100=ADVANCED_FACE('',(#616),#617,.F.);
#101=ADVANCED_FACE('',(#618),#619,.F.);
#102=ADVANCED_FACE('',(#620,#621,#622,#623,#624,#625),#626,.F.);
#103=ADVANCED_FACE('',(#627),#628,.F.);
#104=ADVANCED_FACE('',(#629),#630,.T.);
#105=ADVANCED_FACE('',(#631),#632,.T.);
#106=ADVANCED_FACE('',(#633),#634,.T.);
#107=ADVANCED_FACE('',(#635),#636,.T.);
#108=ADVANCED_FACE('',(#637),#638,.F.);
#109=ADVANCED_FACE('',(#639),#640,.T.);
#110=ADVANCED_FACE('',(#641),#642,.T.);
#111=ADVANCED_FACE('',(#643),#644,.T.);
#112=ADVANCED_FACE('',(#645,#646),#647,.F.);
#113=ADVANCED_FACE('',(#648),#649,.F.);
#114=ADVANCED_FACE('',(#650),#651,.F.);
#115=ADVANCED_FACE('',(#652,#653,#654,#655),#656,.T.);
#116=ADVANCED_FACE('',(#657),#658,.T.);
#117=ADVANCED_FACE('',(#659),#660,.F.);
#118=ADVANCED_FACE('',(#661),#662,.T.);
#119=ADVANCED_FACE('',(#663),#664,.T.);
#120=ADVANCED_FACE('',(#665),#666,.T.);
#121=ADVANCED_FACE('',(#667),#668,.T.);
#122=ADVANCED_FACE('',(#669,#670),#671,.F.);
#123=ADVANCED_FACE('',(#672),#673,.F.);
#124=ADVANCED_FACE('',(#674),#675,.F.);
#125=ADVANCED_FACE('',(#676),#677,.F.);
#126=ADVANCED_FACE('',(#678),#679,.T.);
#127=ADVANCED_FACE('',(#680),#681,.F.);
#128=ADVANCED_FACE('',(#682),#683,.F.);
#129=ADVANCED_FACE('',(#684),#685,.T.);
#130=ADVANCED_FACE('',(#686),#687,.T.);
#131=ADVANCED_FACE('',(#688),#689,.T.);
#132=ADVANCED_FACE('',(#690),#691,.T.);
#133=ADVANCED_FACE('',(#692),#693,.T.);
#134=ADVANCED_FACE('',(#694),#695,.T.);
#135=ADVANCED_FACE('',(#696),#697,.F.);
#136=ADVANCED_FACE('',(#698),#699,.F.);
#137=ADVANCED_FACE('',(#700),#701,.F.);
#138=ADVANCED_FACE('',(#702),#703,.F.);
#139=ADVANCED_FACE('',(#704),#705,.F.);
#140=ADVANCED_FACE('',(#706),#707,.T.);
#141=ADVANCED_FACE('',(#708),#709,.F.);
#142=ADVANCED_FACE('',(#710),#711,.F.);
#143=ADVANCED_FACE('',(#712),#713,.F.);
#144=ADVANCED_FACE('',(#714),#715,.F.);
#145=ADVANCED_FACE('',(#716),#717,.F.);
#146=ADVANCED_FACE('',(#718),#719,.T.);
#147=ADVANCED_FACE('',(#720),#721,.F.);
#148=ADVANCED_FACE('',(#722),#723,.F.);
#149=ADVANCED_FACE('',(#724),#725,.F.);
#150=ADVANCED_FACE('',(#726),#727,.F.);
#151=ADVANCED_FACE('',(#728),#729,.F.);
#152=ADVANCED_FACE('',(#730),#731,.T.);
#153=ADVANCED_FACE('',(#732),#733,.F.);
#154=ADVANCED_FACE('',(#734,#735,#736,#737,#738,#739),#740,.T.);
#155=ADVANCED_FACE('',(#741),#742,.F.);
#156=ADVANCED_FACE('',(#743),#744,.T.);
#157=ADVANCED_FACE('',(#745),#746,.T.);
#158=ADVANCED_FACE('',(#747),#748,.F.);
#159=ADVANCED_FACE('',(#749),#750,.F.);
#160=ADVANCED_FACE('',(#751),#752,.T.);
#161=ADVANCED_FACE('',(#753),#754,.T.);
#162=ADVANCED_FACE('',(#755),#756,.F.);
#163=ADVANCED_FACE('',(#757),#758,.T.);
#164=ADVANCED_FACE('',(#759),#760,.F.);
#165=ADVANCED_FACE('',(#761),#762,.T.);
#166=ADVANCED_FACE('',(#763,#764),#765,.T.);
#167=ADVANCED_FACE('',(#766),#767,.F.);
#168=ADVANCED_FACE('',(#768),#769,.T.);
#169=ADVANCED_FACE('',(#770),#771,.F.);
#170=ADVANCED_FACE('',(#772),#773,.T.);
#171=ADVANCED_FACE('',(#774),#775,.F.);
#172=ADVANCED_FACE('',(#776),#777,.T.);
#173=ADVANCED_FACE('',(#778),#779,.F.);
#174=ADVANCED_FACE('',(#780),#781,.F.);
#175=ADVANCED_FACE('',(#782),#783,.F.);
#176=ADVANCED_FACE('',(#784),#785,.F.);
#177=ADVANCED_FACE('',(#786),#787,.T.);
#178=ADVANCED_FACE('',(#788),#789,.T.);
#179=ADVANCED_FACE('',(#790),#791,.F.);
#180=ADVANCED_FACE('',(#792),#793,.T.);
#181=ADVANCED_FACE('',(#794),#795,.T.);
#182=ADVANCED_FACE('',(#796),#797,.F.);
#183=ADVANCED_FACE('',(#798),#799,.F.);
#184=ADVANCED_FACE('',(#800),#801,.F.);
#185=ADVANCED_FACE('',(#802),#803,.F.);
#186=ADVANCED_FACE('',(#804,#805),#806,.T.);
#187=ADVANCED_FACE('',(#807),#808,.T.);
#188=ADVANCED_FACE('',(#809),#810,.T.);
#189=ADVANCED_FACE('',(#811),#812,.T.);
#190=ADVANCED_FACE('',(#813),#814,.T.);
#191=ADVANCED_FACE('',(#815),#816,.T.);
#192=ADVANCED_FACE('',(#817),#818,.T.);
#193=ADVANCED_FACE('',(#819),#820,.T.);
#194=ADVANCED_FACE('',(#821),#822,.T.);
#195=ADVANCED_FACE('',(#823),#824,.T.);
#196=ADVANCED_FACE('',(#825),#826,.F.);
#197=ADVANCED_FACE('',(#827),#828,.T.);
#198=ADVANCED_FACE('',(#829),#830,.F.);
#199=ADVANCED_FACE('',(#831),#832,.F.);
#200=ADVANCED_FACE('',(#833),#834,.F.);
#201=ADVANCED_FACE('',(#835),#836,.F.);
#202=ADVANCED_FACE('',(#837),#838,.T.);
#203=ADVANCED_FACE('',(#839),#840,.F.);
#204=ADVANCED_FACE('',(#841),#842,.F.);
#205=ADVANCED_FACE('',(#843),#844,.F.);
#206=ADVANCED_FACE('',(#845),#846,.F.);
#207=ADVANCED_FACE('',(#847),#848,.T.);
#208=ADVANCED_FACE('',(#849),#850,.F.);
#209=ADVANCED_FACE('',(#851),#852,.F.);
#210=ADVANCED_FACE('',(#853),#854,.F.);
#211=ADVANCED_FACE('',(#855),#856,.F.);
#212=ADVANCED_FACE('',(#857),#858,.T.);
#213=ADVANCED_FACE('',(#859),#860,.F.);
#214=ADVANCED_FACE('',(#861),#862,.F.);
#215=ADVANCED_FACE('',(#863),#864,.F.);
#216=ADVANCED_FACE('',(#865),#866,.F.);
#217=ADVANCED_FACE('',(#867),#868,.T.);
#218=ADVANCED_FACE('',(#869),#870,.T.);
#219=ADVANCED_FACE('',(#871),#872,.T.);
#220=ADVANCED_FACE('',(#873),#874,.T.);
#221=ADVANCED_FACE('',(#875),#876,.T.);
#222=ADVANCED_FACE('',(#877),#878,.T.);
#223=ADVANCED_FACE('',(#879),#880,.T.);
#224=ADVANCED_FACE('',(#881),#882,.T.);
#225=ADVANCED_FACE('',(#883),#884,.T.);
#226=ADVANCED_FACE('',(#885),#886,.T.);
#227=ADVANCED_FACE('',(#887),#888,.T.);
#228=ADVANCED_FACE('',(#889),#890,.T.);
#229=ADVANCED_FACE('',(#891),#892,.F.);
#230=ADVANCED_FACE('',(#893),#894,.F.);
#231=ADVANCED_FACE('',(#895),#896,.T.);
#232=ADVANCED_FACE('',(#897),#898,.T.);
#233=ADVANCED_FACE('',(#899),#900,.T.);
#234=ADVANCED_FACE('',(#901),#902,.T.);
#235=ADVANCED_FACE('',(#903),#904,.F.);
#236=ADVANCED_FACE('',(#905,#906),#907,.F.);
#237=ADVANCED_FACE('',(#908),#909,.T.);
#238=ADVANCED_FACE('',(#910),#911,.F.);
#239=ADVANCED_FACE('',(#912),#913,.T.);
#240=ADVANCED_FACE('',(#914),#915,.F.);
#241=ADVANCED_FACE('',(#916),#917,.F.);
#242=ADVANCED_FACE('',(#918),#919,.T.);
#243=ADVANCED_FACE('',(#920,#921),#922,.F.);
#244=ADVANCED_FACE('',(#923),#924,.T.);
#245=ADVANCED_FACE('',(#925),#926,.T.);
#246=ADVANCED_FACE('',(#927),#928,.F.);
#247=ADVANCED_FACE('',(#929),#930,.T.);
#248=ADVANCED_FACE('',(#931),#932,.F.);
#249=ADVANCED_FACE('',(#933),#934,.T.);
#250=ADVANCED_FACE('',(#935),#936,.T.);
#251=ADVANCED_FACE('',(#937),#938,.F.);
#252=ADVANCED_FACE('',(#939),#940,.T.);
#253=ADVANCED_FACE('',(#941),#942,.T.);
#254=ADVANCED_FACE('',(#943),#944,.F.);
#255=ADVANCED_FACE('',(#945),#946,.F.);
#256=ADVANCED_FACE('',(#947,#948),#949,.T.);
#257=ADVANCED_FACE('',(#950),#951,.F.);
#258=ADVANCED_FACE('',(#952),#953,.T.);
#259=ADVANCED_FACE('',(#954),#955,.T.);
#260=ADVANCED_FACE('',(#956),#957,.T.);
#261=ADVANCED_FACE('',(#958),#959,.F.);
#262=ADVANCED_FACE('',(#960),#961,.F.);
#263=ADVANCED_FACE('',(#962),#963,.T.);
#264=ADVANCED_FACE('',(#964),#965,.T.);
#265=ADVANCED_FACE('',(#966),#967,.T.);
#266=ADVANCED_FACE('',(#968),#969,.T.);
#267=ADVANCED_FACE('',(#970),#971,.F.);
#268=ADVANCED_FACE('',(#972),#973,.T.);
#269=ADVANCED_FACE('',(#974),#975,.T.);
#270=ADVANCED_FACE('',(#976),#977,.F.);
#271=ADVANCED_FACE('',(#978),#979,.T.);
#272=ADVANCED_FACE('',(#980),#981,.T.);
#273=ADVANCED_FACE('',(#982),#983,.T.);
#274=ADVANCED_FACE('',(#984),#985,.T.);
#275=ADVANCED_FACE('',(#986),#987,.F.);
#276=ADVANCED_FACE('',(#988),#989,.T.);
#277=ADVANCED_FACE('',(#990),#991,.T.);
#278=ADVANCED_FACE('',(#992),#993,.F.);
#279=ADVANCED_FACE('',(#994),#995,.T.);
#280=ADVANCED_FACE('',(#996),#997,.T.);
#281=ADVANCED_FACE('',(#998),#999,.T.);
#282=ADVANCED_FACE('',(#1000),#1001,.T.);
#283=ADVANCED_FACE('',(#1002),#1003,.F.);
#284=ADVANCED_FACE('',(#1004),#1005,.T.);
#285=ADVANCED_FACE('',(#1006),#1007,.T.);
#286=ADVANCED_FACE('',(#1008),#1009,.F.);
#287=ADVANCED_FACE('',(#1010),#1011,.T.);
#288=ADVANCED_FACE('',(#1012),#1013,.T.);
#289=ADVANCED_FACE('',(#1014),#1015,.T.);
#290=ADVANCED_FACE('',(#1016),#1017,.T.);
#291=ADVANCED_FACE('',(#1018),#1019,.F.);
#292=ADVANCED_FACE('',(#1020),#1021,.T.);
#293=ADVANCED_FACE('',(#1022),#1023,.T.);
#294=ADVANCED_FACE('',(#1024),#1025,.F.);
#295=ADVANCED_FACE('',(#1026),#1027,.T.);
#296=ADVANCED_FACE('',(#1028),#1029,.T.);
#297=ADVANCED_FACE('',(#1030),#1031,.T.);
#298=ADVANCED_FACE('',(#1032),#1033,.T.);
#299=ADVANCED_FACE('',(#1034),#1035,.F.);
#300=ADVANCED_FACE('',(#1036),#1037,.T.);
#301=ADVANCED_FACE('',(#1038),#1039,.T.);
#302=ADVANCED_FACE('',(#1040),#1041,.F.);
#303=ADVANCED_FACE('',(#1042),#1043,.T.);
#304=ADVANCED_FACE('',(#1044),#1045,.T.);
#305=ADVANCED_FACE('',(#1046),#1047,.T.);
#306=ADVANCED_FACE('',(#1048),#1049,.F.);
#307=ADVANCED_FACE('',(#1050),#1051,.F.);
#308=ADVANCED_FACE('',(#1052),#1053,.F.);
#309=ADVANCED_FACE('',(#1054),#1055,.F.);
#310=ADVANCED_FACE('',(#1056),#1057,.F.);
#311=ADVANCED_FACE('',(#1058),#1059,.T.);
#312=ADVANCED_FACE('',(#1060),#1061,.T.);
#313=ADVANCED_FACE('',(#1062),#1063,.T.);
#314=ADVANCED_FACE('',(#1064),#1065,.T.);
#315=ADVANCED_FACE('',(#1066),#1067,.T.);
#316=ADVANCED_FACE('',(#1068,#1069),#1070,.T.);
#317=ADVANCED_FACE('',(#1071),#1072,.F.);
#318=ADVANCED_FACE('',(#1073),#1074,.T.);
#319=ADVANCED_FACE('',(#1075),#1076,.T.);
#320=ADVANCED_FACE('',(#1077),#1078,.F.);
#321=ADVANCED_FACE('',(#1079),#1080,.F.);
#322=ADVANCED_FACE('',(#1081),#1082,.T.);
#323=ADVANCED_FACE('',(#1083),#1084,.T.);
#324=ADVANCED_FACE('',(#1085),#1086,.F.);
#325=ADVANCED_FACE('',(#1087),#1088,.T.);
#326=ADVANCED_FACE('',(#1089),#1090,.T.);
#327=ADVANCED_FACE('',(#1091),#1092,.F.);
#328=ADVANCED_FACE('',(#1093),#1094,.T.);
#329=ADVANCED_FACE('',(#1095),#1096,.F.);
#330=ADVANCED_FACE('',(#1097),#1098,.F.);
#331=ADVANCED_FACE('',(#1099),#1100,.F.);
#332=ADVANCED_FACE('',(#1101),#1102,.F.);
#333=ADVANCED_FACE('',(#1103),#1104,.F.);
#334=ADVANCED_FACE('',(#1105),#1106,.T.);
#335=ADVANCED_FACE('',(#1107),#1108,.F.);
#336=ADVANCED_FACE('',(#1109),#1110,.T.);
#337=ADVANCED_FACE('',(#1111),#1112,.T.);
#338=ADVANCED_FACE('',(#1113),#1114,.T.);
#339=ADVANCED_FACE('',(#1115),#1116,.T.);
#340=ADVANCED_FACE('',(#1117),#1118,.T.);
#341=ADVANCED_FACE('',(#1119),#1120,.T.);
#342=ADVANCED_FACE('',(#1121),#1122,.F.);
#343=ADVANCED_FACE('',(#1123),#1124,.T.);
#344=ADVANCED_FACE('',(#1125),#1126,.F.);
#345=ADVANCED_FACE('',(#1127),#1128,.F.);
#346=ADVANCED_FACE('',(#1129),#1130,.F.);
#347=ADVANCED_FACE('',(#1131),#1132,.T.);
#348=ADVANCED_FACE('',(#1133),#1134,.F.);
#349=ADVANCED_FACE('',(#1135),#1136,.F.);
#350=ADVANCED_FACE('',(#1137),#1138,.T.);
#351=ADVANCED_FACE('',(#1139),#1140,.T.);
#352=ADVANCED_FACE('',(#1141),#1142,.T.);
#353=ADVANCED_FACE('',(#1143),#1144,.F.);
#354=ADVANCED_FACE('',(#1145),#1146,.T.);
#355=ADVANCED_FACE('',(#1147),#1148,.F.);
#356=ADVANCED_FACE('',(#1149),#1150,.T.);
#357=ADVANCED_FACE('',(#1151),#1152,.T.);
#358=ADVANCED_FACE('',(#1153),#1154,.T.);
#359=ADVANCED_FACE('',(#1155),#1156,.T.);
#360=ADVANCED_FACE('',(#1157),#1158,.T.);
#361=ADVANCED_FACE('',(#1159),#1160,.T.);
#362=ADVANCED_FACE('',(#1161),#1162,.F.);
#363=ADVANCED_FACE('',(#1163),#1164,.T.);
#364=ADVANCED_FACE('',(#1165),#1166,.F.);
#365=ADVANCED_FACE('',(#1167),#1168,.F.);
#366=ADVANCED_FACE('',(#1169),#1170,.F.);
#367=ADVANCED_FACE('',(#1171),#1172,.T.);
#368=ADVANCED_FACE('',(#1173),#1174,.T.);
#369=ADVANCED_FACE('',(#1175),#1176,.T.);
#370=ADVANCED_FACE('',(#1177),#1178,.T.);
#371=ADVANCED_FACE('',(#1179),#1180,.T.);
#372=ADVANCED_FACE('',(#1181),#1182,.F.);
#373=ADVANCED_FACE('',(#1183),#1184,.F.);
#374=ADVANCED_FACE('',(#1185),#1186,.F.);
#375=ADVANCED_FACE('',(#1187),#1188,.T.);
#376=ADVANCED_FACE('',(#1189),#1190,.F.);
#377=ADVANCED_FACE('',(#1191),#1192,.T.);
#378=ADVANCED_FACE('',(#1193),#1194,.T.);
#379=ADVANCED_FACE('',(#1195),#1196,.F.);
#380=ADVANCED_FACE('',(#1197),#1198,.T.);
#381=ADVANCED_FACE('',(#1199),#1200,.T.);
#382=ADVANCED_FACE('',(#1201),#1202,.T.);
#383=ADVANCED_FACE('',(#1203),#1204,.T.);
#384=ADVANCED_FACE('',(#1205),#1206,.T.);
#385=ADVANCED_FACE('',(#1207),#1208,.F.);
#386=ADVANCED_FACE('',(#1209),#1210,.T.);
#387=ADVANCED_FACE('',(#1211),#1212,.T.);
#388=ADVANCED_FACE('',(#1213),#1214,.F.);
#389=ADVANCED_FACE('',(#1215),#1216,.F.);
#390=ADVANCED_FACE('',(#1217),#1218,.T.);
#391=ADVANCED_FACE('',(#1219),#1220,.T.);
#392=ADVANCED_FACE('',(#1221),#1222,.T.);
#393=ADVANCED_FACE('',(#1223),#1224,.T.);
#394=ADVANCED_FACE('',(#1225),#1226,.F.);
#395=ADVANCED_FACE('',(#1227),#1228,.F.);
#396=ADVANCED_FACE('',(#1229),#1230,.F.);
#397=ADVANCED_FACE('',(#1231),#1232,.F.);
#398=ADVANCED_FACE('',(#1233),#1234,.F.);
#399=ADVANCED_FACE('',(#1235),#1236,.T.);
#400=ADVANCED_FACE('',(#1237),#1238,.T.);
#401=ADVANCED_FACE('',(#1239),#1240,.T.);
#402=ADVANCED_FACE('',(#1241),#1242,.T.);
#403=ADVANCED_FACE('',(#1243),#1244,.F.);
#404=ADVANCED_FACE('',(#1245),#1246,.F.);
#405=ADVANCED_FACE('',(#1247),#1248,.F.);
#406=ADVANCED_FACE('',(#1249),#1250,.F.);
#407=ADVANCED_FACE('',(#1251,#1252),#1253,.T.);
#408=ADVANCED_FACE('',(#1254),#1255,.T.);
#409=ADVANCED_FACE('',(#1256),#1257,.T.);
#410=ADVANCED_FACE('',(#1258),#1259,.T.);
#411=ADVANCED_FACE('',(#1260),#1261,.T.);
#412=ADVANCED_FACE('',(#1262),#1263,.F.);
#413=ADVANCED_FACE('',(#1264,#1265),#1266,.F.);
#414=ADVANCED_FACE('',(#1267),#1268,.T.);
#415=ADVANCED_FACE('',(#1269),#1270,.T.);
#416=ADVANCED_FACE('',(#1271),#1272,.T.);
#417=ADVANCED_FACE('',(#1273),#1274,.T.);
#418=ADVANCED_FACE('',(#1275),#1276,.T.);
#419=ADVANCED_FACE('',(#1277),#1278,.T.);
#420=ADVANCED_FACE('',(#1279),#1280,.T.);
#421=ADVANCED_FACE('',(#1281),#1282,.F.);
#422=ADVANCED_FACE('',(#1283),#1284,.T.);
#423=ADVANCED_FACE('',(#1285),#1286,.T.);
#424=ADVANCED_FACE('',(#1287,#1288),#1289,.T.);
#425=ADVANCED_FACE('',(#1290),#1291,.F.);
#426=ADVANCED_FACE('',(#1292),#1293,.F.);
#427=ADVANCED_FACE('',(#1294),#1295,.F.);
#428=ADVANCED_FACE('',(#1296),#1297,.F.);
#429=ADVANCED_FACE('',(#1298),#1299,.F.);
#430=ADVANCED_FACE('',(#1300),#1301,.F.);
#431=ADVANCED_FACE('',(#1302),#1303,.T.);
#432=ADVANCED_FACE('',(#1304),#1305,.T.);
#433=ADVANCED_FACE('',(#1306),#1307,.F.);
#434=ADVANCED_FACE('',(#1308),#1309,.F.);
#435=ADVANCED_FACE('',(#1310),#1311,.F.);
#436=ADVANCED_FACE('',(#1312),#1313,.T.);
#437=ADVANCED_FACE('',(#1314),#1315,.F.);
#438=ADVANCED_FACE('',(#1316),#1317,.F.);
#439=ADVANCED_FACE('',(#1318),#1319,.T.);
#440=ADVANCED_FACE('',(#1320),#1321,.T.);
#441=ADVANCED_FACE('',(#1322),#1323,.T.);
#442=ADVANCED_FACE('',(#1324),#1325,.T.);
#443=ADVANCED_FACE('',(#1326),#1327,.F.);
#444=ADVANCED_FACE('',(#1328),#1329,.F.);
#445=ADVANCED_FACE('',(#1330),#1331,.T.);
#446=ADVANCED_FACE('',(#1332),#1333,.T.);
#447=ADVANCED_FACE('',(#1334),#1335,.T.);
#448=ADVANCED_FACE('',(#1336),#1337,.F.);
#449=ADVANCED_FACE('',(#1338),#1339,.T.);
#450=ADVANCED_FACE('',(#1340),#1341,.T.);
#451=ADVANCED_FACE('',(#1342),#1343,.T.);
#452=ADVANCED_FACE('',(#1344),#1345,.T.);
#453=ADVANCED_FACE('',(#1346),#1347,.T.);
#454=ADVANCED_FACE('',(#1348),#1349,.T.);
#455=ADVANCED_FACE('',(#1350),#1351,.F.);
#456=ADVANCED_FACE('',(#1352),#1353,.T.);
#457=ADVANCED_FACE('',(#1354),#1355,.T.);
#458=ADVANCED_FACE('',(#1356),#1357,.T.);
#459=ADVANCED_FACE('',(#1358),#1359,.F.);
#460=ADVANCED_FACE('',(#1360),#1361,.T.);
#461=ADVANCED_FACE('',(#1362),#1363,.T.);
#462=ADVANCED_FACE('',(#1364),#1365,.T.);
#463=ADVANCED_FACE('',(#1366),#1367,.T.);
#464=ADVANCED_FACE('',(#1368),#1369,.T.);
#465=ADVANCED_FACE('',(#1370),#1371,.T.);
#466=ADVANCED_FACE('',(#1372),#1373,.F.);
#467=ADVANCED_FACE('',(#1374),#1375,.F.);
#468=ADVANCED_FACE('',(#1376),#1377,.F.);
#469=ADVANCED_FACE('',(#1378),#1379,.T.);
#470=ADVANCED_FACE('',(#1380),#1381,.T.);
#471=ADVANCED_FACE('',(#1382),#1383,.T.);
#472=ADVANCED_FACE('',(#1384),#1385,.T.);
#473=ADVANCED_FACE('',(#1386),#1387,.T.);
#474=ADVANCED_FACE('',(#1388),#1389,.F.);
#475=ADVANCED_FACE('',(#1390),#1391,.T.);
#476=ADVANCED_FACE('',(#1392),#1393,.T.);
#477=ADVANCED_FACE('',(#1394),#1395,.F.);
#478=ADVANCED_FACE('',(#1396),#1397,.F.);
#479=ADVANCED_FACE('',(#1398),#1399,.F.);
#480=ADVANCED_FACE('',(#1400),#1401,.F.);
#481=ADVANCED_FACE('',(#1402),#1403,.F.);
#482=ADVANCED_FACE('',(#1404),#1405,.T.);
#483=ADVANCED_FACE('',(#1406),#1407,.T.);
#484=ADVANCED_FACE('',(#1408),#1409,.T.);
#485=ADVANCED_FACE('',(#1410),#1411,.F.);
#486=ADVANCED_FACE('',(#1412),#1413,.F.);
#487=ADVANCED_FACE('',(#1414),#1415,.F.);
#488=ADVANCED_FACE('',(#1416),#1417,.T.);
#489=ADVANCED_FACE('',(#1418),#1419,.T.);
#490=ADVANCED_FACE('',(#1420),#1421,.F.);
#491=ADVANCED_FACE('',(#1422),#1423,.F.);
#492=ADVANCED_FACE('',(#1424),#1425,.T.);
#493=ADVANCED_FACE('',(#1426),#1427,.F.);
#494=ADVANCED_FACE('',(#1428),#1429,.F.);
#495=ADVANCED_FACE('',(#1430),#1431,.F.);
#496=ADVANCED_FACE('',(#1432),#1433,.T.);
#497=ADVANCED_FACE('',(#1434),#1435,.F.);
#498=ADVANCED_FACE('',(#1436),#1437,.F.);
#499=ADVANCED_FACE('',(#1438),#1439,.F.);
#500=ADVANCED_FACE('',(#1440),#1441,.T.);
#501=ADVANCED_FACE('',(#1442),#1443,.T.);
#502=ADVANCED_FACE('',(#1444),#1445,.T.);
#503=ADVANCED_FACE('',(#1446),#1447,.T.);
#504=ADVANCED_FACE('',(#1448),#1449,.F.);
#505=ADVANCED_FACE('',(#1450),#1451,.T.);
#506=ADVANCED_FACE('',(#1452),#1453,.T.);
#507=ADVANCED_FACE('',(#1454),#1455,.F.);
#508=ADVANCED_FACE('',(#1456),#1457,.T.);
#509=ADVANCED_FACE('',(#1458),#1459,.T.);
#510=ADVANCED_FACE('',(#1460),#1461,.T.);
#511=ADVANCED_FACE('',(#1462),#1463,.T.);
#512=ADVANCED_FACE('',(#1464),#1465,.F.);
#513=ADVANCED_FACE('',(#1466),#1467,.T.);
#514=ADVANCED_FACE('',(#1468),#1469,.T.);
#515=ADVANCED_FACE('',(#1470),#1471,.T.);
#516=ADVANCED_FACE('',(#1472),#1473,.F.);
#517=ADVANCED_FACE('',(#1474),#1475,.F.);
#518=ADVANCED_FACE('',(#1476),#1477,.F.);
#519=ADVANCED_FACE('',(#1478),#1479,.T.);
#520=ADVANCED_FACE('',(#1480),#1481,.F.);
#521=ADVANCED_FACE('',(#1482),#1483,.F.);
#522=ADVANCED_FACE('',(#1484),#1485,.F.);
#523=ADVANCED_FACE('',(#1486),#1487,.F.);
#524=ADVANCED_FACE('',(#1488),#1489,.F.);
#525=ADVANCED_FACE('',(#1490),#1491,.T.);
#526=ADVANCED_FACE('',(#1492),#1493,.T.);
#527=ADVANCED_FACE('',(#1494),#1495,.T.);
#528=ADVANCED_FACE('',(#1496),#1497,.T.);
#529=ADVANCED_FACE('',(#1498),#1499,.T.);
#530=ADVANCED_FACE('',(#1500),#1501,.T.);
#531=ADVANCED_FACE('',(#1502),#1503,.F.);
#532=ADVANCED_FACE('',(#1504),#1505,.F.);
#533=ADVANCED_FACE('',(#1506),#1507,.F.);
#534=ADVANCED_FACE('',(#1508),#1509,.F.);
#535=ADVANCED_FACE('',(#1510),#1511,.F.);
#536=ADVANCED_FACE('',(#1512),#1513,.T.);
#537=ADVANCED_FACE('',(#1514),#1515,.F.);
#538=ADVANCED_FACE('',(#1516),#1517,.F.);
#539=ADVANCED_FACE('',(#1518),#1519,.T.);
#540=ADVANCED_FACE('',(#1520),#1521,.T.);
#541=ADVANCED_FACE('',(#1522),#1523,.T.);
#542=ADVANCED_FACE('',(#1524),#1525,.T.);
#543=ADVANCED_FACE('',(#1526),#1527,.F.);
#544=ADVANCED_FACE('',(#1528),#1529,.T.);
#545=ADVANCED_FACE('',(#1530),#1531,.T.);
#546=ADVANCED_FACE('',(#1532),#1533,.T.);
#547=ADVANCED_FACE('',(#1534),#1535,.T.);
#548=ADVANCED_FACE('',(#1536),#1537,.T.);
#549=ADVANCED_FACE('',(#1538),#1539,.F.);
#550=ADVANCED_FACE('',(#1540),#1541,.T.);
#551=ADVANCED_FACE('',(#1542),#1543,.T.);
#552=ADVANCED_FACE('',(#1544),#1545,.F.);
#553=ADVANCED_FACE('',(#1546),#1547,.F.);
#554=ADVANCED_FACE('',(#1548),#1549,.T.);
#555=ADVANCED_FACE('',(#1550),#1551,.T.);
#556=ADVANCED_FACE('',(#1552),#1553,.F.);
#557=ADVANCED_FACE('',(#1554),#1555,.T.);
#558=ADVANCED_FACE('',(#1556),#1557,.F.);
#559=ADVANCED_FACE('',(#1558),#1559,.F.);
#560=ADVANCED_FACE('',(#1560),#1561,.T.);
#561=ADVANCED_FACE('',(#1562),#1563,.F.);
#562=ADVANCED_FACE('',(#1564),#1565,.F.);
#563=ADVANCED_FACE('',(#1566),#1567,.T.);
#564=ADVANCED_FACE('',(#1568),#1569,.T.);
#565=COMPOSITE_CURVE_SEGMENT(.CONTINUOUS.,.T.,#1570);
#566=COMPOSITE_CURVE_SEGMENT(.CONTINUOUS.,.T.,#1571);
#567=COMPOSITE_CURVE_SEGMENT(.CONTINUOUS.,.T.,#1572);
#568=COMPOSITE_CURVE_SEGMENT(.CONTINUOUS.,.T.,#1573);
#569=COMPOSITE_CURVE_SEGMENT(.CONTINUOUS.,.T.,#1574);
#570=COMPOSITE_CURVE_SEGMENT(.CONTINUOUS.,.T.,#1575);
#571=COMPOSITE_CURVE_SEGMENT(.CONTINUOUS.,.T.,#1576);
#572=COMPOSITE_CURVE_SEGMENT(.CONTINUOUS.,.T.,#1577);
#573=COMPOSITE_CURVE_SEGMENT(.CONTINUOUS.,.T.,#1578);
#574=COMPOSITE_CURVE_SEGMENT(.CONTINUOUS.,.T.,#1579);
#575=COMPOSITE_CURVE_SEGMENT(.CONTINUOUS.,.T.,#1580);
#576=COMPOSITE_CURVE_SEGMENT(.CONTINUOUS.,.T.,#1581);
#577=COMPOSITE_CURVE_SEGMENT(.CONTINUOUS.,.T.,#1582);
#578=COMPOSITE_CURVE_SEGMENT(.CONTINUOUS.,.T.,#1583);
#579=COMPOSITE_CURVE_SEGMENT(.CONTINUOUS.,.T.,#1584);
#580=COMPOSITE_CURVE_SEGMENT(.CONTINUOUS.,.T.,#1585);
#581=COMPOSITE_CURVE_SEGMENT(.CONTINUOUS.,.T.,#1586);
#582=COMPOSITE_CURVE_SEGMENT(.CONTINUOUS.,.T.,#1587);
#583=COMPOSITE_CURVE_SEGMENT(.CONTINUOUS.,.T.,#1588);
#584=COMPOSITE_CURVE_SEGMENT(.CONTINUOUS.,.T.,#1589);
#585=COMPOSITE_CURVE_SEGMENT(.CONTINUOUS.,.T.,#1590);
#586=COMPOSITE_CURVE_SEGMENT(.CONTINUOUS.,.T.,#1591);
#587=COMPOSITE_CURVE_SEGMENT(.CONTINUOUS.,.T.,#1592);
#588=COMPOSITE_CURVE_SEGMENT(.CONTINUOUS.,.T.,#1593);
#589=COMPOSITE_CURVE_SEGMENT(.CONTINUOUS.,.T.,#1594);
#590=COMPOSITE_CURVE_SEGMENT(.CONTINUOUS.,.T.,#1595);
#591=COMPOSITE_CURVE_SEGMENT(.CONTINUOUS.,.T.,#1596);
#592=COMPOSITE_CURVE_SEGMENT(.CONTINUOUS.,.T.,#1597);
#593=COMPOSITE_CURVE_SEGMENT(.CONTINUOUS.,.T.,#1598);
#594=COMPOSITE_CURVE_SEGMENT(.CONTINUOUS.,.T.,#1599);
#595=COMPOSITE_CURVE_SEGMENT(.CONTINUOUS.,.T.,#1600);
#596=COMPOSITE_CURVE_SEGMENT(.CONTINUOUS.,.T.,#1601);
#597=COMPOSITE_CURVE_SEGMENT(.CONTINUOUS.,.T.,#1602);
#598=COMPOSITE_CURVE_SEGMENT(.CONTINUOUS.,.T.,#1603);
#599=COMPOSITE_CURVE_SEGMENT(.CONTINUOUS.,.T.,#1604);
#600=COMPOSITE_CURVE_SEGMENT(.CONTINUOUS.,.T.,#1605);
#601=COMPOSITE_CURVE_SEGMENT(.CONTINUOUS.,.T.,#1606);
#602=COMPOSITE_CURVE_SEGMENT(.CONTINUOUS.,.T.,#1607);
#603=COMPOSITE_CURVE_SEGMENT(.CONTINUOUS.,.T.,#1608);
#604=COMPOSITE_CURVE_SEGMENT(.CONTINUOUS.,.T.,#1609);
#605=COMPOSITE_CURVE_SEGMENT(.CONTINUOUS.,.T.,#1610);
#606=COMPOSITE_CURVE_SEGMENT(.CONTINUOUS.,.T.,#1611);
#607=COMPOSITE_CURVE_SEGMENT(.CONTINUOUS.,.T.,#1612);
#608=COMPOSITE_CURVE_SEGMENT(.CONTINUOUS.,.T.,#1613);
#610=FACE_OUTER_BOUND('',#1614,.T.);
#611=CYLINDRICAL_SURFACE('',#1615,0.25);
#612=FACE_OUTER_BOUND('',#1616,.T.);
#613=PLANE('',#1617);
#614=FACE_OUTER_BOUND('',#1618,.T.);
#615=PLANE('',#1619);
#616=FACE_OUTER_BOUND('',#1620,.T.);
#617=PLANE('',#1621);
#618=FACE_OUTER_BOUND('',#1622,.T.);
#619=PLANE('',#1623);
#620=FACE_OUTER_BOUND('',#1624,.T.);
#621=FACE_BOUND('',#1625,.T.);
#622=FACE_BOUND('',#1626,.T.);
#623=FACE_BOUND('',#1627,.T.);
#624=FACE_BOUND('',#1628,.T.);
#625=FACE_BOUND('',#1629,.T.);
#626=PLANE('',#1630);
#627=FACE_OUTER_BOUND('',#1631,.T.);
#628=PLANE('',#1632);
#629=FACE_OUTER_BOUND('',#1633,.T.);
#630=CYLINDRICAL_SURFACE('',#1634,0.8);
#631=FACE_OUTER_BOUND('',#1635,.T.);
#632=PLANE('',#1636);
#633=FACE_OUTER_BOUND('',#1637,.T.);
#634=CYLINDRICAL_SURFACE('',#1638,0.8);
#635=FACE_OUTER_BOUND('',#1639,.T.);
#636=PLANE('',#1640);
#637=FACE_OUTER_BOUND('',#1641,.T.);
#638=PLANE('',#1642);
#639=FACE_OUTER_BOUND('',#1643,.T.);
#640=CYLINDRICAL_SURFACE('',#1644,0.8);
#641=FACE_OUTER_BOUND('',#1645,.T.);
#642=PLANE('',#1646);
#643=FACE_OUTER_BOUND('',#1647,.T.);
#644=CYLINDRICAL_SURFACE('',#1648,0.8);
#645=FACE_OUTER_BOUND('',#1649,.T.);
#646=FACE_BOUND('',#1650,.T.);
#647=PLANE('',#1651);
#648=FACE_OUTER_BOUND('',#1652,.T.);
#649=CYLINDRICAL_SURFACE('',#1653,0.1);
#650=FACE_OUTER_BOUND('',#1654,.T.);
#651=PLANE('',#1655);
#652=FACE_OUTER_BOUND('',#1656,.T.);
#653=FACE_BOUND('',#1657,.T.);
#654=FACE_BOUND('',#1658,.T.);
#655=FACE_BOUND('',#1659,.T.);
#656=PLANE('',#1660);
#657=FACE_OUTER_BOUND('',#1661,.T.);
#658=PLANE('',#1662);
#659=FACE_OUTER_BOUND('',#1663,.T.);
#660=PLANE('',#1664);
#661=FACE_OUTER_BOUND('',#1665,.T.);
#662=PLANE('',#1666);
#663=FACE_OUTER_BOUND('',#1667,.T.);
#664=PLANE('',#1668);
#665=FACE_OUTER_BOUND('',#1669,.T.);
#666=CYLINDRICAL_SURFACE('',#1670,1.0);
#667=FACE_OUTER_BOUND('',#1671,.T.);
#668=PLANE('',#1672);
#669=FACE_OUTER_BOUND('',#1673,.T.);
#670=FACE_BOUND('',#1674,.T.);
#671=PLANE('',#1675);
#672=FACE_OUTER_BOUND('',#1676,.T.);
#673=CYLINDRICAL_SURFACE('',#1677,0.1);
#674=FACE_OUTER_BOUND('',#1678,.T.);
#675=PLANE('',#1679);
#676=FACE_OUTER_BOUND('',#1680,.T.);
#677=CYLINDRICAL_SURFACE('',#1681,0.15);
#678=FACE_OUTER_BOUND('',#1682,.T.);
#679=PLANE('',#1683);
#680=FACE_OUTER_BOUND('',#1684,.T.);
#681=PLANE('',#1685);
#682=FACE_OUTER_BOUND('',#1686,.T.);
#683=PLANE('',#1687);
#684=FACE_OUTER_BOUND('',#1688,.T.);
#685=PLANE('',#1689);
#686=FACE_OUTER_BOUND('',#1690,.T.);
#687=PLANE('',#1691);
#688=FACE_OUTER_BOUND('',#1692,.T.);
#689=CYLINDRICAL_SURFACE('',#1693,0.8);
#690=FACE_OUTER_BOUND('',#1694,.T.);
#691=PLANE('',#1695);
#692=FACE_OUTER_BOUND('',#1696,.T.);
#693=CYLINDRICAL_SURFACE('',#1697,0.8);
#694=FACE_OUTER_BOUND('',#1698,.T.);
#695=CYLINDRICAL_SURFACE('',#1699,0.3);
#696=FACE_OUTER_BOUND('',#1700,.T.);
#697=PLANE('',#1701);
#698=FACE_OUTER_BOUND('',#1702,.T.);
#699=PLANE('',#1703);
#700=FACE_OUTER_BOUND('',#1704,.T.);
#701=CYLINDRICAL_SURFACE('',#1705,0.15);
#702=FACE_OUTER_BOUND('',#1706,.T.);
#703=PLANE('',#1707);
#704=FACE_OUTER_BOUND('',#1708,.T.);
#705=CYLINDRICAL_SURFACE('',#1709,0.15);
#706=FACE_OUTER_BOUND('',#1710,.T.);
#707=CYLINDRICAL_SURFACE('',#1711,0.15);
#708=FACE_OUTER_BOUND('',#1712,.T.);
#709=PLANE('',#1713);
#710=FACE_OUTER_BOUND('',#1714,.T.);
#711=CYLINDRICAL_SURFACE('',#1715,0.15);
#712=FACE_OUTER_BOUND('',#1716,.T.);
#713=PLANE('',#1717);
#714=FACE_OUTER_BOUND('',#1718,.T.);
#715=CYLINDRICAL_SURFACE('',#1719,0.15);
#716=FACE_OUTER_BOUND('',#1720,.T.);
#717=PLANE('',#1721);
#718=FACE_OUTER_BOUND('',#1722,.T.);
#719=CYLINDRICAL_SURFACE('',#1723,0.15);
#720=FACE_OUTER_BOUND('',#1724,.T.);
#721=CYLINDRICAL_SURFACE('',#1725,0.15);
#722=FACE_OUTER_BOUND('',#1726,.T.);
#723=PLANE('',#1727);
#724=FACE_OUTER_BOUND('',#1728,.T.);
#725=CYLINDRICAL_SURFACE('',#1729,0.15);
#726=FACE_OUTER_BOUND('',#1730,.T.);
#727=PLANE('',#1731);
#728=FACE_OUTER_BOUND('',#1732,.T.);
#729=PLANE('',#1733);
#730=FACE_OUTER_BOUND('',#1734,.T.);
#731=PLANE('',#1735);
#732=FACE_OUTER_BOUND('',#1736,.T.);
#733=PLANE('',#1737);
#734=FACE_OUTER_BOUND('',#1738,.T.);
#735=FACE_BOUND('',#1739,.T.);
#736=FACE_BOUND('',#1740,.T.);
#737=FACE_BOUND('',#1741,.T.);
#738=FACE_BOUND('',#1742,.T.);
#739=FACE_BOUND('',#1743,.T.);
#740=PLANE('',#1744);
#741=FACE_OUTER_BOUND('',#1745,.T.);
#742=CYLINDRICAL_SURFACE('',#1746,0.1);
#743=FACE_OUTER_BOUND('',#1747,.T.);
#744=CYLINDRICAL_SURFACE('',#1748,0.1);
#745=FACE_OUTER_BOUND('',#1749,.T.);
#746=(B_SPLINE_SURFACE(3,3,((#1751,#1752,#1753,#1754),(#1755,#1756,#1757,#1758),(#1759,#1760,#1761,#1762),(#1763,#1764,#1765,#1766),(#1767,#1768,#1769,#1770),(#1771,#1772,#1773,#1774),(#1775,#1776,#1777,#1778)),.UNSPECIFIED.,.F.,.F.,.F.)B_SPLINE_SURFACE_WITH_KNOTS((4,3,4),(4,4),(0.121831465734459,1.0,1.87816853426554),(0.116950671492531,0.883049328505401),.UNSPECIFIED.)RATIONAL_B_SPLINE_SURFACE(((1.21436128818118,1.10209655501689,1.10209655501659,1.21436128818027),(0.997842878402147,0.905594743045852,0.905594743045603,0.9978428784014),(1.03271986158784,0.937247434376192,0.937247434375935,1.03271986158707),(1.31899223773825,1.19705462900791,1.19705462900758,1.31899223773727),(1.03271986158784,0.937247434376192,0.937247434375934,1.03271986158706),(0.997842878402147,0.905594743045852,0.905594743045603,0.9978428784014),(1.21436128818118,1.10209655501689,1.10209655501659,1.21436128818027)))BOUNDED_SURFACE()REPRESENTATION_ITEM('')GEOMETRIC_REPRESENTATION_ITEM()SURFACE());
#747=FACE_OUTER_BOUND('',#1785,.T.);
#748=TOROIDAL_SURFACE('',#1786,0.25,0.1);
#749=FACE_OUTER_BOUND('',#1787,.T.);
#750=CYLINDRICAL_SURFACE('',#1788,0.1);
#751=FACE_OUTER_BOUND('',#1789,.T.);
#752=CYLINDRICAL_SURFACE('',#1790,0.1);
#753=FACE_OUTER_BOUND('',#1791,.T.);
#754=(B_SPLINE_SURFACE(3,3,((#1793,#1794,#1795,#1796),(#1797,#1798,#1799,#1800),(#1801,#1802,#1803,#1804),(#1805,#1806,#1807,#1808),(#1809,#1810,#1811,#1812),(#1813,#1814,#1815,#1816),(#1817,#1818,#1819,#1820)),.UNSPECIFIED.,.F.,.F.,.F.)B_SPLINE_SURFACE_WITH_KNOTS((4,3,4),(4,4),(0.121831465735524,1.0,1.87816853426448),(0.116950671492535,0.883049328505398),.UNSPECIFIED.)RATIONAL_B_SPLINE_SURFACE(((1.21436128818039,1.10209655501618,1.10209655501587,1.21436128817948),(0.99784287840223,0.905594743045929,0.90559474304568,0.997842878401483),(1.03271986158818,0.937247434376508,0.93724743437625,1.03271986158741),(1.31899223773825,1.19705462900791,1.19705462900758,1.31899223773727),(1.03271986158818,0.937247434376507,0.93724743437625,1.03271986158741),(0.99784287840223,0.905594743045929,0.90559474304568,0.997842878401483),(1.21436128818039,1.10209655501618,1.10209655501587,1.21436128817948)))BOUNDED_SURFACE()REPRESENTATION_ITEM('')GEOMETRIC_REPRESENTATION_ITEM()SURFACE());
#755=FACE_OUTER_BOUND('',#1827,.T.);
#756=TOROIDAL_SURFACE('',#1828,0.25,0.1);
#757=FACE_OUTER_BOUND('',#1829,.T.);
#758=PLANE('',#1830);
#759=FACE_OUTER_BOUND('',#1831,.T.);
#760=CYLINDRICAL_SURFACE('',#1832,0.15);
#761=FACE_OUTER_BOUND('',#1833,.T.);
#762=PLANE('',#1834);
#763=FACE_OUTER_BOUND('',#1835,.T.);
#764=FACE_BOUND('',#1836,.T.);
#765=PLANE('',#1837);
#766=FACE_OUTER_BOUND('',#1838,.T.);
#767=CYLINDRICAL_SURFACE('',#1839,0.15);
#768=FACE_OUTER_BOUND('',#1840,.T.);
#769=PLANE('',#1841);
#770=FACE_OUTER_BOUND('',#1842,.T.);
#771=CYLINDRICAL_SURFACE('',#1843,0.15);
#772=FACE_OUTER_BOUND('',#1844,.T.);
#773=PLANE('',#1845);
#774=FACE_OUTER_BOUND('',#1846,.T.);
#775=CYLINDRICAL_SURFACE('',#1847,0.15);
#776=FACE_OUTER_BOUND('',#1848,.T.);
#777=PLANE('',#1849);
#778=FACE_OUTER_BOUND('',#1850,.T.);
#779=CYLINDRICAL_SURFACE('',#1851,0.1);
#780=FACE_OUTER_BOUND('',#1852,.T.);
#781=CYLINDRICAL_SURFACE('',#1853,0.15);
#782=FACE_OUTER_BOUND('',#1854,.T.);
#783=PLANE('',#1855);
#784=FACE_OUTER_BOUND('',#1856,.T.);
#785=CYLINDRICAL_SURFACE('',#1857,0.15);
#786=FACE_OUTER_BOUND('',#1858,.T.);
#787=CYLINDRICAL_SURFACE('',#1859,0.4);
#788=FACE_OUTER_BOUND('',#1860,.T.);
#789=PLANE('',#1861);
#790=FACE_OUTER_BOUND('',#1862,.T.);
#791=CYLINDRICAL_SURFACE('',#1863,0.5);
#792=FACE_OUTER_BOUND('',#1864,.T.);
#793=PLANE('',#1865);
#794=FACE_OUTER_BOUND('',#1866,.T.);
#795=CYLINDRICAL_SURFACE('',#1867,0.4);
#796=FACE_OUTER_BOUND('',#1868,.T.);
#797=CYLINDRICAL_SURFACE('',#1869,0.1);
#798=FACE_OUTER_BOUND('',#1870,.T.);
#799=CYLINDRICAL_SURFACE('',#1871,0.15);
#800=FACE_OUTER_BOUND('',#1872,.T.);
#801=PLANE('',#1873);
#802=FACE_OUTER_BOUND('',#1874,.T.);
#803=CYLINDRICAL_SURFACE('',#1875,0.15);
#804=FACE_OUTER_BOUND('',#1876,.T.);
#805=FACE_BOUND('',#1877,.T.);
#806=PLANE('',#1878);
#807=FACE_OUTER_BOUND('',#1879,.T.);
#808=PLANE('',#1880);
#809=FACE_OUTER_BOUND('',#1881,.T.);
#810=CYLINDRICAL_SURFACE('',#1882,0.2);
#811=FACE_OUTER_BOUND('',#1883,.T.);
#812=SPHERICAL_SURFACE('',#1884,0.2);
#813=FACE_OUTER_BOUND('',#1885,.T.);
#814=CYLINDRICAL_SURFACE('',#1886,0.2);
#815=FACE_OUTER_BOUND('',#1887,.T.);
#816=PLANE('',#1888);
#817=FACE_OUTER_BOUND('',#1889,.T.);
#818=CYLINDRICAL_SURFACE('',#1890,0.2);
#819=FACE_OUTER_BOUND('',#1891,.T.);
#820=SPHERICAL_SURFACE('',#1892,0.2);
#821=FACE_OUTER_BOUND('',#1893,.T.);
#822=CYLINDRICAL_SURFACE('',#1894,0.2);
#823=FACE_OUTER_BOUND('',#1895,.T.);
#824=PLANE('',#1896);
#825=FACE_OUTER_BOUND('',#1897,.T.);
#826=PLANE('',#1898);
#827=FACE_OUTER_BOUND('',#1899,.T.);
#828=PLANE('',#1900);
#829=FACE_OUTER_BOUND('',#1901,.T.);
#830=PLANE('',#1902);
#831=FACE_OUTER_BOUND('',#1903,.T.);
#832=PLANE('',#1904);
#833=FACE_OUTER_BOUND('',#1905,.T.);
#834=PLANE('',#1906);
#835=FACE_OUTER_BOUND('',#1907,.T.);
#836=PLANE('',#1908);
#837=FACE_OUTER_BOUND('',#1909,.T.);
#838=PLANE('',#1910);
#839=FACE_OUTER_BOUND('',#1911,.T.);
#840=PLANE('',#1912);
#841=FACE_OUTER_BOUND('',#1913,.T.);
#842=PLANE('',#1914);
#843=FACE_OUTER_BOUND('',#1915,.T.);
#844=PLANE('',#1916);
#845=FACE_OUTER_BOUND('',#1917,.T.);
#846=PLANE('',#1918);
#847=FACE_OUTER_BOUND('',#1919,.T.);
#848=PLANE('',#1920);
#849=FACE_OUTER_BOUND('',#1921,.T.);
#850=PLANE('',#1922);
#851=FACE_OUTER_BOUND('',#1923,.T.);
#852=PLANE('',#1924);
#853=FACE_OUTER_BOUND('',#1925,.T.);
#854=PLANE('',#1926);
#855=FACE_OUTER_BOUND('',#1927,.T.);
#856=PLANE('',#1928);
#857=FACE_OUTER_BOUND('',#1929,.T.);
#858=PLANE('',#1930);
#859=FACE_OUTER_BOUND('',#1931,.T.);
#860=PLANE('',#1932);
#861=FACE_OUTER_BOUND('',#1933,.T.);
#862=PLANE('',#1934);
#863=FACE_OUTER_BOUND('',#1935,.T.);
#864=PLANE('',#1936);
#865=FACE_OUTER_BOUND('',#1937,.T.);
#866=PLANE('',#1938);
#867=FACE_OUTER_BOUND('',#1939,.T.);
#868=PLANE('',#1940);
#869=FACE_OUTER_BOUND('',#1941,.T.);
#870=CYLINDRICAL_SURFACE('',#1942,0.2);
#871=FACE_OUTER_BOUND('',#1943,.T.);
#872=PLANE('',#1944);
#873=FACE_OUTER_BOUND('',#1945,.T.);
#874=PLANE('',#1946);
#875=FACE_OUTER_BOUND('',#1947,.T.);
#876=CYLINDRICAL_SURFACE('',#1948,0.25);
#877=FACE_OUTER_BOUND('',#1949,.T.);
#878=PLANE('',#1950);
#879=FACE_OUTER_BOUND('',#1951,.T.);
#880=CYLINDRICAL_SURFACE('',#1952,0.25);
#881=FACE_OUTER_BOUND('',#1953,.T.);
#882=PLANE('',#1954);
#883=FACE_OUTER_BOUND('',#1955,.T.);
#884=CYLINDRICAL_SURFACE('',#1956,0.25);
#885=FACE_OUTER_BOUND('',#1957,.T.);
#886=PLANE('',#1958);
#887=FACE_OUTER_BOUND('',#1959,.T.);
#888=CYLINDRICAL_SURFACE('',#1960,0.25);
#889=FACE_OUTER_BOUND('',#1961,.T.);
#890=PLANE('',#1962);
#891=FACE_OUTER_BOUND('',#1963,.T.);
#892=PLANE('',#1964);
#893=FACE_OUTER_BOUND('',#1965,.T.);
#894=PLANE('',#1966);
#895=FACE_OUTER_BOUND('',#1967,.T.);
#896=CYLINDRICAL_SURFACE('',#1968,0.25);
#897=FACE_OUTER_BOUND('',#1969,.T.);
#898=PLANE('',#1970);
#899=FACE_OUTER_BOUND('',#1971,.T.);
#900=CYLINDRICAL_SURFACE('',#1972,0.2);
#901=FACE_OUTER_BOUND('',#1973,.T.);
#902=CYLINDRICAL_SURFACE('',#1974,0.2);
#903=FACE_OUTER_BOUND('',#1975,.T.);
#904=CYLINDRICAL_SURFACE('',#1976,0.25);
#905=FACE_OUTER_BOUND('',#1977,.T.);
#906=FACE_BOUND('',#1978,.T.);
#907=PLANE('',#1979);
#908=FACE_OUTER_BOUND('',#1980,.T.);
#909=PLANE('',#1981);
#910=FACE_OUTER_BOUND('',#1982,.T.);
#911=PLANE('',#1983);
#912=FACE_OUTER_BOUND('',#1984,.T.);
#913=PLANE('',#1985);
#914=FACE_OUTER_BOUND('',#1986,.T.);
#915=PLANE('',#1987);
#916=FACE_OUTER_BOUND('',#1988,.T.);
#917=PLANE('',#1989);
#918=FACE_OUTER_BOUND('',#1990,.T.);
#919=PLANE('',#1991);
#920=FACE_OUTER_BOUND('',#1992,.T.);
#921=FACE_BOUND('',#1993,.T.);
#922=PLANE('',#1994);
#923=FACE_OUTER_BOUND('',#1995,.T.);
#924=PLANE('',#1996);
#925=FACE_OUTER_BOUND('',#1997,.T.);
#926=PLANE('',#1998);
#927=FACE_OUTER_BOUND('',#1999,.T.);
#928=PLANE('',#2000);
#929=FACE_OUTER_BOUND('',#2001,.T.);
#930=PLANE('',#2002);
#931=FACE_OUTER_BOUND('',#2003,.T.);
#932=CYLINDRICAL_SURFACE('',#2004,0.15);
#933=FACE_OUTER_BOUND('',#2005,.T.);
#934=PLANE('',#2006);
#935=FACE_OUTER_BOUND('',#2007,.T.);
#936=PLANE('',#2008);
#937=FACE_OUTER_BOUND('',#2009,.T.);
#938=CYLINDRICAL_SURFACE('',#2010,0.1);
#939=FACE_OUTER_BOUND('',#2011,.T.);
#940=PLANE('',#2012);
#941=FACE_OUTER_BOUND('',#2013,.T.);
#942=PLANE('',#2014);
#943=FACE_OUTER_BOUND('',#2015,.T.);
#944=CYLINDRICAL_SURFACE('',#2016,0.15);
#945=FACE_OUTER_BOUND('',#2017,.T.);
#946=CONICAL_SURFACE('',#2018,0.2,0.7853981633973);
#947=FACE_OUTER_BOUND('',#2019,.T.);
#948=FACE_BOUND('',#2020,.T.);
#949=PLANE('',#2021);
#950=FACE_OUTER_BOUND('',#2022,.T.);
#951=CYLINDRICAL_SURFACE('',#2023,0.15);
#952=FACE_OUTER_BOUND('',#2024,.T.);
#953=CYLINDRICAL_SURFACE('',#2025,0.25);
#954=FACE_OUTER_BOUND('',#2026,.T.);
#955=PLANE('',#2027);
#956=FACE_OUTER_BOUND('',#2028,.T.);
#957=PLANE('',#2029);
#958=FACE_OUTER_BOUND('',#2030,.T.);
#959=PLANE('',#2031);
#960=FACE_OUTER_BOUND('',#2032,.T.);
#961=PLANE('',#2033);
#962=FACE_OUTER_BOUND('',#2034,.T.);
#963=PLANE('',#2035);
#964=FACE_OUTER_BOUND('',#2036,.T.);
#965=PLANE('',#2037);
#966=FACE_OUTER_BOUND('',#2038,.T.);
#967=PLANE('',#2039);
#968=FACE_OUTER_BOUND('',#2040,.T.);
#969=PLANE('',#2041);
#970=FACE_OUTER_BOUND('',#2042,.T.);
#971=CYLINDRICAL_SURFACE('',#2043,0.15);
#972=FACE_OUTER_BOUND('',#2044,.T.);
#973=PLANE('',#2045);
#974=FACE_OUTER_BOUND('',#2046,.T.);
#975=PLANE('',#2047);
#976=FACE_OUTER_BOUND('',#2048,.T.);
#977=PLANE('',#2049);
#978=FACE_OUTER_BOUND('',#2050,.T.);
#979=CYLINDRICAL_SURFACE('',#2051,0.3);
#980=FACE_OUTER_BOUND('',#2052,.T.);
#981=PLANE('',#2053);
#982=FACE_OUTER_BOUND('',#2054,.T.);
#983=PLANE('',#2055);
#984=FACE_OUTER_BOUND('',#2056,.T.);
#985=PLANE('',#2057);
#986=FACE_OUTER_BOUND('',#2058,.T.);
#987=CYLINDRICAL_SURFACE('',#2059,0.15);
#988=FACE_OUTER_BOUND('',#2060,.T.);
#989=PLANE('',#2061);
#990=FACE_OUTER_BOUND('',#2062,.T.);
#991=PLANE('',#2063);
#992=FACE_OUTER_BOUND('',#2064,.T.);
#993=PLANE('',#2065);
#994=FACE_OUTER_BOUND('',#2066,.T.);
#995=CYLINDRICAL_SURFACE('',#2067,0.3);
#996=FACE_OUTER_BOUND('',#2068,.T.);
#997=PLANE('',#2069);
#998=FACE_OUTER_BOUND('',#2070,.T.);
#999=PLANE('',#2071);
#1000=FACE_OUTER_BOUND('',#2072,.T.);
#1001=PLANE('',#2073);
#1002=FACE_OUTER_BOUND('',#2074,.T.);
#1003=CYLINDRICAL_SURFACE('',#2075,0.15);
#1004=FACE_OUTER_BOUND('',#2076,.T.);
#1005=PLANE('',#2077);
#1006=FACE_OUTER_BOUND('',#2078,.T.);
#1007=PLANE('',#2079);
#1008=FACE_OUTER_BOUND('',#2080,.T.);
#1009=PLANE('',#2081);
#1010=FACE_OUTER_BOUND('',#2082,.T.);
#1011=CYLINDRICAL_SURFACE('',#2083,0.3);
#1012=FACE_OUTER_BOUND('',#2084,.T.);
#1013=PLANE('',#2085);
#1014=FACE_OUTER_BOUND('',#2086,.T.);
#1015=PLANE('',#2087);
#1016=FACE_OUTER_BOUND('',#2088,.T.);
#1017=PLANE('',#2089);
#1018=FACE_OUTER_BOUND('',#2090,.T.);
#1019=CYLINDRICAL_SURFACE('',#2091,0.15);
#1020=FACE_OUTER_BOUND('',#2092,.T.);
#1021=PLANE('',#2093);
#1022=FACE_OUTER_BOUND('',#2094,.T.);
#1023=PLANE('',#2095);
#1024=FACE_OUTER_BOUND('',#2096,.T.);
#1025=PLANE('',#2097);
#1026=FACE_OUTER_BOUND('',#2098,.T.);
#1027=CYLINDRICAL_SURFACE('',#2099,0.3);
#1028=FACE_OUTER_BOUND('',#2100,.T.);
#1029=PLANE('',#2101);
#1030=FACE_OUTER_BOUND('',#2102,.T.);
#1031=PLANE('',#2103);
#1032=FACE_OUTER_BOUND('',#2104,.T.);
#1033=PLANE('',#2105);
#1034=FACE_OUTER_BOUND('',#2106,.T.);
#1035=CYLINDRICAL_SURFACE('',#2107,0.15);
#1036=FACE_OUTER_BOUND('',#2108,.T.);
#1037=PLANE('',#2109);
#1038=FACE_OUTER_BOUND('',#2110,.T.);
#1039=PLANE('',#2111);
#1040=FACE_OUTER_BOUND('',#2112,.T.);
#1041=PLANE('',#2113);
#1042=FACE_OUTER_BOUND('',#2114,.T.);
#1043=CYLINDRICAL_SURFACE('',#2115,0.3);
#1044=FACE_OUTER_BOUND('',#2116,.T.);
#1045=CYLINDRICAL_SURFACE('',#2117,0.35);
#1046=FACE_OUTER_BOUND('',#2118,.T.);
#1047=PLANE('',#2119);
#1048=FACE_OUTER_BOUND('',#2120,.T.);
#1049=PLANE('',#2121);
#1050=FACE_OUTER_BOUND('',#2122,.T.);
#1051=PLANE('',#2123);
#1052=FACE_OUTER_BOUND('',#2124,.T.);
#1053=PLANE('',#2125);
#1054=FACE_OUTER_BOUND('',#2126,.T.);
#1055=CYLINDRICAL_SURFACE('',#2127,0.15);
#1056=FACE_OUTER_BOUND('',#2128,.T.);
#1057=PLANE('',#2129);
#1058=FACE_OUTER_BOUND('',#2130,.T.);
#1059=PLANE('',#2131);
#1060=FACE_OUTER_BOUND('',#2132,.T.);
#1061=PLANE('',#2133);
#1062=FACE_OUTER_BOUND('',#2134,.T.);
#1063=PLANE('',#2135);
#1064=FACE_OUTER_BOUND('',#2136,.T.);
#1065=PLANE('',#2137);
#1066=FACE_OUTER_BOUND('',#2138,.T.);
#1067=PLANE('',#2139);
#1068=FACE_OUTER_BOUND('',#2140,.T.);
#1069=FACE_BOUND('',#2141,.T.);
#1070=PLANE('',#2142);
#1071=FACE_OUTER_BOUND('',#2143,.T.);
#1072=CYLINDRICAL_SURFACE('',#2144,0.1);
#1073=FACE_OUTER_BOUND('',#2145,.T.);
#1074=CYLINDRICAL_SURFACE('',#2146,0.1);
#1075=FACE_OUTER_BOUND('',#2147,.T.);
#1076=TOROIDAL_SURFACE('',#2148,0.1267949192431,0.1);
#1077=FACE_OUTER_BOUND('',#2149,.T.);
#1078=TOROIDAL_SURFACE('',#2150,0.3,0.1);
#1079=FACE_OUTER_BOUND('',#2151,.T.);
#1080=CYLINDRICAL_SURFACE('',#2152,0.1);
#1081=FACE_OUTER_BOUND('',#2153,.T.);
#1082=CYLINDRICAL_SURFACE('',#2154,0.1);
#1083=FACE_OUTER_BOUND('',#2155,.T.);
#1084=TOROIDAL_SURFACE('',#2156,0.1267949192431,0.1);
#1085=FACE_OUTER_BOUND('',#2157,.T.);
#1086=TOROIDAL_SURFACE('',#2158,0.3,0.1);
#1087=FACE_OUTER_BOUND('',#2159,.T.);
#1088=PLANE('',#2160);
#1089=FACE_OUTER_BOUND('',#2161,.T.);
#1090=PLANE('',#2162);
#1091=FACE_OUTER_BOUND('',#2163,.T.);
#1092=PLANE('',#2164);
#1093=FACE_OUTER_BOUND('',#2165,.T.);
#1094=CYLINDRICAL_SURFACE('',#2166,0.2);
#1095=FACE_OUTER_BOUND('',#2167,.T.);
#1096=PLANE('',#2168);
#1097=FACE_OUTER_BOUND('',#2169,.T.);
#1098=CYLINDRICAL_SURFACE('',#2170,0.23);
#1099=FACE_OUTER_BOUND('',#2171,.T.);
#1100=PLANE('',#2172);
#1101=FACE_OUTER_BOUND('',#2173,.T.);
#1102=CYLINDRICAL_SURFACE('',#2174,0.23);
#1103=FACE_OUTER_BOUND('',#2175,.T.);
#1104=PLANE('',#2176);
#1105=FACE_OUTER_BOUND('',#2177,.T.);
#1106=CYLINDRICAL_SURFACE('',#2178,0.2);
#1107=FACE_OUTER_BOUND('',#2179,.T.);
#1108=PLANE('',#2180);
#1109=FACE_OUTER_BOUND('',#2181,.T.);
#1110=CYLINDRICAL_SURFACE('',#2182,0.2);
#1111=FACE_OUTER_BOUND('',#2183,.T.);
#1112=PLANE('',#2184);
#1113=FACE_OUTER_BOUND('',#2185,.T.);
#1114=CYLINDRICAL_SURFACE('',#2186,0.2);
#1115=FACE_OUTER_BOUND('',#2187,.T.);
#1116=PLANE('',#2188);
#1117=FACE_OUTER_BOUND('',#2189,.T.);
#1118=CYLINDRICAL_SURFACE('',#2190,0.3);
#1119=FACE_OUTER_BOUND('',#2191,.T.);
#1120=CYLINDRICAL_SURFACE('',#2192,0.425);
#1121=FACE_OUTER_BOUND('',#2193,.T.);
#1122=PLANE('',#2194);
#1123=FACE_OUTER_BOUND('',#2195,.T.);
#1124=PLANE('',#2196);
#1125=FACE_OUTER_BOUND('',#2197,.T.);
#1126=CYLINDRICAL_SURFACE('',#2198,0.15);
#1127=FACE_OUTER_BOUND('',#2199,.T.);
#1128=PLANE('',#2200);
#1129=FACE_OUTER_BOUND('',#2201,.T.);
#1130=PLANE('',#2202);
#1131=FACE_OUTER_BOUND('',#2203,.T.);
#1132=PLANE('',#2204);
#1133=FACE_OUTER_BOUND('',#2205,.T.);
#1134=CYLINDRICAL_SURFACE('',#2206,0.15);
#1135=FACE_OUTER_BOUND('',#2207,.T.);
#1136=PLANE('',#2208);
#1137=FACE_OUTER_BOUND('',#2209,.T.);
#1138=PLANE('',#2210);
#1139=FACE_OUTER_BOUND('',#2211,.T.);
#1140=PLANE('',#2212);
#1141=FACE_OUTER_BOUND('',#2213,.T.);
#1142=CYLINDRICAL_SURFACE('',#2214,0.425);
#1143=FACE_OUTER_BOUND('',#2215,.T.);
#1144=PLANE('',#2216);
#1145=FACE_OUTER_BOUND('',#2217,.T.);
#1146=CYLINDRICAL_SURFACE('',#2218,0.3);
#1147=FACE_OUTER_BOUND('',#2219,.T.);
#1148=PLANE('',#2220);
#1149=FACE_OUTER_BOUND('',#2221,.T.);
#1150=CYLINDRICAL_SURFACE('',#2222,0.2);
#1151=FACE_OUTER_BOUND('',#2223,.T.);
#1152=PLANE('',#2224);
#1153=FACE_OUTER_BOUND('',#2225,.T.);
#1154=CYLINDRICAL_SURFACE('',#2226,0.2);
#1155=FACE_OUTER_BOUND('',#2227,.T.);
#1156=PLANE('',#2228);
#1157=FACE_OUTER_BOUND('',#2229,.T.);
#1158=PLANE('',#2230);
#1159=FACE_OUTER_BOUND('',#2231,.T.);
#1160=PLANE('',#2232);
#1161=FACE_OUTER_BOUND('',#2233,.T.);
#1162=PLANE('',#2234);
#1163=FACE_OUTER_BOUND('',#2235,.T.);
#1164=CYLINDRICAL_SURFACE('',#2236,0.2);
#1165=FACE_OUTER_BOUND('',#2237,.T.);
#1166=PLANE('',#2238);
#1167=FACE_OUTER_BOUND('',#2239,.T.);
#1168=CYLINDRICAL_SURFACE('',#2240,0.23);
#1169=FACE_OUTER_BOUND('',#2241,.T.);
#1170=PLANE('',#2242);
#1171=FACE_OUTER_BOUND('',#2243,.T.);
#1172=PLANE('',#2244);
#1173=FACE_OUTER_BOUND('',#2245,.T.);
#1174=CYLINDRICAL_SURFACE('',#2246,0.55);
#1175=FACE_OUTER_BOUND('',#2247,.T.);
#1176=PLANE('',#2248);
#1177=FACE_OUTER_BOUND('',#2249,.T.);
#1178=PLANE('',#2250);
#1179=FACE_OUTER_BOUND('',#2251,.T.);
#1180=PLANE('',#2252);
#1181=FACE_OUTER_BOUND('',#2253,.T.);
#1182=PLANE('',#2254);
#1183=FACE_OUTER_BOUND('',#2255,.T.);
#1184=CYLINDRICAL_SURFACE('',#2256,0.15);
#1185=FACE_OUTER_BOUND('',#2257,.T.);
#1186=CYLINDRICAL_SURFACE('',#2258,0.15);
#1187=FACE_OUTER_BOUND('',#2259,.T.);
#1188=CYLINDRICAL_SURFACE('',#2260,0.55);
#1189=FACE_OUTER_BOUND('',#2261,.T.);
#1190=PLANE('',#2262);
#1191=FACE_OUTER_BOUND('',#2263,.T.);
#1192=PLANE('',#2264);
#1193=FACE_OUTER_BOUND('',#2265,.T.);
#1194=PLANE('',#2266);
#1195=FACE_OUTER_BOUND('',#2267,.T.);
#1196=PLANE('',#2268);
#1197=FACE_OUTER_BOUND('',#2269,.T.);
#1198=CYLINDRICAL_SURFACE('',#2270,0.2);
#1199=FACE_OUTER_BOUND('',#2271,.T.);
#1200=PLANE('',#2272);
#1201=FACE_OUTER_BOUND('',#2273,.T.);
#1202=CYLINDRICAL_SURFACE('',#2274,0.2);
#1203=FACE_OUTER_BOUND('',#2275,.T.);
#1204=PLANE('',#2276);
#1205=FACE_OUTER_BOUND('',#2277,.T.);
#1206=CYLINDRICAL_SURFACE('',#2278,0.3);
#1207=FACE_OUTER_BOUND('',#2279,.T.);
#1208=PLANE('',#2280);
#1209=FACE_OUTER_BOUND('',#2281,.T.);
#1210=CYLINDRICAL_SURFACE('',#2282,0.55);
#1211=FACE_OUTER_BOUND('',#2283,.T.);
#1212=PLANE('',#2284);
#1213=FACE_OUTER_BOUND('',#2285,.T.);
#1214=CYLINDRICAL_SURFACE('',#2286,0.13);
#1215=FACE_OUTER_BOUND('',#2287,.T.);
#1216=CYLINDRICAL_SURFACE('',#2288,0.25);
#1217=FACE_OUTER_BOUND('',#2289,.T.);
#1218=PLANE('',#2290);
#1219=FACE_OUTER_BOUND('',#2291,.T.);
#1220=PLANE('',#2292);
#1221=FACE_OUTER_BOUND('',#2293,.T.);
#1222=PLANE('',#2294);
#1223=FACE_OUTER_BOUND('',#2295,.T.);
#1224=PLANE('',#2296);
#1225=FACE_OUTER_BOUND('',#2297,.T.);
#1226=PLANE('',#2298);
#1227=FACE_OUTER_BOUND('',#2299,.T.);
#1228=CYLINDRICAL_SURFACE('',#2300,0.2);
#1229=FACE_OUTER_BOUND('',#2301,.T.);
#1230=PLANE('',#2302);
#1231=FACE_OUTER_BOUND('',#2303,.T.);
#1232=CYLINDRICAL_SURFACE('',#2304,0.2);
#1233=FACE_OUTER_BOUND('',#2305,.T.);
#1234=PLANE('',#2306);
#1235=FACE_OUTER_BOUND('',#2307,.T.);
#1236=PLANE('',#2308);
#1237=FACE_OUTER_BOUND('',#2309,.T.);
#1238=PLANE('',#2310);
#1239=FACE_OUTER_BOUND('',#2311,.T.);
#1240=PLANE('',#2312);
#1241=FACE_OUTER_BOUND('',#2313,.T.);
#1242=PLANE('',#2314);
#1243=FACE_OUTER_BOUND('',#2315,.T.);
#1244=CYLINDRICAL_SURFACE('',#2316,0.13);
#1245=FACE_OUTER_BOUND('',#2317,.T.);
#1246=PLANE('',#2318);
#1247=FACE_OUTER_BOUND('',#2319,.T.);
#1248=CYLINDRICAL_SURFACE('',#2320,0.25);
#1249=FACE_OUTER_BOUND('',#2321,.T.);
#1250=PLANE('',#2322);
#1251=FACE_OUTER_BOUND('',#2323,.T.);
#1252=FACE_BOUND('',#2324,.T.);
#1253=PLANE('',#2325);
#1254=FACE_OUTER_BOUND('',#2326,.T.);
#1255=PLANE('',#2327);
#1256=FACE_OUTER_BOUND('',#2328,.T.);
#1257=PLANE('',#2329);
#1258=FACE_OUTER_BOUND('',#2330,.T.);
#1259=CYLINDRICAL_SURFACE('',#2331,0.1);
#1260=FACE_OUTER_BOUND('',#2332,.T.);
#1261=PLANE('',#2333);
#1262=FACE_OUTER_BOUND('',#2334,.T.);
#1263=CONICAL_SURFACE('',#2335,0.2,0.7853981633973);
#1264=FACE_OUTER_BOUND('',#2336,.T.);
#1265=FACE_BOUND('',#2337,.T.);
#1266=PLANE('',#2338);
#1267=FACE_OUTER_BOUND('',#2339,.T.);
#1268=PLANE('',#2340);
#1269=FACE_OUTER_BOUND('',#2341,.T.);
#1270=PLANE('',#2342);
#1271=FACE_OUTER_BOUND('',#2343,.T.);
#1272=PLANE('',#2344);
#1273=FACE_OUTER_BOUND('',#2345,.T.);
#1274=PLANE('',#2346);
#1275=FACE_OUTER_BOUND('',#2347,.T.);
#1276=CYLINDRICAL_SURFACE('',#2348,0.45);
#1277=FACE_OUTER_BOUND('',#2349,.T.);
#1278=PLANE('',#2350);
#1279=FACE_OUTER_BOUND('',#2351,.T.);
#1280=PLANE('',#2352);
#1281=FACE_OUTER_BOUND('',#2353,.T.);
#1282=CYLINDRICAL_SURFACE('',#2354,0.1);
#1283=FACE_OUTER_BOUND('',#2355,.T.);
#1284=PLANE('',#2356);
#1285=FACE_OUTER_BOUND('',#2357,.T.);
#1286=PLANE('',#2358);
#1287=FACE_OUTER_BOUND('',#2359,.T.);
#1288=FACE_BOUND('',#2360,.T.);
#1289=PLANE('',#2361);
#1290=FACE_OUTER_BOUND('',#2362,.T.);
#1291=PLANE('',#2363);
#1292=FACE_OUTER_BOUND('',#2364,.T.);
#1293=PLANE('',#2365);
#1294=FACE_OUTER_BOUND('',#2366,.T.);
#1295=PLANE('',#2367);
#1296=FACE_OUTER_BOUND('',#2368,.T.);
#1297=PLANE('',#2369);
#1298=FACE_OUTER_BOUND('',#2370,.T.);
#1299=PLANE('',#2371);
#1300=FACE_OUTER_BOUND('',#2372,.T.);
#1301=CYLINDRICAL_SURFACE('',#2373,0.15);
#1302=FACE_OUTER_BOUND('',#2374,.T.);
#1303=PLANE('',#2375);
#1304=FACE_OUTER_BOUND('',#2376,.T.);
#1305=CYLINDRICAL_SURFACE('',#2377,0.55);
#1306=FACE_OUTER_BOUND('',#2378,.T.);
#1307=PLANE('',#2379);
#1308=FACE_OUTER_BOUND('',#2380,.T.);
#1309=PLANE('',#2381);
#1310=FACE_OUTER_BOUND('',#2382,.T.);
#1311=CYLINDRICAL_SURFACE('',#2383,0.25);
#1312=FACE_OUTER_BOUND('',#2384,.T.);
#1313=PLANE('',#2385);
#1314=FACE_OUTER_BOUND('',#2386,.T.);
#1315=CYLINDRICAL_SURFACE('',#2387,0.25);
#1316=FACE_OUTER_BOUND('',#2388,.T.);
#1317=PLANE('',#2389);
#1318=FACE_OUTER_BOUND('',#2390,.T.);
#1319=PLANE('',#2391);
#1320=FACE_OUTER_BOUND('',#2392,.T.);
#1321=CYLINDRICAL_SURFACE('',#2393,0.5500000000004);
#1322=FACE_OUTER_BOUND('',#2394,.T.);
#1323=PLANE('',#2395);
#1324=FACE_OUTER_BOUND('',#2396,.T.);
#1325=CYLINDRICAL_SURFACE('',#2397,0.45);
#1326=FACE_OUTER_BOUND('',#2398,.T.);
#1327=CYLINDRICAL_SURFACE('',#2399,0.15);
#1328=FACE_OUTER_BOUND('',#2400,.T.);
#1329=CYLINDRICAL_SURFACE('',#2401,0.15);
#1330=FACE_OUTER_BOUND('',#2402,.T.);
#1331=PLANE('',#2403);
#1332=FACE_OUTER_BOUND('',#2404,.T.);
#1333=PLANE('',#2405);
#1334=FACE_OUTER_BOUND('',#2406,.T.);
#1335=CYLINDRICAL_SURFACE('',#2407,0.3);
#1336=FACE_OUTER_BOUND('',#2408,.T.);
#1337=PLANE('',#2409);
#1338=FACE_OUTER_BOUND('',#2410,.T.);
#1339=CYLINDRICAL_SURFACE('',#2411,0.2);
#1340=FACE_OUTER_BOUND('',#2412,.T.);
#1341=PLANE('',#2413);
#1342=FACE_OUTER_BOUND('',#2414,.T.);
#1343=CYLINDRICAL_SURFACE('',#2415,0.2);
#1344=FACE_OUTER_BOUND('',#2416,.T.);
#1345=PLANE('',#2417);
#1346=FACE_OUTER_BOUND('',#2418,.T.);
#1347=PLANE('',#2419);
#1348=FACE_OUTER_BOUND('',#2420,.T.);
#1349=CYLINDRICAL_SURFACE('',#2421,0.55);
#1350=FACE_OUTER_BOUND('',#2422,.T.);
#1351=PLANE('',#2423);
#1352=FACE_OUTER_BOUND('',#2424,.T.);
#1353=PLANE('',#2425);
#1354=FACE_OUTER_BOUND('',#2426,.T.);
#1355=CYLINDRICAL_SURFACE('',#2427,0.25);
#1356=FACE_OUTER_BOUND('',#2428,.T.);
#1357=PLANE('',#2429);
#1358=FACE_OUTER_BOUND('',#2430,.T.);
#1359=PLANE('',#2431);
#1360=FACE_OUTER_BOUND('',#2432,.T.);
#1361=PLANE('',#2433);
#1362=FACE_OUTER_BOUND('',#2434,.T.);
#1363=PLANE('',#2435);
#1364=FACE_OUTER_BOUND('',#2436,.T.);
#1365=PLANE('',#2437);
#1366=FACE_OUTER_BOUND('',#2438,.T.);
#1367=PLANE('',#2439);
#1368=FACE_OUTER_BOUND('',#2440,.T.);
#1369=CYLINDRICAL_SURFACE('',#2441,0.35);
#1370=FACE_OUTER_BOUND('',#2442,.T.);
#1371=CYLINDRICAL_SURFACE('',#2443,0.1);
#1372=FACE_OUTER_BOUND('',#2444,.T.);
#1373=CYLINDRICAL_SURFACE('',#2445,0.15);
#1374=FACE_OUTER_BOUND('',#2446,.T.);
#1375=CYLINDRICAL_SURFACE('',#2447,0.15);
#1376=FACE_OUTER_BOUND('',#2448,.T.);
#1377=CYLINDRICAL_SURFACE('',#2449,0.1);
#1378=FACE_OUTER_BOUND('',#2450,.T.);
#1379=PLANE('',#2451);
#1380=FACE_OUTER_BOUND('',#2452,.T.);
#1381=PLANE('',#2453);
#1382=FACE_OUTER_BOUND('',#2454,.T.);
#1383=CYLINDRICAL_SURFACE('',#2455,0.2);
#1384=FACE_OUTER_BOUND('',#2456,.T.);
#1385=PLANE('',#2457);
#1386=FACE_OUTER_BOUND('',#2458,.T.);
#1387=CYLINDRICAL_SURFACE('',#2459,0.2);
#1388=FACE_OUTER_BOUND('',#2460,.T.);
#1389=PLANE('',#2461);
#1390=FACE_OUTER_BOUND('',#2462,.T.);
#1391=CYLINDRICAL_SURFACE('',#2463,0.3);
#1392=FACE_OUTER_BOUND('',#2464,.T.);
#1393=PLANE('',#2465);
#1394=FACE_OUTER_BOUND('',#2466,.T.);
#1395=CYLINDRICAL_SURFACE('',#2467,0.25);
#1396=FACE_OUTER_BOUND('',#2468,.T.);
#1397=PLANE('',#2469);
#1398=FACE_OUTER_BOUND('',#2470,.T.);
#1399=PLANE('',#2471);
#1400=FACE_OUTER_BOUND('',#2472,.T.);
#1401=PLANE('',#2473);
#1402=FACE_OUTER_BOUND('',#2474,.T.);
#1403=PLANE('',#2475);
#1404=FACE_OUTER_BOUND('',#2476,.T.);
#1405=PLANE('',#2477);
#1406=FACE_OUTER_BOUND('',#2478,.T.);
#1407=PLANE('',#2479);
#1408=FACE_OUTER_BOUND('',#2480,.T.);
#1409=CYLINDRICAL_SURFACE('',#2481,0.2);
#1410=FACE_OUTER_BOUND('',#2482,.T.);
#1411=PLANE('',#2483);
#1412=FACE_OUTER_BOUND('',#2484,.T.);
#1413=CYLINDRICAL_SURFACE('',#2485,0.23);
#1414=FACE_OUTER_BOUND('',#2486,.T.);
#1415=PLANE('',#2487);
#1416=FACE_OUTER_BOUND('',#2488,.T.);
#1417=PLANE('',#2489);
#1418=FACE_OUTER_BOUND('',#2490,.T.);
#1419=PLANE('',#2491);
#1420=FACE_OUTER_BOUND('',#2492,.T.);
#1421=PLANE('',#2493);
#1422=FACE_OUTER_BOUND('',#2494,.T.);
#1423=PLANE('',#2495);
#1424=FACE_OUTER_BOUND('',#2496,.T.);
#1425=PLANE('',#2497);
#1426=FACE_OUTER_BOUND('',#2498,.T.);
#1427=PLANE('',#2499);
#1428=FACE_OUTER_BOUND('',#2500,.T.);
#1429=PLANE('',#2501);
#1430=FACE_OUTER_BOUND('',#2502,.T.);
#1431=PLANE('',#2503);
#1432=FACE_OUTER_BOUND('',#2504,.T.);
#1433=PLANE('',#2505);
#1434=FACE_OUTER_BOUND('',#2506,.T.);
#1435=PLANE('',#2507);
#1436=FACE_OUTER_BOUND('',#2508,.T.);
#1437=PLANE('',#2509);
#1438=FACE_OUTER_BOUND('',#2510,.T.);
#1439=PLANE('',#2511);
#1440=FACE_OUTER_BOUND('',#2512,.T.);
#1441=PLANE('',#2513);
#1442=FACE_OUTER_BOUND('',#2514,.T.);
#1443=PLANE('',#2515);
#1444=FACE_OUTER_BOUND('',#2516,.T.);
#1445=PLANE('',#2517);
#1446=FACE_OUTER_BOUND('',#2518,.T.);
#1447=PLANE('',#2519);
#1448=FACE_OUTER_BOUND('',#2520,.T.);
#1449=PLANE('',#2521);
#1450=FACE_OUTER_BOUND('',#2522,.T.);
#1451=PLANE('',#2523);
#1452=FACE_OUTER_BOUND('',#2524,.T.);
#1453=PLANE('',#2525);
#1454=FACE_OUTER_BOUND('',#2526,.T.);
#1455=PLANE('',#2527);
#1456=FACE_OUTER_BOUND('',#2528,.T.);
#1457=PLANE('',#2529);
#1458=FACE_OUTER_BOUND('',#2530,.T.);
#1459=PLANE('',#2531);
#1460=FACE_OUTER_BOUND('',#2532,.T.);
#1461=CYLINDRICAL_SURFACE('',#2533,0.1);
#1462=FACE_OUTER_BOUND('',#2534,.T.);
#1463=PLANE('',#2535);
#1464=FACE_OUTER_BOUND('',#2536,.T.);
#1465=CYLINDRICAL_SURFACE('',#2537,0.1);
#1466=FACE_OUTER_BOUND('',#2538,.T.);
#1467=CYLINDRICAL_SURFACE('',#2539,0.45);
#1468=FACE_OUTER_BOUND('',#2540,.T.);
#1469=CYLINDRICAL_SURFACE('',#2541,0.1);
#1470=FACE_OUTER_BOUND('',#2542,.T.);
#1471=CYLINDRICAL_SURFACE('',#2543,0.45);
#1472=FACE_OUTER_BOUND('',#2544,.T.);
#1473=PLANE('',#2545);
#1474=FACE_OUTER_BOUND('',#2546,.T.);
#1475=CYLINDRICAL_SURFACE('',#2547,0.15);
#1476=FACE_OUTER_BOUND('',#2548,.T.);
#1477=PLANE('',#2549);
#1478=FACE_OUTER_BOUND('',#2550,.T.);
#1479=CYLINDRICAL_SURFACE('',#2551,0.15);
#1480=FACE_OUTER_BOUND('',#2552,.T.);
#1481=CYLINDRICAL_SURFACE('',#2553,0.15);
#1482=FACE_OUTER_BOUND('',#2554,.T.);
#1483=PLANE('',#2555);
#1484=FACE_OUTER_BOUND('',#2556,.T.);
#1485=CYLINDRICAL_SURFACE('',#2557,0.15);
#1486=FACE_OUTER_BOUND('',#2558,.T.);
#1487=PLANE('',#2559);
#1488=FACE_OUTER_BOUND('',#2560,.T.);
#1489=PLANE('',#2561);
#1490=FACE_OUTER_BOUND('',#2562,.T.);
#1491=CYLINDRICAL_SURFACE('',#2563,0.3);
#1492=FACE_OUTER_BOUND('',#2564,.T.);
#1493=PLANE('',#2565);
#1494=FACE_OUTER_BOUND('',#2566,.T.);
#1495=PLANE('',#2567);
#1496=FACE_OUTER_BOUND('',#2568,.T.);
#1497=PLANE('',#2569);
#1498=FACE_OUTER_BOUND('',#2570,.T.);
#1499=PLANE('',#2571);
#1500=FACE_OUTER_BOUND('',#2572,.T.);
#1501=CYLINDRICAL_SURFACE('',#2573,1.0);
#1502=FACE_OUTER_BOUND('',#2574,.T.);
#1503=PLANE('',#2575);
#1504=FACE_OUTER_BOUND('',#2576,.T.);
#1505=PLANE('',#2577);
#1506=FACE_OUTER_BOUND('',#2578,.T.);
#1507=CYLINDRICAL_SURFACE('',#2579,0.15);
#1508=FACE_OUTER_BOUND('',#2580,.T.);
#1509=PLANE('',#2581);
#1510=FACE_OUTER_BOUND('',#2582,.T.);
#1511=CYLINDRICAL_SURFACE('',#2583,0.15);
#1512=FACE_OUTER_BOUND('',#2584,.T.);
#1513=CYLINDRICAL_SURFACE('',#2585,0.15);
#1514=FACE_OUTER_BOUND('',#2586,.T.);
#1515=PLANE('',#2587);
#1516=FACE_OUTER_BOUND('',#2588,.T.);
#1517=CYLINDRICAL_SURFACE('',#2589,0.15);
#1518=FACE_OUTER_BOUND('',#2590,.T.);
#1519=PLANE('',#2591);
#1520=FACE_OUTER_BOUND('',#2592,.T.);
#1521=PLANE('',#2593);
#1522=FACE_OUTER_BOUND('',#2594,.T.);
#1523=PLANE('',#2595);
#1524=FACE_OUTER_BOUND('',#2596,.T.);
#1525=PLANE('',#2597);
#1526=FACE_OUTER_BOUND('',#2598,.T.);
#1527=PLANE('',#2599);
#1528=FACE_OUTER_BOUND('',#2600,.T.);
#1529=PLANE('',#2601);
#1530=FACE_OUTER_BOUND('',#2602,.T.);
#1531=PLANE('',#2603);
#1532=FACE_OUTER_BOUND('',#2604,.T.);
#1533=PLANE('',#2605);
#1534=FACE_OUTER_BOUND('',#2606,.T.);
#1535=PLANE('',#2607);
#1536=FACE_OUTER_BOUND('',#2608,.T.);
#1537=PLANE('',#2609);
#1538=FACE_OUTER_BOUND('',#2610,.T.);
#1539=CYLINDRICAL_SURFACE('',#2611,0.1);
#1540=FACE_OUTER_BOUND('',#2612,.T.);
#1541=CYLINDRICAL_SURFACE('',#2613,0.1);
#1542=FACE_OUTER_BOUND('',#2614,.T.);
#1543=(B_SPLINE_SURFACE(3,3,((#2616,#2617,#2618,#2619),(#2620,#2621,#2622,#2623),(#2624,#2625,#2626,#2627),(#2628,#2629,#2630,#2631),(#2632,#2633,#2634,#2635),(#2636,#2637,#2638,#2639),(#2640,#2641,#2642,#2643)),.UNSPECIFIED.,.F.,.F.,.F.)B_SPLINE_SURFACE_WITH_KNOTS((4,3,4),(4,4),(0.121831465734458,1.0,1.87816853426554),(0.116950671494596,0.883049328507462),.UNSPECIFIED.)RATIONAL_B_SPLINE_SURFACE(((1.21436128818027,1.10209655501659,1.10209655501689,1.21436128818118),(0.997842878401401,0.905594743045604,0.905594743045852,0.997842878402144),(1.03271986158707,0.937247434375935,0.937247434376192,1.03271986158784),(1.31899223773727,1.19705462900758,1.19705462900791,1.31899223773825),(1.03271986158707,0.937247434375935,0.937247434376192,1.03271986158784),(0.997842878401401,0.905594743045604,0.905594743045852,0.997842878402144),(1.21436128818027,1.10209655501659,1.10209655501689,1.21436128818118)))BOUNDED_SURFACE()REPRESENTATION_ITEM('')GEOMETRIC_REPRESENTATION_ITEM()SURFACE());
#1544=FACE_OUTER_BOUND('',#2650,.T.);
#1545=TOROIDAL_SURFACE('',#2651,0.25,0.1);
#1546=FACE_OUTER_BOUND('',#2652,.T.);
#1547=CYLINDRICAL_SURFACE('',#2653,0.1);
#1548=FACE_OUTER_BOUND('',#2654,.T.);
#1549=CYLINDRICAL_SURFACE('',#2655,0.1);
#1550=FACE_OUTER_BOUND('',#2656,.T.);
#1551=(B_SPLINE_SURFACE(3,3,((#2658,#2659,#2660,#2661),(#2662,#2663,#2664,#2665),(#2666,#2667,#2668,#2669),(#2670,#2671,#2672,#2673),(#2674,#2675,#2676,#2677),(#2678,#2679,#2680,#2681),(#2682,#2683,#2684,#2685)),.UNSPECIFIED.,.F.,.F.,.F.)B_SPLINE_SURFACE_WITH_KNOTS((4,3,4),(4,4),(0.121831465735495,1.0,1.87816853426451),(0.11695067149254,0.883049328505403),.UNSPECIFIED.)RATIONAL_B_SPLINE_SURFACE(((1.21436128818041,1.10209655501619,1.10209655501589,1.2143612881795),(0.997842878402226,0.905594743045926,0.905594743045679,0.997842878401482),(1.03271986158817,0.937247434376498,0.937247434376242,1.0327198615874),(1.31899223773825,1.19705462900791,1.19705462900758,1.31899223773727),(1.03271986158817,0.937247434376498,0.937247434376242,1.0327198615874),(0.997842878402226,0.905594743045927,0.905594743045679,0.997842878401482),(1.21436128818041,1.1020965550162,1.10209655501589,1.21436128817951)))BOUNDED_SURFACE()REPRESENTATION_ITEM('')GEOMETRIC_REPRESENTATION_ITEM()SURFACE());
#1552=FACE_OUTER_BOUND('',#2692,.T.);
#1553=TOROIDAL_SURFACE('',#2693,0.25,0.1);
#1554=FACE_OUTER_BOUND('',#2694,.T.);
#1555=PLANE('',#2695);
#1556=FACE_OUTER_BOUND('',#2696,.T.);
#1557=PLANE('',#2697);
#1558=FACE_OUTER_BOUND('',#2698,.T.);
#1559=CYLINDRICAL_SURFACE('',#2699,0.15);
#1560=FACE_OUTER_BOUND('',#2700,.T.);
#1561=PLANE('',#2701);
#1562=FACE_OUTER_BOUND('',#2702,.T.);
#1563=PLANE('',#2703);
#1564=FACE_OUTER_BOUND('',#2704,.T.);
#1565=PLANE('',#2705);
#1566=FACE_OUTER_BOUND('',#2706,.T.);
#1567=PLANE('',#2707);
#1568=FACE_OUTER_BOUND('',#2708,.T.);
#1569=PLANE('',#2709);
#1570=TRIMMED_CURVE('',#2710,(PARAMETER_VALUE(0.0)),(PARAMETER_VALUE(1.0)),.T.,.UNSPECIFIED.);
#1571=TRIMMED_CURVE('',#2711,(PARAMETER_VALUE(0.0)),(PARAMETER_VALUE(1.0)),.T.,.UNSPECIFIED.);
#1572=TRIMMED_CURVE('',#2712,(PARAMETER_VALUE(0.0)),(PARAMETER_VALUE(1.0)),.T.,.UNSPECIFIED.);
#1573=TRIMMED_CURVE('',#2713,(PARAMETER_VALUE(0.0)),(PARAMETER_VALUE(1.0)),.T.,.UNSPECIFIED.);
#1574=TRIMMED_CURVE('',#2714,(PARAMETER_VALUE(0.0)),(PARAMETER_VALUE(1.0)),.T.,.UNSPECIFIED.);
#1575=TRIMMED_CURVE('',#2715,(PARAMETER_VALUE(0.0)),(PARAMETER_VALUE(1.0)),.T.,.UNSPECIFIED.);
#1576=TRIMMED_CURVE('',#2716,(PARAMETER_VALUE(0.0)),(PARAMETER_VALUE(1.0)),.T.,.UNSPECIFIED.);
#1577=TRIMMED_CURVE('',#2717,(PARAMETER_VALUE(0.0)),(PARAMETER_VALUE(1.0)),.T.,.UNSPECIFIED.);
#1578=TRIMMED_CURVE('',#2718,(PARAMETER_VALUE(0.0)),(PARAMETER_VALUE(1.0)),.T.,.UNSPECIFIED.);
#1579=TRIMMED_CURVE('',#2719,(PARAMETER_VALUE(0.0)),(PARAMETER_VALUE(1.0)),.T.,.UNSPECIFIED.);
#1580=TRIMMED_CURVE('',#2720,(PARAMETER_VALUE(0.0)),(PARAMETER_VALUE(1.0)),.T.,.UNSPECIFIED.);
#1581=TRIMMED_CURVE('',#2721,(PARAMETER_VALUE(0.0)),(PARAMETER_VALUE(1.0)),.T.,.UNSPECIFIED.);
#1582=TRIMMED_CURVE('',#2722,(PARAMETER_VALUE(0.0)),(PARAMETER_VALUE(1.0)),.T.,.UNSPECIFIED.);
#1583=TRIMMED_CURVE('',#2723,(PARAMETER_VALUE(0.0)),(PARAMETER_VALUE(1.0)),.T.,.UNSPECIFIED.);
#1584=TRIMMED_CURVE('',#2724,(PARAMETER_VALUE(0.0)),(PARAMETER_VALUE(1.0)),.T.,.UNSPECIFIED.);
#1585=TRIMMED_CURVE('',#2725,(PARAMETER_VALUE(0.0)),(PARAMETER_VALUE(1.0)),.T.,.UNSPECIFIED.);
#1586=TRIMMED_CURVE('',#2726,(PARAMETER_VALUE(0.0)),(PARAMETER_VALUE(1.0)),.T.,.UNSPECIFIED.);
#1587=TRIMMED_CURVE('',#2727,(PARAMETER_VALUE(0.0)),(PARAMETER_VALUE(1.0)),.T.,.UNSPECIFIED.);
#1588=TRIMMED_CURVE('',#2728,(PARAMETER_VALUE(0.0)),(PARAMETER_VALUE(1.0)),.T.,.UNSPECIFIED.);
#1589=TRIMMED_CURVE('',#2729,(PARAMETER_VALUE(0.0)),(PARAMETER_VALUE(1.0)),.T.,.UNSPECIFIED.);
#1590=TRIMMED_CURVE('',#2730,(PARAMETER_VALUE(0.0)),(PARAMETER_VALUE(1.0)),.T.,.UNSPECIFIED.);
#1591=TRIMMED_CURVE('',#2731,(PARAMETER_VALUE(0.0)),(PARAMETER_VALUE(3.1415926535892)),.T.,.UNSPECIFIED.);
#1592=TRIMMED_CURVE('',#2732,(PARAMETER_VALUE(0.0)),(PARAMETER_VALUE(1.0)),.T.,.UNSPECIFIED.);
#1593=TRIMMED_CURVE('',#2733,(PARAMETER_VALUE(0.0)),(PARAMETER_VALUE(3.1415926535892)),.T.,.UNSPECIFIED.);
#1594=TRIMMED_CURVE('',#2734,(PARAMETER_VALUE(0.0)),(PARAMETER_VALUE(3.1415926535892)),.T.,.UNSPECIFIED.);
#1595=TRIMMED_CURVE('',#2735,(PARAMETER_VALUE(0.0)),(PARAMETER_VALUE(1.0)),.T.,.UNSPECIFIED.);
#1596=TRIMMED_CURVE('',#2736,(PARAMETER_VALUE(0.0)),(PARAMETER_VALUE(3.1415926535892)),.T.,.UNSPECIFIED.);
#1597=TRIMMED_CURVE('',#2737,(PARAMETER_VALUE(0.0)),(PARAMETER_VALUE(1.0)),.T.,.UNSPECIFIED.);
#1598=TRIMMED_CURVE('',#2738,(PARAMETER_VALUE(0.0)),(PARAMETER_VALUE(1.0)),.T.,.UNSPECIFIED.);
#1599=TRIMMED_CURVE('',#2739,(PARAMETER_VALUE(0.0)),(PARAMETER_VALUE(3.1415926535892)),.T.,.UNSPECIFIED.);
#1600=TRIMMED_CURVE('',#2740,(PARAMETER_VALUE(0.0)),(PARAMETER_VALUE(1.0)),.T.,.UNSPECIFIED.);
#1601=TRIMMED_CURVE('',#2741,(PARAMETER_VALUE(0.0)),(PARAMETER_VALUE(3.1415926535892)),.T.,.UNSPECIFIED.);
#1602=TRIMMED_CURVE('',#2742,(PARAMETER_VALUE(0.0)),(PARAMETER_VALUE(3.1415926535892)),.T.,.UNSPECIFIED.);
#1603=TRIMMED_CURVE('',#2743,(PARAMETER_VALUE(0.0)),(PARAMETER_VALUE(1.0)),.T.,.UNSPECIFIED.);
#1604=TRIMMED_CURVE('',#2744,(PARAMETER_VALUE(0.0)),(PARAMETER_VALUE(3.1415926535892)),.T.,.UNSPECIFIED.);
#1605=TRIMMED_CURVE('',#2745,(PARAMETER_VALUE(0.0)),(PARAMETER_VALUE(1.0)),.T.,.UNSPECIFIED.);
#1606=TRIMMED_CURVE('',#2746,(PARAMETER_VALUE(0.0)),(PARAMETER_VALUE(3.1415926535892)),.T.,.UNSPECIFIED.);
#1607=TRIMMED_CURVE('',#2747,(PARAMETER_VALUE(0.0)),(PARAMETER_VALUE(1.0)),.T.,.UNSPECIFIED.);
#1608=TRIMMED_CURVE('',#2748,(PARAMETER_VALUE(0.0)),(PARAMETER_VALUE(3.1415926535892)),.T.,.UNSPECIFIED.);
#1609=TRIMMED_CURVE('',#2749,(PARAMETER_VALUE(0.0)),(PARAMETER_VALUE(1.0)),.T.,.UNSPECIFIED.);
#1610=TRIMMED_CURVE('',#2750,(PARAMETER_VALUE(0.0)),(PARAMETER_VALUE(1.0)),.T.,.UNSPECIFIED.);
#1611=TRIMMED_CURVE('',#2751,(PARAMETER_VALUE(0.0)),(PARAMETER_VALUE(3.1415926535892)),.T.,.UNSPECIFIED.);
#1612=TRIMMED_CURVE('',#2752,(PARAMETER_VALUE(0.0)),(PARAMETER_VALUE(1.0)),.T.,.UNSPECIFIED.);
#1613=TRIMMED_CURVE('',#2753,(PARAMETER_VALUE(0.0)),(PARAMETER_VALUE(3.1415926535892)),.T.,.UNSPECIFIED.);
#1614=EDGE_LOOP('',(#2754,#2755,#2756,#2757));
#1615=AXIS2_PLACEMENT_3D('',#2758,#2759,#2760);
#1616=EDGE_LOOP('',(#2761,#2762,#2763,#2764,#2765,#2766,#2767,#2768,#2769,#2770));
#1617=AXIS2_PLACEMENT_3D('',#2771,#2772,#2773);
#1618=EDGE_LOOP('',(#2774,#2775,#2776,#2777,#2778,#2779));
#1619=AXIS2_PLACEMENT_3D('',#2780,#2781,#2782);
#1620=EDGE_LOOP('',(#2783,#2784,#2785,#2786,#2787,#2788));
#1621=AXIS2_PLACEMENT_3D('',#2789,#2790,#2791);
#1622=EDGE_LOOP('',(#2792,#2793,#2794,#2795,#2796,#2797));
#1623=AXIS2_PLACEMENT_3D('',#2798,#2799,#2800);
#1624=EDGE_LOOP('',(#2801,#2802,#2803,#2804,#2805,#2806,#2807,#2808,#2809,#2810,#2811,#2812,#2813,#2814,#2815,#2816,#2817,#2818));
#1625=EDGE_LOOP('',(#2819,#2820,#2821,#2822));
#1626=EDGE_LOOP('',(#2823,#2824,#2825,#2826));
#1627=EDGE_LOOP('',(#2827,#2828,#2829,#2830));
#1628=EDGE_LOOP('',(#2831,#2832,#2833,#2834));
#1629=EDGE_LOOP('',(#2835,#2836,#2837,#2838));
#1630=AXIS2_PLACEMENT_3D('',#2839,#2840,#2841);
#1631=EDGE_LOOP('',(#2842,#2843,#2844,#2845,#2846,#2847));
#1632=AXIS2_PLACEMENT_3D('',#2848,#2849,#2850);
#1633=EDGE_LOOP('',(#2851,#2852,#2853,#2854));
#1634=AXIS2_PLACEMENT_3D('',#2855,#2856,#2857);
#1635=EDGE_LOOP('',(#2858,#2859,#2860,#2861));
#1636=AXIS2_PLACEMENT_3D('',#2862,#2863,#2864);
#1637=EDGE_LOOP('',(#2865,#2866,#2867,#2868));
#1638=AXIS2_PLACEMENT_3D('',#2869,#2870,#2871);
#1639=EDGE_LOOP('',(#2872,#2873,#2874,#2875,#2876,#2877,#2878,#2879,#2880,#2881,#2882,#2883,#2884,#2885));
#1640=AXIS2_PLACEMENT_3D('',#2886,#2887,#2888);
#1641=EDGE_LOOP('',(#2889,#2890,#2891,#2892));
#1642=AXIS2_PLACEMENT_3D('',#2893,#2894,#2895);
#1643=EDGE_LOOP('',(#2896,#2897,#2898,#2899));
#1644=AXIS2_PLACEMENT_3D('',#2900,#2901,#2902);
#1645=EDGE_LOOP('',(#2903,#2904,#2905,#2906));
#1646=AXIS2_PLACEMENT_3D('',#2907,#2908,#2909);
#1647=EDGE_LOOP('',(#2910,#2911,#2912,#2913));
#1648=AXIS2_PLACEMENT_3D('',#2914,#2915,#2916);
#1649=EDGE_LOOP('',(#2917,#2918,#2919,#2920,#2921,#2922,#2923));
#1650=EDGE_LOOP('',(#2924,#2925,#2926,#2927));
#1651=AXIS2_PLACEMENT_3D('',#2928,#2929,#2930);
#1652=EDGE_LOOP('',(#2931,#2932,#2933,#2934));
#1653=AXIS2_PLACEMENT_3D('',#2935,#2936,#2937);
#1654=EDGE_LOOP('',(#2938,#2939,#2940,#2941));
#1655=AXIS2_PLACEMENT_3D('',#2942,#2943,#2944);
#1656=EDGE_LOOP('',(#2945,#2946,#2947,#2948,#2949,#2950,#2951,#2952,#2953,#2954,#2955,#2956,#2957,#2958));
#1657=EDGE_LOOP('',(#2959,#2960,#2961,#2962,#2963,#2964,#2965,#2966,#2967,#2968,#2969,#2970,#2971,#2972,#2973,#2974,#2975,#2976,#2977,#2978,#2979,#2980,#2981,#2982));
#1658=EDGE_LOOP('',(#2983,#2984,#2985,#2986,#2987,#2988,#2989,#2990,#2991,#2992,#2993,#2994));
#1659=EDGE_LOOP('',(#2995,#2996,#2997,#2998,#2999,#3000,#3001,#3002,#3003,#3004,#3005,#3006,#3007,#3008,#3009,#3010,#3011,#3012,#3013,#3014,#3015,#3016,#3017,#3018));
#1660=AXIS2_PLACEMENT_3D('',#3019,#3020,#3021);
#1661=EDGE_LOOP('',(#3022,#3023,#3024,#3025,#3026,#3027,#3028,#3029));
#1662=AXIS2_PLACEMENT_3D('',#3030,#3031,#3032);
#1663=EDGE_LOOP('',(#3033,#3034,#3035,#3036));
#1664=AXIS2_PLACEMENT_3D('',#3037,#3038,#3039);
#1665=EDGE_LOOP('',(#3040,#3041,#3042,#3043,#3044,#3045,#3046,#3047));
#1666=AXIS2_PLACEMENT_3D('',#3048,#3049,#3050);
#1667=EDGE_LOOP('',(#3051,#3052,#3053,#3054));
#1668=AXIS2_PLACEMENT_3D('',#3055,#3056,#3057);
#1669=EDGE_LOOP('',(#3058,#3059,#3060,#3061));
#1670=AXIS2_PLACEMENT_3D('',#3062,#3063,#3064);
#1671=EDGE_LOOP('',(#3065,#3066,#3067,#3068));
#1672=AXIS2_PLACEMENT_3D('',#3069,#3070,#3071);
#1673=EDGE_LOOP('',(#3072,#3073,#3074,#3075,#3076,#3077,#3078));
#1674=EDGE_LOOP('',(#3079,#3080,#3081,#3082));
#1675=AXIS2_PLACEMENT_3D('',#3083,#3084,#3085);
#1676=EDGE_LOOP('',(#3086,#3087,#3088,#3089));
#1677=AXIS2_PLACEMENT_3D('',#3090,#3091,#3092);
#1678=EDGE_LOOP('',(#3093,#3094,#3095,#3096,#3097,#3098,#3099));
#1679=AXIS2_PLACEMENT_3D('',#3100,#3101,#3102);
#1680=EDGE_LOOP('',(#3103,#3104,#3105,#3106));
#1681=AXIS2_PLACEMENT_3D('',#3107,#3108,#3109);
#1682=EDGE_LOOP('',(#3110,#3111,#3112,#3113));
#1683=AXIS2_PLACEMENT_3D('',#3114,#3115,#3116);
#1684=EDGE_LOOP('',(#3117,#3118,#3119,#3120,#3121,#3122,#3123));
#1685=AXIS2_PLACEMENT_3D('',#3124,#3125,#3126);
#1686=EDGE_LOOP('',(#3127,#3128,#3129,#3130));
#1687=AXIS2_PLACEMENT_3D('',#3131,#3132,#3133);
#1688=EDGE_LOOP('',(#3134,#3135,#3136,#3137));
#1689=AXIS2_PLACEMENT_3D('',#3138,#3139,#3140);
#1690=EDGE_LOOP('',(#3141,#3142,#3143,#3144));
#1691=AXIS2_PLACEMENT_3D('',#3145,#3146,#3147);
#1692=EDGE_LOOP('',(#3148,#3149,#3150,#3151));
#1693=AXIS2_PLACEMENT_3D('',#3152,#3153,#3154);
#1694=EDGE_LOOP('',(#3155,#3156,#3157,#3158));
#1695=AXIS2_PLACEMENT_3D('',#3159,#3160,#3161);
#1696=EDGE_LOOP('',(#3162,#3163,#3164,#3165));
#1697=AXIS2_PLACEMENT_3D('',#3166,#3167,#3168);
#1698=EDGE_LOOP('',(#3169,#3170,#3171,#3172,#3173,#3174,#3175,#3176,#3177,#3178));
#1699=AXIS2_PLACEMENT_3D('',#3179,#3180,#3181);
#1700=EDGE_LOOP('',(#3182,#3183,#3184,#3185,#3186));
#1701=AXIS2_PLACEMENT_3D('',#3187,#3188,#3189);
#1702=EDGE_LOOP('',(#3190,#3191,#3192,#3193));
#1703=AXIS2_PLACEMENT_3D('',#3194,#3195,#3196);
#1704=EDGE_LOOP('',(#3197,#3198,#3199,#3200));
#1705=AXIS2_PLACEMENT_3D('',#3201,#3202,#3203);
#1706=EDGE_LOOP('',(#3204,#3205,#3206,#3207));
#1707=AXIS2_PLACEMENT_3D('',#3208,#3209,#3210);
#1708=EDGE_LOOP('',(#3211,#3212,#3213,#3214));
#1709=AXIS2_PLACEMENT_3D('',#3215,#3216,#3217);
#1710=EDGE_LOOP('',(#3218,#3219,#3220,#3221));
#1711=AXIS2_PLACEMENT_3D('',#3222,#3223,#3224);
#1712=EDGE_LOOP('',(#3225,#3226,#3227,#3228));
#1713=AXIS2_PLACEMENT_3D('',#3229,#3230,#3231);
#1714=EDGE_LOOP('',(#3232,#3233,#3234,#3235));
#1715=AXIS2_PLACEMENT_3D('',#3236,#3237,#3238);
#1716=EDGE_LOOP('',(#3239,#3240,#3241,#3242));
#1717=AXIS2_PLACEMENT_3D('',#3243,#3244,#3245);
#1718=EDGE_LOOP('',(#3246,#3247,#3248,#3249));
#1719=AXIS2_PLACEMENT_3D('',#3250,#3251,#3252);
#1720=EDGE_LOOP('',(#3253,#3254,#3255,#3256));
#1721=AXIS2_PLACEMENT_3D('',#3257,#3258,#3259);
#1722=EDGE_LOOP('',(#3260,#3261,#3262,#3263));
#1723=AXIS2_PLACEMENT_3D('',#3264,#3265,#3266);
#1724=EDGE_LOOP('',(#3267,#3268,#3269,#3270));
#1725=AXIS2_PLACEMENT_3D('',#3271,#3272,#3273);
#1726=EDGE_LOOP('',(#3274,#3275,#3276,#3277));
#1727=AXIS2_PLACEMENT_3D('',#3278,#3279,#3280);
#1728=EDGE_LOOP('',(#3281,#3282,#3283,#3284));
#1729=AXIS2_PLACEMENT_3D('',#3285,#3286,#3287);
#1730=EDGE_LOOP('',(#3288,#3289,#3290,#3291));
#1731=AXIS2_PLACEMENT_3D('',#3292,#3293,#3294);
#1732=EDGE_LOOP('',(#3295,#3296,#3297,#3298,#3299));
#1733=AXIS2_PLACEMENT_3D('',#3300,#3301,#3302);
#1734=EDGE_LOOP('',(#3303,#3304,#3305,#3306,#3307,#3308));
#1735=AXIS2_PLACEMENT_3D('',#3309,#3310,#3311);
#1736=EDGE_LOOP('',(#3312,#3313,#3314,#3315,#3316));
#1737=AXIS2_PLACEMENT_3D('',#3317,#3318,#3319);
#1738=EDGE_LOOP('',(#3320,#3321,#3322,#3323,#3324,#3325,#3326,#3327,#3328,#3329,#3330,#3331,#3332,#3333,#3334,#3335,#3336,#3337));
#1739=EDGE_LOOP('',(#3338,#3339,#3340,#3341,#3342,#3343,#3344,#3345,#3346,#3347,#3348,#3349));
#1740=EDGE_LOOP('',(#3350,#3351,#3352,#3353,#3354,#3355,#3356,#3357,#3358,#3359,#3360,#3361,#3362,#3363,#3364,#3365,#3366,#3367,#3368,#3369));
#1741=EDGE_LOOP('',(#3370,#3371,#3372,#3373,#3374,#3375,#3376,#3377,#3378,#3379,#3380,#3381,#3382,#3383,#3384,#3385,#3386,#3387,#3388,#3389));
#1742=EDGE_LOOP('',(#3390,#3391,#3392,#3393));
#1743=EDGE_LOOP('',(#3394,#3395,#3396,#3397));
#1744=AXIS2_PLACEMENT_3D('',#3398,#3399,#3400);
#1745=EDGE_LOOP('',(#3401,#3402,#3403,#3404));
#1746=AXIS2_PLACEMENT_3D('',#3405,#3406,#3407);
#1747=EDGE_LOOP('',(#3408,#3409,#3410,#3411));
#1748=AXIS2_PLACEMENT_3D('',#3412,#3413,#3414);
#1749=EDGE_LOOP('',(#3415,#3416,#3417,#3418));
#1751=CARTESIAN_POINT('',(2.72414225434841,-1.32499565839162,3.54909941325969));
#1752=CARTESIAN_POINT('',(2.68682648249854,-1.32534341667953,3.54865638986095));
#1753=CARTESIAN_POINT('',(2.6545086730017,-1.30668340573147,3.5482727036852));
#1754=CARTESIAN_POINT('',(2.63615193336554,-1.27419084276714,3.5480547672796));
#1755=CARTESIAN_POINT('',(2.72360059842623,-1.32499565839162,3.59472298274856));
#1756=CARTESIAN_POINT('',(2.68601837641146,-1.32534341667953,3.6167230031739));
#1757=CARTESIAN_POINT('',(2.65346980428413,-1.30668340573147,3.63577640696977));
#1758=CARTESIAN_POINT('',(2.63498198987581,-1.27419084276714,3.64659887229451));
#1759=CARTESIAN_POINT('',(2.75591412163939,-1.32499565839162,3.62586310945377));
#1760=CARTESIAN_POINT('',(2.73422749538109,-1.32534341667953,3.66318151106106));
#1761=CARTESIAN_POINT('',(2.71544551067876,-1.30668340573147,3.69550159809304));
#1762=CARTESIAN_POINT('',(2.7047772132789,-1.27419084276714,3.71385963138482));
#1763=CARTESIAN_POINT('',(2.8,-1.32499565839162,3.62586310945377));
#1764=CARTESIAN_POINT('',(2.8,-1.32534341667953,3.66318151106106));
#1765=CARTESIAN_POINT('',(2.8,-1.30668340573147,3.69550159809304));
#1766=CARTESIAN_POINT('',(2.8,-1.27419084276714,3.71385963138482));
#1767=CARTESIAN_POINT('',(2.84408587836061,-1.32499565839162,3.62586310945377));
#1768=CARTESIAN_POINT('',(2.86577250461891,-1.32534341667953,3.66318151106106));
#1769=CARTESIAN_POINT('',(2.88455448932124,-1.30668340573147,3.69550159809304));
#1770=CARTESIAN_POINT('',(2.8952227867211,-1.27419084276714,3.71385963138482));
#1771=CARTESIAN_POINT('',(2.87639940157377,-1.32499565839162,3.59472298274856));
#1772=CARTESIAN_POINT('',(2.91398162358854,-1.32534341667953,3.6167230031739));
#1773=CARTESIAN_POINT('',(2.94653019571587,-1.30668340573147,3.63577640696977));
#1774=CARTESIAN_POINT('',(2.96501801012419,-1.27419084276714,3.6465988722945));
#1775=CARTESIAN_POINT('',(2.87585774565158,-1.32499565839162,3.54909941325969));
#1776=CARTESIAN_POINT('',(2.91317351750146,-1.32534341667953,3.54865638986095));
#1777=CARTESIAN_POINT('',(2.9454913269983,-1.30668340573147,3.5482727036852));
#1778=CARTESIAN_POINT('',(2.96384806663446,-1.27419084276714,3.5480547672796));
#1785=EDGE_LOOP('',(#3419,#3420,#3421,#3422));
#1786=AXIS2_PLACEMENT_3D('',#3423,#3424,#3425);
#1787=EDGE_LOOP('',(#3426,#3427,#3428,#3429));
#1788=AXIS2_PLACEMENT_3D('',#3430,#3431,#3432);
#1789=EDGE_LOOP('',(#3433,#3434,#3435,#3436));
#1790=AXIS2_PLACEMENT_3D('',#3437,#3438,#3439);
#1791=EDGE_LOOP('',(#3440,#3441,#3442,#3443));
#1793=CARTESIAN_POINT('',(2.87585774565159,-1.32499565839162,2.45090062248827));
#1794=CARTESIAN_POINT('',(2.91317351750146,-1.32534341667953,2.45134364588722));
#1795=CARTESIAN_POINT('',(2.9454913269983,-1.30668340573147,2.45172733206329));
#1796=CARTESIAN_POINT('',(2.96384806663446,-1.27419084276714,2.45194526846838));
#1797=CARTESIAN_POINT('',(2.87639940157369,-1.32499565839162,2.40527705299963));
#1798=CARTESIAN_POINT('',(2.91398162358842,-1.32534341667953,2.38327703257487));
#1799=CARTESIAN_POINT('',(2.94653019571571,-1.30668340573147,2.36422362877899));
#1800=CARTESIAN_POINT('',(2.96501801012401,-1.27419084276714,2.35340116345377));
#1801=CARTESIAN_POINT('',(2.84408587836054,-1.32499565839162,2.37413692629451));
#1802=CARTESIAN_POINT('',(2.86577250461881,-1.32534341667953,2.33681852468783));
#1803=CARTESIAN_POINT('',(2.88455448932111,-1.30668340573147,2.30449843765595));
#1804=CARTESIAN_POINT('',(2.89522278672095,-1.27419084276714,2.28614040436418));
#1805=CARTESIAN_POINT('',(2.8,-1.32499565839162,2.37413692629451));
#1806=CARTESIAN_POINT('',(2.8,-1.32534341667953,2.33681852468783));
#1807=CARTESIAN_POINT('',(2.8,-1.30668340573147,2.30449843765594));
#1808=CARTESIAN_POINT('',(2.8,-1.27419084276714,2.28614040436418));
#1809=CARTESIAN_POINT('',(2.75591412163946,-1.32499565839162,2.37413692629451));
#1810=CARTESIAN_POINT('',(2.73422749538119,-1.32534341667953,2.33681852468783));
#1811=CARTESIAN_POINT('',(2.71544551067889,-1.30668340573147,2.30449843765595));
#1812=CARTESIAN_POINT('',(2.70477721327905,-1.27419084276714,2.28614040436418));
#1813=CARTESIAN_POINT('',(2.72360059842631,-1.32499565839162,2.40527705299963));
#1814=CARTESIAN_POINT('',(2.68601837641158,-1.32534341667953,2.38327703257487));
#1815=CARTESIAN_POINT('',(2.65346980428429,-1.30668340573147,2.36422362877899));
#1816=CARTESIAN_POINT('',(2.63498198987599,-1.27419084276714,2.35340116345377));
#1817=CARTESIAN_POINT('',(2.72414225434841,-1.32499565839162,2.45090062248827));
#1818=CARTESIAN_POINT('',(2.68682648249854,-1.32534341667953,2.45134364588722));
#1819=CARTESIAN_POINT('',(2.6545086730017,-1.30668340573147,2.45172733206329));
#1820=CARTESIAN_POINT('',(2.63615193336554,-1.27419084276714,2.45194526846838));
#1827=EDGE_LOOP('',(#3444,#3445,#3446,#3447));
#1828=AXIS2_PLACEMENT_3D('',#3448,#3449,#3450);
#1829=EDGE_LOOP('',(#3451,#3452,#3453,#3454));
#1830=AXIS2_PLACEMENT_3D('',#3455,#3456,#3457);
#1831=EDGE_LOOP('',(#3458,#3459,#3460,#3461,#3462,#3463,#3464,#3465));
#1832=AXIS2_PLACEMENT_3D('',#3466,#3467,#3468);
#1833=EDGE_LOOP('',(#3469,#3470,#3471,#3472,#3473,#3474,#3475,#3476));
#1834=AXIS2_PLACEMENT_3D('',#3477,#3478,#3479);
#1835=EDGE_LOOP('',(#3480,#3481,#3482,#3483,#3484,#3485,#3486,#3487));
#1836=EDGE_LOOP('',(#3488,#3489,#3490,#3491,#3492,#3493,#3494,#3495));
#1837=AXIS2_PLACEMENT_3D('',#3496,#3497,#3498);
#1838=EDGE_LOOP('',(#3499,#3500,#3501,#3502,#3503,#3504,#3505,#3506));
#1839=AXIS2_PLACEMENT_3D('',#3507,#3508,#3509);
#1840=EDGE_LOOP('',(#3510,#3511,#3512,#3513));
#1841=AXIS2_PLACEMENT_3D('',#3514,#3515,#3516);
#1842=EDGE_LOOP('',(#3517,#3518,#3519,#3520,#3521,#3522,#3523,#3524));
#1843=AXIS2_PLACEMENT_3D('',#3525,#3526,#3527);
#1844=EDGE_LOOP('',(#3528,#3529,#3530,#3531,#3532,#3533,#3534,#3535));
#1845=AXIS2_PLACEMENT_3D('',#3536,#3537,#3538);
#1846=EDGE_LOOP('',(#3539,#3540,#3541,#3542,#3543,#3544,#3545,#3546));
#1847=AXIS2_PLACEMENT_3D('',#3547,#3548,#3549);
#1848=EDGE_LOOP('',(#3550,#3551,#3552,#3553));
#1849=AXIS2_PLACEMENT_3D('',#3554,#3555,#3556);
#1850=EDGE_LOOP('',(#3557,#3558,#3559,#3560));
#1851=AXIS2_PLACEMENT_3D('',#3561,#3562,#3563);
#1852=EDGE_LOOP('',(#3564,#3565,#3566,#3567));
#1853=AXIS2_PLACEMENT_3D('',#3568,#3569,#3570);
#1854=EDGE_LOOP('',(#3571,#3572,#3573,#3574));
#1855=AXIS2_PLACEMENT_3D('',#3575,#3576,#3577);
#1856=EDGE_LOOP('',(#3578,#3579,#3580,#3581));
#1857=AXIS2_PLACEMENT_3D('',#3582,#3583,#3584);
#1858=EDGE_LOOP('',(#3585,#3586,#3587,#3588,#3589,#3590));
#1859=AXIS2_PLACEMENT_3D('',#3591,#3592,#3593);
#1860=EDGE_LOOP('',(#3594,#3595,#3596,#3597));
#1861=AXIS2_PLACEMENT_3D('',#3598,#3599,#3600);
#1862=EDGE_LOOP('',(#3601,#3602,#3603,#3604));
#1863=AXIS2_PLACEMENT_3D('',#3605,#3606,#3607);
#1864=EDGE_LOOP('',(#3608,#3609,#3610,#3611));
#1865=AXIS2_PLACEMENT_3D('',#3612,#3613,#3614);
#1866=EDGE_LOOP('',(#3615,#3616,#3617,#3618,#3619,#3620));
#1867=AXIS2_PLACEMENT_3D('',#3621,#3622,#3623);
#1868=EDGE_LOOP('',(#3624,#3625,#3626,#3627));
#1869=AXIS2_PLACEMENT_3D('',#3628,#3629,#3630);
#1870=EDGE_LOOP('',(#3631,#3632,#3633,#3634));
#1871=AXIS2_PLACEMENT_3D('',#3635,#3636,#3637);
#1872=EDGE_LOOP('',(#3638,#3639,#3640,#3641));
#1873=AXIS2_PLACEMENT_3D('',#3642,#3643,#3644);
#1874=EDGE_LOOP('',(#3645,#3646,#3647,#3648));
#1875=AXIS2_PLACEMENT_3D('',#3649,#3650,#3651);
#1876=EDGE_LOOP('',(#3652,#3653,#3654,#3655,#3656,#3657,#3658,#3659,#3660,#3661,#3662,#3663,#3664,#3665,#3666,#3667));
#1877=EDGE_LOOP('',(#3668,#3669,#3670,#3671,#3672,#3673,#3674,#3675,#3676,#3677,#3678,#3679,#3680,#3681,#3682,#3683,#3684,#3685,#3686,#3687,#3688,#3689,#3690,#3691,#3692,#3693,#3694,#3695));
#1878=AXIS2_PLACEMENT_3D('',#3696,#3697,#3698);
#1879=EDGE_LOOP('',(#3699,#3700,#3701,#3702));
#1880=AXIS2_PLACEMENT_3D('',#3703,#3704,#3705);
#1881=EDGE_LOOP('',(#3706,#3707,#3708,#3709));
#1882=AXIS2_PLACEMENT_3D('',#3710,#3711,#3712);
#1883=EDGE_LOOP('',(#3713,#3714,#3715));
#1884=AXIS2_PLACEMENT_3D('',#3716,#3717,#3718);
#1885=EDGE_LOOP('',(#3719,#3720,#3721,#3722));
#1886=AXIS2_PLACEMENT_3D('',#3723,#3724,#3725);
#1887=EDGE_LOOP('',(#3726,#3727,#3728,#3729));
#1888=AXIS2_PLACEMENT_3D('',#3730,#3731,#3732);
#1889=EDGE_LOOP('',(#3733,#3734,#3735,#3736));
#1890=AXIS2_PLACEMENT_3D('',#3737,#3738,#3739);
#1891=EDGE_LOOP('',(#3740,#3741,#3742));
#1892=AXIS2_PLACEMENT_3D('',#3743,#3744,#3745);
#1893=EDGE_LOOP('',(#3746,#3747,#3748,#3749));
#1894=AXIS2_PLACEMENT_3D('',#3750,#3751,#3752);
#1895=EDGE_LOOP('',(#3753,#3754,#3755,#3756,#3757,#3758,#3759,#3760,#3761,#3762,#3763,#3764,#3765,#3766,#3767,#3768,#3769,#3770,#3771,#3772,#3773,#3774,#3775,#3776));
#1896=AXIS2_PLACEMENT_3D('',#3777,#3778,#3779);
#1897=EDGE_LOOP('',(#3780,#3781,#3782,#3783,#3784,#3785,#3786));
#1898=AXIS2_PLACEMENT_3D('',#3787,#3788,#3789);
#1899=EDGE_LOOP('',(#3790,#3791,#3792,#3793));
#1900=AXIS2_PLACEMENT_3D('',#3794,#3795,#3796);
#1901=EDGE_LOOP('',(#3797,#3798,#3799,#3800));
#1902=AXIS2_PLACEMENT_3D('',#3801,#3802,#3803);
#1903=EDGE_LOOP('',(#3804,#3805,#3806,#3807,#3808,#3809,#3810));
#1904=AXIS2_PLACEMENT_3D('',#3811,#3812,#3813);
#1905=EDGE_LOOP('',(#3814,#3815,#3816,#3817));
#1906=AXIS2_PLACEMENT_3D('',#3818,#3819,#3820);
#1907=EDGE_LOOP('',(#3821,#3822,#3823,#3824,#3825,#3826,#3827));
#1908=AXIS2_PLACEMENT_3D('',#3828,#3829,#3830);
#1909=EDGE_LOOP('',(#3831,#3832,#3833,#3834));
#1910=AXIS2_PLACEMENT_3D('',#3835,#3836,#3837);
#1911=EDGE_LOOP('',(#3838,#3839,#3840,#3841));
#1912=AXIS2_PLACEMENT_3D('',#3842,#3843,#3844);
#1913=EDGE_LOOP('',(#3845,#3846,#3847,#3848,#3849,#3850,#3851));
#1914=AXIS2_PLACEMENT_3D('',#3852,#3853,#3854);
#1915=EDGE_LOOP('',(#3855,#3856,#3857,#3858));
#1916=AXIS2_PLACEMENT_3D('',#3859,#3860,#3861);
#1917=EDGE_LOOP('',(#3862,#3863,#3864,#3865,#3866,#3867,#3868));
#1918=AXIS2_PLACEMENT_3D('',#3869,#3870,#3871);
#1919=EDGE_LOOP('',(#3872,#3873,#3874,#3875));
#1920=AXIS2_PLACEMENT_3D('',#3876,#3877,#3878);
#1921=EDGE_LOOP('',(#3879,#3880,#3881,#3882));
#1922=AXIS2_PLACEMENT_3D('',#3883,#3884,#3885);
#1923=EDGE_LOOP('',(#3886,#3887,#3888,#3889,#3890,#3891,#3892));
#1924=AXIS2_PLACEMENT_3D('',#3893,#3894,#3895);
#1925=EDGE_LOOP('',(#3896,#3897,#3898,#3899));
#1926=AXIS2_PLACEMENT_3D('',#3900,#3901,#3902);
#1927=EDGE_LOOP('',(#3903,#3904,#3905,#3906,#3907,#3908,#3909));
#1928=AXIS2_PLACEMENT_3D('',#3910,#3911,#3912);
#1929=EDGE_LOOP('',(#3913,#3914,#3915,#3916));
#1930=AXIS2_PLACEMENT_3D('',#3917,#3918,#3919);
#1931=EDGE_LOOP('',(#3920,#3921,#3922,#3923));
#1932=AXIS2_PLACEMENT_3D('',#3924,#3925,#3926);
#1933=EDGE_LOOP('',(#3927,#3928,#3929,#3930,#3931,#3932,#3933));
#1934=AXIS2_PLACEMENT_3D('',#3934,#3935,#3936);
#1935=EDGE_LOOP('',(#3937,#3938,#3939,#3940));
#1936=AXIS2_PLACEMENT_3D('',#3941,#3942,#3943);
#1937=EDGE_LOOP('',(#3944,#3945,#3946,#3947,#3948,#3949));
#1938=AXIS2_PLACEMENT_3D('',#3950,#3951,#3952);
#1939=EDGE_LOOP('',(#3953,#3954,#3955,#3956));
#1940=AXIS2_PLACEMENT_3D('',#3957,#3958,#3959);
#1941=EDGE_LOOP('',(#3960,#3961,#3962,#3963));
#1942=AXIS2_PLACEMENT_3D('',#3964,#3965,#3966);
#1943=EDGE_LOOP('',(#3967,#3968,#3969,#3970));
#1944=AXIS2_PLACEMENT_3D('',#3971,#3972,#3973);
#1945=EDGE_LOOP('',(#3974,#3975,#3976,#3977));
#1946=AXIS2_PLACEMENT_3D('',#3978,#3979,#3980);
#1947=EDGE_LOOP('',(#3981,#3982,#3983,#3984));
#1948=AXIS2_PLACEMENT_3D('',#3985,#3986,#3987);
#1949=EDGE_LOOP('',(#3988,#3989,#3990,#3991));
#1950=AXIS2_PLACEMENT_3D('',#3992,#3993,#3994);
#1951=EDGE_LOOP('',(#3995,#3996,#3997,#3998));
#1952=AXIS2_PLACEMENT_3D('',#3999,#4000,#4001);
#1953=EDGE_LOOP('',(#4002,#4003,#4004,#4005));
#1954=AXIS2_PLACEMENT_3D('',#4006,#4007,#4008);
#1955=EDGE_LOOP('',(#4009,#4010,#4011,#4012));
#1956=AXIS2_PLACEMENT_3D('',#4013,#4014,#4015);
#1957=EDGE_LOOP('',(#4016,#4017,#4018,#4019));
#1958=AXIS2_PLACEMENT_3D('',#4020,#4021,#4022);
#1959=EDGE_LOOP('',(#4023,#4024,#4025,#4026));
#1960=AXIS2_PLACEMENT_3D('',#4027,#4028,#4029);
#1961=EDGE_LOOP('',(#4030,#4031,#4032,#4033));
#1962=AXIS2_PLACEMENT_3D('',#4034,#4035,#4036);
#1963=EDGE_LOOP('',(#4037,#4038,#4039,#4040,#4041,#4042));
#1964=AXIS2_PLACEMENT_3D('',#4043,#4044,#4045);
#1965=EDGE_LOOP('',(#4046,#4047,#4048,#4049));
#1966=AXIS2_PLACEMENT_3D('',#4050,#4051,#4052);
#1967=EDGE_LOOP('',(#4053,#4054,#4055,#4056));
#1968=AXIS2_PLACEMENT_3D('',#4057,#4058,#4059);
#1969=EDGE_LOOP('',(#4060,#4061,#4062,#4063));
#1970=AXIS2_PLACEMENT_3D('',#4064,#4065,#4066);
#1971=EDGE_LOOP('',(#4067,#4068,#4069,#4070));
#1972=AXIS2_PLACEMENT_3D('',#4071,#4072,#4073);
#1973=EDGE_LOOP('',(#4074,#4075,#4076,#4077));
#1974=AXIS2_PLACEMENT_3D('',#4078,#4079,#4080);
#1975=EDGE_LOOP('',(#4081,#4082,#4083,#4084,#4085,#4086));
#1976=AXIS2_PLACEMENT_3D('',#4087,#4088,#4089);
#1977=EDGE_LOOP('',(#4090,#4091,#4092,#4093,#4094,#4095,#4096,#4097,#4098,#4099,#4100,#4101,#4102,#4103,#4104,#4105,#4106));
#1978=EDGE_LOOP('',(#4107,#4108,#4109,#4110));
#1979=AXIS2_PLACEMENT_3D('',#4111,#4112,#4113);
#1980=EDGE_LOOP('',(#4114,#4115,#4116,#4117,#4118,#4119));
#1981=AXIS2_PLACEMENT_3D('',#4120,#4121,#4122);
#1982=EDGE_LOOP('',(#4123,#4124,#4125,#4126));
#1983=AXIS2_PLACEMENT_3D('',#4127,#4128,#4129);
#1984=EDGE_LOOP('',(#4130,#4131,#4132,#4133,#4134,#4135,#4136,#4137,#4138,#4139,#4140,#4141,#4142,#4143,#4144,#4145,#4146,#4147));
#1985=AXIS2_PLACEMENT_3D('',#4148,#4149,#4150);
#1986=EDGE_LOOP('',(#4151,#4152,#4153,#4154));
#1987=AXIS2_PLACEMENT_3D('',#4155,#4156,#4157);
#1988=EDGE_LOOP('',(#4158,#4159,#4160,#4161,#4162,#4163,#4164,#4165));
#1989=AXIS2_PLACEMENT_3D('',#4166,#4167,#4168);
#1990=EDGE_LOOP('',(#4169,#4170,#4171,#4172,#4173,#4174));
#1991=AXIS2_PLACEMENT_3D('',#4175,#4176,#4177);
#1992=EDGE_LOOP('',(#4178,#4179,#4180,#4181,#4182,#4183,#4184,#4185,#4186,#4187,#4188));
#1993=EDGE_LOOP('',(#4189,#4190,#4191,#4192));
#1994=AXIS2_PLACEMENT_3D('',#4193,#4194,#4195);
#1995=EDGE_LOOP('',(#4196,#4197,#4198,#4199,#4200,#4201,#4202,#4203));
#1996=AXIS2_PLACEMENT_3D('',#4204,#4205,#4206);
#1997=EDGE_LOOP('',(#4207,#4208,#4209,#4210));
#1998=AXIS2_PLACEMENT_3D('',#4211,#4212,#4213);
#1999=EDGE_LOOP('',(#4214,#4215,#4216,#4217,#4218,#4219,#4220,#4221));
#2000=AXIS2_PLACEMENT_3D('',#4222,#4223,#4224);
#2001=EDGE_LOOP('',(#4225,#4226,#4227,#4228));
#2002=AXIS2_PLACEMENT_3D('',#4229,#4230,#4231);
#2003=EDGE_LOOP('',(#4232,#4233,#4234,#4235));
#2004=AXIS2_PLACEMENT_3D('',#4236,#4237,#4238);
#2005=EDGE_LOOP('',(#4239,#4240,#4241,#4242,#4243,#4244,#4245,#4246,#4247,#4248,#4249));
#2006=AXIS2_PLACEMENT_3D('',#4250,#4251,#4252);
#2007=EDGE_LOOP('',(#4253,#4254,#4255,#4256));
#2008=AXIS2_PLACEMENT_3D('',#4257,#4258,#4259);
#2009=EDGE_LOOP('',(#4260,#4261,#4262,#4263));
#2010=AXIS2_PLACEMENT_3D('',#4264,#4265,#4266);
#2011=EDGE_LOOP('',(#4267,#4268,#4269,#4270,#4271,#4272,#4273,#4274,#4275,#4276,#4277,#4278));
#2012=AXIS2_PLACEMENT_3D('',#4279,#4280,#4281);
#2013=EDGE_LOOP('',(#4282,#4283,#4284,#4285,#4286,#4287,#4288,#4289,#4290,#4291,#4292));
#2014=AXIS2_PLACEMENT_3D('',#4293,#4294,#4295);
#2015=EDGE_LOOP('',(#4296,#4297,#4298,#4299));
#2016=AXIS2_PLACEMENT_3D('',#4300,#4301,#4302);
#2017=EDGE_LOOP('',(#4303,#4304,#4305,#4306,#4307,#4308,#4309));
#2018=AXIS2_PLACEMENT_3D('',#4310,#4311,#4312);
#2019=EDGE_LOOP('',(#4313,#4314,#4315,#4316,#4317,#4318,#4319,#4320,#4321,#4322,#4323,#4324,#4325,#4326));
#2020=EDGE_LOOP('',(#4327,#4328,#4329,#4330));
#2021=AXIS2_PLACEMENT_3D('',#4331,#4332,#4333);
#2022=EDGE_LOOP('',(#4334,#4335,#4336,#4337));
#2023=AXIS2_PLACEMENT_3D('',#4338,#4339,#4340);
#2024=EDGE_LOOP('',(#4341,#4342,#4343,#4344));
#2025=AXIS2_PLACEMENT_3D('',#4345,#4346,#4347);
#2026=EDGE_LOOP('',(#4348,#4349,#4350,#4351,#4352,#4353,#4354,#4355,#4356,#4357,#4358,#4359,#4360,#4361,#4362,#4363,#4364,#4365,#4366,#4367,#4368,#4369,#4370,#4371,#4372,#4373,#4374,#4375,#4376,#4377,#4378,#4379,#4380,#4381,#4382,#4383,#4384,#4385));
#2027=AXIS2_PLACEMENT_3D('',#4386,#4387,#4388);
#2028=EDGE_LOOP('',(#4389,#4390,#4391,#4392,#4393,#4394,#4395,#4396,#4397,#4398,#4399,#4400,#4401,#4402,#4403,#4404,#4405,#4406,#4407,#4408,#4409,#4410,#4411,#4412));
#2029=AXIS2_PLACEMENT_3D('',#4413,#4414,#4415);
#2030=EDGE_LOOP('',(#4416,#4417,#4418,#4419));
#2031=AXIS2_PLACEMENT_3D('',#4420,#4421,#4422);
#2032=EDGE_LOOP('',(#4423,#4424,#4425,#4426));
#2033=AXIS2_PLACEMENT_3D('',#4427,#4428,#4429);
#2034=EDGE_LOOP('',(#4430,#4431,#4432,#4433));
#2035=AXIS2_PLACEMENT_3D('',#4434,#4435,#4436);
#2036=EDGE_LOOP('',(#4437,#4438,#4439,#4440,#4441,#4442,#4443,#4444));
#2037=AXIS2_PLACEMENT_3D('',#4445,#4446,#4447);
#2038=EDGE_LOOP('',(#4448,#4449,#4450,#4451));
#2039=AXIS2_PLACEMENT_3D('',#4452,#4453,#4454);
#2040=EDGE_LOOP('',(#4455,#4456,#4457,#4458,#4459,#4460,#4461,#4462));
#2041=AXIS2_PLACEMENT_3D('',#4463,#4464,#4465);
#2042=EDGE_LOOP('',(#4466,#4467,#4468,#4469));
#2043=AXIS2_PLACEMENT_3D('',#4470,#4471,#4472);
#2044=EDGE_LOOP('',(#4473,#4474,#4475,#4476));
#2045=AXIS2_PLACEMENT_3D('',#4477,#4478,#4479);
#2046=EDGE_LOOP('',(#4480,#4481,#4482,#4483));
#2047=AXIS2_PLACEMENT_3D('',#4484,#4485,#4486);
#2048=EDGE_LOOP('',(#4487,#4488,#4489,#4490));
#2049=AXIS2_PLACEMENT_3D('',#4491,#4492,#4493);
#2050=EDGE_LOOP('',(#4494,#4495,#4496,#4497));
#2051=AXIS2_PLACEMENT_3D('',#4498,#4499,#4500);
#2052=EDGE_LOOP('',(#4501,#4502,#4503,#4504,#4505,#4506,#4507,#4508));
#2053=AXIS2_PLACEMENT_3D('',#4509,#4510,#4511);
#2054=EDGE_LOOP('',(#4512,#4513,#4514,#4515));
#2055=AXIS2_PLACEMENT_3D('',#4516,#4517,#4518);
#2056=EDGE_LOOP('',(#4519,#4520,#4521,#4522,#4523,#4524,#4525,#4526));
#2057=AXIS2_PLACEMENT_3D('',#4527,#4528,#4529);
#2058=EDGE_LOOP('',(#4530,#4531,#4532,#4533));
#2059=AXIS2_PLACEMENT_3D('',#4534,#4535,#4536);
#2060=EDGE_LOOP('',(#4537,#4538,#4539,#4540));
#2061=AXIS2_PLACEMENT_3D('',#4541,#4542,#4543);
#2062=EDGE_LOOP('',(#4544,#4545,#4546,#4547));
#2063=AXIS2_PLACEMENT_3D('',#4548,#4549,#4550);
#2064=EDGE_LOOP('',(#4551,#4552,#4553,#4554));
#2065=AXIS2_PLACEMENT_3D('',#4555,#4556,#4557);
#2066=EDGE_LOOP('',(#4558,#4559,#4560,#4561));
#2067=AXIS2_PLACEMENT_3D('',#4562,#4563,#4564);
#2068=EDGE_LOOP('',(#4565,#4566,#4567,#4568,#4569,#4570,#4571,#4572));
#2069=AXIS2_PLACEMENT_3D('',#4573,#4574,#4575);
#2070=EDGE_LOOP('',(#4576,#4577,#4578,#4579));
#2071=AXIS2_PLACEMENT_3D('',#4580,#4581,#4582);
#2072=EDGE_LOOP('',(#4583,#4584,#4585,#4586,#4587,#4588,#4589,#4590));
#2073=AXIS2_PLACEMENT_3D('',#4591,#4592,#4593);
#2074=EDGE_LOOP('',(#4594,#4595,#4596,#4597));
#2075=AXIS2_PLACEMENT_3D('',#4598,#4599,#4600);
#2076=EDGE_LOOP('',(#4601,#4602,#4603,#4604));
#2077=AXIS2_PLACEMENT_3D('',#4605,#4606,#4607);
#2078=EDGE_LOOP('',(#4608,#4609,#4610,#4611));
#2079=AXIS2_PLACEMENT_3D('',#4612,#4613,#4614);
#2080=EDGE_LOOP('',(#4615,#4616,#4617,#4618));
#2081=AXIS2_PLACEMENT_3D('',#4619,#4620,#4621);
#2082=EDGE_LOOP('',(#4622,#4623,#4624,#4625));
#2083=AXIS2_PLACEMENT_3D('',#4626,#4627,#4628);
#2084=EDGE_LOOP('',(#4629,#4630,#4631,#4632,#4633,#4634,#4635,#4636));
#2085=AXIS2_PLACEMENT_3D('',#4637,#4638,#4639);
#2086=EDGE_LOOP('',(#4640,#4641,#4642,#4643));
#2087=AXIS2_PLACEMENT_3D('',#4644,#4645,#4646);
#2088=EDGE_LOOP('',(#4647,#4648,#4649,#4650,#4651,#4652,#4653,#4654));
#2089=AXIS2_PLACEMENT_3D('',#4655,#4656,#4657);
#2090=EDGE_LOOP('',(#4658,#4659,#4660,#4661));
#2091=AXIS2_PLACEMENT_3D('',#4662,#4663,#4664);
#2092=EDGE_LOOP('',(#4665,#4666,#4667,#4668));
#2093=AXIS2_PLACEMENT_3D('',#4669,#4670,#4671);
#2094=EDGE_LOOP('',(#4672,#4673,#4674,#4675));
#2095=AXIS2_PLACEMENT_3D('',#4676,#4677,#4678);
#2096=EDGE_LOOP('',(#4679,#4680,#4681,#4682));
#2097=AXIS2_PLACEMENT_3D('',#4683,#4684,#4685);
#2098=EDGE_LOOP('',(#4686,#4687,#4688,#4689));
#2099=AXIS2_PLACEMENT_3D('',#4690,#4691,#4692);
#2100=EDGE_LOOP('',(#4693,#4694,#4695,#4696,#4697,#4698,#4699,#4700));
#2101=AXIS2_PLACEMENT_3D('',#4701,#4702,#4703);
#2102=EDGE_LOOP('',(#4704,#4705,#4706,#4707));
#2103=AXIS2_PLACEMENT_3D('',#4708,#4709,#4710);
#2104=EDGE_LOOP('',(#4711,#4712,#4713,#4714,#4715,#4716,#4717,#4718));
#2105=AXIS2_PLACEMENT_3D('',#4719,#4720,#4721);
#2106=EDGE_LOOP('',(#4722,#4723,#4724,#4725));
#2107=AXIS2_PLACEMENT_3D('',#4726,#4727,#4728);
#2108=EDGE_LOOP('',(#4729,#4730,#4731,#4732));
#2109=AXIS2_PLACEMENT_3D('',#4733,#4734,#4735);
#2110=EDGE_LOOP('',(#4736,#4737,#4738,#4739));
#2111=AXIS2_PLACEMENT_3D('',#4740,#4741,#4742);
#2112=EDGE_LOOP('',(#4743,#4744,#4745,#4746));
#2113=AXIS2_PLACEMENT_3D('',#4747,#4748,#4749);
#2114=EDGE_LOOP('',(#4750,#4751,#4752,#4753));
#2115=AXIS2_PLACEMENT_3D('',#4754,#4755,#4756);
#2116=EDGE_LOOP('',(#4757,#4758,#4759,#4760));
#2117=AXIS2_PLACEMENT_3D('',#4761,#4762,#4763);
#2118=EDGE_LOOP('',(#4764,#4765,#4766,#4767));
#2119=AXIS2_PLACEMENT_3D('',#4768,#4769,#4770);
#2120=EDGE_LOOP('',(#4771,#4772,#4773,#4774,#4775));
#2121=AXIS2_PLACEMENT_3D('',#4776,#4777,#4778);
#2122=EDGE_LOOP('',(#4779,#4780,#4781,#4782));
#2123=AXIS2_PLACEMENT_3D('',#4783,#4784,#4785);
#2124=EDGE_LOOP('',(#4786,#4787,#4788,#4789,#4790,#4791));
#2125=AXIS2_PLACEMENT_3D('',#4792,#4793,#4794);
#2126=EDGE_LOOP('',(#4795,#4796,#4797,#4798,#4799,#4800));
#2127=AXIS2_PLACEMENT_3D('',#4801,#4802,#4803);
#2128=EDGE_LOOP('',(#4804,#4805,#4806,#4807,#4808,#4809,#4810,#4811,#4812,#4813,#4814,#4815,#4816,#4817,#4818,#4819,#4820,#4821,#4822,#4823,#4824,#4825));
#2129=AXIS2_PLACEMENT_3D('',#4826,#4827,#4828);
#2130=EDGE_LOOP('',(#4829,#4830,#4831,#4832));
#2131=AXIS2_PLACEMENT_3D('',#4833,#4834,#4835);
#2132=EDGE_LOOP('',(#4836,#4837,#4838,#4839));
#2133=AXIS2_PLACEMENT_3D('',#4840,#4841,#4842);
#2134=EDGE_LOOP('',(#4843,#4844,#4845,#4846));
#2135=AXIS2_PLACEMENT_3D('',#4847,#4848,#4849);
#2136=EDGE_LOOP('',(#4850,#4851,#4852,#4853));
#2137=AXIS2_PLACEMENT_3D('',#4854,#4855,#4856);
#2138=EDGE_LOOP('',(#4857,#4858,#4859,#4860));
#2139=AXIS2_PLACEMENT_3D('',#4861,#4862,#4863);
#2140=EDGE_LOOP('',(#4864,#4865,#4866,#4867,#4868,#4869,#4870,#4871,#4872,#4873,#4874,#4875,#4876,#4877,#4878,#4879,#4880,#4881,#4882,#4883,#4884));
#2141=EDGE_LOOP('',(#4885,#4886,#4887,#4888));
#2142=AXIS2_PLACEMENT_3D('',#4889,#4890,#4891);
#2143=EDGE_LOOP('',(#4892,#4893,#4894,#4895));
#2144=AXIS2_PLACEMENT_3D('',#4896,#4897,#4898);
#2145=EDGE_LOOP('',(#4899,#4900,#4901,#4902));
#2146=AXIS2_PLACEMENT_3D('',#4903,#4904,#4905);
#2147=EDGE_LOOP('',(#4906,#4907,#4908,#4909));
#2148=AXIS2_PLACEMENT_3D('',#4910,#4911,#4912);
#2149=EDGE_LOOP('',(#4913,#4914,#4915,#4916));
#2150=AXIS2_PLACEMENT_3D('',#4917,#4918,#4919);
#2151=EDGE_LOOP('',(#4920,#4921,#4922,#4923));
#2152=AXIS2_PLACEMENT_3D('',#4924,#4925,#4926);
#2153=EDGE_LOOP('',(#4927,#4928,#4929,#4930));
#2154=AXIS2_PLACEMENT_3D('',#4931,#4932,#4933);
#2155=EDGE_LOOP('',(#4934,#4935,#4936,#4937));
#2156=AXIS2_PLACEMENT_3D('',#4938,#4939,#4940);
#2157=EDGE_LOOP('',(#4941,#4942,#4943,#4944));
#2158=AXIS2_PLACEMENT_3D('',#4945,#4946,#4947);
#2159=EDGE_LOOP('',(#4948,#4949,#4950,#4951));
#2160=AXIS2_PLACEMENT_3D('',#4952,#4953,#4954);
#2161=EDGE_LOOP('',(#4955,#4956,#4957,#4958));
#2162=AXIS2_PLACEMENT_3D('',#4959,#4960,#4961);
#2163=EDGE_LOOP('',(#4962,#4963,#4964,#4965,#4966,#4967));
#2164=AXIS2_PLACEMENT_3D('',#4968,#4969,#4970);
#2165=EDGE_LOOP('',(#4971,#4972,#4973,#4974));
#2166=AXIS2_PLACEMENT_3D('',#4975,#4976,#4977);
#2167=EDGE_LOOP('',(#4978,#4979,#4980,#4981));
#2168=AXIS2_PLACEMENT_3D('',#4982,#4983,#4984);
#2169=EDGE_LOOP('',(#4985,#4986,#4987,#4988,#4989,#4990));
#2170=AXIS2_PLACEMENT_3D('',#4991,#4992,#4993);
#2171=EDGE_LOOP('',(#4994,#4995,#4996,#4997));
#2172=AXIS2_PLACEMENT_3D('',#4998,#4999,#5000);
#2173=EDGE_LOOP('',(#5001,#5002,#5003,#5004,#5005,#5006));
#2174=AXIS2_PLACEMENT_3D('',#5007,#5008,#5009);
#2175=EDGE_LOOP('',(#5010,#5011,#5012,#5013));
#2176=AXIS2_PLACEMENT_3D('',#5014,#5015,#5016);
#2177=EDGE_LOOP('',(#5017,#5018,#5019,#5020));
#2178=AXIS2_PLACEMENT_3D('',#5021,#5022,#5023);
#2179=EDGE_LOOP('',(#5024,#5025,#5026,#5027,#5028,#5029,#5030,#5031,#5032));
#2180=AXIS2_PLACEMENT_3D('',#5033,#5034,#5035);
#2181=EDGE_LOOP('',(#5036,#5037,#5038,#5039,#5040));
#2182=AXIS2_PLACEMENT_3D('',#5041,#5042,#5043);
#2183=EDGE_LOOP('',(#5044,#5045,#5046,#5047));
#2184=AXIS2_PLACEMENT_3D('',#5048,#5049,#5050);
#2185=EDGE_LOOP('',(#5051,#5052,#5053,#5054,#5055));
#2186=AXIS2_PLACEMENT_3D('',#5056,#5057,#5058);
#2187=EDGE_LOOP('',(#5059,#5060,#5061,#5062,#5063,#5064));
#2188=AXIS2_PLACEMENT_3D('',#5065,#5066,#5067);
#2189=EDGE_LOOP('',(#5068,#5069,#5070,#5071,#5072,#5073));
#2190=AXIS2_PLACEMENT_3D('',#5074,#5075,#5076);
#2191=EDGE_LOOP('',(#5077,#5078,#5079,#5080,#5081,#5082,#5083,#5084));
#2192=AXIS2_PLACEMENT_3D('',#5085,#5086,#5087);
#2193=EDGE_LOOP('',(#5088,#5089,#5090,#5091,#5092,#5093,#5094,#5095,#5096,#5097,#5098,#5099));
#2194=AXIS2_PLACEMENT_3D('',#5100,#5101,#5102);
#2195=EDGE_LOOP('',(#5103,#5104,#5105,#5106));
#2196=AXIS2_PLACEMENT_3D('',#5107,#5108,#5109);
#2197=EDGE_LOOP('',(#5110,#5111,#5112,#5113,#5114,#5115,#5116,#5117));
#2198=AXIS2_PLACEMENT_3D('',#5118,#5119,#5120);
#2199=EDGE_LOOP('',(#5121,#5122,#5123,#5124,#5125,#5126,#5127,#5128));
#2200=AXIS2_PLACEMENT_3D('',#5129,#5130,#5131);
#2201=EDGE_LOOP('',(#5132,#5133,#5134,#5135));
#2202=AXIS2_PLACEMENT_3D('',#5136,#5137,#5138);
#2203=EDGE_LOOP('',(#5139,#5140,#5141,#5142));
#2204=AXIS2_PLACEMENT_3D('',#5143,#5144,#5145);
#2205=EDGE_LOOP('',(#5146,#5147,#5148,#5149));
#2206=AXIS2_PLACEMENT_3D('',#5150,#5151,#5152);
#2207=EDGE_LOOP('',(#5153,#5154,#5155,#5156,#5157,#5158,#5159,#5160));
#2208=AXIS2_PLACEMENT_3D('',#5161,#5162,#5163);
#2209=EDGE_LOOP('',(#5164,#5165,#5166,#5167));
#2210=AXIS2_PLACEMENT_3D('',#5168,#5169,#5170);
#2211=EDGE_LOOP('',(#5171,#5172,#5173,#5174));
#2212=AXIS2_PLACEMENT_3D('',#5175,#5176,#5177);
#2213=EDGE_LOOP('',(#5178,#5179,#5180,#5181,#5182,#5183,#5184,#5185));
#2214=AXIS2_PLACEMENT_3D('',#5186,#5187,#5188);
#2215=EDGE_LOOP('',(#5189,#5190,#5191,#5192,#5193,#5194,#5195,#5196,#5197,#5198,#5199,#5200,#5201,#5202,#5203,#5204,#5205,#5206,#5207));
#2216=AXIS2_PLACEMENT_3D('',#5208,#5209,#5210);
#2217=EDGE_LOOP('',(#5211,#5212,#5213,#5214,#5215,#5216));
#2218=AXIS2_PLACEMENT_3D('',#5217,#5218,#5219);
#2219=EDGE_LOOP('',(#5220,#5221,#5222,#5223,#5224,#5225,#5226,#5227,#5228));
#2220=AXIS2_PLACEMENT_3D('',#5229,#5230,#5231);
#2221=EDGE_LOOP('',(#5232,#5233,#5234,#5235,#5236));
#2222=AXIS2_PLACEMENT_3D('',#5237,#5238,#5239);
#2223=EDGE_LOOP('',(#5240,#5241,#5242,#5243,#5244,#5245));
#2224=AXIS2_PLACEMENT_3D('',#5246,#5247,#5248);
#2225=EDGE_LOOP('',(#5249,#5250,#5251,#5252,#5253));
#2226=AXIS2_PLACEMENT_3D('',#5254,#5255,#5256);
#2227=EDGE_LOOP('',(#5257,#5258,#5259,#5260));
#2228=AXIS2_PLACEMENT_3D('',#5261,#5262,#5263);
#2229=EDGE_LOOP('',(#5264,#5265,#5266,#5267,#5268,#5269));
#2230=AXIS2_PLACEMENT_3D('',#5270,#5271,#5272);
#2231=EDGE_LOOP('',(#5273,#5274,#5275,#5276,#5277,#5278,#5279,#5280,#5281,#5282,#5283,#5284,#5285,#5286,#5287,#5288));
#2232=AXIS2_PLACEMENT_3D('',#5289,#5290,#5291);
#2233=EDGE_LOOP('',(#5292,#5293,#5294,#5295));
#2234=AXIS2_PLACEMENT_3D('',#5296,#5297,#5298);
#2235=EDGE_LOOP('',(#5299,#5300,#5301,#5302,#5303,#5304));
#2236=AXIS2_PLACEMENT_3D('',#5305,#5306,#5307);
#2237=EDGE_LOOP('',(#5308,#5309,#5310,#5311));
#2238=AXIS2_PLACEMENT_3D('',#5312,#5313,#5314);
#2239=EDGE_LOOP('',(#5315,#5316,#5317,#5318,#5319));
#2240=AXIS2_PLACEMENT_3D('',#5320,#5321,#5322);
#2241=EDGE_LOOP('',(#5323,#5324,#5325,#5326,#5327,#5328));
#2242=AXIS2_PLACEMENT_3D('',#5329,#5330,#5331);
#2243=EDGE_LOOP('',(#5332,#5333,#5334,#5335,#5336,#5337));
#2244=AXIS2_PLACEMENT_3D('',#5338,#5339,#5340);
#2245=EDGE_LOOP('',(#5341,#5342,#5343,#5344,#5345));
#2246=AXIS2_PLACEMENT_3D('',#5346,#5347,#5348);
#2247=EDGE_LOOP('',(#5349,#5350,#5351,#5352));
#2248=AXIS2_PLACEMENT_3D('',#5353,#5354,#5355);
#2249=EDGE_LOOP('',(#5356,#5357,#5358,#5359,#5360));
#2250=AXIS2_PLACEMENT_3D('',#5361,#5362,#5363);
#2251=EDGE_LOOP('',(#5364,#5365,#5366,#5367,#5368));
#2252=AXIS2_PLACEMENT_3D('',#5369,#5370,#5371);
#2253=EDGE_LOOP('',(#5372,#5373,#5374,#5375));
#2254=AXIS2_PLACEMENT_3D('',#5376,#5377,#5378);
#2255=EDGE_LOOP('',(#5379,#5380,#5381,#5382));
#2256=AXIS2_PLACEMENT_3D('',#5383,#5384,#5385);
#2257=EDGE_LOOP('',(#5386,#5387,#5388,#5389));
#2258=AXIS2_PLACEMENT_3D('',#5390,#5391,#5392);
#2259=EDGE_LOOP('',(#5393,#5394,#5395,#5396,#5397));
#2260=AXIS2_PLACEMENT_3D('',#5398,#5399,#5400);
#2261=EDGE_LOOP('',(#5401,#5402,#5403,#5404,#5405,#5406,#5407,#5408,#5409,#5410,#5411,#5412));
#2262=AXIS2_PLACEMENT_3D('',#5413,#5414,#5415);
#2263=EDGE_LOOP('',(#5416,#5417,#5418,#5419,#5420,#5421,#5422));
#2264=AXIS2_PLACEMENT_3D('',#5423,#5424,#5425);
#2265=EDGE_LOOP('',(#5426,#5427,#5428,#5429,#5430,#5431));
#2266=AXIS2_PLACEMENT_3D('',#5432,#5433,#5434);
#2267=EDGE_LOOP('',(#5435,#5436,#5437,#5438,#5439,#5440,#5441));
#2268=AXIS2_PLACEMENT_3D('',#5442,#5443,#5444);
#2269=EDGE_LOOP('',(#5445,#5446,#5447,#5448,#5449));
#2270=AXIS2_PLACEMENT_3D('',#5450,#5451,#5452);
#2271=EDGE_LOOP('',(#5453,#5454,#5455,#5456));
#2272=AXIS2_PLACEMENT_3D('',#5457,#5458,#5459);
#2273=EDGE_LOOP('',(#5460,#5461,#5462,#5463,#5464));
#2274=AXIS2_PLACEMENT_3D('',#5465,#5466,#5467);
#2275=EDGE_LOOP('',(#5468,#5469,#5470,#5471,#5472,#5473));
#2276=AXIS2_PLACEMENT_3D('',#5474,#5475,#5476);
#2277=EDGE_LOOP('',(#5477,#5478,#5479,#5480));
#2278=AXIS2_PLACEMENT_3D('',#5481,#5482,#5483);
#2279=EDGE_LOOP('',(#5484,#5485,#5486,#5487,#5488,#5489));
#2280=AXIS2_PLACEMENT_3D('',#5490,#5491,#5492);
#2281=EDGE_LOOP('',(#5493,#5494,#5495,#5496,#5497));
#2282=AXIS2_PLACEMENT_3D('',#5498,#5499,#5500);
#2283=EDGE_LOOP('',(#5501,#5502,#5503,#5504,#5505,#5506));
#2284=AXIS2_PLACEMENT_3D('',#5507,#5508,#5509);
#2285=EDGE_LOOP('',(#5510,#5511,#5512,#5513));
#2286=AXIS2_PLACEMENT_3D('',#5514,#5515,#5516);
#2287=EDGE_LOOP('',(#5517,#5518,#5519,#5520,#5521));
#2288=AXIS2_PLACEMENT_3D('',#5522,#5523,#5524);
#2289=EDGE_LOOP('',(#5525,#5526,#5527,#5528));
#2290=AXIS2_PLACEMENT_3D('',#5529,#5530,#5531);
#2291=EDGE_LOOP('',(#5532,#5533,#5534,#5535));
#2292=AXIS2_PLACEMENT_3D('',#5536,#5537,#5538);
#2293=EDGE_LOOP('',(#5539,#5540,#5541,#5542));
#2294=AXIS2_PLACEMENT_3D('',#5543,#5544,#5545);
#2295=EDGE_LOOP('',(#5546,#5547,#5548,#5549));
#2296=AXIS2_PLACEMENT_3D('',#5550,#5551,#5552);
#2297=EDGE_LOOP('',(#5553,#5554,#5555,#5556));
#2298=AXIS2_PLACEMENT_3D('',#5557,#5558,#5559);
#2299=EDGE_LOOP('',(#5560,#5561,#5562,#5563));
#2300=AXIS2_PLACEMENT_3D('',#5564,#5565,#5566);
#2301=EDGE_LOOP('',(#5567,#5568,#5569,#5570));
#2302=AXIS2_PLACEMENT_3D('',#5571,#5572,#5573);
#2303=EDGE_LOOP('',(#5574,#5575,#5576,#5577));
#2304=AXIS2_PLACEMENT_3D('',#5578,#5579,#5580);
#2305=EDGE_LOOP('',(#5581,#5582,#5583,#5584));
#2306=AXIS2_PLACEMENT_3D('',#5585,#5586,#5587);
#2307=EDGE_LOOP('',(#5588,#5589,#5590,#5591));
#2308=AXIS2_PLACEMENT_3D('',#5592,#5593,#5594);
#2309=EDGE_LOOP('',(#5595,#5596,#5597,#5598));
#2310=AXIS2_PLACEMENT_3D('',#5599,#5600,#5601);
#2311=EDGE_LOOP('',(#5602,#5603,#5604,#5605));
#2312=AXIS2_PLACEMENT_3D('',#5606,#5607,#5608);
#2313=EDGE_LOOP('',(#5609,#5610,#5611,#5612));
#2314=AXIS2_PLACEMENT_3D('',#5613,#5614,#5615);
#2315=EDGE_LOOP('',(#5616,#5617,#5618,#5619));
#2316=AXIS2_PLACEMENT_3D('',#5620,#5621,#5622);
#2317=EDGE_LOOP('',(#5623,#5624,#5625,#5626,#5627,#5628));
#2318=AXIS2_PLACEMENT_3D('',#5629,#5630,#5631);
#2319=EDGE_LOOP('',(#5632,#5633,#5634,#5635,#5636));
#2320=AXIS2_PLACEMENT_3D('',#5637,#5638,#5639);
#2321=EDGE_LOOP('',(#5640,#5641,#5642,#5643,#5644,#5645));
#2322=AXIS2_PLACEMENT_3D('',#5646,#5647,#5648);
#2323=EDGE_LOOP('',(#5649,#5650,#5651,#5652,#5653,#5654,#5655,#5656,#5657,#5658,#5659,#5660,#5661,#5662,#5663,#5664,#5665,#5666));
#2324=EDGE_LOOP('',(#5667,#5668,#5669,#5670));
#2325=AXIS2_PLACEMENT_3D('',#5671,#5672,#5673);
#2326=EDGE_LOOP('',(#5674,#5675,#5676,#5677));
#2327=AXIS2_PLACEMENT_3D('',#5678,#5679,#5680);
#2328=EDGE_LOOP('',(#5681,#5682,#5683,#5684,#5685,#5686,#5687,#5688));
#2329=AXIS2_PLACEMENT_3D('',#5689,#5690,#5691);
#2330=EDGE_LOOP('',(#5692,#5693,#5694,#5695));
#2331=AXIS2_PLACEMENT_3D('',#5696,#5697,#5698);
#2332=EDGE_LOOP('',(#5699,#5700,#5701,#5702));
#2333=AXIS2_PLACEMENT_3D('',#5703,#5704,#5705);
#2334=EDGE_LOOP('',(#5706,#5707,#5708,#5709,#5710,#5711,#5712));
#2335=AXIS2_PLACEMENT_3D('',#5713,#5714,#5715);
#2336=EDGE_LOOP('',(#5716,#5717,#5718,#5719,#5720,#5721,#5722,#5723,#5724,#5725,#5726,#5727));
#2337=EDGE_LOOP('',(#5728,#5729,#5730,#5731));
#2338=AXIS2_PLACEMENT_3D('',#5732,#5733,#5734);
#2339=EDGE_LOOP('',(#5735,#5736,#5737,#5738));
#2340=AXIS2_PLACEMENT_3D('',#5739,#5740,#5741);
#2341=EDGE_LOOP('',(#5742,#5743,#5744,#5745,#5746,#5747,#5748,#5749));
#2342=AXIS2_PLACEMENT_3D('',#5750,#5751,#5752);
#2343=EDGE_LOOP('',(#5753,#5754,#5755,#5756));
#2344=AXIS2_PLACEMENT_3D('',#5757,#5758,#5759);
#2345=EDGE_LOOP('',(#5760,#5761,#5762,#5763,#5764,#5765,#5766,#5767));
#2346=AXIS2_PLACEMENT_3D('',#5768,#5769,#5770);
#2347=EDGE_LOOP('',(#5771,#5772,#5773,#5774));
#2348=AXIS2_PLACEMENT_3D('',#5775,#5776,#5777);
#2349=EDGE_LOOP('',(#5778,#5779,#5780,#5781,#5782,#5783,#5784,#5785,#5786,#5787,#5788,#5789));
#2350=AXIS2_PLACEMENT_3D('',#5790,#5791,#5792);
#2351=EDGE_LOOP('',(#5793,#5794,#5795,#5796));
#2352=AXIS2_PLACEMENT_3D('',#5797,#5798,#5799);
#2353=EDGE_LOOP('',(#5800,#5801,#5802,#5803));
#2354=AXIS2_PLACEMENT_3D('',#5804,#5805,#5806);
#2355=EDGE_LOOP('',(#5807,#5808,#5809,#5810,#5811,#5812,#5813,#5814,#5815,#5816,#5817));
#2356=AXIS2_PLACEMENT_3D('',#5818,#5819,#5820);
#2357=EDGE_LOOP('',(#5821,#5822,#5823,#5824,#5825,#5826,#5827,#5828,#5829,#5830,#5831));
#2358=AXIS2_PLACEMENT_3D('',#5832,#5833,#5834);
#2359=EDGE_LOOP('',(#5835,#5836,#5837,#5838,#5839,#5840,#5841,#5842,#5843,#5844,#5845,#5846,#5847,#5848,#5849));
#2360=EDGE_LOOP('',(#5850,#5851,#5852,#5853));
#2361=AXIS2_PLACEMENT_3D('',#5854,#5855,#5856);
#2362=EDGE_LOOP('',(#5857,#5858,#5859,#5860,#5861));
#2363=AXIS2_PLACEMENT_3D('',#5862,#5863,#5864);
#2364=EDGE_LOOP('',(#5865,#5866,#5867,#5868));
#2365=AXIS2_PLACEMENT_3D('',#5869,#5870,#5871);
#2366=EDGE_LOOP('',(#5872,#5873,#5874,#5875,#5876));
#2367=AXIS2_PLACEMENT_3D('',#5877,#5878,#5879);
#2368=EDGE_LOOP('',(#5880,#5881,#5882,#5883));
#2369=AXIS2_PLACEMENT_3D('',#5884,#5885,#5886);
#2370=EDGE_LOOP('',(#5887,#5888,#5889,#5890));
#2371=AXIS2_PLACEMENT_3D('',#5891,#5892,#5893);
#2372=EDGE_LOOP('',(#5894,#5895,#5896,#5897));
#2373=AXIS2_PLACEMENT_3D('',#5898,#5899,#5900);
#2374=EDGE_LOOP('',(#5901,#5902,#5903,#5904));
#2375=AXIS2_PLACEMENT_3D('',#5905,#5906,#5907);
#2376=EDGE_LOOP('',(#5908,#5909,#5910,#5911,#5912));
#2377=AXIS2_PLACEMENT_3D('',#5913,#5914,#5915);
#2378=EDGE_LOOP('',(#5916,#5917,#5918,#5919));
#2379=AXIS2_PLACEMENT_3D('',#5920,#5921,#5922);
#2380=EDGE_LOOP('',(#5923,#5924,#5925,#5926,#5927,#5928,#5929,#5930,#5931,#5932,#5933,#5934));
#2381=AXIS2_PLACEMENT_3D('',#5935,#5936,#5937);
#2382=EDGE_LOOP('',(#5938,#5939,#5940,#5941));
#2383=AXIS2_PLACEMENT_3D('',#5942,#5943,#5944);
#2384=EDGE_LOOP('',(#5945,#5946,#5947,#5948));
#2385=AXIS2_PLACEMENT_3D('',#5949,#5950,#5951);
#2386=EDGE_LOOP('',(#5952,#5953,#5954,#5955,#5956,#5957));
#2387=AXIS2_PLACEMENT_3D('',#5958,#5959,#5960);
#2388=EDGE_LOOP('',(#5961,#5962,#5963,#5964,#5965));
#2389=AXIS2_PLACEMENT_3D('',#5966,#5967,#5968);
#2390=EDGE_LOOP('',(#5969,#5970,#5971,#5972,#5973));
#2391=AXIS2_PLACEMENT_3D('',#5974,#5975,#5976);
#2392=EDGE_LOOP('',(#5977,#5978,#5979,#5980,#5981));
#2393=AXIS2_PLACEMENT_3D('',#5982,#5983,#5984);
#2394=EDGE_LOOP('',(#5985,#5986,#5987,#5988,#5989,#5990,#5991,#5992,#5993,#5994,#5995,#5996,#5997,#5998,#5999,#6000,#6001,#6002));
#2395=AXIS2_PLACEMENT_3D('',#6003,#6004,#6005);
#2396=EDGE_LOOP('',(#6006,#6007,#6008,#6009));
#2397=AXIS2_PLACEMENT_3D('',#6010,#6011,#6012);
#2398=EDGE_LOOP('',(#6013,#6014,#6015,#6016));
#2399=AXIS2_PLACEMENT_3D('',#6017,#6018,#6019);
#2400=EDGE_LOOP('',(#6020,#6021,#6022,#6023));
#2401=AXIS2_PLACEMENT_3D('',#6024,#6025,#6026);
#2402=EDGE_LOOP('',(#6027,#6028,#6029,#6030));
#2403=AXIS2_PLACEMENT_3D('',#6031,#6032,#6033);
#2404=EDGE_LOOP('',(#6034,#6035,#6036,#6037,#6038,#6039,#6040));
#2405=AXIS2_PLACEMENT_3D('',#6041,#6042,#6043);
#2406=EDGE_LOOP('',(#6044,#6045,#6046,#6047));
#2407=AXIS2_PLACEMENT_3D('',#6048,#6049,#6050);
#2408=EDGE_LOOP('',(#6051,#6052,#6053,#6054,#6055,#6056,#6057));
#2409=AXIS2_PLACEMENT_3D('',#6058,#6059,#6060);
#2410=EDGE_LOOP('',(#6061,#6062,#6063,#6064,#6065));
#2411=AXIS2_PLACEMENT_3D('',#6066,#6067,#6068);
#2412=EDGE_LOOP('',(#6069,#6070,#6071,#6072,#6073,#6074));
#2413=AXIS2_PLACEMENT_3D('',#6075,#6076,#6077);
#2414=EDGE_LOOP('',(#6078,#6079,#6080,#6081,#6082));
#2415=AXIS2_PLACEMENT_3D('',#6083,#6084,#6085);
#2416=EDGE_LOOP('',(#6086,#6087,#6088,#6089));
#2417=AXIS2_PLACEMENT_3D('',#6090,#6091,#6092);
#2418=EDGE_LOOP('',(#6093,#6094,#6095,#6096,#6097,#6098));
#2419=AXIS2_PLACEMENT_3D('',#6099,#6100,#6101);
#2420=EDGE_LOOP('',(#6102,#6103,#6104,#6105,#6106));
#2421=AXIS2_PLACEMENT_3D('',#6107,#6108,#6109);
#2422=EDGE_LOOP('',(#6110,#6111,#6112,#6113));
#2423=AXIS2_PLACEMENT_3D('',#6114,#6115,#6116);
#2424=EDGE_LOOP('',(#6117,#6118,#6119,#6120,#6121,#6122,#6123,#6124));
#2425=AXIS2_PLACEMENT_3D('',#6125,#6126,#6127);
#2426=EDGE_LOOP('',(#6128,#6129,#6130,#6131));
#2427=AXIS2_PLACEMENT_3D('',#6132,#6133,#6134);
#2428=EDGE_LOOP('',(#6135,#6136,#6137,#6138,#6139,#6140));
#2429=AXIS2_PLACEMENT_3D('',#6141,#6142,#6143);
#2430=EDGE_LOOP('',(#6144,#6145,#6146,#6147));
#2431=AXIS2_PLACEMENT_3D('',#6148,#6149,#6150);
#2432=EDGE_LOOP('',(#6151,#6152,#6153,#6154,#6155,#6156));
#2433=AXIS2_PLACEMENT_3D('',#6157,#6158,#6159);
#2434=EDGE_LOOP('',(#6160,#6161,#6162,#6163));
#2435=AXIS2_PLACEMENT_3D('',#6164,#6165,#6166);
#2436=EDGE_LOOP('',(#6167,#6168,#6169,#6170,#6171,#6172,#6173));
#2437=AXIS2_PLACEMENT_3D('',#6174,#6175,#6176);
#2438=EDGE_LOOP('',(#6177,#6178,#6179,#6180,#6181,#6182));
#2439=AXIS2_PLACEMENT_3D('',#6183,#6184,#6185);
#2440=EDGE_LOOP('',(#6186,#6187,#6188,#6189));
#2441=AXIS2_PLACEMENT_3D('',#6190,#6191,#6192);
#2442=EDGE_LOOP('',(#6193,#6194,#6195,#6196));
#2443=AXIS2_PLACEMENT_3D('',#6197,#6198,#6199);
#2444=EDGE_LOOP('',(#6200,#6201,#6202,#6203));
#2445=AXIS2_PLACEMENT_3D('',#6204,#6205,#6206);
#2446=EDGE_LOOP('',(#6207,#6208,#6209,#6210));
#2447=AXIS2_PLACEMENT_3D('',#6211,#6212,#6213);
#2448=EDGE_LOOP('',(#6214,#6215,#6216,#6217));
#2449=AXIS2_PLACEMENT_3D('',#6218,#6219,#6220);
#2450=EDGE_LOOP('',(#6221,#6222,#6223,#6224));
#2451=AXIS2_PLACEMENT_3D('',#6225,#6226,#6227);
#2452=EDGE_LOOP('',(#6228,#6229,#6230,#6231,#6232,#6233,#6234));
#2453=AXIS2_PLACEMENT_3D('',#6235,#6236,#6237);
#2454=EDGE_LOOP('',(#6238,#6239,#6240,#6241));
#2455=AXIS2_PLACEMENT_3D('',#6242,#6243,#6244);
#2456=EDGE_LOOP('',(#6245,#6246,#6247,#6248,#6249,#6250));
#2457=AXIS2_PLACEMENT_3D('',#6251,#6252,#6253);
#2458=EDGE_LOOP('',(#6254,#6255,#6256,#6257));
#2459=AXIS2_PLACEMENT_3D('',#6258,#6259,#6260);
#2460=EDGE_LOOP('',(#6261,#6262,#6263,#6264,#6265,#6266,#6267));
#2461=AXIS2_PLACEMENT_3D('',#6268,#6269,#6270);
#2462=EDGE_LOOP('',(#6271,#6272,#6273,#6274));
#2463=AXIS2_PLACEMENT_3D('',#6275,#6276,#6277);
#2464=EDGE_LOOP('',(#6278,#6279,#6280,#6281));
#2465=AXIS2_PLACEMENT_3D('',#6282,#6283,#6284);
#2466=EDGE_LOOP('',(#6285,#6286,#6287,#6288));
#2467=AXIS2_PLACEMENT_3D('',#6289,#6290,#6291);
#2468=EDGE_LOOP('',(#6292,#6293,#6294,#6295,#6296,#6297,#6298));
#2469=AXIS2_PLACEMENT_3D('',#6299,#6300,#6301);
#2470=EDGE_LOOP('',(#6302,#6303,#6304,#6305));
#2471=AXIS2_PLACEMENT_3D('',#6306,#6307,#6308);
#2472=EDGE_LOOP('',(#6309,#6310,#6311,#6312));
#2473=AXIS2_PLACEMENT_3D('',#6313,#6314,#6315);
#2474=EDGE_LOOP('',(#6316,#6317,#6318,#6319,#6320));
#2475=AXIS2_PLACEMENT_3D('',#6321,#6322,#6323);
#2476=EDGE_LOOP('',(#6324,#6325,#6326,#6327));
#2477=AXIS2_PLACEMENT_3D('',#6328,#6329,#6330);
#2478=EDGE_LOOP('',(#6331,#6332,#6333,#6334,#6335));
#2479=AXIS2_PLACEMENT_3D('',#6336,#6337,#6338);
#2480=EDGE_LOOP('',(#6339,#6340,#6341,#6342,#6343,#6344));
#2481=AXIS2_PLACEMENT_3D('',#6345,#6346,#6347);
#2482=EDGE_LOOP('',(#6348,#6349,#6350,#6351,#6352,#6353));
#2483=AXIS2_PLACEMENT_3D('',#6354,#6355,#6356);
#2484=EDGE_LOOP('',(#6357,#6358,#6359,#6360,#6361,#6362));
#2485=AXIS2_PLACEMENT_3D('',#6363,#6364,#6365);
#2486=EDGE_LOOP('',(#6366,#6367,#6368,#6369));
#2487=AXIS2_PLACEMENT_3D('',#6370,#6371,#6372);
#2488=EDGE_LOOP('',(#6373,#6374,#6375,#6376));
#2489=AXIS2_PLACEMENT_3D('',#6377,#6378,#6379);
#2490=EDGE_LOOP('',(#6380,#6381,#6382,#6383,#6384));
#2491=AXIS2_PLACEMENT_3D('',#6385,#6386,#6387);
#2492=EDGE_LOOP('',(#6388,#6389,#6390,#6391));
#2493=AXIS2_PLACEMENT_3D('',#6392,#6393,#6394);
#2494=EDGE_LOOP('',(#6395,#6396,#6397,#6398));
#2495=AXIS2_PLACEMENT_3D('',#6399,#6400,#6401);
#2496=EDGE_LOOP('',(#6402,#6403,#6404,#6405));
#2497=AXIS2_PLACEMENT_3D('',#6406,#6407,#6408);
#2498=EDGE_LOOP('',(#6409,#6410,#6411,#6412));
#2499=AXIS2_PLACEMENT_3D('',#6413,#6414,#6415);
#2500=EDGE_LOOP('',(#6416,#6417,#6418,#6419));
#2501=AXIS2_PLACEMENT_3D('',#6420,#6421,#6422);
#2502=EDGE_LOOP('',(#6423,#6424,#6425,#6426));
#2503=AXIS2_PLACEMENT_3D('',#6427,#6428,#6429);
#2504=EDGE_LOOP('',(#6430,#6431,#6432,#6433,#6434,#6435,#6436));
#2505=AXIS2_PLACEMENT_3D('',#6437,#6438,#6439);
#2506=EDGE_LOOP('',(#6440,#6441,#6442,#6443));
#2507=AXIS2_PLACEMENT_3D('',#6444,#6445,#6446);
#2508=EDGE_LOOP('',(#6447,#6448,#6449,#6450));
#2509=AXIS2_PLACEMENT_3D('',#6451,#6452,#6453);
#2510=EDGE_LOOP('',(#6454,#6455,#6456,#6457));
#2511=AXIS2_PLACEMENT_3D('',#6458,#6459,#6460);
#2512=EDGE_LOOP('',(#6461,#6462,#6463,#6464,#6465,#6466,#6467));
#2513=AXIS2_PLACEMENT_3D('',#6468,#6469,#6470);
#2514=EDGE_LOOP('',(#6471,#6472,#6473,#6474));
#2515=AXIS2_PLACEMENT_3D('',#6475,#6476,#6477);
#2516=EDGE_LOOP('',(#6478,#6479,#6480,#6481));
#2517=AXIS2_PLACEMENT_3D('',#6482,#6483,#6484);
#2518=EDGE_LOOP('',(#6485,#6486,#6487,#6488,#6489));
#2519=AXIS2_PLACEMENT_3D('',#6490,#6491,#6492);
#2520=EDGE_LOOP('',(#6493,#6494,#6495,#6496));
#2521=AXIS2_PLACEMENT_3D('',#6497,#6498,#6499);
#2522=EDGE_LOOP('',(#6500,#6501,#6502,#6503,#6504));
#2523=AXIS2_PLACEMENT_3D('',#6505,#6506,#6507);
#2524=EDGE_LOOP('',(#6508,#6509,#6510,#6511));
#2525=AXIS2_PLACEMENT_3D('',#6512,#6513,#6514);
#2526=EDGE_LOOP('',(#6515,#6516,#6517,#6518));
#2527=AXIS2_PLACEMENT_3D('',#6519,#6520,#6521);
#2528=EDGE_LOOP('',(#6522,#6523,#6524,#6525,#6526,#6527,#6528,#6529));
#2529=AXIS2_PLACEMENT_3D('',#6530,#6531,#6532);
#2530=EDGE_LOOP('',(#6533,#6534,#6535,#6536));
#2531=AXIS2_PLACEMENT_3D('',#6537,#6538,#6539);
#2532=EDGE_LOOP('',(#6540,#6541,#6542,#6543));
#2533=AXIS2_PLACEMENT_3D('',#6544,#6545,#6546);
#2534=EDGE_LOOP('',(#6547,#6548,#6549,#6550));
#2535=AXIS2_PLACEMENT_3D('',#6551,#6552,#6553);
#2536=EDGE_LOOP('',(#6554,#6555,#6556,#6557));
#2537=AXIS2_PLACEMENT_3D('',#6558,#6559,#6560);
#2538=EDGE_LOOP('',(#6561,#6562,#6563,#6564));
#2539=AXIS2_PLACEMENT_3D('',#6565,#6566,#6567);
#2540=EDGE_LOOP('',(#6568,#6569,#6570,#6571));
#2541=AXIS2_PLACEMENT_3D('',#6572,#6573,#6574);
#2542=EDGE_LOOP('',(#6575,#6576,#6577,#6578));
#2543=AXIS2_PLACEMENT_3D('',#6579,#6580,#6581);
#2544=EDGE_LOOP('',(#6582,#6583,#6584,#6585));
#2545=AXIS2_PLACEMENT_3D('',#6586,#6587,#6588);
#2546=EDGE_LOOP('',(#6589,#6590,#6591,#6592));
#2547=AXIS2_PLACEMENT_3D('',#6593,#6594,#6595);
#2548=EDGE_LOOP('',(#6596,#6597,#6598,#6599));
#2549=AXIS2_PLACEMENT_3D('',#6600,#6601,#6602);
#2550=EDGE_LOOP('',(#6603,#6604,#6605,#6606));
#2551=AXIS2_PLACEMENT_3D('',#6607,#6608,#6609);
#2552=EDGE_LOOP('',(#6610,#6611,#6612,#6613));
#2553=AXIS2_PLACEMENT_3D('',#6614,#6615,#6616);
#2554=EDGE_LOOP('',(#6617,#6618,#6619,#6620));
#2555=AXIS2_PLACEMENT_3D('',#6621,#6622,#6623);
#2556=EDGE_LOOP('',(#6624,#6625,#6626,#6627));
#2557=AXIS2_PLACEMENT_3D('',#6628,#6629,#6630);
#2558=EDGE_LOOP('',(#6631,#6632,#6633,#6634));
#2559=AXIS2_PLACEMENT_3D('',#6635,#6636,#6637);
#2560=EDGE_LOOP('',(#6638,#6639,#6640,#6641,#6642));
#2561=AXIS2_PLACEMENT_3D('',#6643,#6644,#6645);
#2562=EDGE_LOOP('',(#6646,#6647,#6648,#6649,#6650,#6651,#6652,#6653,#6654,#6655));
#2563=AXIS2_PLACEMENT_3D('',#6656,#6657,#6658);
#2564=EDGE_LOOP('',(#6659,#6660,#6661,#6662,#6663,#6664,#6665,#6666));
#2565=AXIS2_PLACEMENT_3D('',#6667,#6668,#6669);
#2566=EDGE_LOOP('',(#6670,#6671,#6672,#6673));
#2567=AXIS2_PLACEMENT_3D('',#6674,#6675,#6676);
#2568=EDGE_LOOP('',(#6677,#6678,#6679,#6680,#6681,#6682,#6683,#6684));
#2569=AXIS2_PLACEMENT_3D('',#6685,#6686,#6687);
#2570=EDGE_LOOP('',(#6688,#6689,#6690,#6691));
#2571=AXIS2_PLACEMENT_3D('',#6692,#6693,#6694);
#2572=EDGE_LOOP('',(#6695,#6696,#6697,#6698));
#2573=AXIS2_PLACEMENT_3D('',#6699,#6700,#6701);
#2574=EDGE_LOOP('',(#6702,#6703,#6704,#6705,#6706));
#2575=AXIS2_PLACEMENT_3D('',#6707,#6708,#6709);
#2576=EDGE_LOOP('',(#6710,#6711,#6712,#6713));
#2577=AXIS2_PLACEMENT_3D('',#6714,#6715,#6716);
#2578=EDGE_LOOP('',(#6717,#6718,#6719,#6720));
#2579=AXIS2_PLACEMENT_3D('',#6721,#6722,#6723);
#2580=EDGE_LOOP('',(#6724,#6725,#6726,#6727));
#2581=AXIS2_PLACEMENT_3D('',#6728,#6729,#6730);
#2582=EDGE_LOOP('',(#6731,#6732,#6733,#6734));
#2583=AXIS2_PLACEMENT_3D('',#6735,#6736,#6737);
#2584=EDGE_LOOP('',(#6738,#6739,#6740,#6741));
#2585=AXIS2_PLACEMENT_3D('',#6742,#6743,#6744);
#2586=EDGE_LOOP('',(#6745,#6746,#6747,#6748));
#2587=AXIS2_PLACEMENT_3D('',#6749,#6750,#6751);
#2588=EDGE_LOOP('',(#6752,#6753,#6754,#6755));
#2589=AXIS2_PLACEMENT_3D('',#6756,#6757,#6758);
#2590=EDGE_LOOP('',(#6759,#6760,#6761,#6762,#6763,#6764));
#2591=AXIS2_PLACEMENT_3D('',#6765,#6766,#6767);
#2592=EDGE_LOOP('',(#6768,#6769,#6770,#6771,#6772));
#2593=AXIS2_PLACEMENT_3D('',#6773,#6774,#6775);
#2594=EDGE_LOOP('',(#6776,#6777,#6778,#6779));
#2595=AXIS2_PLACEMENT_3D('',#6780,#6781,#6782);
#2596=EDGE_LOOP('',(#6783,#6784,#6785,#6786));
#2597=AXIS2_PLACEMENT_3D('',#6787,#6788,#6789);
#2598=EDGE_LOOP('',(#6790,#6791,#6792,#6793,#6794));
#2599=AXIS2_PLACEMENT_3D('',#6795,#6796,#6797);
#2600=EDGE_LOOP('',(#6798,#6799,#6800,#6801));
#2601=AXIS2_PLACEMENT_3D('',#6802,#6803,#6804);
#2602=EDGE_LOOP('',(#6805,#6806,#6807,#6808,#6809));
#2603=AXIS2_PLACEMENT_3D('',#6810,#6811,#6812);
#2604=EDGE_LOOP('',(#6813,#6814,#6815,#6816));
#2605=AXIS2_PLACEMENT_3D('',#6817,#6818,#6819);
#2606=EDGE_LOOP('',(#6820,#6821,#6822,#6823));
#2607=AXIS2_PLACEMENT_3D('',#6824,#6825,#6826);
#2608=EDGE_LOOP('',(#6827,#6828,#6829,#6830));
#2609=AXIS2_PLACEMENT_3D('',#6831,#6832,#6833);
#2610=EDGE_LOOP('',(#6834,#6835,#6836,#6837));
#2611=AXIS2_PLACEMENT_3D('',#6838,#6839,#6840);
#2612=EDGE_LOOP('',(#6841,#6842,#6843,#6844));
#2613=AXIS2_PLACEMENT_3D('',#6845,#6846,#6847);
#2614=EDGE_LOOP('',(#6848,#6849,#6850,#6851));
#2616=CARTESIAN_POINT('',(-2.63615193336554,-1.27419084276714,3.5480547672796));
#2617=CARTESIAN_POINT('',(-2.6545086730017,-1.30668340573147,3.5482727036852));
#2618=CARTESIAN_POINT('',(-2.68682648249854,-1.32534341667953,3.54865638986095));
#2619=CARTESIAN_POINT('',(-2.72414225434841,-1.32499565839162,3.54909941325969));
#2620=CARTESIAN_POINT('',(-2.63498198987581,-1.27419084276714,3.6465988722945));
#2621=CARTESIAN_POINT('',(-2.65346980428413,-1.30668340573147,3.63577640696977));
#2622=CARTESIAN_POINT('',(-2.68601837641146,-1.32534341667953,3.6167230031739));
#2623=CARTESIAN_POINT('',(-2.72360059842623,-1.32499565839162,3.59472298274856));
#2624=CARTESIAN_POINT('',(-2.7047772132789,-1.27419084276714,3.71385963138482));
#2625=CARTESIAN_POINT('',(-2.71544551067876,-1.30668340573147,3.69550159809304));
#2626=CARTESIAN_POINT('',(-2.73422749538109,-1.32534341667953,3.66318151106106));
#2627=CARTESIAN_POINT('',(-2.75591412163939,-1.32499565839162,3.62586310945377));
#2628=CARTESIAN_POINT('',(-2.8,-1.27419084276714,3.71385963138482));
#2629=CARTESIAN_POINT('',(-2.8,-1.30668340573147,3.69550159809304));
#2630=CARTESIAN_POINT('',(-2.8,-1.32534341667953,3.66318151106106));
#2631=CARTESIAN_POINT('',(-2.8,-1.32499565839162,3.62586310945377));
#2632=CARTESIAN_POINT('',(-2.8952227867211,-1.27419084276714,3.71385963138482));
#2633=CARTESIAN_POINT('',(-2.88455448932124,-1.30668340573147,3.69550159809304));
#2634=CARTESIAN_POINT('',(-2.86577250461891,-1.32534341667953,3.66318151106106));
#2635=CARTESIAN_POINT('',(-2.84408587836061,-1.32499565839162,3.62586310945377));
#2636=CARTESIAN_POINT('',(-2.96501801012419,-1.27419084276714,3.64659887229451));
#2637=CARTESIAN_POINT('',(-2.94653019571587,-1.30668340573147,3.63577640696977));
#2638=CARTESIAN_POINT('',(-2.91398162358854,-1.32534341667953,3.6167230031739));
#2639=CARTESIAN_POINT('',(-2.87639940157377,-1.32499565839162,3.59472298274856));
#2640=CARTESIAN_POINT('',(-2.96384806663446,-1.27419084276714,3.5480547672796));
#2641=CARTESIAN_POINT('',(-2.9454913269983,-1.30668340573147,3.5482727036852));
#2642=CARTESIAN_POINT('',(-2.91317351750146,-1.32534341667953,3.54865638986095));
#2643=CARTESIAN_POINT('',(-2.87585774565159,-1.32499565839162,3.54909941325969));
#2650=EDGE_LOOP('',(#6852,#6853,#6854,#6855));
#2651=AXIS2_PLACEMENT_3D('',#6856,#6857,#6858);
#2652=EDGE_LOOP('',(#6859,#6860,#6861,#6862));
#2653=AXIS2_PLACEMENT_3D('',#6863,#6864,#6865);
#2654=EDGE_LOOP('',(#6866,#6867,#6868,#6869));
#2655=AXIS2_PLACEMENT_3D('',#6870,#6871,#6872);
#2656=EDGE_LOOP('',(#6873,#6874,#6875,#6876));
#2658=CARTESIAN_POINT('',(-2.72414225434841,-1.32499565839162,2.45090062248827));
#2659=CARTESIAN_POINT('',(-2.68682648249854,-1.32534341667953,2.45134364588722));
#2660=CARTESIAN_POINT('',(-2.6545086730017,-1.30668340573147,2.4517273320633));
#2661=CARTESIAN_POINT('',(-2.63615193336554,-1.27419084276714,2.45194526846839));
#2662=CARTESIAN_POINT('',(-2.72360059842631,-1.32499565839162,2.40527705299964));
#2663=CARTESIAN_POINT('',(-2.68601837641158,-1.32534341667953,2.38327703257487));
#2664=CARTESIAN_POINT('',(-2.65346980428428,-1.30668340573147,2.36422362877899));
#2665=CARTESIAN_POINT('',(-2.63498198987598,-1.27419084276714,2.35340116345378));
#2666=CARTESIAN_POINT('',(-2.75591412163945,-1.32499565839162,2.37413692629451));
#2667=CARTESIAN_POINT('',(-2.73422749538119,-1.32534341667953,2.33681852468783));
#2668=CARTESIAN_POINT('',(-2.71544551067889,-1.30668340573147,2.30449843765594));
#2669=CARTESIAN_POINT('',(-2.70477721327904,-1.27419084276714,2.28614040436418));
#2670=CARTESIAN_POINT('',(-2.8,-1.32499565839162,2.37413692629451));
#2671=CARTESIAN_POINT('',(-2.8,-1.32534341667953,2.33681852468783));
#2672=CARTESIAN_POINT('',(-2.8,-1.30668340573147,2.30449843765594));
#2673=CARTESIAN_POINT('',(-2.8,-1.27419084276714,2.28614040436418));
#2674=CARTESIAN_POINT('',(-2.84408587836054,-1.32499565839162,2.37413692629451));
#2675=CARTESIAN_POINT('',(-2.86577250461881,-1.32534341667953,2.33681852468783));
#2676=CARTESIAN_POINT('',(-2.88455448932111,-1.30668340573147,2.30449843765594));
#2677=CARTESIAN_POINT('',(-2.89522278672096,-1.27419084276714,2.28614040436418));
#2678=CARTESIAN_POINT('',(-2.87639940157369,-1.32499565839162,2.40527705299964));
#2679=CARTESIAN_POINT('',(-2.91398162358842,-1.32534341667953,2.38327703257487));
#2680=CARTESIAN_POINT('',(-2.94653019571572,-1.30668340573147,2.36422362877899));
#2681=CARTESIAN_POINT('',(-2.96501801012402,-1.27419084276714,2.35340116345378));
#2682=CARTESIAN_POINT('',(-2.87585774565159,-1.32499565839162,2.45090062248827));
#2683=CARTESIAN_POINT('',(-2.91317351750146,-1.32534341667953,2.45134364588722));
#2684=CARTESIAN_POINT('',(-2.9454913269983,-1.30668340573147,2.4517273320633));
#2685=CARTESIAN_POINT('',(-2.96384806663446,-1.27419084276714,2.45194526846839));
#2692=EDGE_LOOP('',(#6877,#6878,#6879,#6880));
#2693=AXIS2_PLACEMENT_3D('',#6881,#6882,#6883);
#2694=EDGE_LOOP('',(#6884,#6885,#6886,#6887));
#2695=AXIS2_PLACEMENT_3D('',#6888,#6889,#6890);
#2696=EDGE_LOOP('',(#6891,#6892,#6893,#6894,#6895,#6896,#6897));
#2697=AXIS2_PLACEMENT_3D('',#6898,#6899,#6900);
#2698=EDGE_LOOP('',(#6901,#6902,#6903,#6904));
#2699=AXIS2_PLACEMENT_3D('',#6905,#6906,#6907);
#2700=EDGE_LOOP('',(#6908,#6909,#6910,#6911));
#2701=AXIS2_PLACEMENT_3D('',#6912,#6913,#6914);
#2702=EDGE_LOOP('',(#6915,#6916,#6917,#6918,#6919,#6920,#6921));
#2703=AXIS2_PLACEMENT_3D('',#6922,#6923,#6924);
#2704=EDGE_LOOP('',(#6925,#6926,#6927,#6928));
#2705=AXIS2_PLACEMENT_3D('',#6929,#6930,#6931);
#2706=EDGE_LOOP('',(#6932,#6933,#6934,#6935));
#2707=AXIS2_PLACEMENT_3D('',#6936,#6937,#6938);
#2708=EDGE_LOOP('',(#6939,#6940,#6941,#6942));
#2709=AXIS2_PLACEMENT_3D('',#6943,#6944,#6945);
#2710=LINE('',#6946,#6947);
#2711=LINE('',#6948,#6949);
#2712=LINE('',#6950,#6951);
#2713=LINE('',#6952,#6953);
#2714=LINE('',#6954,#6955);
#2715=LINE('',#6956,#6957);
#2716=LINE('',#6958,#6959);
#2717=LINE('',#6960,#6961);
#2718=LINE('',#6962,#6963);
#2719=LINE('',#6964,#6965);
#2720=LINE('',#6966,#6967);
#2721=LINE('',#6968,#6969);
#2722=LINE('',#6970,#6971);
#2723=LINE('',#6972,#6973);
#2724=LINE('',#6974,#6975);
#2725=LINE('',#6976,#6977);
#2726=LINE('',#6978,#6979);
#2727=LINE('',#6980,#6981);
#2728=LINE('',#6982,#6983);
#2729=LINE('',#6984,#6985);
#2730=LINE('',#6986,#6987);
#2731=CIRCLE('',#6988,0.25);
#2732=LINE('',#6989,#6990);
#2733=CIRCLE('',#6991,0.25);
#2734=CIRCLE('',#6992,0.55);
#2735=LINE('',#6993,#6994);
#2736=CIRCLE('',#6995,0.55);
#2737=LINE('',#6996,#6997);
#2738=LINE('',#6998,#6999);
#2739=CIRCLE('',#7000,0.25);
#2740=LINE('',#7001,#7002);
#2741=CIRCLE('',#7003,0.25);
#2742=CIRCLE('',#7004,0.55);
#2743=LINE('',#7005,#7006);
#2744=CIRCLE('',#7007,0.55);
#2745=LINE('',#7008,#7009);
#2746=CIRCLE('',#7010,0.25);
#2747=LINE('',#7011,#7012);
#2748=CIRCLE('',#7013,0.25);
#2749=LINE('',#7014,#7015);
#2750=LINE('',#7016,#7017);
#2751=CIRCLE('',#7018,0.55);
#2752=LINE('',#7019,#7020);
#2753=CIRCLE('',#7021,0.55);
#2754=ORIENTED_EDGE('',*,*,#7022,.F.);
#2755=ORIENTED_EDGE('',*,*,#7023,.F.);
#2756=ORIENTED_EDGE('',*,*,#7024,.T.);
#2757=ORIENTED_EDGE('',*,*,#7025,.F.);
#2758=CARTESIAN_POINT('',(3.43,-0.14,1.300002017874));
#2759=DIRECTION('',(-1.0,0.0,0.0));
#2760=DIRECTION('',(0.0,0.0,1.0));
#2761=ORIENTED_EDGE('',*,*,#7026,.F.);
#2762=ORIENTED_EDGE('',*,*,#7027,.F.);
#2763=ORIENTED_EDGE('',*,*,#7028,.F.);
#2764=ORIENTED_EDGE('',*,*,#7029,.F.);
#2765=ORIENTED_EDGE('',*,*,#7030,.T.);
#2766=ORIENTED_EDGE('',*,*,#7031,.F.);
#2767=ORIENTED_EDGE('',*,*,#7032,.F.);
#2768=ORIENTED_EDGE('',*,*,#7033,.F.);
#2769=ORIENTED_EDGE('',*,*,#7034,.T.);
#2770=ORIENTED_EDGE('',*,*,#7035,.F.);
#2771=CARTESIAN_POINT('',(3.2,-1.280489073801,-4.100000017874));
#2772=DIRECTION('',(0.0,0.629320391049303,-0.777145961457404));
#2773=DIRECTION('',(-1.0,0.0,0.0));
#2774=ORIENTED_EDGE('',*,*,#7035,.T.);
#2775=ORIENTED_EDGE('',*,*,#7036,.F.);
#2776=ORIENTED_EDGE('',*,*,#7037,.F.);
#2777=ORIENTED_EDGE('',*,*,#7038,.F.);
#2778=ORIENTED_EDGE('',*,*,#7029,.T.);
#2779=ORIENTED_EDGE('',*,*,#7039,.F.);
#2780=CARTESIAN_POINT('',(3.2,-1.437819171563,-3.90571352751));
#2781=DIRECTION('',(0.0,-0.777145961458072,-0.629320391048477));
#2782=DIRECTION('',(0.0,0.629320391048477,-0.777145961458072));
#2783=ORIENTED_EDGE('',*,*,#7040,.T.);
#2784=ORIENTED_EDGE('',*,*,#7041,.T.);
#2785=ORIENTED_EDGE('',*,*,#7042,.F.);
#2786=ORIENTED_EDGE('',*,*,#7043,.T.);
#2787=ORIENTED_EDGE('',*,*,#7044,.F.);
#2788=ORIENTED_EDGE('',*,*,#7039,.T.);
#2789=CARTESIAN_POINT('',(-2.3,0.3750000000004,-4.099000017874));
#2790=DIRECTION('',(0.0,0.0,-1.0));
#2791=DIRECTION('',(0.0,-1.0,0.0));
#2792=ORIENTED_EDGE('',*,*,#7044,.T.);
#2793=ORIENTED_EDGE('',*,*,#7045,.F.);
#2794=ORIENTED_EDGE('',*,*,#7046,.F.);
#2795=ORIENTED_EDGE('',*,*,#7047,.F.);
#2796=ORIENTED_EDGE('',*,*,#7048,.T.);
#2797=ORIENTED_EDGE('',*,*,#7026,.T.);
#2798=CARTESIAN_POINT('',(2.025,-2.725,-5.330002417874));
#2799=DIRECTION('',(-1.0,0.0,0.0));
#2800=DIRECTION('',(0.0,0.0,1.0));
#2801=ORIENTED_EDGE('',*,*,#7048,.F.);
#2802=ORIENTED_EDGE('',*,*,#7049,.F.);
#2803=ORIENTED_EDGE('',*,*,#7050,.F.);
#2804=ORIENTED_EDGE('',*,*,#7051,.F.);
#2805=ORIENTED_EDGE('',*,*,#7052,.T.);
#2806=ORIENTED_EDGE('',*,*,#7053,.T.);
#2807=ORIENTED_EDGE('',*,*,#7054,.F.);
#2808=ORIENTED_EDGE('',*,*,#7055,.T.);
#2809=ORIENTED_EDGE('',*,*,#7056,.T.);
#2810=ORIENTED_EDGE('',*,*,#7057,.T.);
#2811=ORIENTED_EDGE('',*,*,#7058,.F.);
#2812=ORIENTED_EDGE('',*,*,#7059,.T.);
#2813=ORIENTED_EDGE('',*,*,#7060,.T.);
#2814=ORIENTED_EDGE('',*,*,#7061,.T.);
#2815=ORIENTED_EDGE('',*,*,#7062,.F.);
#2816=ORIENTED_EDGE('',*,*,#7063,.T.);
#2817=ORIENTED_EDGE('',*,*,#7064,.T.);
#2818=ORIENTED_EDGE('',*,*,#7027,.T.);
#2819=ORIENTED_EDGE('',*,*,#7065,.T.);
#2820=ORIENTED_EDGE('',*,*,#7066,.T.);
#2821=ORIENTED_EDGE('',*,*,#7067,.T.);
#2822=ORIENTED_EDGE('',*,*,#7068,.T.);
#2823=ORIENTED_EDGE('',*,*,#7069,.T.);
#2824=ORIENTED_EDGE('',*,*,#7070,.T.);
#2825=ORIENTED_EDGE('',*,*,#7071,.T.);
#2826=ORIENTED_EDGE('',*,*,#7072,.T.);
#2827=ORIENTED_EDGE('',*,*,#7073,.T.);
#2828=ORIENTED_EDGE('',*,*,#7074,.T.);
#2829=ORIENTED_EDGE('',*,*,#7075,.T.);
#2830=ORIENTED_EDGE('',*,*,#7076,.T.);
#2831=ORIENTED_EDGE('',*,*,#7077,.T.);
#2832=ORIENTED_EDGE('',*,*,#7078,.T.);
#2833=ORIENTED_EDGE('',*,*,#7079,.T.);
#2834=ORIENTED_EDGE('',*,*,#7080,.T.);
#2835=ORIENTED_EDGE('',*,*,#7081,.F.);
#2836=ORIENTED_EDGE('',*,*,#7082,.T.);
#2837=ORIENTED_EDGE('',*,*,#7083,.F.);
#2838=ORIENTED_EDGE('',*,*,#7084,.T.);
#2839=CARTESIAN_POINT('',(-2.3,0.3750000000004,-4.099000017874));
#2840=DIRECTION('',(0.0,0.0,-1.0));
#2841=DIRECTION('',(0.0,-1.0,0.0));
#2842=ORIENTED_EDGE('',*,*,#7064,.F.);
#2843=ORIENTED_EDGE('',*,*,#7085,.T.);
#2844=ORIENTED_EDGE('',*,*,#7086,.F.);
#2845=ORIENTED_EDGE('',*,*,#7087,.F.);
#2846=ORIENTED_EDGE('',*,*,#7040,.F.);
#2847=ORIENTED_EDGE('',*,*,#7028,.T.);
#2848=CARTESIAN_POINT('',(-2.025,-0.875,-5.330002417874));
#2849=DIRECTION('',(1.0,0.0,0.0));
#2850=DIRECTION('',(0.0,1.0,0.0));
#2851=ORIENTED_EDGE('',*,*,#7088,.F.);
#2852=ORIENTED_EDGE('',*,*,#7089,.T.);
#2853=ORIENTED_EDGE('',*,*,#7041,.F.);
#2854=ORIENTED_EDGE('',*,*,#7087,.T.);
#2855=CARTESIAN_POINT('',(-1.225,-1.425,1.640240517874));
#2856=DIRECTION('',(0.0,0.0,1.0));
#2857=DIRECTION('',(-1.0,0.0,0.0));
#2858=ORIENTED_EDGE('',*,*,#7090,.T.);
#2859=ORIENTED_EDGE('',*,*,#7091,.F.);
#2860=ORIENTED_EDGE('',*,*,#7042,.T.);
#2861=ORIENTED_EDGE('',*,*,#7089,.F.);
#2862=CARTESIAN_POINT('',(0.0,-2.225,1.640240517874));
#2863=DIRECTION('',(0.0,-1.0,0.0));
#2864=DIRECTION('',(0.0,0.0,-1.0));
#2865=ORIENTED_EDGE('',*,*,#7043,.F.);
#2866=ORIENTED_EDGE('',*,*,#7091,.T.);
#2867=ORIENTED_EDGE('',*,*,#7092,.F.);
#2868=ORIENTED_EDGE('',*,*,#7045,.T.);
#2869=CARTESIAN_POINT('',(1.225,-1.425,1.640240517874));
#2870=DIRECTION('',(0.0,0.0,-1.0));
#2871=DIRECTION('',(1.0,0.0,0.0));
#2872=ORIENTED_EDGE('',*,*,#7093,.T.);
#2873=ORIENTED_EDGE('',*,*,#7094,.F.);
#2874=ORIENTED_EDGE('',*,*,#7095,.T.);
#2875=ORIENTED_EDGE('',*,*,#7096,.T.);
#2876=ORIENTED_EDGE('',*,*,#7046,.T.);
#2877=ORIENTED_EDGE('',*,*,#7092,.T.);
#2878=ORIENTED_EDGE('',*,*,#7090,.F.);
#2879=ORIENTED_EDGE('',*,*,#7088,.T.);
#2880=ORIENTED_EDGE('',*,*,#7086,.T.);
#2881=ORIENTED_EDGE('',*,*,#7097,.T.);
#2882=ORIENTED_EDGE('',*,*,#7098,.T.);
#2883=ORIENTED_EDGE('',*,*,#7099,.F.);
#2884=ORIENTED_EDGE('',*,*,#7100,.T.);
#2885=ORIENTED_EDGE('',*,*,#7101,.T.);
#2886=CARTESIAN_POINT('',(4.0,-1.225,-4.900000017874));
#2887=DIRECTION('',(0.0,0.0,-1.0));
#2888=DIRECTION('',(0.0,-1.0,0.0));
#2889=ORIENTED_EDGE('',*,*,#7101,.F.);
#2890=ORIENTED_EDGE('',*,*,#7102,.F.);
#2891=ORIENTED_EDGE('',*,*,#7056,.F.);
#2892=ORIENTED_EDGE('',*,*,#7103,.F.);
#2893=CARTESIAN_POINT('',(0.0,2.225,1.640240517874));
#2894=DIRECTION('',(0.0,-1.0,0.0));
#2895=DIRECTION('',(0.0,0.0,-1.0));
#2896=ORIENTED_EDGE('',*,*,#7055,.F.);
#2897=ORIENTED_EDGE('',*,*,#7104,.T.);
#2898=ORIENTED_EDGE('',*,*,#7093,.F.);
#2899=ORIENTED_EDGE('',*,*,#7103,.T.);
#2900=CARTESIAN_POINT('',(3.2,1.425,1.640240517874));
#2901=DIRECTION('',(0.0,0.0,1.0));
#2902=DIRECTION('',(-1.0,0.0,0.0));
#2903=ORIENTED_EDGE('',*,*,#7054,.T.);
#2904=ORIENTED_EDGE('',*,*,#7105,.F.);
#2905=ORIENTED_EDGE('',*,*,#7094,.T.);
#2906=ORIENTED_EDGE('',*,*,#7104,.F.);
#2907=CARTESIAN_POINT('',(4.0,-1.225,-4.100000017874));
#2908=DIRECTION('',(1.0,0.0,0.0));
#2909=DIRECTION('',(0.0,1.0,0.0));
#2910=ORIENTED_EDGE('',*,*,#7095,.F.);
#2911=ORIENTED_EDGE('',*,*,#7105,.T.);
#2912=ORIENTED_EDGE('',*,*,#7053,.F.);
#2913=ORIENTED_EDGE('',*,*,#7106,.T.);
#2914=CARTESIAN_POINT('',(3.2,-0.075,1.640240517874));
#2915=DIRECTION('',(0.0,0.0,-1.0));
#2916=DIRECTION('',(1.0,0.0,0.0));
#2917=ORIENTED_EDGE('',*,*,#7047,.T.);
#2918=ORIENTED_EDGE('',*,*,#7096,.F.);
#2919=ORIENTED_EDGE('',*,*,#7106,.F.);
#2920=ORIENTED_EDGE('',*,*,#7052,.F.);
#2921=ORIENTED_EDGE('',*,*,#7107,.T.);
#2922=ORIENTED_EDGE('',*,*,#7108,.T.);
#2923=ORIENTED_EDGE('',*,*,#7109,.T.);
#2924=ORIENTED_EDGE('',*,*,#7110,.F.);
#2925=ORIENTED_EDGE('',*,*,#7111,.F.);
#2926=ORIENTED_EDGE('',*,*,#7112,.F.);
#2927=ORIENTED_EDGE('',*,*,#7113,.F.);
#2928=CARTESIAN_POINT('',(2.025,-0.875,-5.330002417874));
#2929=DIRECTION('',(-0.0,1.0,0.0));
#2930=DIRECTION('',(1.0,0.0,0.0));
#2931=ORIENTED_EDGE('',*,*,#7114,.F.);
#2932=ORIENTED_EDGE('',*,*,#7113,.T.);
#2933=ORIENTED_EDGE('',*,*,#7115,.F.);
#2934=ORIENTED_EDGE('',*,*,#7116,.T.);
#2935=CARTESIAN_POINT('',(0.0,-0.975,-3.240681053042));
#2936=DIRECTION('',(1.0,-0.0,0.0));
#2937=DIRECTION('',(0.0,0.0,1.0));
#2938=ORIENTED_EDGE('',*,*,#7117,.F.);
#2939=ORIENTED_EDGE('',*,*,#7116,.F.);
#2940=ORIENTED_EDGE('',*,*,#7118,.F.);
#2941=ORIENTED_EDGE('',*,*,#7119,.T.);
#2942=CARTESIAN_POINT('',(-4.8000024,-1.075,-3.026230360991));
#2943=DIRECTION('',(0.0,0.642787609686505,0.766044443119007));
#2944=DIRECTION('',(1.0,-0.0,0.0));
#2945=ORIENTED_EDGE('',*,*,#7120,.T.);
#2946=ORIENTED_EDGE('',*,*,#7121,.T.);
#2947=ORIENTED_EDGE('',*,*,#7122,.T.);
#2948=ORIENTED_EDGE('',*,*,#7123,.T.);
#2949=ORIENTED_EDGE('',*,*,#7124,.T.);
#2950=ORIENTED_EDGE('',*,*,#7125,.T.);
#2951=ORIENTED_EDGE('',*,*,#7126,.T.);
#2952=ORIENTED_EDGE('',*,*,#7127,.F.);
#2953=ORIENTED_EDGE('',*,*,#7128,.T.);
#2954=ORIENTED_EDGE('',*,*,#7129,.F.);
#2955=ORIENTED_EDGE('',*,*,#7130,.F.);
#2956=ORIENTED_EDGE('',*,*,#7131,.F.);
#2957=ORIENTED_EDGE('',*,*,#7132,.F.);
#2958=ORIENTED_EDGE('',*,*,#7133,.T.);
#2959=ORIENTED_EDGE('',*,*,#7134,.F.);
#2960=ORIENTED_EDGE('',*,*,#7135,.F.);
#2961=ORIENTED_EDGE('',*,*,#7136,.T.);
#2962=ORIENTED_EDGE('',*,*,#7137,.T.);
#2963=ORIENTED_EDGE('',*,*,#7138,.T.);
#2964=ORIENTED_EDGE('',*,*,#7139,.T.);
#2965=ORIENTED_EDGE('',*,*,#7140,.T.);
#2966=ORIENTED_EDGE('',*,*,#7141,.T.);
#2967=ORIENTED_EDGE('',*,*,#7142,.T.);
#2968=ORIENTED_EDGE('',*,*,#7143,.T.);
#2969=ORIENTED_EDGE('',*,*,#7144,.T.);
#2970=ORIENTED_EDGE('',*,*,#7145,.T.);
#2971=ORIENTED_EDGE('',*,*,#7146,.T.);
#2972=ORIENTED_EDGE('',*,*,#7147,.T.);
#2973=ORIENTED_EDGE('',*,*,#7148,.T.);
#2974=ORIENTED_EDGE('',*,*,#7149,.T.);
#2975=ORIENTED_EDGE('',*,*,#7150,.T.);
#2976=ORIENTED_EDGE('',*,*,#7151,.T.);
#2977=ORIENTED_EDGE('',*,*,#7152,.T.);
#2978=ORIENTED_EDGE('',*,*,#7153,.F.);
#2979=ORIENTED_EDGE('',*,*,#7154,.F.);
#2980=ORIENTED_EDGE('',*,*,#7155,.T.);
#2981=ORIENTED_EDGE('',*,*,#7119,.F.);
#2982=ORIENTED_EDGE('',*,*,#7156,.T.);
#2983=ORIENTED_EDGE('',*,*,#7157,.T.);
#2984=ORIENTED_EDGE('',*,*,#7158,.T.);
#2985=ORIENTED_EDGE('',*,*,#7159,.T.);
#2986=ORIENTED_EDGE('',*,*,#7160,.T.);
#2987=ORIENTED_EDGE('',*,*,#7161,.T.);
#2988=ORIENTED_EDGE('',*,*,#7162,.F.);
#2989=ORIENTED_EDGE('',*,*,#7163,.T.);
#2990=ORIENTED_EDGE('',*,*,#7164,.T.);
#2991=ORIENTED_EDGE('',*,*,#7165,.T.);
#2992=ORIENTED_EDGE('',*,*,#7166,.T.);
#2993=ORIENTED_EDGE('',*,*,#7167,.T.);
#2994=ORIENTED_EDGE('',*,*,#7168,.F.);
#2995=ORIENTED_EDGE('',*,*,#7169,.F.);
#2996=ORIENTED_EDGE('',*,*,#7170,.T.);
#2997=ORIENTED_EDGE('',*,*,#7171,.F.);
#2998=ORIENTED_EDGE('',*,*,#7172,.F.);
#2999=ORIENTED_EDGE('',*,*,#7173,.T.);
#3000=ORIENTED_EDGE('',*,*,#7174,.T.);
#3001=ORIENTED_EDGE('',*,*,#7175,.T.);
#3002=ORIENTED_EDGE('',*,*,#7176,.T.);
#3003=ORIENTED_EDGE('',*,*,#7177,.T.);
#3004=ORIENTED_EDGE('',*,*,#7178,.T.);
#3005=ORIENTED_EDGE('',*,*,#7179,.T.);
#3006=ORIENTED_EDGE('',*,*,#7180,.T.);
#3007=ORIENTED_EDGE('',*,*,#7181,.T.);
#3008=ORIENTED_EDGE('',*,*,#7182,.T.);
#3009=ORIENTED_EDGE('',*,*,#7183,.T.);
#3010=ORIENTED_EDGE('',*,*,#7184,.T.);
#3011=ORIENTED_EDGE('',*,*,#7185,.T.);
#3012=ORIENTED_EDGE('',*,*,#7186,.T.);
#3013=ORIENTED_EDGE('',*,*,#7187,.T.);
#3014=ORIENTED_EDGE('',*,*,#7188,.T.);
#3015=ORIENTED_EDGE('',*,*,#7189,.T.);
#3016=ORIENTED_EDGE('',*,*,#7190,.F.);
#3017=ORIENTED_EDGE('',*,*,#7191,.F.);
#3018=ORIENTED_EDGE('',*,*,#7192,.T.);
#3019=CARTESIAN_POINT('',(2.4,-0.925,2.269040017874));
#3020=DIRECTION('',(-0.0,1.0,0.0));
#3021=DIRECTION('',(1.0,0.0,0.0));
#3022=ORIENTED_EDGE('',*,*,#7193,.T.);
#3023=ORIENTED_EDGE('',*,*,#7194,.T.);
#3024=ORIENTED_EDGE('',*,*,#7195,.T.);
#3025=ORIENTED_EDGE('',*,*,#7196,.T.);
#3026=ORIENTED_EDGE('',*,*,#7197,.T.);
#3027=ORIENTED_EDGE('',*,*,#7198,.T.);
#3028=ORIENTED_EDGE('',*,*,#7199,.T.);
#3029=ORIENTED_EDGE('',*,*,#7192,.F.);
#3030=CARTESIAN_POINT('',(-2.625,-0.875,-4.000382868511));
#3031=DIRECTION('',(-1.0,0.0,0.0));
#3032=DIRECTION('',(0.0,0.0,1.0));
#3033=ORIENTED_EDGE('',*,*,#7199,.F.);
#3034=ORIENTED_EDGE('',*,*,#7200,.F.);
#3035=ORIENTED_EDGE('',*,*,#7201,.F.);
#3036=ORIENTED_EDGE('',*,*,#7169,.T.);
#3037=CARTESIAN_POINT('',(-4.8000024,-1.075,-3.026230360991));
#3038=DIRECTION('',(0.0,0.642787609686505,0.766044443119007));
#3039=DIRECTION('',(1.0,-0.0,0.0));
#3040=ORIENTED_EDGE('',*,*,#7202,.T.);
#3041=ORIENTED_EDGE('',*,*,#7170,.F.);
#3042=ORIENTED_EDGE('',*,*,#7201,.T.);
#3043=ORIENTED_EDGE('',*,*,#7203,.T.);
#3044=ORIENTED_EDGE('',*,*,#7204,.T.);
#3045=ORIENTED_EDGE('',*,*,#7205,.T.);
#3046=ORIENTED_EDGE('',*,*,#7206,.T.);
#3047=ORIENTED_EDGE('',*,*,#7207,.T.);
#3048=CARTESIAN_POINT('',(-2.125,-0.875,-1.721228982126));
#3049=DIRECTION('',(1.0,0.0,0.0));
#3050=DIRECTION('',(0.0,1.0,0.0));
#3051=ORIENTED_EDGE('',*,*,#7208,.F.);
#3052=ORIENTED_EDGE('',*,*,#7207,.F.);
#3053=ORIENTED_EDGE('',*,*,#7209,.F.);
#3054=ORIENTED_EDGE('',*,*,#7194,.F.);
#3055=CARTESIAN_POINT('',(2.375,-1.075,-2.575000017874));
#3056=DIRECTION('',(0.0,-1.0,0.0));
#3057=DIRECTION('',(0.0,0.0,-1.0));
#3058=ORIENTED_EDGE('',*,*,#7206,.F.);
#3059=ORIENTED_EDGE('',*,*,#7210,.T.);
#3060=ORIENTED_EDGE('',*,*,#7195,.F.);
#3061=ORIENTED_EDGE('',*,*,#7209,.T.);
#3062=CARTESIAN_POINT('',(0.0,-0.075,-2.620248495719));
#3063=DIRECTION('',(1.0,-0.0,0.0));
#3064=DIRECTION('',(0.0,0.0,1.0));
#3065=ORIENTED_EDGE('',*,*,#7205,.F.);
#3066=ORIENTED_EDGE('',*,*,#7211,.T.);
#3067=ORIENTED_EDGE('',*,*,#7196,.F.);
#3068=ORIENTED_EDGE('',*,*,#7210,.F.);
#3069=CARTESIAN_POINT('',(-2.375,-0.975,-2.021228982126));
#3070=DIRECTION('',(0.0,-0.980580675690916,0.196116135138203));
#3071=DIRECTION('',(-1.0,0.0,0.0));
#3072=ORIENTED_EDGE('',*,*,#7212,.F.);
#3073=ORIENTED_EDGE('',*,*,#7097,.F.);
#3074=ORIENTED_EDGE('',*,*,#7085,.F.);
#3075=ORIENTED_EDGE('',*,*,#7213,.T.);
#3076=ORIENTED_EDGE('',*,*,#7214,.T.);
#3077=ORIENTED_EDGE('',*,*,#7215,.T.);
#3078=ORIENTED_EDGE('',*,*,#7060,.F.);
#3079=ORIENTED_EDGE('',*,*,#7197,.F.);
#3080=ORIENTED_EDGE('',*,*,#7211,.F.);
#3081=ORIENTED_EDGE('',*,*,#7204,.F.);
#3082=ORIENTED_EDGE('',*,*,#7216,.F.);
#3083=CARTESIAN_POINT('',(-2.725,-0.875,-4.900000017874));
#3084=DIRECTION('',(-0.0,1.0,0.0));
#3085=DIRECTION('',(1.0,0.0,0.0));
#3086=ORIENTED_EDGE('',*,*,#7198,.F.);
#3087=ORIENTED_EDGE('',*,*,#7216,.T.);
#3088=ORIENTED_EDGE('',*,*,#7203,.F.);
#3089=ORIENTED_EDGE('',*,*,#7200,.T.);
#3090=CARTESIAN_POINT('',(0.0,-0.975,-3.240681053042));
#3091=DIRECTION('',(1.0,-0.0,0.0));
#3092=DIRECTION('',(0.0,0.0,1.0));
#3093=ORIENTED_EDGE('',*,*,#7215,.F.);
#3094=ORIENTED_EDGE('',*,*,#7217,.T.);
#3095=ORIENTED_EDGE('',*,*,#7218,.F.);
#3096=ORIENTED_EDGE('',*,*,#7219,.T.);
#3097=ORIENTED_EDGE('',*,*,#7220,.F.);
#3098=ORIENTED_EDGE('',*,*,#7221,.T.);
#3099=ORIENTED_EDGE('',*,*,#7061,.F.);
#3100=CARTESIAN_POINT('',(-2.725,-0.325,-4.100000017874));
#3101=DIRECTION('',(1.0,0.0,0.0));
#3102=DIRECTION('',(0.0,1.0,0.0));
#3103=ORIENTED_EDGE('',*,*,#7222,.F.);
#3104=ORIENTED_EDGE('',*,*,#7062,.T.);
#3105=ORIENTED_EDGE('',*,*,#7221,.F.);
#3106=ORIENTED_EDGE('',*,*,#7223,.T.);
#3107=CARTESIAN_POINT('',(0.0,-0.225,-3.949000017874));
#3108=DIRECTION('',(1.0,-0.0,0.0));
#3109=DIRECTION('',(0.0,0.0,1.0));
#3110=ORIENTED_EDGE('',*,*,#7220,.T.);
#3111=ORIENTED_EDGE('',*,*,#7224,.T.);
#3112=ORIENTED_EDGE('',*,*,#7225,.T.);
#3113=ORIENTED_EDGE('',*,*,#7223,.F.);
#3114=CARTESIAN_POINT('',(-2.8,-0.375,-4.100000017874));
#3115=DIRECTION('',(-0.0,1.0,0.0));
#3116=DIRECTION('',(1.0,0.0,0.0));
#3117=ORIENTED_EDGE('',*,*,#7226,.T.);
#3118=ORIENTED_EDGE('',*,*,#7227,.T.);
#3119=ORIENTED_EDGE('',*,*,#7228,.T.);
#3120=ORIENTED_EDGE('',*,*,#7213,.F.);
#3121=ORIENTED_EDGE('',*,*,#7063,.F.);
#3122=ORIENTED_EDGE('',*,*,#7222,.T.);
#3123=ORIENTED_EDGE('',*,*,#7225,.F.);
#3124=CARTESIAN_POINT('',(-2.025,-0.375,-1.100000017874));
#3125=DIRECTION('',(-1.0,0.0,0.0));
#3126=DIRECTION('',(0.0,0.0,1.0));
#3127=ORIENTED_EDGE('',*,*,#7228,.F.);
#3128=ORIENTED_EDGE('',*,*,#7229,.F.);
#3129=ORIENTED_EDGE('',*,*,#7217,.F.);
#3130=ORIENTED_EDGE('',*,*,#7214,.F.);
#3131=CARTESIAN_POINT('',(-2.5875,-0.775,-0.9000000178741));
#3132=DIRECTION('',(0.0,0.948683298050524,-0.316227766016808));
#3133=DIRECTION('',(-1.0,0.0,0.0));
#3134=ORIENTED_EDGE('',*,*,#7218,.T.);
#3135=ORIENTED_EDGE('',*,*,#7229,.T.);
#3136=ORIENTED_EDGE('',*,*,#7227,.F.);
#3137=ORIENTED_EDGE('',*,*,#7230,.F.);
#3138=CARTESIAN_POINT('',(0.0,0.0,-0.6000000178741));
#3139=DIRECTION('',(0.0,0.0,1.0));
#3140=DIRECTION('',(1.0,0.0,0.0));
#3141=ORIENTED_EDGE('',*,*,#7226,.F.);
#3142=ORIENTED_EDGE('',*,*,#7224,.F.);
#3143=ORIENTED_EDGE('',*,*,#7219,.F.);
#3144=ORIENTED_EDGE('',*,*,#7230,.T.);
#3145=CARTESIAN_POINT('',(-2.375,-0.425,-0.6500000178741));
#3146=DIRECTION('',(0.0,0.707106781186548,0.707106781186548));
#3147=DIRECTION('',(1.0,0.0,-0.0));
#3148=ORIENTED_EDGE('',*,*,#7059,.F.);
#3149=ORIENTED_EDGE('',*,*,#7231,.T.);
#3150=ORIENTED_EDGE('',*,*,#7098,.F.);
#3151=ORIENTED_EDGE('',*,*,#7212,.T.);
#3152=CARTESIAN_POINT('',(-3.2,-0.075,1.640240517874));
#3153=DIRECTION('',(0.0,0.0,1.0));
#3154=DIRECTION('',(-1.0,0.0,0.0));
#3155=ORIENTED_EDGE('',*,*,#7099,.T.);
#3156=ORIENTED_EDGE('',*,*,#7231,.F.);
#3157=ORIENTED_EDGE('',*,*,#7058,.T.);
#3158=ORIENTED_EDGE('',*,*,#7232,.F.);
#3159=CARTESIAN_POINT('',(-4.0,-1.225,-4.700000017874));
#3160=DIRECTION('',(-1.0,0.0,0.0));
#3161=DIRECTION('',(0.0,0.0,1.0));
#3162=ORIENTED_EDGE('',*,*,#7100,.F.);
#3163=ORIENTED_EDGE('',*,*,#7232,.T.);
#3164=ORIENTED_EDGE('',*,*,#7057,.F.);
#3165=ORIENTED_EDGE('',*,*,#7102,.T.);
#3166=CARTESIAN_POINT('',(-3.2,1.425,1.640240517874));
#3167=DIRECTION('',(0.0,0.0,-1.0));
#3168=DIRECTION('',(1.0,0.0,0.0));
#3169=ORIENTED_EDGE('',*,*,#7191,.T.);
#3170=ORIENTED_EDGE('',*,*,#7190,.T.);
#3171=ORIENTED_EDGE('',*,*,#7233,.F.);
#3172=ORIENTED_EDGE('',*,*,#7234,.T.);
#3173=ORIENTED_EDGE('',*,*,#7235,.F.);
#3174=ORIENTED_EDGE('',*,*,#7172,.T.);
#3175=ORIENTED_EDGE('',*,*,#7171,.T.);
#3176=ORIENTED_EDGE('',*,*,#7202,.F.);
#3177=ORIENTED_EDGE('',*,*,#7208,.T.);
#3178=ORIENTED_EDGE('',*,*,#7193,.F.);
#3179=CARTESIAN_POINT('',(-2.025,-1.225,-2.976997982126));
#3180=DIRECTION('',(-1.0,0.0,0.0));
#3181=DIRECTION('',(0.0,-0.986285601537227,0.165047605860704));
#3182=ORIENTED_EDGE('',*,*,#7235,.T.);
#3183=ORIENTED_EDGE('',*,*,#7236,.T.);
#3184=ORIENTED_EDGE('',*,*,#7237,.F.);
#3185=ORIENTED_EDGE('',*,*,#7238,.F.);
#3186=ORIENTED_EDGE('',*,*,#7173,.F.);
#3187=CARTESIAN_POINT('',(-2.025,-0.925,-2.549997982126));
#3188=DIRECTION('',(1.0,0.0,0.0));
#3189=DIRECTION('',(0.0,1.0,0.0));
#3190=ORIENTED_EDGE('',*,*,#7174,.F.);
#3191=ORIENTED_EDGE('',*,*,#7238,.T.);
#3192=ORIENTED_EDGE('',*,*,#7239,.F.);
#3193=ORIENTED_EDGE('',*,*,#7240,.F.);
#3194=CARTESIAN_POINT('',(-1.875,-0.925,-2.549997982126));
#3195=DIRECTION('',(0.0,0.0,-1.0));
#3196=DIRECTION('',(0.0,-1.0,0.0));
#3197=ORIENTED_EDGE('',*,*,#7241,.F.);
#3198=ORIENTED_EDGE('',*,*,#7242,.T.);
#3199=ORIENTED_EDGE('',*,*,#7175,.F.);
#3200=ORIENTED_EDGE('',*,*,#7240,.T.);
#3201=CARTESIAN_POINT('',(-1.925,-0.9896795485797,-2.399997982126));
#3202=DIRECTION('',(0.0,1.0,-0.0));
#3203=DIRECTION('',(-1.0,0.0,0.0));
#3204=ORIENTED_EDGE('',*,*,#7176,.F.);
#3205=ORIENTED_EDGE('',*,*,#7242,.F.);
#3206=ORIENTED_EDGE('',*,*,#7243,.F.);
#3207=ORIENTED_EDGE('',*,*,#7244,.F.);
#3208=CARTESIAN_POINT('',(-1.775,-0.925,-2.399997982126));
#3209=DIRECTION('',(1.0,0.0,0.0));
#3210=DIRECTION('',(0.0,1.0,0.0));
#3211=ORIENTED_EDGE('',*,*,#7177,.F.);
#3212=ORIENTED_EDGE('',*,*,#7244,.T.);
#3213=ORIENTED_EDGE('',*,*,#7245,.F.);
#3214=ORIENTED_EDGE('',*,*,#7246,.F.);
#3215=CARTESIAN_POINT('',(-1.925,-0.9896795485797,-2.299997982126));
#3216=DIRECTION('',(0.0,1.0,-0.0));
#3217=DIRECTION('',(-1.0,0.0,0.0));
#3218=ORIENTED_EDGE('',*,*,#7247,.F.);
#3219=ORIENTED_EDGE('',*,*,#7248,.T.);
#3220=ORIENTED_EDGE('',*,*,#7178,.F.);
#3221=ORIENTED_EDGE('',*,*,#7246,.T.);
#3222=CARTESIAN_POINT('',(-1.875,-1.075,-2.004193992971));
#3223=DIRECTION('',(0.0,1.0,-0.0));
#3224=DIRECTION('',(-1.0,0.0,0.0));
#3225=ORIENTED_EDGE('',*,*,#7179,.F.);
#3226=ORIENTED_EDGE('',*,*,#7248,.F.);
#3227=ORIENTED_EDGE('',*,*,#7249,.F.);
#3228=ORIENTED_EDGE('',*,*,#7250,.F.);
#3229=CARTESIAN_POINT('',(-2.025,-0.925,-1.299997982126));
#3230=DIRECTION('',(1.0,0.0,0.0));
#3231=DIRECTION('',(0.0,1.0,0.0));
#3232=ORIENTED_EDGE('',*,*,#7251,.F.);
#3233=ORIENTED_EDGE('',*,*,#7252,.T.);
#3234=ORIENTED_EDGE('',*,*,#7180,.F.);
#3235=ORIENTED_EDGE('',*,*,#7250,.T.);
#3236=CARTESIAN_POINT('',(-2.175,-0.9896795485797,-1.249997982126));
#3237=DIRECTION('',(0.0,1.0,-0.0));
#3238=DIRECTION('',(-1.0,0.0,0.0));
#3239=ORIENTED_EDGE('',*,*,#7181,.F.);
#3240=ORIENTED_EDGE('',*,*,#7252,.F.);
#3241=ORIENTED_EDGE('',*,*,#7253,.F.);
#3242=ORIENTED_EDGE('',*,*,#7254,.F.);
#3243=CARTESIAN_POINT('',(-2.625,-0.925,-1.099997982126));
#3244=DIRECTION('',(0.0,0.0,1.0));
#3245=DIRECTION('',(1.0,0.0,0.0));
#3246=ORIENTED_EDGE('',*,*,#7255,.F.);
#3247=ORIENTED_EDGE('',*,*,#7256,.T.);
#3248=ORIENTED_EDGE('',*,*,#7182,.F.);
#3249=ORIENTED_EDGE('',*,*,#7254,.T.);
#3250=CARTESIAN_POINT('',(-2.575,-0.9896795485797,-1.249997982126));
#3251=DIRECTION('',(0.0,1.0,-0.0));
#3252=DIRECTION('',(-1.0,0.0,0.0));
#3253=ORIENTED_EDGE('',*,*,#7183,.F.);
#3254=ORIENTED_EDGE('',*,*,#7256,.F.);
#3255=ORIENTED_EDGE('',*,*,#7257,.F.);
#3256=ORIENTED_EDGE('',*,*,#7258,.F.);
#3257=CARTESIAN_POINT('',(-2.725,-0.925,-2.199997982126));
#3258=DIRECTION('',(-1.0,0.0,0.0));
#3259=DIRECTION('',(0.0,0.0,1.0));
#3260=ORIENTED_EDGE('',*,*,#7259,.F.);
#3261=ORIENTED_EDGE('',*,*,#7260,.F.);
#3262=ORIENTED_EDGE('',*,*,#7184,.F.);
#3263=ORIENTED_EDGE('',*,*,#7258,.T.);
#3264=CARTESIAN_POINT('',(-2.875,-1.075,-2.004193992971));
#3265=DIRECTION('',(0.0,1.0,-0.0));
#3266=DIRECTION('',(-1.0,0.0,0.0));
#3267=ORIENTED_EDGE('',*,*,#7261,.F.);
#3268=ORIENTED_EDGE('',*,*,#7262,.T.);
#3269=ORIENTED_EDGE('',*,*,#7185,.F.);
#3270=ORIENTED_EDGE('',*,*,#7260,.T.);
#3271=CARTESIAN_POINT('',(-2.825,-0.9896795485797,-2.299997982126));
#3272=DIRECTION('',(0.0,1.0,-0.0));
#3273=DIRECTION('',(-1.0,0.0,0.0));
#3274=ORIENTED_EDGE('',*,*,#7186,.F.);
#3275=ORIENTED_EDGE('',*,*,#7262,.F.);
#3276=ORIENTED_EDGE('',*,*,#7263,.F.);
#3277=ORIENTED_EDGE('',*,*,#7264,.F.);
#3278=CARTESIAN_POINT('',(-2.975,-0.925,-2.449997982126));
#3279=DIRECTION('',(-1.0,0.0,0.0));
#3280=DIRECTION('',(0.0,0.0,1.0));
#3281=ORIENTED_EDGE('',*,*,#7265,.F.);
#3282=ORIENTED_EDGE('',*,*,#7266,.T.);
#3283=ORIENTED_EDGE('',*,*,#7187,.F.);
#3284=ORIENTED_EDGE('',*,*,#7264,.T.);
#3285=CARTESIAN_POINT('',(-2.825,-0.9896795485797,-2.399997982126));
#3286=DIRECTION('',(0.0,1.0,-0.0));
#3287=DIRECTION('',(-1.0,0.0,0.0));
#3288=ORIENTED_EDGE('',*,*,#7267,.F.);
#3289=ORIENTED_EDGE('',*,*,#7268,.F.);
#3290=ORIENTED_EDGE('',*,*,#7188,.F.);
#3291=ORIENTED_EDGE('',*,*,#7266,.F.);
#3292=CARTESIAN_POINT('',(-2.725,-0.925,-2.549997982126));
#3293=DIRECTION('',(0.0,0.0,-1.0));
#3294=DIRECTION('',(0.0,-1.0,0.0));
#3295=ORIENTED_EDGE('',*,*,#7189,.F.);
#3296=ORIENTED_EDGE('',*,*,#7268,.T.);
#3297=ORIENTED_EDGE('',*,*,#7269,.F.);
#3298=ORIENTED_EDGE('',*,*,#7270,.T.);
#3299=ORIENTED_EDGE('',*,*,#7233,.T.);
#3300=CARTESIAN_POINT('',(-2.725,-0.925,-2.976997982126));
#3301=DIRECTION('',(-1.0,0.0,0.0));
#3302=DIRECTION('',(0.0,0.0,1.0));
#3303=ORIENTED_EDGE('',*,*,#7271,.F.);
#3304=ORIENTED_EDGE('',*,*,#7272,.F.);
#3305=ORIENTED_EDGE('',*,*,#7273,.F.);
#3306=ORIENTED_EDGE('',*,*,#7236,.F.);
#3307=ORIENTED_EDGE('',*,*,#7234,.F.);
#3308=ORIENTED_EDGE('',*,*,#7270,.F.);
#3309=CARTESIAN_POINT('',(-2.025,-1.119937785622,-2.695996325351));
#3310=DIRECTION('',(0.0,0.350207381259111,0.936672189248531));
#3311=DIRECTION('',(1.0,-0.0,0.0));
#3312=ORIENTED_EDGE('',*,*,#7274,.T.);
#3313=ORIENTED_EDGE('',*,*,#7275,.T.);
#3314=ORIENTED_EDGE('',*,*,#7276,.T.);
#3315=ORIENTED_EDGE('',*,*,#7277,.T.);
#3316=ORIENTED_EDGE('',*,*,#7273,.T.);
#3317=CARTESIAN_POINT('',(-2.025,-1.129843466166,-2.807121971708));
#3318=DIRECTION('',(-1.0,0.0,0.0));
#3319=DIRECTION('',(0.0,0.0,1.0));
#3320=ORIENTED_EDGE('',*,*,#7278,.T.);
#3321=ORIENTED_EDGE('',*,*,#7279,.F.);
#3322=ORIENTED_EDGE('',*,*,#7280,.T.);
#3323=ORIENTED_EDGE('',*,*,#7281,.T.);
#3324=ORIENTED_EDGE('',*,*,#7282,.F.);
#3325=ORIENTED_EDGE('',*,*,#7283,.F.);
#3326=ORIENTED_EDGE('',*,*,#7284,.F.);
#3327=ORIENTED_EDGE('',*,*,#7285,.T.);
#3328=ORIENTED_EDGE('',*,*,#7286,.F.);
#3329=ORIENTED_EDGE('',*,*,#7287,.T.);
#3330=ORIENTED_EDGE('',*,*,#7288,.T.);
#3331=ORIENTED_EDGE('',*,*,#7289,.T.);
#3332=ORIENTED_EDGE('',*,*,#7290,.T.);
#3333=ORIENTED_EDGE('',*,*,#7291,.T.);
#3334=ORIENTED_EDGE('',*,*,#7292,.T.);
#3335=ORIENTED_EDGE('',*,*,#7293,.T.);
#3336=ORIENTED_EDGE('',*,*,#7294,.F.);
#3337=ORIENTED_EDGE('',*,*,#7295,.T.);
#3338=ORIENTED_EDGE('',*,*,#7296,.T.);
#3339=ORIENTED_EDGE('',*,*,#7297,.T.);
#3340=ORIENTED_EDGE('',*,*,#7298,.T.);
#3341=ORIENTED_EDGE('',*,*,#7299,.T.);
#3342=ORIENTED_EDGE('',*,*,#7300,.F.);
#3343=ORIENTED_EDGE('',*,*,#7301,.T.);
#3344=ORIENTED_EDGE('',*,*,#7302,.T.);
#3345=ORIENTED_EDGE('',*,*,#7303,.T.);
#3346=ORIENTED_EDGE('',*,*,#7304,.T.);
#3347=ORIENTED_EDGE('',*,*,#7305,.T.);
#3348=ORIENTED_EDGE('',*,*,#7306,.F.);
#3349=ORIENTED_EDGE('',*,*,#7307,.T.);
#3350=ORIENTED_EDGE('',*,*,#7308,.T.);
#3351=ORIENTED_EDGE('',*,*,#7309,.T.);
#3352=ORIENTED_EDGE('',*,*,#7310,.T.);
#3353=ORIENTED_EDGE('',*,*,#7311,.T.);
#3354=ORIENTED_EDGE('',*,*,#7312,.T.);
#3355=ORIENTED_EDGE('',*,*,#7313,.T.);
#3356=ORIENTED_EDGE('',*,*,#7314,.T.);
#3357=ORIENTED_EDGE('',*,*,#7315,.T.);
#3358=ORIENTED_EDGE('',*,*,#7316,.F.);
#3359=ORIENTED_EDGE('',*,*,#7317,.T.);
#3360=ORIENTED_EDGE('',*,*,#7318,.F.);
#3361=ORIENTED_EDGE('',*,*,#7319,.T.);
#3362=ORIENTED_EDGE('',*,*,#7320,.T.);
#3363=ORIENTED_EDGE('',*,*,#7321,.T.);
#3364=ORIENTED_EDGE('',*,*,#7322,.T.);
#3365=ORIENTED_EDGE('',*,*,#7323,.T.);
#3366=ORIENTED_EDGE('',*,*,#7324,.T.);
#3367=ORIENTED_EDGE('',*,*,#7325,.T.);
#3368=ORIENTED_EDGE('',*,*,#7326,.T.);
#3369=ORIENTED_EDGE('',*,*,#7327,.T.);
#3370=ORIENTED_EDGE('',*,*,#7251,.T.);
#3371=ORIENTED_EDGE('',*,*,#7249,.T.);
#3372=ORIENTED_EDGE('',*,*,#7247,.T.);
#3373=ORIENTED_EDGE('',*,*,#7245,.T.);
#3374=ORIENTED_EDGE('',*,*,#7243,.T.);
#3375=ORIENTED_EDGE('',*,*,#7241,.T.);
#3376=ORIENTED_EDGE('',*,*,#7239,.T.);
#3377=ORIENTED_EDGE('',*,*,#7237,.T.);
#3378=ORIENTED_EDGE('',*,*,#7277,.F.);
#3379=ORIENTED_EDGE('',*,*,#7328,.T.);
#3380=ORIENTED_EDGE('',*,*,#7329,.F.);
#3381=ORIENTED_EDGE('',*,*,#7269,.T.);
#3382=ORIENTED_EDGE('',*,*,#7267,.T.);
#3383=ORIENTED_EDGE('',*,*,#7265,.T.);
#3384=ORIENTED_EDGE('',*,*,#7263,.T.);
#3385=ORIENTED_EDGE('',*,*,#7261,.T.);
#3386=ORIENTED_EDGE('',*,*,#7259,.T.);
#3387=ORIENTED_EDGE('',*,*,#7257,.T.);
#3388=ORIENTED_EDGE('',*,*,#7255,.T.);
#3389=ORIENTED_EDGE('',*,*,#7253,.T.);
#3390=ORIENTED_EDGE('',*,*,#7330,.T.);
#3391=ORIENTED_EDGE('',*,*,#7331,.F.);
#3392=ORIENTED_EDGE('',*,*,#7332,.T.);
#3393=ORIENTED_EDGE('',*,*,#7333,.F.);
#3394=ORIENTED_EDGE('',*,*,#7334,.T.);
#3395=ORIENTED_EDGE('',*,*,#7335,.F.);
#3396=ORIENTED_EDGE('',*,*,#7336,.T.);
#3397=ORIENTED_EDGE('',*,*,#7337,.F.);
#3398=CARTESIAN_POINT('',(3.2,-1.225,2.269040017874));
#3399=DIRECTION('',(0.0,-1.0,0.0));
#3400=DIRECTION('',(0.0,0.0,-1.0));
#3401=ORIENTED_EDGE('',*,*,#7338,.F.);
#3402=ORIENTED_EDGE('',*,*,#7337,.T.);
#3403=ORIENTED_EDGE('',*,*,#7339,.F.);
#3404=ORIENTED_EDGE('',*,*,#7340,.T.);
#3405=CARTESIAN_POINT('',(2.55,-1.325,-3.669037982126));
#3406=DIRECTION('',(-0.0,0.0,1.0));
#3407=DIRECTION('',(1.0,0.0,0.0));
#3408=ORIENTED_EDGE('',*,*,#7341,.F.);
#3409=ORIENTED_EDGE('',*,*,#7342,.T.);
#3410=ORIENTED_EDGE('',*,*,#7343,.F.);
#3411=ORIENTED_EDGE('',*,*,#7340,.F.);
#3412=CARTESIAN_POINT('',(2.723205080757,-1.225,-3.669037982126));
#3413=DIRECTION('',(-0.0,0.0,1.0));
#3414=DIRECTION('',(1.0,0.0,0.0));
#3415=ORIENTED_EDGE('',*,*,#7343,.T.);
#3416=ORIENTED_EDGE('',*,*,#7344,.F.);
#3417=ORIENTED_EDGE('',*,*,#7345,.T.);
#3418=ORIENTED_EDGE('',*,*,#7346,.T.);
#3419=ORIENTED_EDGE('',*,*,#7347,.T.);
#3420=ORIENTED_EDGE('',*,*,#7334,.F.);
#3421=ORIENTED_EDGE('',*,*,#7338,.T.);
#3422=ORIENTED_EDGE('',*,*,#7346,.F.);
#3423=CARTESIAN_POINT('',(2.8,-1.325,3.550000017874));
#3424=DIRECTION('',(0.0,-1.0,0.0));
#3425=DIRECTION('',(-1.0,0.0,0.0));
#3426=ORIENTED_EDGE('',*,*,#7348,.F.);
#3427=ORIENTED_EDGE('',*,*,#7335,.T.);
#3428=ORIENTED_EDGE('',*,*,#7347,.F.);
#3429=ORIENTED_EDGE('',*,*,#7349,.T.);
#3430=CARTESIAN_POINT('',(3.05,-1.325,-3.669037982126));
#3431=DIRECTION('',(-0.0,0.0,-1.0));
#3432=DIRECTION('',(-1.0,0.0,0.0));
#3433=ORIENTED_EDGE('',*,*,#7345,.F.);
#3434=ORIENTED_EDGE('',*,*,#7350,.T.);
#3435=ORIENTED_EDGE('',*,*,#7351,.F.);
#3436=ORIENTED_EDGE('',*,*,#7349,.F.);
#3437=CARTESIAN_POINT('',(2.876794919243,-1.225,-3.669037982126));
#3438=DIRECTION('',(-0.0,0.0,-1.0));
#3439=DIRECTION('',(-1.0,0.0,0.0));
#3440=ORIENTED_EDGE('',*,*,#7351,.T.);
#3441=ORIENTED_EDGE('',*,*,#7352,.F.);
#3442=ORIENTED_EDGE('',*,*,#7341,.T.);
#3443=ORIENTED_EDGE('',*,*,#7353,.T.);
#3444=ORIENTED_EDGE('',*,*,#7339,.T.);
#3445=ORIENTED_EDGE('',*,*,#7336,.F.);
#3446=ORIENTED_EDGE('',*,*,#7348,.T.);
#3447=ORIENTED_EDGE('',*,*,#7353,.F.);
#3448=CARTESIAN_POINT('',(2.8,-1.325,2.450000017874));
#3449=DIRECTION('',(0.0,-1.0,0.0));
#3450=DIRECTION('',(-1.0,0.0,0.0));
#3451=ORIENTED_EDGE('',*,*,#7342,.F.);
#3452=ORIENTED_EDGE('',*,*,#7352,.T.);
#3453=ORIENTED_EDGE('',*,*,#7350,.F.);
#3454=ORIENTED_EDGE('',*,*,#7344,.T.);
#3455=CARTESIAN_POINT('',(0.0,-1.325,1.640240517874));
#3456=DIRECTION('',(0.0,-1.0,0.0));
#3457=DIRECTION('',(0.0,0.0,-1.0));
#3458=ORIENTED_EDGE('',*,*,#7354,.F.);
#3459=ORIENTED_EDGE('',*,*,#7355,.F.);
#3460=ORIENTED_EDGE('',*,*,#7356,.F.);
#3461=ORIENTED_EDGE('',*,*,#7167,.F.);
#3462=ORIENTED_EDGE('',*,*,#7357,.T.);
#3463=ORIENTED_EDGE('',*,*,#7307,.F.);
#3464=ORIENTED_EDGE('',*,*,#7358,.T.);
#3465=ORIENTED_EDGE('',*,*,#7359,.T.);
#3466=CARTESIAN_POINT('',(0.85,-0.9896795485797,0.3995210178741));
#3467=DIRECTION('',(0.0,-1.0,0.0));
#3468=DIRECTION('',(1.0,0.0,0.0));
#3469=ORIENTED_EDGE('',*,*,#7359,.F.);
#3470=ORIENTED_EDGE('',*,*,#7360,.T.);
#3471=ORIENTED_EDGE('',*,*,#7361,.T.);
#3472=ORIENTED_EDGE('',*,*,#7362,.T.);
#3473=ORIENTED_EDGE('',*,*,#7363,.T.);
#3474=ORIENTED_EDGE('',*,*,#7364,.T.);
#3475=ORIENTED_EDGE('',*,*,#7365,.F.);
#3476=ORIENTED_EDGE('',*,*,#7366,.T.);
#3477=CARTESIAN_POINT('',(0.5071010071663,-0.918923285913,0.5495210178741));
#3478=DIRECTION('',(0.0,0.0,-1.0));
#3479=DIRECTION('',(0.0,-1.0,0.0));
#3480=ORIENTED_EDGE('',*,*,#7367,.F.);
#3481=ORIENTED_EDGE('',*,*,#7368,.T.);
#3482=ORIENTED_EDGE('',*,*,#7369,.T.);
#3483=ORIENTED_EDGE('',*,*,#7370,.T.);
#3484=ORIENTED_EDGE('',*,*,#7371,.T.);
#3485=ORIENTED_EDGE('',*,*,#7372,.T.);
#3486=ORIENTED_EDGE('',*,*,#7373,.F.);
#3487=ORIENTED_EDGE('',*,*,#7374,.T.);
#3488=ORIENTED_EDGE('',*,*,#7375,.F.);
#3489=ORIENTED_EDGE('',*,*,#7376,.T.);
#3490=ORIENTED_EDGE('',*,*,#7377,.F.);
#3491=ORIENTED_EDGE('',*,*,#7378,.T.);
#3492=ORIENTED_EDGE('',*,*,#7379,.F.);
#3493=ORIENTED_EDGE('',*,*,#7354,.T.);
#3494=ORIENTED_EDGE('',*,*,#7366,.F.);
#3495=ORIENTED_EDGE('',*,*,#7380,.T.);
#3496=CARTESIAN_POINT('',(-1.5,-0.91,0.6700020178741));
#3497=DIRECTION('',(0.0,-1.0,0.0));
#3498=DIRECTION('',(0.0,0.0,-1.0));
#3499=ORIENTED_EDGE('',*,*,#7380,.F.);
#3500=ORIENTED_EDGE('',*,*,#7365,.T.);
#3501=ORIENTED_EDGE('',*,*,#7381,.T.);
#3502=ORIENTED_EDGE('',*,*,#7299,.F.);
#3503=ORIENTED_EDGE('',*,*,#7382,.T.);
#3504=ORIENTED_EDGE('',*,*,#7163,.F.);
#3505=ORIENTED_EDGE('',*,*,#7383,.F.);
#3506=ORIENTED_EDGE('',*,*,#7384,.F.);
#3507=CARTESIAN_POINT('',(-0.85,-0.9896795485797,0.3995210178741));
#3508=DIRECTION('',(0.0,1.0,-0.0));
#3509=DIRECTION('',(-1.0,0.0,0.0));
#3510=ORIENTED_EDGE('',*,*,#7384,.T.);
#3511=ORIENTED_EDGE('',*,*,#7385,.F.);
#3512=ORIENTED_EDGE('',*,*,#7386,.T.);
#3513=ORIENTED_EDGE('',*,*,#7375,.T.);
#3514=CARTESIAN_POINT('',(0.0,-0.5747269476667,1.359521017874));
#3515=DIRECTION('',(-0.342020143325699,0.939692620785897,0.0));
#3516=DIRECTION('',(0.0,0.0,1.0));
#3517=ORIENTED_EDGE('',*,*,#7376,.F.);
#3518=ORIENTED_EDGE('',*,*,#7386,.F.);
#3519=ORIENTED_EDGE('',*,*,#7387,.F.);
#3520=ORIENTED_EDGE('',*,*,#7161,.F.);
#3521=ORIENTED_EDGE('',*,*,#7388,.T.);
#3522=ORIENTED_EDGE('',*,*,#7301,.F.);
#3523=ORIENTED_EDGE('',*,*,#7389,.T.);
#3524=ORIENTED_EDGE('',*,*,#7390,.T.);
#3525=CARTESIAN_POINT('',(-0.85,-0.9896795485797,1.299521017874));
#3526=DIRECTION('',(0.0,-1.0,0.0));
#3527=DIRECTION('',(1.0,0.0,0.0));
#3528=ORIENTED_EDGE('',*,*,#7390,.F.);
#3529=ORIENTED_EDGE('',*,*,#7391,.T.);
#3530=ORIENTED_EDGE('',*,*,#7392,.T.);
#3531=ORIENTED_EDGE('',*,*,#7393,.T.);
#3532=ORIENTED_EDGE('',*,*,#7394,.T.);
#3533=ORIENTED_EDGE('',*,*,#7395,.T.);
#3534=ORIENTED_EDGE('',*,*,#7396,.F.);
#3535=ORIENTED_EDGE('',*,*,#7377,.T.);
#3536=CARTESIAN_POINT('',(0.98,-0.825,1.149521017874));
#3537=DIRECTION('',(0.0,0.0,1.0));
#3538=DIRECTION('',(1.0,0.0,0.0));
#3539=ORIENTED_EDGE('',*,*,#7378,.F.);
#3540=ORIENTED_EDGE('',*,*,#7396,.T.);
#3541=ORIENTED_EDGE('',*,*,#7397,.T.);
#3542=ORIENTED_EDGE('',*,*,#7305,.F.);
#3543=ORIENTED_EDGE('',*,*,#7398,.T.);
#3544=ORIENTED_EDGE('',*,*,#7157,.F.);
#3545=ORIENTED_EDGE('',*,*,#7399,.F.);
#3546=ORIENTED_EDGE('',*,*,#7400,.F.);
#3547=CARTESIAN_POINT('',(0.85,-0.9896795485797,1.299521017874));
#3548=DIRECTION('',(0.0,1.0,-0.0));
#3549=DIRECTION('',(-1.0,0.0,0.0));
#3550=ORIENTED_EDGE('',*,*,#7400,.T.);
#3551=ORIENTED_EDGE('',*,*,#7401,.F.);
#3552=ORIENTED_EDGE('',*,*,#7355,.T.);
#3553=ORIENTED_EDGE('',*,*,#7379,.T.);
#3554=CARTESIAN_POINT('',(0.1158562825464,-0.6168951859663,1.359521017874));
#3555=DIRECTION('',(0.342020143325699,0.939692620785897,0.0));
#3556=DIRECTION('',(0.0,0.0,-1.0));
#3557=ORIENTED_EDGE('',*,*,#7399,.T.);
#3558=ORIENTED_EDGE('',*,*,#7168,.T.);
#3559=ORIENTED_EDGE('',*,*,#7356,.T.);
#3560=ORIENTED_EDGE('',*,*,#7401,.T.);
#3561=CARTESIAN_POINT('',(0.98,-0.825,1.359521017874));
#3562=DIRECTION('',(-0.0,0.0,-1.0));
#3563=DIRECTION('',(-1.0,0.0,0.0));
#3564=ORIENTED_EDGE('',*,*,#7304,.F.);
#3565=ORIENTED_EDGE('',*,*,#7402,.T.);
#3566=ORIENTED_EDGE('',*,*,#7158,.F.);
#3567=ORIENTED_EDGE('',*,*,#7398,.F.);
#3568=CARTESIAN_POINT('',(0.85,-0.9896795485797,1.299521017874));
#3569=DIRECTION('',(0.0,1.0,-0.0));
#3570=DIRECTION('',(-1.0,0.0,0.0));
#3571=ORIENTED_EDGE('',*,*,#7402,.F.);
#3572=ORIENTED_EDGE('',*,*,#7303,.F.);
#3573=ORIENTED_EDGE('',*,*,#7403,.F.);
#3574=ORIENTED_EDGE('',*,*,#7159,.F.);
#3575=CARTESIAN_POINT('',(1.0,-1.225,1.449521017874));
#3576=DIRECTION('',(0.0,0.0,1.0));
#3577=DIRECTION('',(1.0,0.0,0.0));
#3578=ORIENTED_EDGE('',*,*,#7160,.F.);
#3579=ORIENTED_EDGE('',*,*,#7403,.T.);
#3580=ORIENTED_EDGE('',*,*,#7302,.F.);
#3581=ORIENTED_EDGE('',*,*,#7388,.F.);
#3582=CARTESIAN_POINT('',(-0.85,-0.9896795485797,1.299521017874));
#3583=DIRECTION('',(0.0,-1.0,0.0));
#3584=DIRECTION('',(1.0,0.0,0.0));
#3585=ORIENTED_EDGE('',*,*,#7397,.F.);
#3586=ORIENTED_EDGE('',*,*,#7395,.F.);
#3587=ORIENTED_EDGE('',*,*,#7404,.T.);
#3588=ORIENTED_EDGE('',*,*,#7360,.F.);
#3589=ORIENTED_EDGE('',*,*,#7358,.F.);
#3590=ORIENTED_EDGE('',*,*,#7306,.T.);
#3591=CARTESIAN_POINT('',(0.98,-0.825,1.359521017874));
#3592=DIRECTION('',(-0.0,0.0,-1.0));
#3593=DIRECTION('',(-1.0,0.0,0.0));
#3594=ORIENTED_EDGE('',*,*,#7361,.F.);
#3595=ORIENTED_EDGE('',*,*,#7404,.F.);
#3596=ORIENTED_EDGE('',*,*,#7394,.F.);
#3597=ORIENTED_EDGE('',*,*,#7405,.F.);
#3598=CARTESIAN_POINT('',(3.001472773648,-1.986427027978,2.269040017874));
#3599=DIRECTION('',(-0.342020143325699,-0.939692620785897,0.0));
#3600=DIRECTION('',(-0.939692620785897,0.342020143325699,0.0));
#3601=ORIENTED_EDGE('',*,*,#7393,.F.);
#3602=ORIENTED_EDGE('',*,*,#7406,.T.);
#3603=ORIENTED_EDGE('',*,*,#7362,.F.);
#3604=ORIENTED_EDGE('',*,*,#7405,.T.);
#3605=CARTESIAN_POINT('',(0.0,-1.426069165647,-3.549997982126));
#3606=DIRECTION('',(-0.0,0.0,-1.0));
#3607=DIRECTION('',(-1.0,0.0,0.0));
#3608=ORIENTED_EDGE('',*,*,#7407,.F.);
#3609=ORIENTED_EDGE('',*,*,#7363,.F.);
#3610=ORIENTED_EDGE('',*,*,#7406,.F.);
#3611=ORIENTED_EDGE('',*,*,#7392,.F.);
#3612=CARTESIAN_POINT('',(-0.01325023954865,-0.8988029722021,1.359521017874));
#3613=DIRECTION('',(0.342020143325699,-0.939692620785897,0.0));
#3614=DIRECTION('',(0.0,0.0,-1.0));
#3615=ORIENTED_EDGE('',*,*,#7381,.F.);
#3616=ORIENTED_EDGE('',*,*,#7364,.F.);
#3617=ORIENTED_EDGE('',*,*,#7407,.T.);
#3618=ORIENTED_EDGE('',*,*,#7391,.F.);
#3619=ORIENTED_EDGE('',*,*,#7389,.F.);
#3620=ORIENTED_EDGE('',*,*,#7300,.T.);
#3621=CARTESIAN_POINT('',(-0.98,-0.825,0.7595210178741));
#3622=DIRECTION('',(-0.0,0.0,1.0));
#3623=DIRECTION('',(1.0,0.0,0.0));
#3624=ORIENTED_EDGE('',*,*,#7387,.T.);
#3625=ORIENTED_EDGE('',*,*,#7385,.T.);
#3626=ORIENTED_EDGE('',*,*,#7383,.T.);
#3627=ORIENTED_EDGE('',*,*,#7162,.T.);
#3628=CARTESIAN_POINT('',(-0.98,-0.825,0.7595210178741));
#3629=DIRECTION('',(-0.0,0.0,1.0));
#3630=DIRECTION('',(1.0,0.0,0.0));
#3631=ORIENTED_EDGE('',*,*,#7164,.F.);
#3632=ORIENTED_EDGE('',*,*,#7382,.F.);
#3633=ORIENTED_EDGE('',*,*,#7298,.F.);
#3634=ORIENTED_EDGE('',*,*,#7408,.T.);
#3635=CARTESIAN_POINT('',(-0.85,-0.9896795485797,0.3995210178741));
#3636=DIRECTION('',(0.0,1.0,-0.0));
#3637=DIRECTION('',(-1.0,0.0,0.0));
#3638=ORIENTED_EDGE('',*,*,#7297,.F.);
#3639=ORIENTED_EDGE('',*,*,#7409,.F.);
#3640=ORIENTED_EDGE('',*,*,#7165,.F.);
#3641=ORIENTED_EDGE('',*,*,#7408,.F.);
#3642=CARTESIAN_POINT('',(-1.0,-1.225,0.2495210178741));
#3643=DIRECTION('',(0.0,0.0,-1.0));
#3644=DIRECTION('',(0.0,-1.0,0.0));
#3645=ORIENTED_EDGE('',*,*,#7296,.F.);
#3646=ORIENTED_EDGE('',*,*,#7357,.F.);
#3647=ORIENTED_EDGE('',*,*,#7166,.F.);
#3648=ORIENTED_EDGE('',*,*,#7409,.T.);
#3649=CARTESIAN_POINT('',(0.85,-0.9896795485797,0.3995210178741));
#3650=DIRECTION('',(0.0,-1.0,0.0));
#3651=DIRECTION('',(1.0,0.0,0.0));
#3652=ORIENTED_EDGE('',*,*,#7410,.T.);
#3653=ORIENTED_EDGE('',*,*,#7411,.T.);
#3654=ORIENTED_EDGE('',*,*,#7412,.T.);
#3655=ORIENTED_EDGE('',*,*,#7413,.T.);
#3656=ORIENTED_EDGE('',*,*,#7414,.T.);
#3657=ORIENTED_EDGE('',*,*,#7415,.T.);
#3658=ORIENTED_EDGE('',*,*,#7416,.T.);
#3659=ORIENTED_EDGE('',*,*,#7417,.T.);
#3660=ORIENTED_EDGE('',*,*,#7418,.T.);
#3661=ORIENTED_EDGE('',*,*,#7419,.T.);
#3662=ORIENTED_EDGE('',*,*,#7420,.F.);
#3663=ORIENTED_EDGE('',*,*,#7421,.T.);
#3664=ORIENTED_EDGE('',*,*,#7374,.F.);
#3665=ORIENTED_EDGE('',*,*,#7422,.T.);
#3666=ORIENTED_EDGE('',*,*,#7423,.F.);
#3667=ORIENTED_EDGE('',*,*,#7424,.T.);
#3668=ORIENTED_EDGE('',*,*,#7425,.T.);
#3669=ORIENTED_EDGE('',*,*,#7426,.T.);
#3670=ORIENTED_EDGE('',*,*,#7427,.T.);
#3671=ORIENTED_EDGE('',*,*,#7428,.T.);
#3672=ORIENTED_EDGE('',*,*,#7429,.T.);
#3673=ORIENTED_EDGE('',*,*,#7430,.T.);
#3674=ORIENTED_EDGE('',*,*,#7431,.F.);
#3675=ORIENTED_EDGE('',*,*,#7432,.T.);
#3676=ORIENTED_EDGE('',*,*,#7433,.F.);
#3677=ORIENTED_EDGE('',*,*,#7434,.T.);
#3678=ORIENTED_EDGE('',*,*,#7435,.F.);
#3679=ORIENTED_EDGE('',*,*,#7436,.T.);
#3680=ORIENTED_EDGE('',*,*,#7437,.F.);
#3681=ORIENTED_EDGE('',*,*,#7438,.T.);
#3682=ORIENTED_EDGE('',*,*,#7439,.F.);
#3683=ORIENTED_EDGE('',*,*,#7440,.T.);
#3684=ORIENTED_EDGE('',*,*,#7441,.F.);
#3685=ORIENTED_EDGE('',*,*,#7442,.T.);
#3686=ORIENTED_EDGE('',*,*,#7443,.F.);
#3687=ORIENTED_EDGE('',*,*,#7444,.T.);
#3688=ORIENTED_EDGE('',*,*,#7445,.F.);
#3689=ORIENTED_EDGE('',*,*,#7446,.T.);
#3690=ORIENTED_EDGE('',*,*,#7447,.F.);
#3691=ORIENTED_EDGE('',*,*,#7448,.T.);
#3692=ORIENTED_EDGE('',*,*,#7449,.F.);
#3693=ORIENTED_EDGE('',*,*,#7450,.T.);
#3694=ORIENTED_EDGE('',*,*,#7451,.T.);
#3695=ORIENTED_EDGE('',*,*,#7452,.T.);
#3696=CARTESIAN_POINT('',(2.548,-0.962,-0.04999798212588));
#3697=DIRECTION('',(0.0,0.0,-1.0));
#3698=DIRECTION('',(0.0,-1.0,0.0));
#3699=ORIENTED_EDGE('',*,*,#7452,.F.);
#3700=ORIENTED_EDGE('',*,*,#7453,.F.);
#3701=ORIENTED_EDGE('',*,*,#7454,.F.);
#3702=ORIENTED_EDGE('',*,*,#7455,.F.);
#3703=CARTESIAN_POINT('',(-1.725,-0.3739116698058,-1.550670007973));
#3704=DIRECTION('',(-1.0,0.0,0.0));
#3705=DIRECTION('',(0.0,0.0,1.0));
#3706=ORIENTED_EDGE('',*,*,#7456,.T.);
#3707=ORIENTED_EDGE('',*,*,#7425,.F.);
#3708=ORIENTED_EDGE('',*,*,#7455,.T.);
#3709=ORIENTED_EDGE('',*,*,#7457,.F.);
#3710=CARTESIAN_POINT('',(-1.525,-0.445,-0.04999798212588));
#3711=DIRECTION('',(0.0,0.0,1.0));
#3712=DIRECTION('',(-1.0,0.0,0.0));
#3713=ORIENTED_EDGE('',*,*,#7457,.T.);
#3714=ORIENTED_EDGE('',*,*,#7458,.T.);
#3715=ORIENTED_EDGE('',*,*,#7459,.T.);
#3716=CARTESIAN_POINT('',(-1.525,-0.445,-2.549997982126));
#3717=DIRECTION('',(0.0,0.0,-1.0));
#3718=DIRECTION('',(-1.0,0.0,0.0));
#3719=ORIENTED_EDGE('',*,*,#7460,.T.);
#3720=ORIENTED_EDGE('',*,*,#7461,.F.);
#3721=ORIENTED_EDGE('',*,*,#7462,.T.);
#3722=ORIENTED_EDGE('',*,*,#7459,.F.);
#3723=CARTESIAN_POINT('',(1.3,-0.445,-2.549997982126));
#3724=DIRECTION('',(1.0,-0.0,0.0));
#3725=DIRECTION('',(0.0,1.0,0.0));
#3726=ORIENTED_EDGE('',*,*,#7462,.F.);
#3727=ORIENTED_EDGE('',*,*,#7463,.F.);
#3728=ORIENTED_EDGE('',*,*,#7426,.F.);
#3729=ORIENTED_EDGE('',*,*,#7456,.F.);
#3730=CARTESIAN_POINT('',(0.01982363365137,-0.645,0.4883198282467));
#3731=DIRECTION('',(0.0,-1.0,0.0));
#3732=DIRECTION('',(0.0,0.0,-1.0));
#3733=ORIENTED_EDGE('',*,*,#7464,.T.);
#3734=ORIENTED_EDGE('',*,*,#7427,.F.);
#3735=ORIENTED_EDGE('',*,*,#7463,.T.);
#3736=ORIENTED_EDGE('',*,*,#7465,.F.);
#3737=CARTESIAN_POINT('',(1.525,-0.445,-0.04999798212588));
#3738=DIRECTION('',(0.0,0.0,1.0));
#3739=DIRECTION('',(-1.0,0.0,0.0));
#3740=ORIENTED_EDGE('',*,*,#7461,.T.);
#3741=ORIENTED_EDGE('',*,*,#7466,.T.);
#3742=ORIENTED_EDGE('',*,*,#7465,.T.);
#3743=CARTESIAN_POINT('',(1.525,-0.445,-2.549997982126));
#3744=DIRECTION('',(1.0,0.0,0.0));
#3745=DIRECTION('',(0.0,-1.0,0.0));
#3746=ORIENTED_EDGE('',*,*,#7467,.T.);
#3747=ORIENTED_EDGE('',*,*,#7468,.T.);
#3748=ORIENTED_EDGE('',*,*,#7466,.F.);
#3749=ORIENTED_EDGE('',*,*,#7469,.T.);
#3750=CARTESIAN_POINT('',(1.525,-0.92,-2.549997982126));
#3751=DIRECTION('',(0.0,1.0,-0.0));
#3752=DIRECTION('',(-1.0,0.0,0.0));
#3753=ORIENTED_EDGE('',*,*,#7470,.T.);
#3754=ORIENTED_EDGE('',*,*,#7471,.F.);
#3755=ORIENTED_EDGE('',*,*,#7472,.F.);
#3756=ORIENTED_EDGE('',*,*,#7473,.T.);
#3757=ORIENTED_EDGE('',*,*,#7474,.T.);
#3758=ORIENTED_EDGE('',*,*,#7475,.F.);
#3759=ORIENTED_EDGE('',*,*,#7476,.F.);
#3760=ORIENTED_EDGE('',*,*,#7477,.T.);
#3761=ORIENTED_EDGE('',*,*,#7478,.T.);
#3762=ORIENTED_EDGE('',*,*,#7479,.F.);
#3763=ORIENTED_EDGE('',*,*,#7480,.F.);
#3764=ORIENTED_EDGE('',*,*,#7481,.T.);
#3765=ORIENTED_EDGE('',*,*,#7482,.T.);
#3766=ORIENTED_EDGE('',*,*,#7483,.F.);
#3767=ORIENTED_EDGE('',*,*,#7484,.F.);
#3768=ORIENTED_EDGE('',*,*,#7485,.T.);
#3769=ORIENTED_EDGE('',*,*,#7486,.T.);
#3770=ORIENTED_EDGE('',*,*,#7469,.F.);
#3771=ORIENTED_EDGE('',*,*,#7460,.F.);
#3772=ORIENTED_EDGE('',*,*,#7487,.F.);
#3773=ORIENTED_EDGE('',*,*,#7488,.F.);
#3774=ORIENTED_EDGE('',*,*,#7489,.F.);
#3775=ORIENTED_EDGE('',*,*,#7490,.F.);
#3776=ORIENTED_EDGE('',*,*,#7491,.T.);
#3777=CARTESIAN_POINT('',(-1.5,-0.365,-2.749997982126));
#3778=DIRECTION('',(0.0,0.0,-1.0));
#3779=DIRECTION('',(0.0,-1.0,0.0));
#3780=ORIENTED_EDGE('',*,*,#7492,.T.);
#3781=ORIENTED_EDGE('',*,*,#7491,.F.);
#3782=ORIENTED_EDGE('',*,*,#7493,.T.);
#3783=ORIENTED_EDGE('',*,*,#7494,.T.);
#3784=ORIENTED_EDGE('',*,*,#7495,.F.);
#3785=ORIENTED_EDGE('',*,*,#7447,.T.);
#3786=ORIENTED_EDGE('',*,*,#7496,.T.);
#3787=CARTESIAN_POINT('',(-1.11,-0.265,-2.049997982126));
#3788=DIRECTION('',(1.0,0.0,0.0));
#3789=DIRECTION('',(0.0,1.0,0.0));
#3790=ORIENTED_EDGE('',*,*,#7496,.F.);
#3791=ORIENTED_EDGE('',*,*,#7446,.F.);
#3792=ORIENTED_EDGE('',*,*,#7497,.F.);
#3793=ORIENTED_EDGE('',*,*,#7498,.T.);
#3794=CARTESIAN_POINT('',(-0.3375,-0.045,-2.599997982126));
#3795=DIRECTION('',(-0.0,1.0,0.0));
#3796=DIRECTION('',(1.0,0.0,0.0));
#3797=ORIENTED_EDGE('',*,*,#7499,.F.);
#3798=ORIENTED_EDGE('',*,*,#7470,.F.);
#3799=ORIENTED_EDGE('',*,*,#7492,.F.);
#3800=ORIENTED_EDGE('',*,*,#7498,.F.);
#3801=CARTESIAN_POINT('',(4.5072,-0.045,-2.549997982126));
#3802=DIRECTION('',(0.0,-0.707106781186548,0.707106781186548));
#3803=DIRECTION('',(-1.0,0.0,0.0));
#3804=ORIENTED_EDGE('',*,*,#7471,.T.);
#3805=ORIENTED_EDGE('',*,*,#7499,.T.);
#3806=ORIENTED_EDGE('',*,*,#7497,.T.);
#3807=ORIENTED_EDGE('',*,*,#7445,.T.);
#3808=ORIENTED_EDGE('',*,*,#7500,.F.);
#3809=ORIENTED_EDGE('',*,*,#7501,.T.);
#3810=ORIENTED_EDGE('',*,*,#7502,.T.);
#3811=CARTESIAN_POINT('',(-0.8375,-0.265,-2.749997982126));
#3812=DIRECTION('',(-1.0,0.0,0.0));
#3813=DIRECTION('',(0.0,0.0,1.0));
#3814=ORIENTED_EDGE('',*,*,#7502,.F.);
#3815=ORIENTED_EDGE('',*,*,#7503,.F.);
#3816=ORIENTED_EDGE('',*,*,#7504,.F.);
#3817=ORIENTED_EDGE('',*,*,#7472,.T.);
#3818=CARTESIAN_POINT('',(-0.4264985599424,-0.265,-2.263996542068));
#3819=DIRECTION('',(0.0,-1.0,0.0));
#3820=DIRECTION('',(0.0,0.0,-1.0));
#3821=ORIENTED_EDGE('',*,*,#7505,.T.);
#3822=ORIENTED_EDGE('',*,*,#7473,.F.);
#3823=ORIENTED_EDGE('',*,*,#7504,.T.);
#3824=ORIENTED_EDGE('',*,*,#7506,.T.);
#3825=ORIENTED_EDGE('',*,*,#7507,.F.);
#3826=ORIENTED_EDGE('',*,*,#7443,.T.);
#3827=ORIENTED_EDGE('',*,*,#7508,.T.);
#3828=CARTESIAN_POINT('',(-0.4625,0.866001440058,1.177002017874));
#3829=DIRECTION('',(1.0,0.0,0.0));
#3830=DIRECTION('',(0.0,1.0,0.0));
#3831=ORIENTED_EDGE('',*,*,#7508,.F.);
#3832=ORIENTED_EDGE('',*,*,#7442,.F.);
#3833=ORIENTED_EDGE('',*,*,#7509,.F.);
#3834=ORIENTED_EDGE('',*,*,#7510,.T.);
#3835=CARTESIAN_POINT('',(0.2875,-0.045,-2.599997982126));
#3836=DIRECTION('',(-0.0,1.0,0.0));
#3837=DIRECTION('',(1.0,0.0,0.0));
#3838=ORIENTED_EDGE('',*,*,#7505,.F.);
#3839=ORIENTED_EDGE('',*,*,#7510,.F.);
#3840=ORIENTED_EDGE('',*,*,#7511,.F.);
#3841=ORIENTED_EDGE('',*,*,#7474,.F.);
#3842=CARTESIAN_POINT('',(4.5072,-0.045,-2.549997982126));
#3843=DIRECTION('',(0.0,-0.707106781186548,0.707106781186548));
#3844=DIRECTION('',(-1.0,0.0,0.0));
#3845=ORIENTED_EDGE('',*,*,#7475,.T.);
#3846=ORIENTED_EDGE('',*,*,#7511,.T.);
#3847=ORIENTED_EDGE('',*,*,#7509,.T.);
#3848=ORIENTED_EDGE('',*,*,#7441,.T.);
#3849=ORIENTED_EDGE('',*,*,#7512,.F.);
#3850=ORIENTED_EDGE('',*,*,#7513,.T.);
#3851=ORIENTED_EDGE('',*,*,#7514,.T.);
#3852=CARTESIAN_POINT('',(-0.1875,-0.265,-2.749997982126));
#3853=DIRECTION('',(-1.0,0.0,0.0));
#3854=DIRECTION('',(0.0,0.0,1.0));
#3855=ORIENTED_EDGE('',*,*,#7514,.F.);
#3856=ORIENTED_EDGE('',*,*,#7515,.F.);
#3857=ORIENTED_EDGE('',*,*,#7516,.F.);
#3858=ORIENTED_EDGE('',*,*,#7476,.T.);
#3859=CARTESIAN_POINT('',(0.2235014400576,-0.265,-2.263996542068));
#3860=DIRECTION('',(0.0,-1.0,0.0));
#3861=DIRECTION('',(0.0,0.0,-1.0));
#3862=ORIENTED_EDGE('',*,*,#7517,.T.);
#3863=ORIENTED_EDGE('',*,*,#7477,.F.);
#3864=ORIENTED_EDGE('',*,*,#7516,.T.);
#3865=ORIENTED_EDGE('',*,*,#7518,.T.);
#3866=ORIENTED_EDGE('',*,*,#7519,.F.);
#3867=ORIENTED_EDGE('',*,*,#7439,.T.);
#3868=ORIENTED_EDGE('',*,*,#7520,.T.);
#3869=CARTESIAN_POINT('',(0.1875,0.866001440058,1.177002017874));
#3870=DIRECTION('',(1.0,0.0,0.0));
#3871=DIRECTION('',(0.0,1.0,0.0));
#3872=ORIENTED_EDGE('',*,*,#7520,.F.);
#3873=ORIENTED_EDGE('',*,*,#7438,.F.);
#3874=ORIENTED_EDGE('',*,*,#7521,.F.);
#3875=ORIENTED_EDGE('',*,*,#7522,.T.);
#3876=CARTESIAN_POINT('',(0.9625,-0.045,-2.599997982126));
#3877=DIRECTION('',(-0.0,1.0,0.0));
#3878=DIRECTION('',(1.0,0.0,0.0));
#3879=ORIENTED_EDGE('',*,*,#7523,.F.);
#3880=ORIENTED_EDGE('',*,*,#7478,.F.);
#3881=ORIENTED_EDGE('',*,*,#7517,.F.);
#3882=ORIENTED_EDGE('',*,*,#7522,.F.);
#3883=CARTESIAN_POINT('',(4.5072,-0.045,-2.549997982126));
#3884=DIRECTION('',(0.0,-0.707106781186548,0.707106781186548));
#3885=DIRECTION('',(-1.0,0.0,0.0));
#3886=ORIENTED_EDGE('',*,*,#7479,.T.);
#3887=ORIENTED_EDGE('',*,*,#7523,.T.);
#3888=ORIENTED_EDGE('',*,*,#7521,.T.);
#3889=ORIENTED_EDGE('',*,*,#7437,.T.);
#3890=ORIENTED_EDGE('',*,*,#7524,.F.);
#3891=ORIENTED_EDGE('',*,*,#7525,.T.);
#3892=ORIENTED_EDGE('',*,*,#7526,.T.);
#3893=CARTESIAN_POINT('',(0.46,-0.165,-2.049997982126));
#3894=DIRECTION('',(-1.0,0.0,0.0));
#3895=DIRECTION('',(0.0,0.0,1.0));
#3896=ORIENTED_EDGE('',*,*,#7526,.F.);
#3897=ORIENTED_EDGE('',*,*,#7527,.F.);
#3898=ORIENTED_EDGE('',*,*,#7528,.F.);
#3899=ORIENTED_EDGE('',*,*,#7480,.T.);
#3900=CARTESIAN_POINT('',(0.8735014400576,-0.265,-2.263996542068));
#3901=DIRECTION('',(0.0,-1.0,0.0));
#3902=DIRECTION('',(0.0,0.0,-1.0));
#3903=ORIENTED_EDGE('',*,*,#7529,.T.);
#3904=ORIENTED_EDGE('',*,*,#7481,.F.);
#3905=ORIENTED_EDGE('',*,*,#7528,.T.);
#3906=ORIENTED_EDGE('',*,*,#7530,.T.);
#3907=ORIENTED_EDGE('',*,*,#7531,.F.);
#3908=ORIENTED_EDGE('',*,*,#7435,.T.);
#3909=ORIENTED_EDGE('',*,*,#7532,.T.);
#3910=CARTESIAN_POINT('',(0.8375,0.866001440058,1.177002017874));
#3911=DIRECTION('',(1.0,0.0,0.0));
#3912=DIRECTION('',(0.0,1.0,0.0));
#3913=ORIENTED_EDGE('',*,*,#7532,.F.);
#3914=ORIENTED_EDGE('',*,*,#7434,.F.);
#3915=ORIENTED_EDGE('',*,*,#7533,.F.);
#3916=ORIENTED_EDGE('',*,*,#7534,.T.);
#3917=CARTESIAN_POINT('',(1.6125,-0.045,-2.599997982126));
#3918=DIRECTION('',(-0.0,1.0,0.0));
#3919=DIRECTION('',(1.0,0.0,0.0));
#3920=ORIENTED_EDGE('',*,*,#7529,.F.);
#3921=ORIENTED_EDGE('',*,*,#7534,.F.);
#3922=ORIENTED_EDGE('',*,*,#7535,.F.);
#3923=ORIENTED_EDGE('',*,*,#7482,.F.);
#3924=CARTESIAN_POINT('',(4.5072,-0.045,-2.549997982126));
#3925=DIRECTION('',(0.0,-0.707106781186548,0.707106781186548));
#3926=DIRECTION('',(-1.0,0.0,0.0));
#3927=ORIENTED_EDGE('',*,*,#7483,.T.);
#3928=ORIENTED_EDGE('',*,*,#7535,.T.);
#3929=ORIENTED_EDGE('',*,*,#7533,.T.);
#3930=ORIENTED_EDGE('',*,*,#7433,.T.);
#3931=ORIENTED_EDGE('',*,*,#7536,.F.);
#3932=ORIENTED_EDGE('',*,*,#7537,.T.);
#3933=ORIENTED_EDGE('',*,*,#7538,.T.);
#3934=CARTESIAN_POINT('',(1.1125,-0.3510014400576,1.177002017874));
#3935=DIRECTION('',(-1.0,0.0,0.0));
#3936=DIRECTION('',(0.0,0.0,1.0));
#3937=ORIENTED_EDGE('',*,*,#7538,.F.);
#3938=ORIENTED_EDGE('',*,*,#7539,.F.);
#3939=ORIENTED_EDGE('',*,*,#7540,.F.);
#3940=ORIENTED_EDGE('',*,*,#7484,.T.);
#3941=CARTESIAN_POINT('',(1.523501440058,-0.265,-2.263996542068));
#3942=DIRECTION('',(0.0,-1.0,0.0));
#3943=DIRECTION('',(0.0,0.0,-1.0));
#3944=ORIENTED_EDGE('',*,*,#7485,.F.);
#3945=ORIENTED_EDGE('',*,*,#7540,.T.);
#3946=ORIENTED_EDGE('',*,*,#7541,.T.);
#3947=ORIENTED_EDGE('',*,*,#7542,.F.);
#3948=ORIENTED_EDGE('',*,*,#7431,.T.);
#3949=ORIENTED_EDGE('',*,*,#7543,.T.);
#3950=CARTESIAN_POINT('',(1.4875,0.866001440058,1.177002017874));
#3951=DIRECTION('',(1.0,0.0,0.0));
#3952=DIRECTION('',(0.0,1.0,0.0));
#3953=ORIENTED_EDGE('',*,*,#7486,.F.);
#3954=ORIENTED_EDGE('',*,*,#7543,.F.);
#3955=ORIENTED_EDGE('',*,*,#7430,.F.);
#3956=ORIENTED_EDGE('',*,*,#7544,.F.);
#3957=CARTESIAN_POINT('',(2.2375,-0.045,-2.599997982126));
#3958=DIRECTION('',(-0.0,1.0,0.0));
#3959=DIRECTION('',(1.0,0.0,0.0));
#3960=ORIENTED_EDGE('',*,*,#7544,.T.);
#3961=ORIENTED_EDGE('',*,*,#7429,.F.);
#3962=ORIENTED_EDGE('',*,*,#7545,.T.);
#3963=ORIENTED_EDGE('',*,*,#7467,.F.);
#3964=CARTESIAN_POINT('',(1.525,-0.245,-0.04999798212588));
#3965=DIRECTION('',(0.0,0.0,1.0));
#3966=DIRECTION('',(-1.0,0.0,0.0));
#3967=ORIENTED_EDGE('',*,*,#7464,.F.);
#3968=ORIENTED_EDGE('',*,*,#7468,.F.);
#3969=ORIENTED_EDGE('',*,*,#7545,.F.);
#3970=ORIENTED_EDGE('',*,*,#7428,.F.);
#3971=CARTESIAN_POINT('',(1.725,-0.3761948224752,-1.019168426016));
#3972=DIRECTION('',(1.0,0.0,0.0));
#3973=DIRECTION('',(0.0,1.0,0.0));
#3974=ORIENTED_EDGE('',*,*,#7432,.F.);
#3975=ORIENTED_EDGE('',*,*,#7542,.T.);
#3976=ORIENTED_EDGE('',*,*,#7546,.F.);
#3977=ORIENTED_EDGE('',*,*,#7536,.T.);
#3978=CARTESIAN_POINT('',(7.247936058229,-0.1649996035159,8.831021179148));
#3979=DIRECTION('',(-0.0,1.0,0.0));
#3980=DIRECTION('',(1.0,0.0,0.0));
#3981=ORIENTED_EDGE('',*,*,#7539,.T.);
#3982=ORIENTED_EDGE('',*,*,#7537,.F.);
#3983=ORIENTED_EDGE('',*,*,#7546,.T.);
#3984=ORIENTED_EDGE('',*,*,#7541,.F.);
#3985=CARTESIAN_POINT('',(1.510000393528,-0.4149996035159,-2.153769929527));
#3986=DIRECTION('',(-1.0,0.0,0.0));
#3987=DIRECTION('',(0.0,1.0,0.0));
#3988=ORIENTED_EDGE('',*,*,#7436,.F.);
#3989=ORIENTED_EDGE('',*,*,#7531,.T.);
#3990=ORIENTED_EDGE('',*,*,#7547,.F.);
#3991=ORIENTED_EDGE('',*,*,#7524,.T.);
#3992=CARTESIAN_POINT('',(6.597936058229,-0.1649996035159,8.831021179148));
#3993=DIRECTION('',(-0.0,1.0,0.0));
#3994=DIRECTION('',(1.0,0.0,0.0));
#3995=ORIENTED_EDGE('',*,*,#7527,.T.);
#3996=ORIENTED_EDGE('',*,*,#7525,.F.);
#3997=ORIENTED_EDGE('',*,*,#7547,.T.);
#3998=ORIENTED_EDGE('',*,*,#7530,.F.);
#3999=CARTESIAN_POINT('',(0.8600003935278,-0.4149996035159,-2.153769929527));
#4000=DIRECTION('',(-1.0,0.0,0.0));
#4001=DIRECTION('',(0.0,1.0,0.0));
#4002=ORIENTED_EDGE('',*,*,#7440,.F.);
#4003=ORIENTED_EDGE('',*,*,#7519,.T.);
#4004=ORIENTED_EDGE('',*,*,#7548,.F.);
#4005=ORIENTED_EDGE('',*,*,#7512,.T.);
#4006=CARTESIAN_POINT('',(5.947936058229,-0.1649996035159,8.831021179148));
#4007=DIRECTION('',(-0.0,1.0,0.0));
#4008=DIRECTION('',(1.0,0.0,0.0));
#4009=ORIENTED_EDGE('',*,*,#7515,.T.);
#4010=ORIENTED_EDGE('',*,*,#7513,.F.);
#4011=ORIENTED_EDGE('',*,*,#7548,.T.);
#4012=ORIENTED_EDGE('',*,*,#7518,.F.);
#4013=CARTESIAN_POINT('',(0.2100003935278,-0.4149996035159,-2.153769929527));
#4014=DIRECTION('',(-1.0,0.0,0.0));
#4015=DIRECTION('',(0.0,1.0,0.0));
#4016=ORIENTED_EDGE('',*,*,#7444,.F.);
#4017=ORIENTED_EDGE('',*,*,#7507,.T.);
#4018=ORIENTED_EDGE('',*,*,#7549,.F.);
#4019=ORIENTED_EDGE('',*,*,#7500,.T.);
#4020=CARTESIAN_POINT('',(5.297936058229,-0.1649996035159,8.831021179148));
#4021=DIRECTION('',(-0.0,1.0,0.0));
#4022=DIRECTION('',(1.0,0.0,0.0));
#4023=ORIENTED_EDGE('',*,*,#7503,.T.);
#4024=ORIENTED_EDGE('',*,*,#7501,.F.);
#4025=ORIENTED_EDGE('',*,*,#7549,.T.);
#4026=ORIENTED_EDGE('',*,*,#7506,.F.);
#4027=CARTESIAN_POINT('',(-0.4399996064721,-0.4149996035159,-2.153769929527));
#4028=DIRECTION('',(-1.0,0.0,0.0));
#4029=DIRECTION('',(0.0,1.0,0.0));
#4030=ORIENTED_EDGE('',*,*,#7448,.F.);
#4031=ORIENTED_EDGE('',*,*,#7495,.T.);
#4032=ORIENTED_EDGE('',*,*,#7550,.F.);
#4033=ORIENTED_EDGE('',*,*,#7551,.T.);
#4034=CARTESIAN_POINT('',(4.647936058229,-0.1649996035159,8.831021179148));
#4035=DIRECTION('',(-0.0,1.0,0.0));
#4036=DIRECTION('',(1.0,0.0,0.0));
#4037=ORIENTED_EDGE('',*,*,#7489,.T.);
#4038=ORIENTED_EDGE('',*,*,#7552,.T.);
#4039=ORIENTED_EDGE('',*,*,#7449,.T.);
#4040=ORIENTED_EDGE('',*,*,#7551,.F.);
#4041=ORIENTED_EDGE('',*,*,#7553,.T.);
#4042=ORIENTED_EDGE('',*,*,#7554,.T.);
#4043=CARTESIAN_POINT('',(-1.49,-0.249563405412,-1.39043934589));
#4044=DIRECTION('',(-1.0,0.0,0.0));
#4045=DIRECTION('',(0.0,0.0,1.0));
#4046=ORIENTED_EDGE('',*,*,#7554,.F.);
#4047=ORIENTED_EDGE('',*,*,#7555,.F.);
#4048=ORIENTED_EDGE('',*,*,#7493,.F.);
#4049=ORIENTED_EDGE('',*,*,#7490,.T.);
#4050=CARTESIAN_POINT('',(-1.1125,-0.265,-2.749997982126));
#4051=DIRECTION('',(0.0,-1.0,0.0));
#4052=DIRECTION('',(0.0,0.0,-1.0));
#4053=ORIENTED_EDGE('',*,*,#7555,.T.);
#4054=ORIENTED_EDGE('',*,*,#7553,.F.);
#4055=ORIENTED_EDGE('',*,*,#7550,.T.);
#4056=ORIENTED_EDGE('',*,*,#7494,.F.);
#4057=CARTESIAN_POINT('',(-1.089999606472,-0.4149996035159,-2.153769929527));
#4058=DIRECTION('',(-1.0,0.0,0.0));
#4059=DIRECTION('',(0.0,1.0,0.0));
#4060=ORIENTED_EDGE('',*,*,#7450,.F.);
#4061=ORIENTED_EDGE('',*,*,#7552,.F.);
#4062=ORIENTED_EDGE('',*,*,#7488,.T.);
#4063=ORIENTED_EDGE('',*,*,#7556,.F.);
#4064=CARTESIAN_POINT('',(-0.9875,-0.045,-2.599997982126));
#4065=DIRECTION('',(-0.0,1.0,0.0));
#4066=DIRECTION('',(1.0,0.0,0.0));
#4067=ORIENTED_EDGE('',*,*,#7557,.T.);
#4068=ORIENTED_EDGE('',*,*,#7453,.T.);
#4069=ORIENTED_EDGE('',*,*,#7451,.F.);
#4070=ORIENTED_EDGE('',*,*,#7556,.T.);
#4071=CARTESIAN_POINT('',(-1.525,-0.245,-0.04999798212588));
#4072=DIRECTION('',(0.0,0.0,-1.0));
#4073=DIRECTION('',(1.0,0.0,0.0));
#4074=ORIENTED_EDGE('',*,*,#7487,.T.);
#4075=ORIENTED_EDGE('',*,*,#7458,.F.);
#4076=ORIENTED_EDGE('',*,*,#7454,.T.);
#4077=ORIENTED_EDGE('',*,*,#7557,.F.);
#4078=CARTESIAN_POINT('',(-1.525,-0.92,-2.549997982126));
#4079=DIRECTION('',(0.0,1.0,-0.0));
#4080=DIRECTION('',(-1.0,0.0,0.0));
#4081=ORIENTED_EDGE('',*,*,#7558,.F.);
#4082=ORIENTED_EDGE('',*,*,#7559,.T.);
#4083=ORIENTED_EDGE('',*,*,#7424,.F.);
#4084=ORIENTED_EDGE('',*,*,#7560,.F.);
#4085=ORIENTED_EDGE('',*,*,#7561,.T.);
#4086=ORIENTED_EDGE('',*,*,#7562,.T.);
#4087=CARTESIAN_POINT('',(-3.2,0.07144655416846,-0.04141933836319));
#4088=DIRECTION('',(-0.0,0.0,-1.0));
#4089=DIRECTION('',(-1.0,0.0,0.0));
#4090=ORIENTED_EDGE('',*,*,#7563,.T.);
#4091=ORIENTED_EDGE('',*,*,#7564,.F.);
#4092=ORIENTED_EDGE('',*,*,#7565,.T.);
#4093=ORIENTED_EDGE('',*,*,#7566,.T.);
#4094=ORIENTED_EDGE('',*,*,#7567,.F.);
#4095=ORIENTED_EDGE('',*,*,#7568,.F.);
#4096=ORIENTED_EDGE('',*,*,#7569,.T.);
#4097=ORIENTED_EDGE('',*,*,#7570,.F.);
#4098=ORIENTED_EDGE('',*,*,#7571,.F.);
#4099=ORIENTED_EDGE('',*,*,#7572,.F.);
#4100=ORIENTED_EDGE('',*,*,#7562,.F.);
#4101=ORIENTED_EDGE('',*,*,#7573,.T.);
#4102=ORIENTED_EDGE('',*,*,#7574,.T.);
#4103=ORIENTED_EDGE('',*,*,#7575,.F.);
#4104=ORIENTED_EDGE('',*,*,#7576,.F.);
#4105=ORIENTED_EDGE('',*,*,#7577,.F.);
#4106=ORIENTED_EDGE('',*,*,#7578,.F.);
#4107=ORIENTED_EDGE('',*,*,#7579,.F.);
#4108=ORIENTED_EDGE('',*,*,#7580,.F.);
#4109=ORIENTED_EDGE('',*,*,#7581,.F.);
#4110=ORIENTED_EDGE('',*,*,#7582,.T.);
#4111=CARTESIAN_POINT('',(-3.45,-0.3017767229158,-0.6499979821259));
#4112=DIRECTION('',(-1.0,0.0,0.0));
#4113=DIRECTION('',(0.0,0.0,1.0));
#4114=ORIENTED_EDGE('',*,*,#7583,.F.);
#4115=ORIENTED_EDGE('',*,*,#7584,.F.);
#4116=ORIENTED_EDGE('',*,*,#7585,.T.);
#4117=ORIENTED_EDGE('',*,*,#7586,.F.);
#4118=ORIENTED_EDGE('',*,*,#7578,.T.);
#4119=ORIENTED_EDGE('',*,*,#7587,.T.);
#4120=CARTESIAN_POINT('',(-3.75,0.11,2.269040017874));
#4121=DIRECTION('',(-0.0,1.0,0.0));
#4122=DIRECTION('',(1.0,0.0,0.0));
#4123=ORIENTED_EDGE('',*,*,#7588,.T.);
#4124=ORIENTED_EDGE('',*,*,#7589,.T.);
#4125=ORIENTED_EDGE('',*,*,#7590,.F.);
#4126=ORIENTED_EDGE('',*,*,#7587,.F.);
#4127=CARTESIAN_POINT('',(-3.6,0.16,2.469039982126));
#4128=DIRECTION('',(0.0,0.707106781186548,-0.707106781186548));
#4129=DIRECTION('',(-1.0,0.0,0.0));
#4130=ORIENTED_EDGE('',*,*,#7591,.F.);
#4131=ORIENTED_EDGE('',*,*,#7592,.F.);
#4132=ORIENTED_EDGE('',*,*,#7583,.T.);
#4133=ORIENTED_EDGE('',*,*,#7590,.T.);
#4134=ORIENTED_EDGE('',*,*,#7593,.F.);
#4135=ORIENTED_EDGE('',*,*,#7594,.F.);
#4136=ORIENTED_EDGE('',*,*,#7595,.F.);
#4137=ORIENTED_EDGE('',*,*,#7596,.T.);
#4138=ORIENTED_EDGE('',*,*,#7597,.T.);
#4139=ORIENTED_EDGE('',*,*,#7598,.F.);
#4140=ORIENTED_EDGE('',*,*,#7599,.T.);
#4141=ORIENTED_EDGE('',*,*,#7600,.T.);
#4142=ORIENTED_EDGE('',*,*,#7601,.F.);
#4143=ORIENTED_EDGE('',*,*,#7602,.F.);
#4144=ORIENTED_EDGE('',*,*,#7603,.T.);
#4145=ORIENTED_EDGE('',*,*,#7604,.F.);
#4146=ORIENTED_EDGE('',*,*,#7605,.F.);
#4147=ORIENTED_EDGE('',*,*,#7606,.T.);
#4148=CARTESIAN_POINT('',(-3.75,0.922355,1.659521017874));
#4149=DIRECTION('',(-1.0,0.0,0.0));
#4150=DIRECTION('',(0.0,0.0,1.0));
#4151=ORIENTED_EDGE('',*,*,#7606,.F.);
#4152=ORIENTED_EDGE('',*,*,#7607,.T.);
#4153=ORIENTED_EDGE('',*,*,#7565,.F.);
#4154=ORIENTED_EDGE('',*,*,#7608,.F.);
#4155=CARTESIAN_POINT('',(-3.6,-0.44,2.469039982126));
#4156=DIRECTION('',(0.0,-0.707106781186548,-0.707106781186548));
#4157=DIRECTION('',(0.0,-0.707106781186548,0.707106781186548));
#4158=ORIENTED_EDGE('',*,*,#7564,.T.);
#4159=ORIENTED_EDGE('',*,*,#7609,.F.);
#4160=ORIENTED_EDGE('',*,*,#7610,.F.);
#4161=ORIENTED_EDGE('',*,*,#7611,.T.);
#4162=ORIENTED_EDGE('',*,*,#7612,.T.);
#4163=ORIENTED_EDGE('',*,*,#7613,.T.);
#4164=ORIENTED_EDGE('',*,*,#7591,.T.);
#4165=ORIENTED_EDGE('',*,*,#7608,.T.);
#4166=CARTESIAN_POINT('',(-2.73,-0.39,2.719039982126));
#4167=DIRECTION('',(-0.0,1.0,0.0));
#4168=DIRECTION('',(1.0,0.0,0.0));
#4169=ORIENTED_EDGE('',*,*,#7614,.T.);
#4170=ORIENTED_EDGE('',*,*,#7584,.T.);
#4171=ORIENTED_EDGE('',*,*,#7592,.T.);
#4172=ORIENTED_EDGE('',*,*,#7613,.F.);
#4173=ORIENTED_EDGE('',*,*,#7615,.T.);
#4174=ORIENTED_EDGE('',*,*,#7616,.F.);
#4175=CARTESIAN_POINT('',(1.175,-1.092246665905,2.599999982126));
#4176=DIRECTION('',(0.0,0.0,1.0));
#4177=DIRECTION('',(1.0,0.0,0.0));
#4178=ORIENTED_EDGE('',*,*,#7617,.F.);
#4179=ORIENTED_EDGE('',*,*,#7618,.F.);
#4180=ORIENTED_EDGE('',*,*,#7619,.T.);
#4181=ORIENTED_EDGE('',*,*,#7616,.T.);
#4182=ORIENTED_EDGE('',*,*,#7620,.T.);
#4183=ORIENTED_EDGE('',*,*,#7621,.T.);
#4184=ORIENTED_EDGE('',*,*,#7622,.T.);
#4185=ORIENTED_EDGE('',*,*,#7623,.F.);
#4186=ORIENTED_EDGE('',*,*,#7624,.F.);
#4187=ORIENTED_EDGE('',*,*,#7625,.T.);
#4188=ORIENTED_EDGE('',*,*,#7626,.T.);
#4189=ORIENTED_EDGE('',*,*,#7627,.T.);
#4190=ORIENTED_EDGE('',*,*,#7628,.F.);
#4191=ORIENTED_EDGE('',*,*,#7629,.T.);
#4192=ORIENTED_EDGE('',*,*,#7630,.F.);
#4193=CARTESIAN_POINT('',(4.1232,1.21,1.960002017874));
#4194=DIRECTION('',(0.0,-1.0,0.0));
#4195=DIRECTION('',(0.0,0.0,-1.0));
#4196=ORIENTED_EDGE('',*,*,#7630,.T.);
#4197=ORIENTED_EDGE('',*,*,#7631,.T.);
#4198=ORIENTED_EDGE('',*,*,#7632,.T.);
#4199=ORIENTED_EDGE('',*,*,#7633,.T.);
#4200=ORIENTED_EDGE('',*,*,#7634,.T.);
#4201=ORIENTED_EDGE('',*,*,#7635,.T.);
#4202=ORIENTED_EDGE('',*,*,#7636,.T.);
#4203=ORIENTED_EDGE('',*,*,#7637,.T.);
#4204=CARTESIAN_POINT('',(-3.238783817929,1.04567629058,1.059521017874));
#4205=DIRECTION('',(0.0,0.0,-1.0));
#4206=DIRECTION('',(0.0,-1.0,0.0));
#4207=ORIENTED_EDGE('',*,*,#7627,.F.);
#4208=ORIENTED_EDGE('',*,*,#7637,.F.);
#4209=ORIENTED_EDGE('',*,*,#7638,.F.);
#4210=ORIENTED_EDGE('',*,*,#7639,.F.);
#4211=CARTESIAN_POINT('',(-3.230133716946,2.250191107539,1.659521017874));
#4212=DIRECTION('',(0.707106781186548,0.707106781186548,0.0));
#4213=DIRECTION('',(0.0,0.0,-1.0));
#4214=ORIENTED_EDGE('',*,*,#7639,.T.);
#4215=ORIENTED_EDGE('',*,*,#7640,.T.);
#4216=ORIENTED_EDGE('',*,*,#7641,.T.);
#4217=ORIENTED_EDGE('',*,*,#7642,.F.);
#4218=ORIENTED_EDGE('',*,*,#7643,.T.);
#4219=ORIENTED_EDGE('',*,*,#7644,.T.);
#4220=ORIENTED_EDGE('',*,*,#7645,.T.);
#4221=ORIENTED_EDGE('',*,*,#7628,.T.);
#4222=CARTESIAN_POINT('',(-3.6925413783,1.437240287526,1.659521017874));
#4223=DIRECTION('',(0.0,0.0,-1.0));
#4224=DIRECTION('',(0.0,-1.0,0.0));
#4225=ORIENTED_EDGE('',*,*,#7629,.F.);
#4226=ORIENTED_EDGE('',*,*,#7645,.F.);
#4227=ORIENTED_EDGE('',*,*,#7646,.F.);
#4228=ORIENTED_EDGE('',*,*,#7631,.F.);
#4229=CARTESIAN_POINT('',(-3.023275472675,1.619068794556,1.659521017874));
#4230=DIRECTION('',(-0.707106781186548,-0.707106781186548,0.0));
#4231=DIRECTION('',(-0.707106781186548,0.707106781186548,0.0));
#4232=ORIENTED_EDGE('',*,*,#7646,.T.);
#4233=ORIENTED_EDGE('',*,*,#7644,.F.);
#4234=ORIENTED_EDGE('',*,*,#7647,.T.);
#4235=ORIENTED_EDGE('',*,*,#7632,.F.);
#4236=CARTESIAN_POINT('',(-2.726338,1.109999287525,1.659521017874));
#4237=DIRECTION('',(-0.0,0.0,-1.0));
#4238=DIRECTION('',(-1.0,0.0,0.0));
#4239=ORIENTED_EDGE('',*,*,#7648,.T.);
#4240=ORIENTED_EDGE('',*,*,#7633,.F.);
#4241=ORIENTED_EDGE('',*,*,#7647,.F.);
#4242=ORIENTED_EDGE('',*,*,#7643,.F.);
#4243=ORIENTED_EDGE('',*,*,#7649,.T.);
#4244=ORIENTED_EDGE('',*,*,#7650,.F.);
#4245=ORIENTED_EDGE('',*,*,#7651,.T.);
#4246=ORIENTED_EDGE('',*,*,#7652,.F.);
#4247=ORIENTED_EDGE('',*,*,#7653,.F.);
#4248=ORIENTED_EDGE('',*,*,#7654,.T.);
#4249=ORIENTED_EDGE('',*,*,#7655,.F.);
#4250=CARTESIAN_POINT('',(-3.1,1.259999287525,1.659521017874));
#4251=DIRECTION('',(0.0,-1.0,0.0));
#4252=DIRECTION('',(0.0,0.0,-1.0));
#4253=ORIENTED_EDGE('',*,*,#7655,.T.);
#4254=ORIENTED_EDGE('',*,*,#7656,.F.);
#4255=ORIENTED_EDGE('',*,*,#7657,.T.);
#4256=ORIENTED_EDGE('',*,*,#7658,.F.);
#4257=CARTESIAN_POINT('',(-2.85,1.259999287525,1.659521017874));
#4258=DIRECTION('',(1.0,0.0,0.0));
#4259=DIRECTION('',(0.0,1.0,0.0));
#4260=ORIENTED_EDGE('',*,*,#7659,.F.);
#4261=ORIENTED_EDGE('',*,*,#7634,.F.);
#4262=ORIENTED_EDGE('',*,*,#7648,.F.);
#4263=ORIENTED_EDGE('',*,*,#7658,.T.);
#4264=CARTESIAN_POINT('',(-2.75,-0.9896795485797,0.9595210178741));
#4265=DIRECTION('',(0.0,-1.0,0.0));
#4266=DIRECTION('',(1.0,0.0,0.0));
#4267=ORIENTED_EDGE('',*,*,#7660,.F.);
#4268=ORIENTED_EDGE('',*,*,#7661,.F.);
#4269=ORIENTED_EDGE('',*,*,#7662,.T.);
#4270=ORIENTED_EDGE('',*,*,#7663,.F.);
#4271=ORIENTED_EDGE('',*,*,#7664,.T.);
#4272=ORIENTED_EDGE('',*,*,#7641,.F.);
#4273=ORIENTED_EDGE('',*,*,#7665,.F.);
#4274=ORIENTED_EDGE('',*,*,#7635,.F.);
#4275=ORIENTED_EDGE('',*,*,#7659,.T.);
#4276=ORIENTED_EDGE('',*,*,#7657,.F.);
#4277=ORIENTED_EDGE('',*,*,#7666,.T.);
#4278=ORIENTED_EDGE('',*,*,#7667,.F.);
#4279=CARTESIAN_POINT('',(-3.692541734537,1.559999287525,1.659521017874));
#4280=DIRECTION('',(-0.0,1.0,0.0));
#4281=DIRECTION('',(1.0,0.0,0.0));
#4282=ORIENTED_EDGE('',*,*,#7626,.F.);
#4283=ORIENTED_EDGE('',*,*,#7668,.T.);
#4284=ORIENTED_EDGE('',*,*,#7669,.T.);
#4285=ORIENTED_EDGE('',*,*,#7575,.T.);
#4286=ORIENTED_EDGE('',*,*,#7670,.F.);
#4287=ORIENTED_EDGE('',*,*,#7595,.T.);
#4288=ORIENTED_EDGE('',*,*,#7671,.T.);
#4289=ORIENTED_EDGE('',*,*,#7667,.T.);
#4290=ORIENTED_EDGE('',*,*,#7672,.F.);
#4291=ORIENTED_EDGE('',*,*,#7653,.T.);
#4292=ORIENTED_EDGE('',*,*,#7673,.T.);
#4293=CARTESIAN_POINT('',(-3.75,1.301446554168,0.2500020178741));
#4294=DIRECTION('',(0.0,0.0,-1.0));
#4295=DIRECTION('',(0.0,-1.0,0.0));
#4296=ORIENTED_EDGE('',*,*,#7673,.F.);
#4297=ORIENTED_EDGE('',*,*,#7652,.T.);
#4298=ORIENTED_EDGE('',*,*,#7674,.F.);
#4299=ORIENTED_EDGE('',*,*,#7617,.T.);
#4300=CARTESIAN_POINT('',(-3.3,1.109999287525,-3.549997982126));
#4301=DIRECTION('',(-0.0,0.0,-1.0));
#4302=DIRECTION('',(-1.0,0.0,0.0));
#4303=ORIENTED_EDGE('',*,*,#7674,.T.);
#4304=ORIENTED_EDGE('',*,*,#7675,.T.);
#4305=ORIENTED_EDGE('',*,*,#7676,.F.);
#4306=ORIENTED_EDGE('',*,*,#7677,.T.);
#4307=ORIENTED_EDGE('',*,*,#7678,.T.);
#4308=ORIENTED_EDGE('',*,*,#7679,.F.);
#4309=ORIENTED_EDGE('',*,*,#7618,.T.);
#4310=CARTESIAN_POINT('',(-3.3,1.109999287525,2.469039982126));
#4311=DIRECTION('',(0.0,-0.0,1.0));
#4312=DIRECTION('',(-1.0,0.0,0.0));
#4313=ORIENTED_EDGE('',*,*,#7668,.F.);
#4314=ORIENTED_EDGE('',*,*,#7625,.F.);
#4315=ORIENTED_EDGE('',*,*,#7680,.T.);
#4316=ORIENTED_EDGE('',*,*,#7681,.T.);
#4317=ORIENTED_EDGE('',*,*,#7423,.T.);
#4318=ORIENTED_EDGE('',*,*,#7682,.F.);
#4319=ORIENTED_EDGE('',*,*,#7683,.T.);
#4320=ORIENTED_EDGE('',*,*,#7610,.T.);
#4321=ORIENTED_EDGE('',*,*,#7684,.T.);
#4322=ORIENTED_EDGE('',*,*,#7585,.F.);
#4323=ORIENTED_EDGE('',*,*,#7614,.F.);
#4324=ORIENTED_EDGE('',*,*,#7619,.F.);
#4325=ORIENTED_EDGE('',*,*,#7679,.T.);
#4326=ORIENTED_EDGE('',*,*,#7685,.F.);
#4327=ORIENTED_EDGE('',*,*,#7686,.T.);
#4328=ORIENTED_EDGE('',*,*,#7687,.T.);
#4329=ORIENTED_EDGE('',*,*,#7688,.T.);
#4330=ORIENTED_EDGE('',*,*,#7689,.T.);
#4331=CARTESIAN_POINT('',(-3.43,0.71,1.709521017874));
#4332=DIRECTION('',(-1.0,0.0,0.0));
#4333=DIRECTION('',(0.0,0.0,1.0));
#4334=ORIENTED_EDGE('',*,*,#7685,.T.);
#4335=ORIENTED_EDGE('',*,*,#7678,.F.);
#4336=ORIENTED_EDGE('',*,*,#7576,.T.);
#4337=ORIENTED_EDGE('',*,*,#7669,.F.);
#4338=CARTESIAN_POINT('',(-3.3,1.109999287525,-3.549997982126));
#4339=DIRECTION('',(-0.0,0.0,-1.0));
#4340=DIRECTION('',(-1.0,0.0,0.0));
#4341=ORIENTED_EDGE('',*,*,#7563,.F.);
#4342=ORIENTED_EDGE('',*,*,#7586,.T.);
#4343=ORIENTED_EDGE('',*,*,#7684,.F.);
#4344=ORIENTED_EDGE('',*,*,#7609,.T.);
#4345=CARTESIAN_POINT('',(-3.43,-0.14,1.300002017874));
#4346=DIRECTION('',(1.0,0.0,0.0));
#4347=DIRECTION('',(0.0,-1.0,0.0));
#4348=ORIENTED_EDGE('',*,*,#7690,.F.);
#4349=ORIENTED_EDGE('',*,*,#7368,.F.);
#4350=ORIENTED_EDGE('',*,*,#7691,.T.);
#4351=ORIENTED_EDGE('',*,*,#7692,.T.);
#4352=ORIENTED_EDGE('',*,*,#7693,.F.);
#4353=ORIENTED_EDGE('',*,*,#7694,.F.);
#4354=ORIENTED_EDGE('',*,*,#7695,.F.);
#4355=ORIENTED_EDGE('',*,*,#7696,.T.);
#4356=ORIENTED_EDGE('',*,*,#7697,.T.);
#4357=ORIENTED_EDGE('',*,*,#7698,.T.);
#4358=ORIENTED_EDGE('',*,*,#7621,.F.);
#4359=ORIENTED_EDGE('',*,*,#7699,.F.);
#4360=ORIENTED_EDGE('',*,*,#7611,.F.);
#4361=ORIENTED_EDGE('',*,*,#7683,.F.);
#4362=ORIENTED_EDGE('',*,*,#7700,.T.);
#4363=ORIENTED_EDGE('',*,*,#7372,.F.);
#4364=ORIENTED_EDGE('',*,*,#7701,.F.);
#4365=ORIENTED_EDGE('',*,*,#7702,.F.);
#4366=ORIENTED_EDGE('',*,*,#7703,.T.);
#4367=ORIENTED_EDGE('',*,*,#7704,.T.);
#4368=ORIENTED_EDGE('',*,*,#7705,.T.);
#4369=ORIENTED_EDGE('',*,*,#7706,.F.);
#4370=ORIENTED_EDGE('',*,*,#7707,.T.);
#4371=ORIENTED_EDGE('',*,*,#7708,.T.);
#4372=ORIENTED_EDGE('',*,*,#7709,.T.);
#4373=ORIENTED_EDGE('',*,*,#7710,.F.);
#4374=ORIENTED_EDGE('',*,*,#7711,.T.);
#4375=ORIENTED_EDGE('',*,*,#7712,.T.);
#4376=ORIENTED_EDGE('',*,*,#7713,.T.);
#4377=ORIENTED_EDGE('',*,*,#7714,.F.);
#4378=ORIENTED_EDGE('',*,*,#7715,.T.);
#4379=ORIENTED_EDGE('',*,*,#7716,.T.);
#4380=ORIENTED_EDGE('',*,*,#7717,.T.);
#4381=ORIENTED_EDGE('',*,*,#7718,.F.);
#4382=ORIENTED_EDGE('',*,*,#7719,.T.);
#4383=ORIENTED_EDGE('',*,*,#7720,.T.);
#4384=ORIENTED_EDGE('',*,*,#7721,.T.);
#4385=ORIENTED_EDGE('',*,*,#7722,.F.);
#4386=CARTESIAN_POINT('',(-1.75,-0.165,2.269040017874));
#4387=DIRECTION('',(0.0,0.0,1.0));
#4388=DIRECTION('',(1.0,0.0,0.0));
#4389=ORIENTED_EDGE('',*,*,#7722,.T.);
#4390=ORIENTED_EDGE('',*,*,#7723,.F.);
#4391=ORIENTED_EDGE('',*,*,#7724,.F.);
#4392=ORIENTED_EDGE('',*,*,#7725,.T.);
#4393=ORIENTED_EDGE('',*,*,#7718,.T.);
#4394=ORIENTED_EDGE('',*,*,#7726,.F.);
#4395=ORIENTED_EDGE('',*,*,#7727,.F.);
#4396=ORIENTED_EDGE('',*,*,#7728,.T.);
#4397=ORIENTED_EDGE('',*,*,#7714,.T.);
#4398=ORIENTED_EDGE('',*,*,#7729,.F.);
#4399=ORIENTED_EDGE('',*,*,#7730,.F.);
#4400=ORIENTED_EDGE('',*,*,#7731,.T.);
#4401=ORIENTED_EDGE('',*,*,#7710,.T.);
#4402=ORIENTED_EDGE('',*,*,#7732,.F.);
#4403=ORIENTED_EDGE('',*,*,#7733,.F.);
#4404=ORIENTED_EDGE('',*,*,#7734,.T.);
#4405=ORIENTED_EDGE('',*,*,#7706,.T.);
#4406=ORIENTED_EDGE('',*,*,#7735,.F.);
#4407=ORIENTED_EDGE('',*,*,#7736,.F.);
#4408=ORIENTED_EDGE('',*,*,#7737,.T.);
#4409=ORIENTED_EDGE('',*,*,#7702,.T.);
#4410=ORIENTED_EDGE('',*,*,#7738,.T.);
#4411=ORIENTED_EDGE('',*,*,#7739,.F.);
#4412=ORIENTED_EDGE('',*,*,#7740,.T.);
#4413=CARTESIAN_POINT('',(0.0,-0.315,1.109521017874));
#4414=DIRECTION('',(0.0,-1.0,0.0));
#4415=DIRECTION('',(0.0,0.0,-1.0));
#4416=ORIENTED_EDGE('',*,*,#7740,.F.);
#4417=ORIENTED_EDGE('',*,*,#7741,.T.);
#4418=ORIENTED_EDGE('',*,*,#7369,.F.);
#4419=ORIENTED_EDGE('',*,*,#7690,.T.);
#4420=CARTESIAN_POINT('',(1.75,-0.91,1.869040017874));
#4421=DIRECTION('',(1.0,0.0,0.0));
#4422=DIRECTION('',(0.0,1.0,0.0));
#4423=ORIENTED_EDGE('',*,*,#7741,.F.);
#4424=ORIENTED_EDGE('',*,*,#7739,.T.);
#4425=ORIENTED_EDGE('',*,*,#7742,.T.);
#4426=ORIENTED_EDGE('',*,*,#7370,.F.);
#4427=CARTESIAN_POINT('',(-1.75,-0.91,1.569040017874));
#4428=DIRECTION('',(0.0,0.0,-1.0));
#4429=DIRECTION('',(0.0,-1.0,0.0));
#4430=ORIENTED_EDGE('',*,*,#7701,.T.);
#4431=ORIENTED_EDGE('',*,*,#7371,.F.);
#4432=ORIENTED_EDGE('',*,*,#7742,.F.);
#4433=ORIENTED_EDGE('',*,*,#7738,.F.);
#4434=CARTESIAN_POINT('',(-1.75,-0.315,1.769040017874));
#4435=DIRECTION('',(1.0,0.0,0.0));
#4436=DIRECTION('',(0.0,1.0,0.0));
#4437=ORIENTED_EDGE('',*,*,#7703,.F.);
#4438=ORIENTED_EDGE('',*,*,#7737,.F.);
#4439=ORIENTED_EDGE('',*,*,#7743,.T.);
#4440=ORIENTED_EDGE('',*,*,#7744,.F.);
#4441=ORIENTED_EDGE('',*,*,#7745,.F.);
#4442=ORIENTED_EDGE('',*,*,#7746,.T.);
#4443=ORIENTED_EDGE('',*,*,#7747,.T.);
#4444=ORIENTED_EDGE('',*,*,#7748,.T.);
#4445=CARTESIAN_POINT('',(-1.424999606472,-0.3149996035159,2.499999982126));
#4446=DIRECTION('',(-1.0,0.0,0.0));
#4447=DIRECTION('',(0.0,0.0,1.0));
#4448=ORIENTED_EDGE('',*,*,#7704,.F.);
#4449=ORIENTED_EDGE('',*,*,#7748,.F.);
#4450=ORIENTED_EDGE('',*,*,#7749,.F.);
#4451=ORIENTED_EDGE('',*,*,#7750,.T.);
#4452=CARTESIAN_POINT('',(4.647936058229,-0.1649996035159,8.711981179148));
#4453=DIRECTION('',(-0.0,1.0,0.0));
#4454=DIRECTION('',(1.0,0.0,0.0));
#4455=ORIENTED_EDGE('',*,*,#7705,.F.);
#4456=ORIENTED_EDGE('',*,*,#7750,.F.);
#4457=ORIENTED_EDGE('',*,*,#7751,.T.);
#4458=ORIENTED_EDGE('',*,*,#7752,.F.);
#4459=ORIENTED_EDGE('',*,*,#7753,.F.);
#4460=ORIENTED_EDGE('',*,*,#7754,.T.);
#4461=ORIENTED_EDGE('',*,*,#7755,.T.);
#4462=ORIENTED_EDGE('',*,*,#7735,.T.);
#4463=CARTESIAN_POINT('',(-1.174999606472,-0.3149996035159,2.649999982126));
#4464=DIRECTION('',(1.0,0.0,0.0));
#4465=DIRECTION('',(0.0,1.0,0.0));
#4466=ORIENTED_EDGE('',*,*,#7755,.F.);
#4467=ORIENTED_EDGE('',*,*,#7756,.T.);
#4468=ORIENTED_EDGE('',*,*,#7743,.F.);
#4469=ORIENTED_EDGE('',*,*,#7736,.T.);
#4470=CARTESIAN_POINT('',(4.647936058229,-0.4649996035159,2.349999982126));
#4471=DIRECTION('',(1.0,-0.0,0.0));
#4472=DIRECTION('',(0.0,0.0,-1.0));
#4473=ORIENTED_EDGE('',*,*,#7754,.F.);
#4474=ORIENTED_EDGE('',*,*,#7757,.F.);
#4475=ORIENTED_EDGE('',*,*,#7744,.T.);
#4476=ORIENTED_EDGE('',*,*,#7756,.F.);
#4477=CARTESIAN_POINT('',(-1.174999606472,-0.3149996035159,2.499999982126));
#4478=DIRECTION('',(0.0,0.0,-1.0));
#4479=DIRECTION('',(0.0,-1.0,0.0));
#4480=ORIENTED_EDGE('',*,*,#7745,.T.);
#4481=ORIENTED_EDGE('',*,*,#7757,.T.);
#4482=ORIENTED_EDGE('',*,*,#7753,.T.);
#4483=ORIENTED_EDGE('',*,*,#7758,.T.);
#4484=CARTESIAN_POINT('',(-1.299999606472,-1.364999603516,-0.5243643751893));
#4485=DIRECTION('',(0.0,-1.0,0.0));
#4486=DIRECTION('',(0.0,0.0,-1.0));
#4487=ORIENTED_EDGE('',*,*,#7758,.F.);
#4488=ORIENTED_EDGE('',*,*,#7752,.T.);
#4489=ORIENTED_EDGE('',*,*,#7759,.F.);
#4490=ORIENTED_EDGE('',*,*,#7746,.F.);
#4491=CARTESIAN_POINT('',(-1.174999606472,-0.1649996035159,2.649999982126));
#4492=DIRECTION('',(0.0,0.0,-1.0));
#4493=DIRECTION('',(0.0,-1.0,0.0));
#4494=ORIENTED_EDGE('',*,*,#7747,.F.);
#4495=ORIENTED_EDGE('',*,*,#7759,.T.);
#4496=ORIENTED_EDGE('',*,*,#7751,.F.);
#4497=ORIENTED_EDGE('',*,*,#7749,.T.);
#4498=CARTESIAN_POINT('',(4.647936058229,-0.4649996035159,2.349999982126));
#4499=DIRECTION('',(1.0,-0.0,0.0));
#4500=DIRECTION('',(0.0,0.0,-1.0));
#4501=ORIENTED_EDGE('',*,*,#7707,.F.);
#4502=ORIENTED_EDGE('',*,*,#7734,.F.);
#4503=ORIENTED_EDGE('',*,*,#7760,.T.);
#4504=ORIENTED_EDGE('',*,*,#7761,.F.);
#4505=ORIENTED_EDGE('',*,*,#7762,.F.);
#4506=ORIENTED_EDGE('',*,*,#7763,.T.);
#4507=ORIENTED_EDGE('',*,*,#7764,.T.);
#4508=ORIENTED_EDGE('',*,*,#7765,.T.);
#4509=CARTESIAN_POINT('',(-0.7749996064722,-0.3149996035159,2.499999982126));
#4510=DIRECTION('',(-1.0,0.0,0.0));
#4511=DIRECTION('',(0.0,0.0,1.0));
#4512=ORIENTED_EDGE('',*,*,#7708,.F.);
#4513=ORIENTED_EDGE('',*,*,#7765,.F.);
#4514=ORIENTED_EDGE('',*,*,#7766,.F.);
#4515=ORIENTED_EDGE('',*,*,#7767,.T.);
#4516=CARTESIAN_POINT('',(5.297936058229,-0.1649996035159,8.711981179148));
#4517=DIRECTION('',(-0.0,1.0,0.0));
#4518=DIRECTION('',(1.0,0.0,0.0));
#4519=ORIENTED_EDGE('',*,*,#7709,.F.);
#4520=ORIENTED_EDGE('',*,*,#7767,.F.);
#4521=ORIENTED_EDGE('',*,*,#7768,.T.);
#4522=ORIENTED_EDGE('',*,*,#7769,.F.);
#4523=ORIENTED_EDGE('',*,*,#7770,.F.);
#4524=ORIENTED_EDGE('',*,*,#7771,.T.);
#4525=ORIENTED_EDGE('',*,*,#7772,.T.);
#4526=ORIENTED_EDGE('',*,*,#7732,.T.);
#4527=CARTESIAN_POINT('',(-0.5249996064722,-0.3149996035159,2.649999982126));
#4528=DIRECTION('',(1.0,0.0,0.0));
#4529=DIRECTION('',(0.0,1.0,0.0));
#4530=ORIENTED_EDGE('',*,*,#7772,.F.);
#4531=ORIENTED_EDGE('',*,*,#7773,.T.);
#4532=ORIENTED_EDGE('',*,*,#7760,.F.);
#4533=ORIENTED_EDGE('',*,*,#7733,.T.);
#4534=CARTESIAN_POINT('',(5.297936058229,-0.4649996035159,2.349999982126));
#4535=DIRECTION('',(1.0,-0.0,0.0));
#4536=DIRECTION('',(0.0,0.0,-1.0));
#4537=ORIENTED_EDGE('',*,*,#7771,.F.);
#4538=ORIENTED_EDGE('',*,*,#7774,.F.);
#4539=ORIENTED_EDGE('',*,*,#7761,.T.);
#4540=ORIENTED_EDGE('',*,*,#7773,.F.);
#4541=CARTESIAN_POINT('',(-0.5249996064722,-0.3149996035159,2.499999982126));
#4542=DIRECTION('',(0.0,0.0,-1.0));
#4543=DIRECTION('',(0.0,-1.0,0.0));
#4544=ORIENTED_EDGE('',*,*,#7762,.T.);
#4545=ORIENTED_EDGE('',*,*,#7774,.T.);
#4546=ORIENTED_EDGE('',*,*,#7770,.T.);
#4547=ORIENTED_EDGE('',*,*,#7775,.T.);
#4548=CARTESIAN_POINT('',(-0.6499996064722,-1.364999603516,-0.5243643751893));
#4549=DIRECTION('',(0.0,-1.0,0.0));
#4550=DIRECTION('',(0.0,0.0,-1.0));
#4551=ORIENTED_EDGE('',*,*,#7775,.F.);
#4552=ORIENTED_EDGE('',*,*,#7769,.T.);
#4553=ORIENTED_EDGE('',*,*,#7776,.F.);
#4554=ORIENTED_EDGE('',*,*,#7763,.F.);
#4555=CARTESIAN_POINT('',(-0.5249996064722,-0.1649996035159,2.649999982126));
#4556=DIRECTION('',(0.0,0.0,-1.0));
#4557=DIRECTION('',(0.0,-1.0,0.0));
#4558=ORIENTED_EDGE('',*,*,#7764,.F.);
#4559=ORIENTED_EDGE('',*,*,#7776,.T.);
#4560=ORIENTED_EDGE('',*,*,#7768,.F.);
#4561=ORIENTED_EDGE('',*,*,#7766,.T.);
#4562=CARTESIAN_POINT('',(5.297936058229,-0.4649996035159,2.349999982126));
#4563=DIRECTION('',(1.0,-0.0,0.0));
#4564=DIRECTION('',(0.0,0.0,-1.0));
#4565=ORIENTED_EDGE('',*,*,#7711,.F.);
#4566=ORIENTED_EDGE('',*,*,#7731,.F.);
#4567=ORIENTED_EDGE('',*,*,#7777,.T.);
#4568=ORIENTED_EDGE('',*,*,#7778,.F.);
#4569=ORIENTED_EDGE('',*,*,#7779,.F.);
#4570=ORIENTED_EDGE('',*,*,#7780,.T.);
#4571=ORIENTED_EDGE('',*,*,#7781,.T.);
#4572=ORIENTED_EDGE('',*,*,#7782,.T.);
#4573=CARTESIAN_POINT('',(-0.1249996064721,-0.3149996035159,2.499999982126));
#4574=DIRECTION('',(-1.0,0.0,0.0));
#4575=DIRECTION('',(0.0,0.0,1.0));
#4576=ORIENTED_EDGE('',*,*,#7712,.F.);
#4577=ORIENTED_EDGE('',*,*,#7782,.F.);
#4578=ORIENTED_EDGE('',*,*,#7783,.F.);
#4579=ORIENTED_EDGE('',*,*,#7784,.T.);
#4580=CARTESIAN_POINT('',(5.947936058229,-0.1649996035159,8.711981179148));
#4581=DIRECTION('',(-0.0,1.0,0.0));
#4582=DIRECTION('',(1.0,0.0,0.0));
#4583=ORIENTED_EDGE('',*,*,#7713,.F.);
#4584=ORIENTED_EDGE('',*,*,#7784,.F.);
#4585=ORIENTED_EDGE('',*,*,#7785,.T.);
#4586=ORIENTED_EDGE('',*,*,#7786,.F.);
#4587=ORIENTED_EDGE('',*,*,#7787,.F.);
#4588=ORIENTED_EDGE('',*,*,#7788,.T.);
#4589=ORIENTED_EDGE('',*,*,#7789,.T.);
#4590=ORIENTED_EDGE('',*,*,#7729,.T.);
#4591=CARTESIAN_POINT('',(0.1250003935279,-0.3149996035159,2.649999982126));
#4592=DIRECTION('',(1.0,0.0,0.0));
#4593=DIRECTION('',(0.0,1.0,0.0));
#4594=ORIENTED_EDGE('',*,*,#7789,.F.);
#4595=ORIENTED_EDGE('',*,*,#7790,.T.);
#4596=ORIENTED_EDGE('',*,*,#7777,.F.);
#4597=ORIENTED_EDGE('',*,*,#7730,.T.);
#4598=CARTESIAN_POINT('',(5.947936058229,-0.4649996035159,2.349999982126));
#4599=DIRECTION('',(1.0,-0.0,0.0));
#4600=DIRECTION('',(0.0,0.0,-1.0));
#4601=ORIENTED_EDGE('',*,*,#7788,.F.);
#4602=ORIENTED_EDGE('',*,*,#7791,.F.);
#4603=ORIENTED_EDGE('',*,*,#7778,.T.);
#4604=ORIENTED_EDGE('',*,*,#7790,.F.);
#4605=CARTESIAN_POINT('',(0.1250003935279,-0.3149996035159,2.499999982126));
#4606=DIRECTION('',(0.0,0.0,-1.0));
#4607=DIRECTION('',(0.0,-1.0,0.0));
#4608=ORIENTED_EDGE('',*,*,#7779,.T.);
#4609=ORIENTED_EDGE('',*,*,#7791,.T.);
#4610=ORIENTED_EDGE('',*,*,#7787,.T.);
#4611=ORIENTED_EDGE('',*,*,#7792,.T.);
#4612=CARTESIAN_POINT('',(3.935278500636E-07,-1.364999603516,-0.5243643751893));
#4613=DIRECTION('',(0.0,-1.0,0.0));
#4614=DIRECTION('',(0.0,0.0,-1.0));
#4615=ORIENTED_EDGE('',*,*,#7792,.F.);
#4616=ORIENTED_EDGE('',*,*,#7786,.T.);
#4617=ORIENTED_EDGE('',*,*,#7793,.F.);
#4618=ORIENTED_EDGE('',*,*,#7780,.F.);
#4619=CARTESIAN_POINT('',(0.1250003935279,-0.1649996035159,2.649999982126));
#4620=DIRECTION('',(0.0,0.0,-1.0));
#4621=DIRECTION('',(0.0,-1.0,0.0));
#4622=ORIENTED_EDGE('',*,*,#7781,.F.);
#4623=ORIENTED_EDGE('',*,*,#7793,.T.);
#4624=ORIENTED_EDGE('',*,*,#7785,.F.);
#4625=ORIENTED_EDGE('',*,*,#7783,.T.);
#4626=CARTESIAN_POINT('',(5.947936058229,-0.4649996035159,2.349999982126));
#4627=DIRECTION('',(1.0,-0.0,0.0));
#4628=DIRECTION('',(0.0,0.0,-1.0));
#4629=ORIENTED_EDGE('',*,*,#7715,.F.);
#4630=ORIENTED_EDGE('',*,*,#7728,.F.);
#4631=ORIENTED_EDGE('',*,*,#7794,.T.);
#4632=ORIENTED_EDGE('',*,*,#7795,.F.);
#4633=ORIENTED_EDGE('',*,*,#7796,.F.);
#4634=ORIENTED_EDGE('',*,*,#7797,.T.);
#4635=ORIENTED_EDGE('',*,*,#7798,.T.);
#4636=ORIENTED_EDGE('',*,*,#7799,.T.);
#4637=CARTESIAN_POINT('',(0.5250003935278,-0.3149996035159,2.499999982126));
#4638=DIRECTION('',(-1.0,0.0,0.0));
#4639=DIRECTION('',(0.0,0.0,1.0));
#4640=ORIENTED_EDGE('',*,*,#7716,.F.);
#4641=ORIENTED_EDGE('',*,*,#7799,.F.);
#4642=ORIENTED_EDGE('',*,*,#7800,.F.);
#4643=ORIENTED_EDGE('',*,*,#7801,.T.);
#4644=CARTESIAN_POINT('',(6.597936058229,-0.1649996035159,8.711981179148));
#4645=DIRECTION('',(-0.0,1.0,0.0));
#4646=DIRECTION('',(1.0,0.0,0.0));
#4647=ORIENTED_EDGE('',*,*,#7717,.F.);
#4648=ORIENTED_EDGE('',*,*,#7801,.F.);
#4649=ORIENTED_EDGE('',*,*,#7802,.T.);
#4650=ORIENTED_EDGE('',*,*,#7803,.F.);
#4651=ORIENTED_EDGE('',*,*,#7804,.F.);
#4652=ORIENTED_EDGE('',*,*,#7805,.T.);
#4653=ORIENTED_EDGE('',*,*,#7806,.T.);
#4654=ORIENTED_EDGE('',*,*,#7726,.T.);
#4655=CARTESIAN_POINT('',(0.7750003935278,-0.3149996035159,2.649999982126));
#4656=DIRECTION('',(1.0,0.0,0.0));
#4657=DIRECTION('',(0.0,1.0,0.0));
#4658=ORIENTED_EDGE('',*,*,#7806,.F.);
#4659=ORIENTED_EDGE('',*,*,#7807,.T.);
#4660=ORIENTED_EDGE('',*,*,#7794,.F.);
#4661=ORIENTED_EDGE('',*,*,#7727,.T.);
#4662=CARTESIAN_POINT('',(6.597936058229,-0.4649996035159,2.349999982126));
#4663=DIRECTION('',(1.0,-0.0,0.0));
#4664=DIRECTION('',(0.0,0.0,-1.0));
#4665=ORIENTED_EDGE('',*,*,#7805,.F.);
#4666=ORIENTED_EDGE('',*,*,#7808,.F.);
#4667=ORIENTED_EDGE('',*,*,#7795,.T.);
#4668=ORIENTED_EDGE('',*,*,#7807,.F.);
#4669=CARTESIAN_POINT('',(0.7750003935278,-0.3149996035159,2.499999982126));
#4670=DIRECTION('',(0.0,0.0,-1.0));
#4671=DIRECTION('',(0.0,-1.0,0.0));
#4672=ORIENTED_EDGE('',*,*,#7796,.T.);
#4673=ORIENTED_EDGE('',*,*,#7808,.T.);
#4674=ORIENTED_EDGE('',*,*,#7804,.T.);
#4675=ORIENTED_EDGE('',*,*,#7809,.T.);
#4676=CARTESIAN_POINT('',(0.6500003935278,-1.364999603516,-0.5243643751893));
#4677=DIRECTION('',(0.0,-1.0,0.0));
#4678=DIRECTION('',(0.0,0.0,-1.0));
#4679=ORIENTED_EDGE('',*,*,#7809,.F.);
#4680=ORIENTED_EDGE('',*,*,#7803,.T.);
#4681=ORIENTED_EDGE('',*,*,#7810,.F.);
#4682=ORIENTED_EDGE('',*,*,#7797,.F.);
#4683=CARTESIAN_POINT('',(0.7750003935278,-0.1649996035159,2.649999982126));
#4684=DIRECTION('',(0.0,0.0,-1.0));
#4685=DIRECTION('',(0.0,-1.0,0.0));
#4686=ORIENTED_EDGE('',*,*,#7798,.F.);
#4687=ORIENTED_EDGE('',*,*,#7810,.T.);
#4688=ORIENTED_EDGE('',*,*,#7802,.F.);
#4689=ORIENTED_EDGE('',*,*,#7800,.T.);
#4690=CARTESIAN_POINT('',(6.597936058229,-0.4649996035159,2.349999982126));
#4691=DIRECTION('',(1.0,-0.0,0.0));
#4692=DIRECTION('',(0.0,0.0,-1.0));
#4693=ORIENTED_EDGE('',*,*,#7719,.F.);
#4694=ORIENTED_EDGE('',*,*,#7725,.F.);
#4695=ORIENTED_EDGE('',*,*,#7811,.T.);
#4696=ORIENTED_EDGE('',*,*,#7812,.F.);
#4697=ORIENTED_EDGE('',*,*,#7813,.F.);
#4698=ORIENTED_EDGE('',*,*,#7814,.T.);
#4699=ORIENTED_EDGE('',*,*,#7815,.T.);
#4700=ORIENTED_EDGE('',*,*,#7816,.T.);
#4701=CARTESIAN_POINT('',(1.175000393528,-0.3149996035159,2.499999982126));
#4702=DIRECTION('',(-1.0,0.0,0.0));
#4703=DIRECTION('',(0.0,0.0,1.0));
#4704=ORIENTED_EDGE('',*,*,#7720,.F.);
#4705=ORIENTED_EDGE('',*,*,#7816,.F.);
#4706=ORIENTED_EDGE('',*,*,#7817,.F.);
#4707=ORIENTED_EDGE('',*,*,#7818,.T.);
#4708=CARTESIAN_POINT('',(7.247936058229,-0.1649996035159,8.711981179148));
#4709=DIRECTION('',(-0.0,1.0,0.0));
#4710=DIRECTION('',(1.0,0.0,0.0));
#4711=ORIENTED_EDGE('',*,*,#7721,.F.);
#4712=ORIENTED_EDGE('',*,*,#7818,.F.);
#4713=ORIENTED_EDGE('',*,*,#7819,.T.);
#4714=ORIENTED_EDGE('',*,*,#7820,.F.);
#4715=ORIENTED_EDGE('',*,*,#7821,.F.);
#4716=ORIENTED_EDGE('',*,*,#7822,.T.);
#4717=ORIENTED_EDGE('',*,*,#7823,.T.);
#4718=ORIENTED_EDGE('',*,*,#7723,.T.);
#4719=CARTESIAN_POINT('',(1.425000393528,-0.3149996035159,2.649999982126));
#4720=DIRECTION('',(1.0,0.0,0.0));
#4721=DIRECTION('',(0.0,1.0,0.0));
#4722=ORIENTED_EDGE('',*,*,#7823,.F.);
#4723=ORIENTED_EDGE('',*,*,#7824,.T.);
#4724=ORIENTED_EDGE('',*,*,#7811,.F.);
#4725=ORIENTED_EDGE('',*,*,#7724,.T.);
#4726=CARTESIAN_POINT('',(7.247936058229,-0.4649996035159,2.349999982126));
#4727=DIRECTION('',(1.0,-0.0,0.0));
#4728=DIRECTION('',(0.0,0.0,-1.0));
#4729=ORIENTED_EDGE('',*,*,#7822,.F.);
#4730=ORIENTED_EDGE('',*,*,#7825,.F.);
#4731=ORIENTED_EDGE('',*,*,#7812,.T.);
#4732=ORIENTED_EDGE('',*,*,#7824,.F.);
#4733=CARTESIAN_POINT('',(1.425000393528,-0.3149996035159,2.499999982126));
#4734=DIRECTION('',(0.0,0.0,-1.0));
#4735=DIRECTION('',(0.0,-1.0,0.0));
#4736=ORIENTED_EDGE('',*,*,#7813,.T.);
#4737=ORIENTED_EDGE('',*,*,#7825,.T.);
#4738=ORIENTED_EDGE('',*,*,#7821,.T.);
#4739=ORIENTED_EDGE('',*,*,#7826,.T.);
#4740=CARTESIAN_POINT('',(1.300000393528,-1.364999603516,-0.5243643751893));
#4741=DIRECTION('',(0.0,-1.0,0.0));
#4742=DIRECTION('',(0.0,0.0,-1.0));
#4743=ORIENTED_EDGE('',*,*,#7826,.F.);
#4744=ORIENTED_EDGE('',*,*,#7820,.T.);
#4745=ORIENTED_EDGE('',*,*,#7827,.F.);
#4746=ORIENTED_EDGE('',*,*,#7814,.F.);
#4747=CARTESIAN_POINT('',(1.425000393528,-0.1649996035159,2.649999982126));
#4748=DIRECTION('',(0.0,0.0,-1.0));
#4749=DIRECTION('',(0.0,-1.0,0.0));
#4750=ORIENTED_EDGE('',*,*,#7815,.F.);
#4751=ORIENTED_EDGE('',*,*,#7827,.T.);
#4752=ORIENTED_EDGE('',*,*,#7819,.F.);
#4753=ORIENTED_EDGE('',*,*,#7817,.T.);
#4754=CARTESIAN_POINT('',(7.247936058229,-0.4649996035159,2.349999982126));
#4755=DIRECTION('',(1.0,-0.0,0.0));
#4756=DIRECTION('',(0.0,0.0,-1.0));
#4757=ORIENTED_EDGE('',*,*,#7373,.T.);
#4758=ORIENTED_EDGE('',*,*,#7700,.F.);
#4759=ORIENTED_EDGE('',*,*,#7682,.T.);
#4760=ORIENTED_EDGE('',*,*,#7422,.F.);
#4761=CARTESIAN_POINT('',(-3.08,-0.56,2.269040017874));
#4762=DIRECTION('',(0.0,0.0,1.0));
#4763=DIRECTION('',(-1.0,0.0,0.0));
#4764=ORIENTED_EDGE('',*,*,#7620,.F.);
#4765=ORIENTED_EDGE('',*,*,#7615,.F.);
#4766=ORIENTED_EDGE('',*,*,#7612,.F.);
#4767=ORIENTED_EDGE('',*,*,#7699,.T.);
#4768=CARTESIAN_POINT('',(-2.48,0.41,2.519040017874));
#4769=DIRECTION('',(0.707106781186548,0.0,0.707106781186548));
#4770=DIRECTION('',(0.0,-1.0,0.0));
#4771=ORIENTED_EDGE('',*,*,#7413,.F.);
#4772=ORIENTED_EDGE('',*,*,#7828,.F.);
#4773=ORIENTED_EDGE('',*,*,#7622,.F.);
#4774=ORIENTED_EDGE('',*,*,#7698,.F.);
#4775=ORIENTED_EDGE('',*,*,#7829,.F.);
#4776=CARTESIAN_POINT('',(-0.7,0.91,-3.257197982126));
#4777=DIRECTION('',(-1.0,0.0,0.0));
#4778=DIRECTION('',(0.0,0.0,1.0));
#4779=ORIENTED_EDGE('',*,*,#7414,.F.);
#4780=ORIENTED_EDGE('',*,*,#7829,.T.);
#4781=ORIENTED_EDGE('',*,*,#7697,.F.);
#4782=ORIENTED_EDGE('',*,*,#7830,.T.);
#4783=CARTESIAN_POINT('',(0.5,0.91,-3.257197982126));
#4784=DIRECTION('',(0.0,-1.0,0.0));
#4785=DIRECTION('',(0.0,0.0,-1.0));
#4786=ORIENTED_EDGE('',*,*,#7831,.F.);
#4787=ORIENTED_EDGE('',*,*,#7415,.F.);
#4788=ORIENTED_EDGE('',*,*,#7830,.F.);
#4789=ORIENTED_EDGE('',*,*,#7696,.F.);
#4790=ORIENTED_EDGE('',*,*,#7832,.F.);
#4791=ORIENTED_EDGE('',*,*,#7833,.F.);
#4792=CARTESIAN_POINT('',(0.7,1.689152391921,-3.257197982126));
#4793=DIRECTION('',(1.0,0.0,0.0));
#4794=DIRECTION('',(0.0,1.0,0.0));
#4795=ORIENTED_EDGE('',*,*,#7834,.F.);
#4796=ORIENTED_EDGE('',*,*,#7835,.T.);
#4797=ORIENTED_EDGE('',*,*,#7836,.F.);
#4798=ORIENTED_EDGE('',*,*,#7837,.T.);
#4799=ORIENTED_EDGE('',*,*,#7838,.F.);
#4800=ORIENTED_EDGE('',*,*,#7833,.T.);
#4801=CARTESIAN_POINT('',(0.7499999999999,-0.9896795485797,0.1000020178741));
#4802=DIRECTION('',(0.0,1.0,-0.0));
#4803=DIRECTION('',(-1.0,0.0,0.0));
#4804=ORIENTED_EDGE('',*,*,#7839,.F.);
#4805=ORIENTED_EDGE('',*,*,#7840,.T.);
#4806=ORIENTED_EDGE('',*,*,#7841,.T.);
#4807=ORIENTED_EDGE('',*,*,#7842,.T.);
#4808=ORIENTED_EDGE('',*,*,#7843,.F.);
#4809=ORIENTED_EDGE('',*,*,#7844,.T.);
#4810=ORIENTED_EDGE('',*,*,#7845,.T.);
#4811=ORIENTED_EDGE('',*,*,#7846,.T.);
#4812=ORIENTED_EDGE('',*,*,#7847,.F.);
#4813=ORIENTED_EDGE('',*,*,#7848,.F.);
#4814=ORIENTED_EDGE('',*,*,#7849,.F.);
#4815=ORIENTED_EDGE('',*,*,#7850,.T.);
#4816=ORIENTED_EDGE('',*,*,#7851,.F.);
#4817=ORIENTED_EDGE('',*,*,#7852,.F.);
#4818=ORIENTED_EDGE('',*,*,#7853,.F.);
#4819=ORIENTED_EDGE('',*,*,#7854,.T.);
#4820=ORIENTED_EDGE('',*,*,#7855,.F.);
#4821=ORIENTED_EDGE('',*,*,#7416,.F.);
#4822=ORIENTED_EDGE('',*,*,#7831,.T.);
#4823=ORIENTED_EDGE('',*,*,#7838,.T.);
#4824=ORIENTED_EDGE('',*,*,#7856,.F.);
#4825=ORIENTED_EDGE('',*,*,#7857,.T.);
#4826=CARTESIAN_POINT('',(0.9229911993055,0.9249999999999,-0.2178136431501));
#4827=DIRECTION('',(-0.0,1.0,0.0));
#4828=DIRECTION('',(1.0,0.0,0.0));
#4829=ORIENTED_EDGE('',*,*,#7858,.T.);
#4830=ORIENTED_EDGE('',*,*,#7859,.F.);
#4831=ORIENTED_EDGE('',*,*,#7857,.F.);
#4832=ORIENTED_EDGE('',*,*,#7860,.T.);
#4833=CARTESIAN_POINT('',(-9.769962616701E-14,0.9749999999999,4.150000017874));
#4834=DIRECTION('',(0.0,-0.948683298050524,0.316227766016808));
#4835=DIRECTION('',(-1.0,0.0,0.0));
#4836=ORIENTED_EDGE('',*,*,#7861,.F.);
#4837=ORIENTED_EDGE('',*,*,#7862,.F.);
#4838=ORIENTED_EDGE('',*,*,#7863,.T.);
#4839=ORIENTED_EDGE('',*,*,#7860,.F.);
#4840=CARTESIAN_POINT('',(0.5249999999999,1.075,4.150000017874));
#4841=DIRECTION('',(0.894427190999896,0.0,0.447213595499998));
#4842=DIRECTION('',(0.0,-1.0,0.0));
#4843=ORIENTED_EDGE('',*,*,#7864,.F.);
#4844=ORIENTED_EDGE('',*,*,#7858,.F.);
#4845=ORIENTED_EDGE('',*,*,#7863,.F.);
#4846=ORIENTED_EDGE('',*,*,#7865,.T.);
#4847=CARTESIAN_POINT('',(0.0,0.0,4.300000017874));
#4848=DIRECTION('',(0.0,0.0,1.0));
#4849=DIRECTION('',(1.0,0.0,0.0));
#4850=ORIENTED_EDGE('',*,*,#7294,.T.);
#4851=ORIENTED_EDGE('',*,*,#7866,.F.);
#4852=ORIENTED_EDGE('',*,*,#7867,.F.);
#4853=ORIENTED_EDGE('',*,*,#7868,.F.);
#4854=CARTESIAN_POINT('',(0.0,0.0,4.300000017874));
#4855=DIRECTION('',(0.0,0.0,1.0));
#4856=DIRECTION('',(1.0,0.0,0.0));
#4857=ORIENTED_EDGE('',*,*,#7286,.T.);
#4858=ORIENTED_EDGE('',*,*,#7869,.F.);
#4859=ORIENTED_EDGE('',*,*,#7870,.F.);
#4860=ORIENTED_EDGE('',*,*,#7871,.F.);
#4861=CARTESIAN_POINT('',(0.0,0.0,4.300000017874));
#4862=DIRECTION('',(0.0,0.0,1.0));
#4863=DIRECTION('',(1.0,0.0,0.0));
#4864=ORIENTED_EDGE('',*,*,#7862,.T.);
#4865=ORIENTED_EDGE('',*,*,#7872,.T.);
#4866=ORIENTED_EDGE('',*,*,#7836,.T.);
#4867=ORIENTED_EDGE('',*,*,#7873,.T.);
#4868=ORIENTED_EDGE('',*,*,#7874,.F.);
#4869=ORIENTED_EDGE('',*,*,#7875,.F.);
#4870=ORIENTED_EDGE('',*,*,#7876,.T.);
#4871=ORIENTED_EDGE('',*,*,#7877,.T.);
#4872=ORIENTED_EDGE('',*,*,#7878,.T.);
#4873=ORIENTED_EDGE('',*,*,#7879,.T.);
#4874=ORIENTED_EDGE('',*,*,#7880,.T.);
#4875=ORIENTED_EDGE('',*,*,#7881,.T.);
#4876=ORIENTED_EDGE('',*,*,#7882,.T.);
#4877=ORIENTED_EDGE('',*,*,#7883,.T.);
#4878=ORIENTED_EDGE('',*,*,#7884,.T.);
#4879=ORIENTED_EDGE('',*,*,#7885,.T.);
#4880=ORIENTED_EDGE('',*,*,#7886,.T.);
#4881=ORIENTED_EDGE('',*,*,#7887,.T.);
#4882=ORIENTED_EDGE('',*,*,#7888,.F.);
#4883=ORIENTED_EDGE('',*,*,#7889,.T.);
#4884=ORIENTED_EDGE('',*,*,#7865,.F.);
#4885=ORIENTED_EDGE('',*,*,#7890,.T.);
#4886=ORIENTED_EDGE('',*,*,#7891,.F.);
#4887=ORIENTED_EDGE('',*,*,#7892,.T.);
#4888=ORIENTED_EDGE('',*,*,#7893,.F.);
#4889=CARTESIAN_POINT('',(-1.998223277084,1.225,-0.9999979821259));
#4890=DIRECTION('',(-0.0,1.0,0.0));
#4891=DIRECTION('',(1.0,0.0,0.0));
#4892=ORIENTED_EDGE('',*,*,#7894,.F.);
#4893=ORIENTED_EDGE('',*,*,#7893,.T.);
#4894=ORIENTED_EDGE('',*,*,#7895,.F.);
#4895=ORIENTED_EDGE('',*,*,#7896,.T.);
#4896=CARTESIAN_POINT('',(0.2999999999999,1.325,-3.669037982126));
#4897=DIRECTION('',(-0.0,0.0,1.0));
#4898=DIRECTION('',(1.0,0.0,0.0));
#4899=ORIENTED_EDGE('',*,*,#7897,.F.);
#4900=ORIENTED_EDGE('',*,*,#7898,.T.);
#4901=ORIENTED_EDGE('',*,*,#7899,.F.);
#4902=ORIENTED_EDGE('',*,*,#7896,.F.);
#4903=CARTESIAN_POINT('',(0.126794919243,1.225,-3.669037982126));
#4904=DIRECTION('',(-0.0,0.0,1.0));
#4905=DIRECTION('',(1.0,0.0,0.0));
#4906=ORIENTED_EDGE('',*,*,#7899,.T.);
#4907=ORIENTED_EDGE('',*,*,#7900,.F.);
#4908=ORIENTED_EDGE('',*,*,#7901,.T.);
#4909=ORIENTED_EDGE('',*,*,#7902,.F.);
#4910=CARTESIAN_POINT('',(-1.016964290557E-13,1.225,3.500000017874));
#4911=DIRECTION('',(0.0,-1.0,0.0));
#4912=DIRECTION('',(-1.0,0.0,0.0));
#4913=ORIENTED_EDGE('',*,*,#7903,.T.);
#4914=ORIENTED_EDGE('',*,*,#7890,.F.);
#4915=ORIENTED_EDGE('',*,*,#7894,.T.);
#4916=ORIENTED_EDGE('',*,*,#7902,.T.);
#4917=CARTESIAN_POINT('',(-1.016964290557E-13,1.325,3.500000017874));
#4918=DIRECTION('',(0.0,-1.0,0.0));
#4919=DIRECTION('',(-1.0,0.0,0.0));
#4920=ORIENTED_EDGE('',*,*,#7904,.F.);
#4921=ORIENTED_EDGE('',*,*,#7891,.T.);
#4922=ORIENTED_EDGE('',*,*,#7903,.F.);
#4923=ORIENTED_EDGE('',*,*,#7905,.T.);
#4924=CARTESIAN_POINT('',(-0.3000000000001,1.325,-3.669037982126));
#4925=DIRECTION('',(-0.0,0.0,-1.0));
#4926=DIRECTION('',(-1.0,0.0,0.0));
#4927=ORIENTED_EDGE('',*,*,#7901,.F.);
#4928=ORIENTED_EDGE('',*,*,#7906,.T.);
#4929=ORIENTED_EDGE('',*,*,#7907,.F.);
#4930=ORIENTED_EDGE('',*,*,#7905,.F.);
#4931=CARTESIAN_POINT('',(-0.1267949192432,1.225,-3.669037982126));
#4932=DIRECTION('',(-0.0,0.0,-1.0));
#4933=DIRECTION('',(-1.0,0.0,0.0));
#4934=ORIENTED_EDGE('',*,*,#7907,.T.);
#4935=ORIENTED_EDGE('',*,*,#7908,.F.);
#4936=ORIENTED_EDGE('',*,*,#7897,.T.);
#4937=ORIENTED_EDGE('',*,*,#7909,.F.);
#4938=CARTESIAN_POINT('',(-1.016964290557E-13,1.225,2.500000017874));
#4939=DIRECTION('',(-0.0,1.0,0.0));
#4940=DIRECTION('',(1.0,0.0,0.0));
#4941=ORIENTED_EDGE('',*,*,#7895,.T.);
#4942=ORIENTED_EDGE('',*,*,#7892,.F.);
#4943=ORIENTED_EDGE('',*,*,#7904,.T.);
#4944=ORIENTED_EDGE('',*,*,#7909,.T.);
#4945=CARTESIAN_POINT('',(-1.016964290557E-13,1.325,2.500000017874));
#4946=DIRECTION('',(-0.0,1.0,0.0));
#4947=DIRECTION('',(1.0,0.0,0.0));
#4948=ORIENTED_EDGE('',*,*,#7898,.F.);
#4949=ORIENTED_EDGE('',*,*,#7908,.T.);
#4950=ORIENTED_EDGE('',*,*,#7906,.F.);
#4951=ORIENTED_EDGE('',*,*,#7900,.T.);
#4952=CARTESIAN_POINT('',(-1.00808250636E-13,1.325,1.704311459381));
#4953=DIRECTION('',(-0.0,1.0,0.0));
#4954=DIRECTION('',(1.0,0.0,0.0));
#4955=ORIENTED_EDGE('',*,*,#7864,.T.);
#4956=ORIENTED_EDGE('',*,*,#7889,.F.);
#4957=ORIENTED_EDGE('',*,*,#7910,.F.);
#4958=ORIENTED_EDGE('',*,*,#7859,.T.);
#4959=CARTESIAN_POINT('',(-0.5250000000001,1.075,4.150000017874));
#4960=DIRECTION('',(-0.894427190999896,0.0,0.447213595499998));
#4961=DIRECTION('',(0.0,1.0,0.0));
#4962=ORIENTED_EDGE('',*,*,#7888,.T.);
#4963=ORIENTED_EDGE('',*,*,#7911,.F.);
#4964=ORIENTED_EDGE('',*,*,#7912,.T.);
#4965=ORIENTED_EDGE('',*,*,#7913,.F.);
#4966=ORIENTED_EDGE('',*,*,#7839,.T.);
#4967=ORIENTED_EDGE('',*,*,#7910,.T.);
#4968=CARTESIAN_POINT('',(-0.6000000000001,1.225,-0.1690379821259));
#4969=DIRECTION('',(1.0,0.0,0.0));
#4970=DIRECTION('',(0.0,1.0,0.0));
#4971=ORIENTED_EDGE('',*,*,#7913,.T.);
#4972=ORIENTED_EDGE('',*,*,#7914,.F.);
#4973=ORIENTED_EDGE('',*,*,#7915,.T.);
#4974=ORIENTED_EDGE('',*,*,#7840,.F.);
#4975=CARTESIAN_POINT('',(-0.4000000000001,1.225,-1.118946804461));
#4976=DIRECTION('',(-0.0,-1.0,0.0));
#4977=DIRECTION('',(-1.0,0.0,0.0));
#4978=ORIENTED_EDGE('',*,*,#7915,.F.);
#4979=ORIENTED_EDGE('',*,*,#7916,.F.);
#4980=ORIENTED_EDGE('',*,*,#7917,.F.);
#4981=ORIENTED_EDGE('',*,*,#7841,.F.);
#4982=CARTESIAN_POINT('',(-0.3000000000001,1.225,-1.292151885218));
#4983=DIRECTION('',(-0.500000000000017,0.0,0.866025403784429));
#4984=DIRECTION('',(0.0,1.0,0.0));
#4985=ORIENTED_EDGE('',*,*,#7917,.T.);
#4986=ORIENTED_EDGE('',*,*,#7918,.F.);
#4987=ORIENTED_EDGE('',*,*,#7919,.T.);
#4988=ORIENTED_EDGE('',*,*,#7884,.F.);
#4989=ORIENTED_EDGE('',*,*,#7920,.T.);
#4990=ORIENTED_EDGE('',*,*,#7842,.F.);
#4991=CARTESIAN_POINT('',(-0.0300000000001,1.225,-1.401848436364));
#4992=DIRECTION('',(-0.0,-1.0,0.0));
#4993=DIRECTION('',(-1.0,0.0,0.0));
#4994=ORIENTED_EDGE('',*,*,#7920,.F.);
#4995=ORIENTED_EDGE('',*,*,#7883,.F.);
#4996=ORIENTED_EDGE('',*,*,#7921,.F.);
#4997=ORIENTED_EDGE('',*,*,#7843,.T.);
#4998=CARTESIAN_POINT('',(0.1999999999999,1.225,-1.201848436364));
#4999=DIRECTION('',(1.0,0.0,0.0));
#5000=DIRECTION('',(0.0,1.0,0.0));
#5001=ORIENTED_EDGE('',*,*,#7921,.T.);
#5002=ORIENTED_EDGE('',*,*,#7882,.F.);
#5003=ORIENTED_EDGE('',*,*,#7922,.T.);
#5004=ORIENTED_EDGE('',*,*,#7923,.F.);
#5005=ORIENTED_EDGE('',*,*,#7924,.T.);
#5006=ORIENTED_EDGE('',*,*,#7844,.F.);
#5007=CARTESIAN_POINT('',(-0.0300000000001,1.225,-2.198147527888));
#5008=DIRECTION('',(-0.0,-1.0,0.0));
#5009=DIRECTION('',(-1.0,0.0,0.0));
#5010=ORIENTED_EDGE('',*,*,#7924,.F.);
#5011=ORIENTED_EDGE('',*,*,#7925,.F.);
#5012=ORIENTED_EDGE('',*,*,#7926,.F.);
#5013=ORIENTED_EDGE('',*,*,#7845,.F.);
#5014=CARTESIAN_POINT('',(-0.1450000000001,1.225,-2.397333370759));
#5015=DIRECTION('',(-0.500000000000017,0.0,-0.866025403784429));
#5016=DIRECTION('',(-0.866025403784429,0.0,0.500000000000017));
#5017=ORIENTED_EDGE('',*,*,#7926,.T.);
#5018=ORIENTED_EDGE('',*,*,#7927,.F.);
#5019=ORIENTED_EDGE('',*,*,#7928,.T.);
#5020=ORIENTED_EDGE('',*,*,#7846,.F.);
#5021=CARTESIAN_POINT('',(-0.4000000000001,1.225,-2.481049159791));
#5022=DIRECTION('',(-0.0,-1.0,0.0));
#5023=DIRECTION('',(-1.0,0.0,0.0));
#5024=ORIENTED_EDGE('',*,*,#7929,.T.);
#5025=ORIENTED_EDGE('',*,*,#7930,.T.);
#5026=ORIENTED_EDGE('',*,*,#7847,.T.);
#5027=ORIENTED_EDGE('',*,*,#7928,.F.);
#5028=ORIENTED_EDGE('',*,*,#7931,.T.);
#5029=ORIENTED_EDGE('',*,*,#7932,.F.);
#5030=ORIENTED_EDGE('',*,*,#7878,.F.);
#5031=ORIENTED_EDGE('',*,*,#7933,.T.);
#5032=ORIENTED_EDGE('',*,*,#7934,.T.);
#5033=CARTESIAN_POINT('',(-0.6000000000001,1.225,-2.681049159791));
#5034=DIRECTION('',(1.0,0.0,0.0));
#5035=DIRECTION('',(0.0,1.0,0.0));
#5036=ORIENTED_EDGE('',*,*,#7074,.F.);
#5037=ORIENTED_EDGE('',*,*,#7935,.F.);
#5038=ORIENTED_EDGE('',*,*,#7934,.F.);
#5039=ORIENTED_EDGE('',*,*,#7936,.F.);
#5040=ORIENTED_EDGE('',*,*,#7937,.T.);
#5041=CARTESIAN_POINT('',(-0.4000000000004,1.430342681279,-3.597143078288));
#5042=DIRECTION('',(0.0,0.629320391048477,0.777145961458072));
#5043=DIRECTION('',(0.0,-0.777145961458072,0.629320391048477));
#5044=ORIENTED_EDGE('',*,*,#7075,.F.);
#5045=ORIENTED_EDGE('',*,*,#7937,.F.);
#5046=ORIENTED_EDGE('',*,*,#7938,.T.);
#5047=ORIENTED_EDGE('',*,*,#7939,.F.);
#5048=CARTESIAN_POINT('',(2.65,1.338708418996,-4.028105114036));
#5049=DIRECTION('',(0.0,0.777145961458072,-0.629320391048477));
#5050=DIRECTION('',(-1.0,0.0,0.0));
#5051=ORIENTED_EDGE('',*,*,#7076,.F.);
#5052=ORIENTED_EDGE('',*,*,#7939,.T.);
#5053=ORIENTED_EDGE('',*,*,#7940,.F.);
#5054=ORIENTED_EDGE('',*,*,#7941,.F.);
#5055=ORIENTED_EDGE('',*,*,#7942,.F.);
#5056=CARTESIAN_POINT('',(2.3,1.372123336083,-3.669037982126));
#5057=DIRECTION('',(0.0,-0.629320391048477,-0.777145961458072));
#5058=DIRECTION('',(0.0,0.777145961458072,-0.629320391048477));
#5059=ORIENTED_EDGE('',*,*,#7073,.F.);
#5060=ORIENTED_EDGE('',*,*,#7942,.T.);
#5061=ORIENTED_EDGE('',*,*,#7943,.F.);
#5062=ORIENTED_EDGE('',*,*,#7944,.F.);
#5063=ORIENTED_EDGE('',*,*,#7929,.F.);
#5064=ORIENTED_EDGE('',*,*,#7935,.T.);
#5065=CARTESIAN_POINT('',(2.65,1.036203882685,-3.902181770563));
#5066=DIRECTION('',(0.0,-0.629320391049303,-0.777145961457404));
#5067=DIRECTION('',(0.0,-0.777145961457404,0.629320391049303));
#5068=ORIENTED_EDGE('',*,*,#7848,.T.);
#5069=ORIENTED_EDGE('',*,*,#7930,.F.);
#5070=ORIENTED_EDGE('',*,*,#7944,.T.);
#5071=ORIENTED_EDGE('',*,*,#7945,.F.);
#5072=ORIENTED_EDGE('',*,*,#7852,.T.);
#5073=ORIENTED_EDGE('',*,*,#7946,.T.);
#5074=CARTESIAN_POINT('',(2.65,1.225,-3.669037982126));
#5075=DIRECTION('',(1.0,-0.0,0.0));
#5076=DIRECTION('',(0.0,1.0,0.0));
#5077=ORIENTED_EDGE('',*,*,#7946,.F.);
#5078=ORIENTED_EDGE('',*,*,#7851,.T.);
#5079=ORIENTED_EDGE('',*,*,#7947,.F.);
#5080=ORIENTED_EDGE('',*,*,#7948,.T.);
#5081=ORIENTED_EDGE('',*,*,#7949,.F.);
#5082=ORIENTED_EDGE('',*,*,#7950,.T.);
#5083=ORIENTED_EDGE('',*,*,#7951,.F.);
#5084=ORIENTED_EDGE('',*,*,#7849,.T.);
#5085=CARTESIAN_POINT('',(1.499999999999,0.5100000000004,-4.100000017874));
#5086=DIRECTION('',(0.0,0.0,-1.0));
#5087=DIRECTION('',(1.0,0.0,0.0));
#5088=ORIENTED_EDGE('',*,*,#7850,.F.);
#5089=ORIENTED_EDGE('',*,*,#7951,.T.);
#5090=ORIENTED_EDGE('',*,*,#7952,.T.);
#5091=ORIENTED_EDGE('',*,*,#7953,.T.);
#5092=ORIENTED_EDGE('',*,*,#7954,.F.);
#5093=ORIENTED_EDGE('',*,*,#7955,.T.);
#5094=ORIENTED_EDGE('',*,*,#7956,.T.);
#5095=ORIENTED_EDGE('',*,*,#7957,.F.);
#5096=ORIENTED_EDGE('',*,*,#7958,.F.);
#5097=ORIENTED_EDGE('',*,*,#7959,.F.);
#5098=ORIENTED_EDGE('',*,*,#7960,.T.);
#5099=ORIENTED_EDGE('',*,*,#7947,.T.);
#5100=CARTESIAN_POINT('',(-1.357556966426E-12,0.7750000000004,-0.9000000178741));
#5101=DIRECTION('',(0.0,-0.948683298050524,-0.316227766016808));
#5102=DIRECTION('',(0.0,0.316227766016808,-0.948683298050524));
#5103=ORIENTED_EDGE('',*,*,#7960,.F.);
#5104=ORIENTED_EDGE('',*,*,#7961,.T.);
#5105=ORIENTED_EDGE('',*,*,#7962,.F.);
#5106=ORIENTED_EDGE('',*,*,#7948,.F.);
#5107=CARTESIAN_POINT('',(-2.505025197931,0.8750000000004,-4.100000017874));
#5108=DIRECTION('',(-0.0,1.0,0.0));
#5109=DIRECTION('',(1.0,0.0,0.0));
#5110=ORIENTED_EDGE('',*,*,#7083,.T.);
#5111=ORIENTED_EDGE('',*,*,#7963,.F.);
#5112=ORIENTED_EDGE('',*,*,#7964,.T.);
#5113=ORIENTED_EDGE('',*,*,#7965,.T.);
#5114=ORIENTED_EDGE('',*,*,#7966,.T.);
#5115=ORIENTED_EDGE('',*,*,#7949,.T.);
#5116=ORIENTED_EDGE('',*,*,#7962,.T.);
#5117=ORIENTED_EDGE('',*,*,#7967,.F.);
#5118=CARTESIAN_POINT('',(0.0,1.025,-3.949000017874));
#5119=DIRECTION('',(1.0,-0.0,0.0));
#5120=DIRECTION('',(0.0,1.0,0.0));
#5121=ORIENTED_EDGE('',*,*,#7968,.F.);
#5122=ORIENTED_EDGE('',*,*,#7969,.T.);
#5123=ORIENTED_EDGE('',*,*,#7084,.F.);
#5124=ORIENTED_EDGE('',*,*,#7967,.T.);
#5125=ORIENTED_EDGE('',*,*,#7961,.F.);
#5126=ORIENTED_EDGE('',*,*,#7959,.T.);
#5127=ORIENTED_EDGE('',*,*,#7970,.T.);
#5128=ORIENTED_EDGE('',*,*,#7971,.T.);
#5129=CARTESIAN_POINT('',(2.3,0.3750000000004,-4.100000017874));
#5130=DIRECTION('',(-1.0,0.0,0.0));
#5131=DIRECTION('',(0.0,0.0,1.0));
#5132=ORIENTED_EDGE('',*,*,#7972,.F.);
#5133=ORIENTED_EDGE('',*,*,#7973,.F.);
#5134=ORIENTED_EDGE('',*,*,#7974,.T.);
#5135=ORIENTED_EDGE('',*,*,#7971,.F.);
#5136=CARTESIAN_POINT('',(-1.357593004072E-12,0.4250000000004,-0.6500000178741));
#5137=DIRECTION('',(0.0,0.707106781186548,-0.707106781186548));
#5138=DIRECTION('',(-1.0,0.0,0.0));
#5139=ORIENTED_EDGE('',*,*,#7975,.T.);
#5140=ORIENTED_EDGE('',*,*,#7976,.F.);
#5141=ORIENTED_EDGE('',*,*,#7968,.T.);
#5142=ORIENTED_EDGE('',*,*,#7974,.F.);
#5143=CARTESIAN_POINT('',(2.360050451097,0.3750000000004,-4.100000017874));
#5144=DIRECTION('',(0.0,-1.0,0.0));
#5145=DIRECTION('',(0.0,0.0,-1.0));
#5146=ORIENTED_EDGE('',*,*,#7976,.T.);
#5147=ORIENTED_EDGE('',*,*,#7977,.F.);
#5148=ORIENTED_EDGE('',*,*,#7081,.T.);
#5149=ORIENTED_EDGE('',*,*,#7969,.F.);
#5150=CARTESIAN_POINT('',(0.0,0.2250000000004,-3.949000017874));
#5151=DIRECTION('',(-1.0,-0.0,0.0));
#5152=DIRECTION('',(0.0,-1.0,0.0));
#5153=ORIENTED_EDGE('',*,*,#7957,.T.);
#5154=ORIENTED_EDGE('',*,*,#7978,.F.);
#5155=ORIENTED_EDGE('',*,*,#7963,.T.);
#5156=ORIENTED_EDGE('',*,*,#7082,.F.);
#5157=ORIENTED_EDGE('',*,*,#7977,.T.);
#5158=ORIENTED_EDGE('',*,*,#7975,.F.);
#5159=ORIENTED_EDGE('',*,*,#7973,.T.);
#5160=ORIENTED_EDGE('',*,*,#7979,.T.);
#5161=CARTESIAN_POINT('',(-2.3,0.3750000000004,-4.100000017874));
#5162=DIRECTION('',(1.0,0.0,0.0));
#5163=DIRECTION('',(0.0,1.0,0.0));
#5164=ORIENTED_EDGE('',*,*,#7958,.T.);
#5165=ORIENTED_EDGE('',*,*,#7979,.F.);
#5166=ORIENTED_EDGE('',*,*,#7972,.T.);
#5167=ORIENTED_EDGE('',*,*,#7970,.F.);
#5168=CARTESIAN_POINT('',(0.0,0.0,-0.6000000178741));
#5169=DIRECTION('',(0.0,0.0,1.0));
#5170=DIRECTION('',(1.0,0.0,0.0));
#5171=ORIENTED_EDGE('',*,*,#7956,.F.);
#5172=ORIENTED_EDGE('',*,*,#7980,.F.);
#5173=ORIENTED_EDGE('',*,*,#7964,.F.);
#5174=ORIENTED_EDGE('',*,*,#7978,.T.);
#5175=CARTESIAN_POINT('',(-2.505025197931,0.8750000000004,-4.100000017874));
#5176=DIRECTION('',(-0.0,1.0,0.0));
#5177=DIRECTION('',(1.0,0.0,0.0));
#5178=ORIENTED_EDGE('',*,*,#7981,.F.);
#5179=ORIENTED_EDGE('',*,*,#7982,.T.);
#5180=ORIENTED_EDGE('',*,*,#7953,.F.);
#5181=ORIENTED_EDGE('',*,*,#7983,.T.);
#5182=ORIENTED_EDGE('',*,*,#7965,.F.);
#5183=ORIENTED_EDGE('',*,*,#7980,.T.);
#5184=ORIENTED_EDGE('',*,*,#7955,.F.);
#5185=ORIENTED_EDGE('',*,*,#7984,.T.);
#5186=CARTESIAN_POINT('',(-1.500000000001,0.5100000000004,-4.100000017874));
#5187=DIRECTION('',(0.0,0.0,-1.0));
#5188=DIRECTION('',(1.0,0.0,0.0));
#5189=ORIENTED_EDGE('',*,*,#7984,.F.);
#5190=ORIENTED_EDGE('',*,*,#7954,.T.);
#5191=ORIENTED_EDGE('',*,*,#7982,.F.);
#5192=ORIENTED_EDGE('',*,*,#7985,.F.);
#5193=ORIENTED_EDGE('',*,*,#7986,.F.);
#5194=ORIENTED_EDGE('',*,*,#7987,.T.);
#5195=ORIENTED_EDGE('',*,*,#7988,.T.);
#5196=ORIENTED_EDGE('',*,*,#7989,.T.);
#5197=ORIENTED_EDGE('',*,*,#7990,.F.);
#5198=ORIENTED_EDGE('',*,*,#7991,.T.);
#5199=ORIENTED_EDGE('',*,*,#7992,.T.);
#5200=ORIENTED_EDGE('',*,*,#7993,.T.);
#5201=ORIENTED_EDGE('',*,*,#7994,.F.);
#5202=ORIENTED_EDGE('',*,*,#7995,.F.);
#5203=ORIENTED_EDGE('',*,*,#7412,.F.);
#5204=ORIENTED_EDGE('',*,*,#7996,.F.);
#5205=ORIENTED_EDGE('',*,*,#7997,.T.);
#5206=ORIENTED_EDGE('',*,*,#7998,.T.);
#5207=ORIENTED_EDGE('',*,*,#7999,.F.);
#5208=CARTESIAN_POINT('',(0.9229911993053,0.9250000000004,-0.2178136431501));
#5209=DIRECTION('',(-0.0,1.0,0.0));
#5210=DIRECTION('',(1.0,0.0,0.0));
#5211=ORIENTED_EDGE('',*,*,#7999,.T.);
#5212=ORIENTED_EDGE('',*,*,#8000,.F.);
#5213=ORIENTED_EDGE('',*,*,#8001,.T.);
#5214=ORIENTED_EDGE('',*,*,#8002,.F.);
#5215=ORIENTED_EDGE('',*,*,#7985,.T.);
#5216=ORIENTED_EDGE('',*,*,#7981,.T.);
#5217=CARTESIAN_POINT('',(2.65,1.225,-3.669037982126));
#5218=DIRECTION('',(1.0,-0.0,0.0));
#5219=DIRECTION('',(0.0,1.0,0.0));
#5220=ORIENTED_EDGE('',*,*,#8003,.T.);
#5221=ORIENTED_EDGE('',*,*,#8004,.F.);
#5222=ORIENTED_EDGE('',*,*,#8005,.F.);
#5223=ORIENTED_EDGE('',*,*,#8006,.T.);
#5224=ORIENTED_EDGE('',*,*,#8007,.F.);
#5225=ORIENTED_EDGE('',*,*,#7986,.T.);
#5226=ORIENTED_EDGE('',*,*,#8002,.T.);
#5227=ORIENTED_EDGE('',*,*,#8008,.T.);
#5228=ORIENTED_EDGE('',*,*,#8009,.T.);
#5229=CARTESIAN_POINT('',(-0.6300000000003,1.225,-3.549997982126));
#5230=DIRECTION('',(-1.0,0.0,0.0));
#5231=DIRECTION('',(0.0,0.0,1.0));
#5232=ORIENTED_EDGE('',*,*,#7071,.F.);
#5233=ORIENTED_EDGE('',*,*,#8010,.T.);
#5234=ORIENTED_EDGE('',*,*,#8011,.F.);
#5235=ORIENTED_EDGE('',*,*,#8009,.F.);
#5236=ORIENTED_EDGE('',*,*,#8012,.F.);
#5237=CARTESIAN_POINT('',(-0.8300000000006,1.430342681279,-3.597143078288));
#5238=DIRECTION('',(0.0,-0.629320391048477,-0.777145961458072));
#5239=DIRECTION('',(0.0,0.777145961458072,-0.629320391048477));
#5240=ORIENTED_EDGE('',*,*,#7072,.F.);
#5241=ORIENTED_EDGE('',*,*,#8012,.T.);
#5242=ORIENTED_EDGE('',*,*,#8008,.F.);
#5243=ORIENTED_EDGE('',*,*,#8001,.F.);
#5244=ORIENTED_EDGE('',*,*,#8013,.F.);
#5245=ORIENTED_EDGE('',*,*,#8014,.T.);
#5246=CARTESIAN_POINT('',(-0.6500000000003,1.036203882686,-3.902181770563));
#5247=DIRECTION('',(0.0,-0.629320391049303,-0.777145961457404));
#5248=DIRECTION('',(0.0,-0.777145961457404,0.629320391049303));
#5249=ORIENTED_EDGE('',*,*,#7069,.F.);
#5250=ORIENTED_EDGE('',*,*,#8014,.F.);
#5251=ORIENTED_EDGE('',*,*,#8015,.F.);
#5252=ORIENTED_EDGE('',*,*,#8016,.F.);
#5253=ORIENTED_EDGE('',*,*,#8017,.T.);
#5254=CARTESIAN_POINT('',(-2.3,1.372123336084,-3.669037982126));
#5255=DIRECTION('',(0.0,-0.629320391048477,-0.777145961458072));
#5256=DIRECTION('',(0.0,0.777145961458072,-0.629320391048477));
#5257=ORIENTED_EDGE('',*,*,#7070,.F.);
#5258=ORIENTED_EDGE('',*,*,#8017,.F.);
#5259=ORIENTED_EDGE('',*,*,#8018,.F.);
#5260=ORIENTED_EDGE('',*,*,#8010,.F.);
#5261=CARTESIAN_POINT('',(2.649999999999,1.338708418997,-4.028105114036));
#5262=DIRECTION('',(0.0,0.777145961458072,-0.629320391048477));
#5263=DIRECTION('',(-1.0,0.0,0.0));
#5264=ORIENTED_EDGE('',*,*,#8011,.T.);
#5265=ORIENTED_EDGE('',*,*,#8018,.T.);
#5266=ORIENTED_EDGE('',*,*,#8016,.T.);
#5267=ORIENTED_EDGE('',*,*,#8019,.F.);
#5268=ORIENTED_EDGE('',*,*,#8020,.T.);
#5269=ORIENTED_EDGE('',*,*,#8003,.F.);
#5270=CARTESIAN_POINT('',(-0.6500000000003,1.275061182266,-3.709576728207));
#5271=DIRECTION('',(0.0,0.629320391049303,0.777145961457404));
#5272=DIRECTION('',(1.0,-0.0,0.0));
#5273=ORIENTED_EDGE('',*,*,#8021,.T.);
#5274=ORIENTED_EDGE('',*,*,#8022,.T.);
#5275=ORIENTED_EDGE('',*,*,#8023,.T.);
#5276=ORIENTED_EDGE('',*,*,#8024,.T.);
#5277=ORIENTED_EDGE('',*,*,#8004,.T.);
#5278=ORIENTED_EDGE('',*,*,#8020,.F.);
#5279=ORIENTED_EDGE('',*,*,#8025,.F.);
#5280=ORIENTED_EDGE('',*,*,#8026,.F.);
#5281=ORIENTED_EDGE('',*,*,#8027,.F.);
#5282=ORIENTED_EDGE('',*,*,#8028,.T.);
#5283=ORIENTED_EDGE('',*,*,#8029,.T.);
#5284=ORIENTED_EDGE('',*,*,#8030,.T.);
#5285=ORIENTED_EDGE('',*,*,#8031,.T.);
#5286=ORIENTED_EDGE('',*,*,#8032,.T.);
#5287=ORIENTED_EDGE('',*,*,#8033,.T.);
#5288=ORIENTED_EDGE('',*,*,#8034,.T.);
#5289=CARTESIAN_POINT('',(-1.998223277084,1.225,-0.9999979821259));
#5290=DIRECTION('',(-0.0,1.0,0.0));
#5291=DIRECTION('',(1.0,0.0,0.0));
#5292=ORIENTED_EDGE('',*,*,#8035,.F.);
#5293=ORIENTED_EDGE('',*,*,#8034,.F.);
#5294=ORIENTED_EDGE('',*,*,#8036,.F.);
#5295=ORIENTED_EDGE('',*,*,#7990,.T.);
#5296=CARTESIAN_POINT('',(0.1699999999997,1.225,-2.398147527888));
#5297=DIRECTION('',(-1.0,0.0,0.0));
#5298=DIRECTION('',(0.0,0.0,1.0));
#5299=ORIENTED_EDGE('',*,*,#8036,.T.);
#5300=ORIENTED_EDGE('',*,*,#8033,.F.);
#5301=ORIENTED_EDGE('',*,*,#8037,.T.);
#5302=ORIENTED_EDGE('',*,*,#8038,.F.);
#5303=ORIENTED_EDGE('',*,*,#8039,.T.);
#5304=ORIENTED_EDGE('',*,*,#7991,.F.);
#5305=CARTESIAN_POINT('',(-0.03000000000033,1.225,-1.401848436364));
#5306=DIRECTION('',(-0.0,-1.0,0.0));
#5307=DIRECTION('',(-1.0,0.0,0.0));
#5308=ORIENTED_EDGE('',*,*,#8039,.F.);
#5309=ORIENTED_EDGE('',*,*,#8040,.F.);
#5310=ORIENTED_EDGE('',*,*,#8041,.F.);
#5311=ORIENTED_EDGE('',*,*,#7992,.F.);
#5312=CARTESIAN_POINT('',(-0.1300000000003,1.225,-1.228643355607));
#5313=DIRECTION('',(0.500000000000017,0.0,-0.866025403784429));
#5314=DIRECTION('',(0.0,-1.0,0.0));
#5315=ORIENTED_EDGE('',*,*,#8041,.T.);
#5316=ORIENTED_EDGE('',*,*,#8042,.F.);
#5317=ORIENTED_EDGE('',*,*,#8043,.F.);
#5318=ORIENTED_EDGE('',*,*,#8044,.T.);
#5319=ORIENTED_EDGE('',*,*,#7993,.F.);
#5320=CARTESIAN_POINT('',(-0.4000000000003,1.225,-1.118946804461));
#5321=DIRECTION('',(-0.0,-1.0,0.0));
#5322=DIRECTION('',(-1.0,0.0,0.0));
#5323=ORIENTED_EDGE('',*,*,#8044,.F.);
#5324=ORIENTED_EDGE('',*,*,#8045,.T.);
#5325=ORIENTED_EDGE('',*,*,#8046,.F.);
#5326=ORIENTED_EDGE('',*,*,#8029,.F.);
#5327=ORIENTED_EDGE('',*,*,#8047,.T.);
#5328=ORIENTED_EDGE('',*,*,#7994,.T.);
#5329=CARTESIAN_POINT('',(-0.6300000000003,1.225,-0.9189468044607));
#5330=DIRECTION('',(-1.0,0.0,0.0));
#5331=DIRECTION('',(0.0,0.0,1.0));
#5332=ORIENTED_EDGE('',*,*,#7828,.T.);
#5333=ORIENTED_EDGE('',*,*,#7995,.T.);
#5334=ORIENTED_EDGE('',*,*,#8047,.F.);
#5335=ORIENTED_EDGE('',*,*,#8028,.F.);
#5336=ORIENTED_EDGE('',*,*,#8048,.T.);
#5337=ORIENTED_EDGE('',*,*,#7623,.T.);
#5338=CARTESIAN_POINT('',(-2.596446554168,0.6750000000004,-0.04999798212588));
#5339=DIRECTION('',(0.0,0.0,1.0));
#5340=DIRECTION('',(1.0,0.0,0.0));
#5341=ORIENTED_EDGE('',*,*,#8027,.T.);
#5342=ORIENTED_EDGE('',*,*,#8049,.F.);
#5343=ORIENTED_EDGE('',*,*,#8050,.T.);
#5344=ORIENTED_EDGE('',*,*,#8051,.F.);
#5345=ORIENTED_EDGE('',*,*,#8048,.F.);
#5346=CARTESIAN_POINT('',(-2.596446554168,0.6750000000004,-0.04999798212588));
#5347=DIRECTION('',(-0.0,0.0,-1.0));
#5348=DIRECTION('',(-1.0,0.0,0.0));
#5349=ORIENTED_EDGE('',*,*,#8051,.T.);
#5350=ORIENTED_EDGE('',*,*,#8052,.T.);
#5351=ORIENTED_EDGE('',*,*,#7680,.F.);
#5352=ORIENTED_EDGE('',*,*,#7624,.T.);
#5353=CARTESIAN_POINT('',(2.548,-0.962,-0.04999798212588));
#5354=DIRECTION('',(0.0,0.0,-1.0));
#5355=DIRECTION('',(0.0,-1.0,0.0));
#5356=ORIENTED_EDGE('',*,*,#8053,.F.);
#5357=ORIENTED_EDGE('',*,*,#8054,.F.);
#5358=ORIENTED_EDGE('',*,*,#8055,.F.);
#5359=ORIENTED_EDGE('',*,*,#8052,.F.);
#5360=ORIENTED_EDGE('',*,*,#8050,.F.);
#5361=CARTESIAN_POINT('',(-2.937132006736,1.112132006737,-2.949997982126));
#5362=DIRECTION('',(-0.707106781186548,0.707106781186548,0.0));
#5363=DIRECTION('',(0.0,0.0,1.0));
#5364=ORIENTED_EDGE('',*,*,#7681,.F.);
#5365=ORIENTED_EDGE('',*,*,#8055,.T.);
#5366=ORIENTED_EDGE('',*,*,#8056,.T.);
#5367=ORIENTED_EDGE('',*,*,#8057,.T.);
#5368=ORIENTED_EDGE('',*,*,#7560,.T.);
#5369=CARTESIAN_POINT('',(-2.596446554168,0.6750000000004,-0.04999798212588));
#5370=DIRECTION('',(0.0,0.0,1.0));
#5371=DIRECTION('',(1.0,0.0,0.0));
#5372=ORIENTED_EDGE('',*,*,#8058,.T.);
#5373=ORIENTED_EDGE('',*,*,#8059,.F.);
#5374=ORIENTED_EDGE('',*,*,#7561,.F.);
#5375=ORIENTED_EDGE('',*,*,#8057,.F.);
#5376=CARTESIAN_POINT('',(-3.508794056506,0.1214465541685,-0.04999798212588));
#5377=DIRECTION('',(0.0,-0.169101978725797,-0.985598559653483));
#5378=DIRECTION('',(0.0,-0.985598559653483,0.169101978725797));
#5379=ORIENTED_EDGE('',*,*,#7597,.F.);
#5380=ORIENTED_EDGE('',*,*,#8060,.T.);
#5381=ORIENTED_EDGE('',*,*,#7573,.F.);
#5382=ORIENTED_EDGE('',*,*,#8059,.T.);
#5383=CARTESIAN_POINT('',(-3.508794056506,0.1214465541685,0.1000020178741));
#5384=DIRECTION('',(1.0,-0.0,0.0));
#5385=DIRECTION('',(0.0,1.0,0.0));
#5386=ORIENTED_EDGE('',*,*,#7574,.F.);
#5387=ORIENTED_EDGE('',*,*,#8060,.F.);
#5388=ORIENTED_EDGE('',*,*,#7596,.F.);
#5389=ORIENTED_EDGE('',*,*,#7670,.T.);
#5390=CARTESIAN_POINT('',(-3.508794056506,0.1214465541685,0.1000020178741));
#5391=DIRECTION('',(-1.0,-0.0,0.0));
#5392=DIRECTION('',(0.0,-1.0,0.0));
#5393=ORIENTED_EDGE('',*,*,#8054,.T.);
#5394=ORIENTED_EDGE('',*,*,#8061,.F.);
#5395=ORIENTED_EDGE('',*,*,#7598,.T.);
#5396=ORIENTED_EDGE('',*,*,#8058,.F.);
#5397=ORIENTED_EDGE('',*,*,#8056,.F.);
#5398=CARTESIAN_POINT('',(-3.2,0.07144655416846,-0.04141933836319));
#5399=DIRECTION('',(-0.0,0.0,-1.0));
#5400=DIRECTION('',(-1.0,0.0,0.0));
#5401=ORIENTED_EDGE('',*,*,#8026,.T.);
#5402=ORIENTED_EDGE('',*,*,#8062,.T.);
#5403=ORIENTED_EDGE('',*,*,#7997,.F.);
#5404=ORIENTED_EDGE('',*,*,#8063,.T.);
#5405=ORIENTED_EDGE('',*,*,#8064,.T.);
#5406=ORIENTED_EDGE('',*,*,#7558,.T.);
#5407=ORIENTED_EDGE('',*,*,#7572,.T.);
#5408=ORIENTED_EDGE('',*,*,#8065,.F.);
#5409=ORIENTED_EDGE('',*,*,#7599,.F.);
#5410=ORIENTED_EDGE('',*,*,#8061,.T.);
#5411=ORIENTED_EDGE('',*,*,#8053,.T.);
#5412=ORIENTED_EDGE('',*,*,#8049,.T.);
#5413=CARTESIAN_POINT('',(-2.596446554168,0.6750000000004,-3.549997982126));
#5414=DIRECTION('',(0.0,0.0,1.0));
#5415=DIRECTION('',(1.0,0.0,0.0));
#5416=ORIENTED_EDGE('',*,*,#7571,.T.);
#5417=ORIENTED_EDGE('',*,*,#8066,.T.);
#5418=ORIENTED_EDGE('',*,*,#8067,.T.);
#5419=ORIENTED_EDGE('',*,*,#8068,.T.);
#5420=ORIENTED_EDGE('',*,*,#8069,.T.);
#5421=ORIENTED_EDGE('',*,*,#7600,.F.);
#5422=ORIENTED_EDGE('',*,*,#8065,.T.);
#5423=CARTESIAN_POINT('',(-4.937696258058,0.005000000000033,1.988053588155));
#5424=DIRECTION('',(-0.0,1.0,0.0));
#5425=DIRECTION('',(1.0,0.0,0.0));
#5426=ORIENTED_EDGE('',*,*,#8070,.T.);
#5427=ORIENTED_EDGE('',*,*,#8071,.F.);
#5428=ORIENTED_EDGE('',*,*,#8072,.T.);
#5429=ORIENTED_EDGE('',*,*,#8073,.F.);
#5430=ORIENTED_EDGE('',*,*,#7601,.T.);
#5431=ORIENTED_EDGE('',*,*,#8069,.F.);
#5432=CARTESIAN_POINT('',(-3.979882875555,0.425,-3.855193464255));
#5433=DIRECTION('',(-0.62932039104991,0.0,0.777145961456912));
#5434=DIRECTION('',(0.0,1.0,0.0));
#5435=ORIENTED_EDGE('',*,*,#8074,.T.);
#5436=ORIENTED_EDGE('',*,*,#8075,.T.);
#5437=ORIENTED_EDGE('',*,*,#7569,.F.);
#5438=ORIENTED_EDGE('',*,*,#8076,.T.);
#5439=ORIENTED_EDGE('',*,*,#7602,.T.);
#5440=ORIENTED_EDGE('',*,*,#8073,.T.);
#5441=ORIENTED_EDGE('',*,*,#8077,.T.);
#5442=CARTESIAN_POINT('',(3.559377868981,-0.645,-3.469346738695));
#5443=DIRECTION('',(-0.0,1.0,0.0));
#5444=DIRECTION('',(1.0,0.0,0.0));
#5445=ORIENTED_EDGE('',*,*,#7078,.F.);
#5446=ORIENTED_EDGE('',*,*,#8078,.F.);
#5447=ORIENTED_EDGE('',*,*,#8077,.F.);
#5448=ORIENTED_EDGE('',*,*,#8072,.F.);
#5449=ORIENTED_EDGE('',*,*,#8079,.T.);
#5450=CARTESIAN_POINT('',(-3.897123336082,-0.445,-3.669037982126));
#5451=DIRECTION('',(-0.629320391047203,0.0,0.777145961459104));
#5452=DIRECTION('',(0.777145961459104,0.0,0.629320391047203));
#5453=ORIENTED_EDGE('',*,*,#7079,.F.);
#5454=ORIENTED_EDGE('',*,*,#8079,.F.);
#5455=ORIENTED_EDGE('',*,*,#8071,.T.);
#5456=ORIENTED_EDGE('',*,*,#8080,.F.);
#5457=CARTESIAN_POINT('',(-3.805489073801,0.425,-4.100000017874));
#5458=DIRECTION('',(-0.777145961459104,0.0,-0.629320391047203));
#5459=DIRECTION('',(-0.629320391047203,0.0,0.777145961459104));
#5460=ORIENTED_EDGE('',*,*,#7080,.F.);
#5461=ORIENTED_EDGE('',*,*,#8080,.T.);
#5462=ORIENTED_EDGE('',*,*,#8070,.F.);
#5463=ORIENTED_EDGE('',*,*,#8068,.F.);
#5464=ORIENTED_EDGE('',*,*,#8081,.F.);
#5465=CARTESIAN_POINT('',(-3.897123336082,-0.195,-3.669037982126));
#5466=DIRECTION('',(0.629320391047203,0.0,-0.777145961459104));
#5467=DIRECTION('',(-0.777145961459104,0.0,-0.629320391047203));
#5468=ORIENTED_EDGE('',*,*,#7077,.F.);
#5469=ORIENTED_EDGE('',*,*,#8081,.T.);
#5470=ORIENTED_EDGE('',*,*,#8067,.F.);
#5471=ORIENTED_EDGE('',*,*,#8082,.F.);
#5472=ORIENTED_EDGE('',*,*,#8074,.F.);
#5473=ORIENTED_EDGE('',*,*,#8078,.T.);
#5474=CARTESIAN_POINT('',(-3.561203882685,0.425,-3.902181770563));
#5475=DIRECTION('',(0.629320391049363,0.0,-0.777145961457355));
#5476=DIRECTION('',(0.0,-1.0,0.0));
#5477=ORIENTED_EDGE('',*,*,#8082,.T.);
#5478=ORIENTED_EDGE('',*,*,#8066,.F.);
#5479=ORIENTED_EDGE('',*,*,#7570,.T.);
#5480=ORIENTED_EDGE('',*,*,#8075,.F.);
#5481=CARTESIAN_POINT('',(-3.75,0.425,-3.669037982126));
#5482=DIRECTION('',(0.0,1.0,-0.0));
#5483=DIRECTION('',(-1.0,0.0,0.0));
#5484=ORIENTED_EDGE('',*,*,#8076,.F.);
#5485=ORIENTED_EDGE('',*,*,#7568,.T.);
#5486=ORIENTED_EDGE('',*,*,#8083,.T.);
#5487=ORIENTED_EDGE('',*,*,#8084,.F.);
#5488=ORIENTED_EDGE('',*,*,#8085,.T.);
#5489=ORIENTED_EDGE('',*,*,#7603,.F.);
#5490=CARTESIAN_POINT('',(-3.51467954858,-1.224621634746,-3.549997982126));
#5491=DIRECTION('',(0.0,0.0,1.0));
#5492=DIRECTION('',(1.0,0.0,0.0));
#5493=ORIENTED_EDGE('',*,*,#7604,.T.);
#5494=ORIENTED_EDGE('',*,*,#8085,.F.);
#5495=ORIENTED_EDGE('',*,*,#7279,.T.);
#5496=ORIENTED_EDGE('',*,*,#8086,.F.);
#5497=ORIENTED_EDGE('',*,*,#8087,.F.);
#5498=CARTESIAN_POINT('',(-3.2,-0.675,2.519039982126));
#5499=DIRECTION('',(-0.0,0.0,-1.0));
#5500=DIRECTION('',(-1.0,0.0,0.0));
#5501=ORIENTED_EDGE('',*,*,#8088,.T.);
#5502=ORIENTED_EDGE('',*,*,#7566,.F.);
#5503=ORIENTED_EDGE('',*,*,#7607,.F.);
#5504=ORIENTED_EDGE('',*,*,#7605,.T.);
#5505=ORIENTED_EDGE('',*,*,#8087,.T.);
#5506=ORIENTED_EDGE('',*,*,#8089,.F.);
#5507=CARTESIAN_POINT('',(-3.2,-0.675,2.519039982126));
#5508=DIRECTION('',(0.0,0.0,1.0));
#5509=DIRECTION('',(1.0,0.0,0.0));
#5510=ORIENTED_EDGE('',*,*,#8086,.T.);
#5511=ORIENTED_EDGE('',*,*,#8090,.T.);
#5512=ORIENTED_EDGE('',*,*,#8091,.F.);
#5513=ORIENTED_EDGE('',*,*,#8089,.T.);
#5514=CARTESIAN_POINT('',(-3.33,-0.9896795485797,2.649039982126));
#5515=DIRECTION('',(0.0,1.0,-0.0));
#5516=DIRECTION('',(-1.0,0.0,0.0));
#5517=ORIENTED_EDGE('',*,*,#8083,.F.);
#5518=ORIENTED_EDGE('',*,*,#7567,.T.);
#5519=ORIENTED_EDGE('',*,*,#8088,.F.);
#5520=ORIENTED_EDGE('',*,*,#8091,.T.);
#5521=ORIENTED_EDGE('',*,*,#7131,.T.);
#5522=CARTESIAN_POINT('',(-3.2,-0.675,2.519039982126));
#5523=DIRECTION('',(-0.0,0.0,-1.0));
#5524=DIRECTION('',(-1.0,0.0,0.0));
#5525=ORIENTED_EDGE('',*,*,#7132,.T.);
#5526=ORIENTED_EDGE('',*,*,#8090,.F.);
#5527=ORIENTED_EDGE('',*,*,#7278,.F.);
#5528=ORIENTED_EDGE('',*,*,#8092,.T.);
#5529=CARTESIAN_POINT('',(-3.2,-1.225,2.150000017874));
#5530=DIRECTION('',(-1.0,0.0,0.0));
#5531=DIRECTION('',(0.0,0.0,1.0));
#5532=ORIENTED_EDGE('',*,*,#8092,.F.);
#5533=ORIENTED_EDGE('',*,*,#7295,.F.);
#5534=ORIENTED_EDGE('',*,*,#7868,.T.);
#5535=ORIENTED_EDGE('',*,*,#8093,.F.);
#5536=CARTESIAN_POINT('',(-3.125,-1.075,4.150000017874));
#5537=DIRECTION('',(-0.894427190999896,0.0,0.447213595499998));
#5538=DIRECTION('',(0.0,1.0,0.0));
#5539=ORIENTED_EDGE('',*,*,#7133,.F.);
#5540=ORIENTED_EDGE('',*,*,#8093,.T.);
#5541=ORIENTED_EDGE('',*,*,#7867,.T.);
#5542=ORIENTED_EDGE('',*,*,#8094,.F.);
#5543=CARTESIAN_POINT('',(-2.8,-0.975,4.150000017874));
#5544=DIRECTION('',(0.0,0.948683298050524,0.316227766016808));
#5545=DIRECTION('',(1.0,0.0,-0.0));
#5546=ORIENTED_EDGE('',*,*,#7866,.T.);
#5547=ORIENTED_EDGE('',*,*,#7293,.F.);
#5548=ORIENTED_EDGE('',*,*,#8095,.F.);
#5549=ORIENTED_EDGE('',*,*,#8094,.T.);
#5550=CARTESIAN_POINT('',(-2.475,-1.075,4.150000017874));
#5551=DIRECTION('',(0.894427190999896,0.0,0.447213595499998));
#5552=DIRECTION('',(0.0,-1.0,0.0));
#5553=ORIENTED_EDGE('',*,*,#7292,.F.);
#5554=ORIENTED_EDGE('',*,*,#8096,.F.);
#5555=ORIENTED_EDGE('',*,*,#7120,.F.);
#5556=ORIENTED_EDGE('',*,*,#8095,.T.);
#5557=CARTESIAN_POINT('',(-2.4,-1.225,2.150000017874));
#5558=DIRECTION('',(-1.0,0.0,0.0));
#5559=DIRECTION('',(0.0,0.0,1.0));
#5560=ORIENTED_EDGE('',*,*,#7121,.F.);
#5561=ORIENTED_EDGE('',*,*,#8096,.T.);
#5562=ORIENTED_EDGE('',*,*,#7291,.F.);
#5563=ORIENTED_EDGE('',*,*,#8097,.T.);
#5564=CARTESIAN_POINT('',(-2.2,-0.9896795485797,2.269040017874));
#5565=DIRECTION('',(0.0,-1.0,0.0));
#5566=DIRECTION('',(1.0,0.0,0.0));
#5567=ORIENTED_EDGE('',*,*,#7290,.F.);
#5568=ORIENTED_EDGE('',*,*,#8098,.F.);
#5569=ORIENTED_EDGE('',*,*,#7122,.F.);
#5570=ORIENTED_EDGE('',*,*,#8097,.F.);
#5571=CARTESIAN_POINT('',(-2.4,-1.225,2.069040017874));
#5572=DIRECTION('',(0.0,0.0,-1.0));
#5573=DIRECTION('',(0.0,-1.0,0.0));
#5574=ORIENTED_EDGE('',*,*,#7123,.F.);
#5575=ORIENTED_EDGE('',*,*,#8098,.T.);
#5576=ORIENTED_EDGE('',*,*,#7289,.F.);
#5577=ORIENTED_EDGE('',*,*,#8099,.T.);
#5578=CARTESIAN_POINT('',(2.2,-0.9896795485797,2.269040017874));
#5579=DIRECTION('',(0.0,-1.0,0.0));
#5580=DIRECTION('',(1.0,0.0,0.0));
#5581=ORIENTED_EDGE('',*,*,#7124,.F.);
#5582=ORIENTED_EDGE('',*,*,#8099,.F.);
#5583=ORIENTED_EDGE('',*,*,#7288,.F.);
#5584=ORIENTED_EDGE('',*,*,#8100,.T.);
#5585=CARTESIAN_POINT('',(2.4,-1.225,1.950000017874));
#5586=DIRECTION('',(1.0,0.0,0.0));
#5587=DIRECTION('',(0.0,1.0,0.0));
#5588=ORIENTED_EDGE('',*,*,#8100,.F.);
#5589=ORIENTED_EDGE('',*,*,#7287,.F.);
#5590=ORIENTED_EDGE('',*,*,#7871,.T.);
#5591=ORIENTED_EDGE('',*,*,#8101,.F.);
#5592=CARTESIAN_POINT('',(2.475,-1.075,4.150000017874));
#5593=DIRECTION('',(-0.894427190999896,0.0,0.447213595499998));
#5594=DIRECTION('',(0.0,1.0,0.0));
#5595=ORIENTED_EDGE('',*,*,#7125,.F.);
#5596=ORIENTED_EDGE('',*,*,#8101,.T.);
#5597=ORIENTED_EDGE('',*,*,#7870,.T.);
#5598=ORIENTED_EDGE('',*,*,#8102,.F.);
#5599=CARTESIAN_POINT('',(2.8,-0.975,4.150000017874));
#5600=DIRECTION('',(0.0,0.948683298050524,0.316227766016808));
#5601=DIRECTION('',(1.0,0.0,-0.0));
#5602=ORIENTED_EDGE('',*,*,#7869,.T.);
#5603=ORIENTED_EDGE('',*,*,#7285,.F.);
#5604=ORIENTED_EDGE('',*,*,#8103,.F.);
#5605=ORIENTED_EDGE('',*,*,#8102,.T.);
#5606=CARTESIAN_POINT('',(3.125,-1.075,4.150000017874));
#5607=DIRECTION('',(0.894427190999896,0.0,0.447213595499998));
#5608=DIRECTION('',(0.0,-1.0,0.0));
#5609=ORIENTED_EDGE('',*,*,#7284,.T.);
#5610=ORIENTED_EDGE('',*,*,#8104,.F.);
#5611=ORIENTED_EDGE('',*,*,#7126,.F.);
#5612=ORIENTED_EDGE('',*,*,#8103,.T.);
#5613=CARTESIAN_POINT('',(3.2,-0.925,2.150000017874));
#5614=DIRECTION('',(1.0,0.0,0.0));
#5615=DIRECTION('',(0.0,1.0,0.0));
#5616=ORIENTED_EDGE('',*,*,#8105,.F.);
#5617=ORIENTED_EDGE('',*,*,#8104,.T.);
#5618=ORIENTED_EDGE('',*,*,#8106,.T.);
#5619=ORIENTED_EDGE('',*,*,#8107,.T.);
#5620=CARTESIAN_POINT('',(3.33,-0.9896795485797,2.649039982126));
#5621=DIRECTION('',(0.0,1.0,-0.0));
#5622=DIRECTION('',(-1.0,0.0,0.0));
#5623=ORIENTED_EDGE('',*,*,#8108,.T.);
#5624=ORIENTED_EDGE('',*,*,#8109,.T.);
#5625=ORIENTED_EDGE('',*,*,#8110,.F.);
#5626=ORIENTED_EDGE('',*,*,#8111,.T.);
#5627=ORIENTED_EDGE('',*,*,#8112,.T.);
#5628=ORIENTED_EDGE('',*,*,#8107,.F.);
#5629=CARTESIAN_POINT('',(3.51467954858,-1.224621634746,2.519039982126));
#5630=DIRECTION('',(0.0,0.0,-1.0));
#5631=DIRECTION('',(0.0,-1.0,0.0));
#5632=ORIENTED_EDGE('',*,*,#8113,.T.);
#5633=ORIENTED_EDGE('',*,*,#8114,.F.);
#5634=ORIENTED_EDGE('',*,*,#7127,.T.);
#5635=ORIENTED_EDGE('',*,*,#8105,.T.);
#5636=ORIENTED_EDGE('',*,*,#8112,.F.);
#5637=CARTESIAN_POINT('',(3.2,-0.675,-3.549997982126));
#5638=DIRECTION('',(-0.0,0.0,1.0));
#5639=DIRECTION('',(1.0,0.0,0.0));
#5640=ORIENTED_EDGE('',*,*,#8115,.F.);
#5641=ORIENTED_EDGE('',*,*,#8116,.T.);
#5642=ORIENTED_EDGE('',*,*,#8117,.T.);
#5643=ORIENTED_EDGE('',*,*,#8118,.T.);
#5644=ORIENTED_EDGE('',*,*,#8114,.T.);
#5645=ORIENTED_EDGE('',*,*,#8119,.T.);
#5646=CARTESIAN_POINT('',(3.75,-0.675,-3.549997982126));
#5647=DIRECTION('',(0.0,0.0,1.0));
#5648=DIRECTION('',(1.0,0.0,0.0));
#5649=ORIENTED_EDGE('',*,*,#8120,.F.);
#5650=ORIENTED_EDGE('',*,*,#8121,.F.);
#5651=ORIENTED_EDGE('',*,*,#8122,.T.);
#5652=ORIENTED_EDGE('',*,*,#8123,.T.);
#5653=ORIENTED_EDGE('',*,*,#8124,.F.);
#5654=ORIENTED_EDGE('',*,*,#8125,.F.);
#5655=ORIENTED_EDGE('',*,*,#8126,.T.);
#5656=ORIENTED_EDGE('',*,*,#8127,.F.);
#5657=ORIENTED_EDGE('',*,*,#8128,.F.);
#5658=ORIENTED_EDGE('',*,*,#8119,.F.);
#5659=ORIENTED_EDGE('',*,*,#8113,.F.);
#5660=ORIENTED_EDGE('',*,*,#8111,.F.);
#5661=ORIENTED_EDGE('',*,*,#8129,.T.);
#5662=ORIENTED_EDGE('',*,*,#8130,.T.);
#5663=ORIENTED_EDGE('',*,*,#7023,.T.);
#5664=ORIENTED_EDGE('',*,*,#8131,.T.);
#5665=ORIENTED_EDGE('',*,*,#8132,.T.);
#5666=ORIENTED_EDGE('',*,*,#8133,.T.);
#5667=ORIENTED_EDGE('',*,*,#8134,.F.);
#5668=ORIENTED_EDGE('',*,*,#8135,.F.);
#5669=ORIENTED_EDGE('',*,*,#8136,.F.);
#5670=ORIENTED_EDGE('',*,*,#8137,.F.);
#5671=CARTESIAN_POINT('',(3.45,1.109996891667,1.659521017874));
#5672=DIRECTION('',(-1.0,0.0,0.0));
#5673=DIRECTION('',(0.0,0.0,1.0));
#5674=ORIENTED_EDGE('',*,*,#8138,.F.);
#5675=ORIENTED_EDGE('',*,*,#8133,.F.);
#5676=ORIENTED_EDGE('',*,*,#8139,.T.);
#5677=ORIENTED_EDGE('',*,*,#8140,.T.);
#5678=CARTESIAN_POINT('',(3.5,0.6599984458336,2.469039982126));
#5679=DIRECTION('',(-0.707106781186548,0.0,0.707106781186548));
#5680=DIRECTION('',(0.0,1.0,0.0));
#5681=ORIENTED_EDGE('',*,*,#8141,.F.);
#5682=ORIENTED_EDGE('',*,*,#8142,.T.);
#5683=ORIENTED_EDGE('',*,*,#8140,.F.);
#5684=ORIENTED_EDGE('',*,*,#8143,.F.);
#5685=ORIENTED_EDGE('',*,*,#8144,.T.);
#5686=ORIENTED_EDGE('',*,*,#8145,.T.);
#5687=ORIENTED_EDGE('',*,*,#8146,.T.);
#5688=ORIENTED_EDGE('',*,*,#8147,.F.);
#5689=CARTESIAN_POINT('',(1.175,-1.077246665905,2.519039982126));
#5690=DIRECTION('',(0.0,0.0,1.0));
#5691=DIRECTION('',(1.0,0.0,0.0));
#5692=ORIENTED_EDGE('',*,*,#8148,.F.);
#5693=ORIENTED_EDGE('',*,*,#8149,.T.);
#5694=ORIENTED_EDGE('',*,*,#8150,.F.);
#5695=ORIENTED_EDGE('',*,*,#8147,.T.);
#5696=CARTESIAN_POINT('',(2.95,-0.9896795485797,2.419039982126));
#5697=DIRECTION('',(0.0,1.0,-0.0));
#5698=DIRECTION('',(-1.0,0.0,0.0));
#5699=ORIENTED_EDGE('',*,*,#8150,.T.);
#5700=ORIENTED_EDGE('',*,*,#8151,.F.);
#5701=ORIENTED_EDGE('',*,*,#8152,.F.);
#5702=ORIENTED_EDGE('',*,*,#8141,.T.);
#5703=CARTESIAN_POINT('',(3.075,1.309999287525,2.469039982126));
#5704=DIRECTION('',(0.0,-0.707106781186548,0.707106781186548));
#5705=DIRECTION('',(-1.0,0.0,0.0));
#5706=ORIENTED_EDGE('',*,*,#8153,.F.);
#5707=ORIENTED_EDGE('',*,*,#8154,.T.);
#5708=ORIENTED_EDGE('',*,*,#8138,.T.);
#5709=ORIENTED_EDGE('',*,*,#8142,.F.);
#5710=ORIENTED_EDGE('',*,*,#8152,.T.);
#5711=ORIENTED_EDGE('',*,*,#8155,.T.);
#5712=ORIENTED_EDGE('',*,*,#8156,.T.);
#5713=CARTESIAN_POINT('',(3.3,1.109999287525,2.469039982126));
#5714=DIRECTION('',(0.0,-0.0,1.0));
#5715=DIRECTION('',(-1.0,0.0,0.0));
#5716=ORIENTED_EDGE('',*,*,#7834,.T.);
#5717=ORIENTED_EDGE('',*,*,#7832,.T.);
#5718=ORIENTED_EDGE('',*,*,#7695,.T.);
#5719=ORIENTED_EDGE('',*,*,#8157,.T.);
#5720=ORIENTED_EDGE('',*,*,#8158,.T.);
#5721=ORIENTED_EDGE('',*,*,#8159,.T.);
#5722=ORIENTED_EDGE('',*,*,#8156,.F.);
#5723=ORIENTED_EDGE('',*,*,#8160,.F.);
#5724=ORIENTED_EDGE('',*,*,#8161,.T.);
#5725=ORIENTED_EDGE('',*,*,#8162,.T.);
#5726=ORIENTED_EDGE('',*,*,#8163,.F.);
#5727=ORIENTED_EDGE('',*,*,#8164,.F.);
#5728=ORIENTED_EDGE('',*,*,#8165,.F.);
#5729=ORIENTED_EDGE('',*,*,#8166,.T.);
#5730=ORIENTED_EDGE('',*,*,#8167,.T.);
#5731=ORIENTED_EDGE('',*,*,#8168,.T.);
#5732=CARTESIAN_POINT('',(4.1232,1.21,1.960002017874));
#5733=DIRECTION('',(0.0,-1.0,0.0));
#5734=DIRECTION('',(0.0,0.0,-1.0));
#5735=ORIENTED_EDGE('',*,*,#8168,.F.);
#5736=ORIENTED_EDGE('',*,*,#8169,.F.);
#5737=ORIENTED_EDGE('',*,*,#8170,.F.);
#5738=ORIENTED_EDGE('',*,*,#8171,.T.);
#5739=CARTESIAN_POINT('',(2.811143438319,1.831200828912,1.659521017874));
#5740=DIRECTION('',(-0.707106781186548,0.707106781186548,0.0));
#5741=DIRECTION('',(0.0,0.0,1.0));
#5742=ORIENTED_EDGE('',*,*,#8165,.T.);
#5743=ORIENTED_EDGE('',*,*,#8171,.F.);
#5744=ORIENTED_EDGE('',*,*,#8172,.T.);
#5745=ORIENTED_EDGE('',*,*,#8173,.T.);
#5746=ORIENTED_EDGE('',*,*,#8174,.T.);
#5747=ORIENTED_EDGE('',*,*,#8175,.T.);
#5748=ORIENTED_EDGE('',*,*,#8176,.T.);
#5749=ORIENTED_EDGE('',*,*,#8177,.F.);
#5750=CARTESIAN_POINT('',(3.357566315544,1.567620664161,1.059521017874));
#5751=DIRECTION('',(0.0,0.0,-1.0));
#5752=DIRECTION('',(0.0,-1.0,0.0));
#5753=ORIENTED_EDGE('',*,*,#8166,.F.);
#5754=ORIENTED_EDGE('',*,*,#8177,.T.);
#5755=ORIENTED_EDGE('',*,*,#8178,.F.);
#5756=ORIENTED_EDGE('',*,*,#8179,.F.);
#5757=CARTESIAN_POINT('',(3.023275472674,1.619068794556,1.659521017874));
#5758=DIRECTION('',(0.707106781186548,-0.707106781186548,0.0));
#5759=DIRECTION('',(0.0,0.0,-1.0));
#5760=ORIENTED_EDGE('',*,*,#8167,.F.);
#5761=ORIENTED_EDGE('',*,*,#8179,.T.);
#5762=ORIENTED_EDGE('',*,*,#8180,.T.);
#5763=ORIENTED_EDGE('',*,*,#8181,.F.);
#5764=ORIENTED_EDGE('',*,*,#8182,.F.);
#5765=ORIENTED_EDGE('',*,*,#8183,.F.);
#5766=ORIENTED_EDGE('',*,*,#8184,.T.);
#5767=ORIENTED_EDGE('',*,*,#8169,.T.);
#5768=CARTESIAN_POINT('',(2.726338,1.109999287525,1.659521017874));
#5769=DIRECTION('',(0.0,0.0,1.0));
#5770=DIRECTION('',(1.0,0.0,0.0));
#5771=ORIENTED_EDGE('',*,*,#8172,.F.);
#5772=ORIENTED_EDGE('',*,*,#8170,.T.);
#5773=ORIENTED_EDGE('',*,*,#8184,.F.);
#5774=ORIENTED_EDGE('',*,*,#8185,.T.);
#5775=CARTESIAN_POINT('',(2.726338,1.109999287525,1.059521017874));
#5776=DIRECTION('',(-0.0,0.0,1.0));
#5777=DIRECTION('',(1.0,0.0,0.0));
#5778=ORIENTED_EDGE('',*,*,#8186,.T.);
#5779=ORIENTED_EDGE('',*,*,#8173,.F.);
#5780=ORIENTED_EDGE('',*,*,#8185,.F.);
#5781=ORIENTED_EDGE('',*,*,#8183,.T.);
#5782=ORIENTED_EDGE('',*,*,#8187,.T.);
#5783=ORIENTED_EDGE('',*,*,#8188,.F.);
#5784=ORIENTED_EDGE('',*,*,#8148,.T.);
#5785=ORIENTED_EDGE('',*,*,#8146,.F.);
#5786=ORIENTED_EDGE('',*,*,#8189,.F.);
#5787=ORIENTED_EDGE('',*,*,#8190,.T.);
#5788=ORIENTED_EDGE('',*,*,#8191,.T.);
#5789=ORIENTED_EDGE('',*,*,#8192,.F.);
#5790=CARTESIAN_POINT('',(3.1,1.559999287525,1.659521017874));
#5791=DIRECTION('',(-0.0,1.0,0.0));
#5792=DIRECTION('',(1.0,0.0,0.0));
#5793=ORIENTED_EDGE('',*,*,#8192,.T.);
#5794=ORIENTED_EDGE('',*,*,#8193,.F.);
#5795=ORIENTED_EDGE('',*,*,#8194,.T.);
#5796=ORIENTED_EDGE('',*,*,#8195,.F.);
#5797=CARTESIAN_POINT('',(2.85,1.559999287525,1.659521017874));
#5798=DIRECTION('',(-1.0,0.0,0.0));
#5799=DIRECTION('',(0.0,0.0,1.0));
#5800=ORIENTED_EDGE('',*,*,#8196,.F.);
#5801=ORIENTED_EDGE('',*,*,#8174,.F.);
#5802=ORIENTED_EDGE('',*,*,#8186,.F.);
#5803=ORIENTED_EDGE('',*,*,#8195,.T.);
#5804=CARTESIAN_POINT('',(2.75,-0.9896795485797,0.9595210178741));
#5805=DIRECTION('',(0.0,1.0,-0.0));
#5806=DIRECTION('',(-1.0,0.0,0.0));
#5807=ORIENTED_EDGE('',*,*,#8197,.F.);
#5808=ORIENTED_EDGE('',*,*,#8151,.T.);
#5809=ORIENTED_EDGE('',*,*,#8198,.F.);
#5810=ORIENTED_EDGE('',*,*,#8199,.T.);
#5811=ORIENTED_EDGE('',*,*,#8181,.T.);
#5812=ORIENTED_EDGE('',*,*,#8200,.F.);
#5813=ORIENTED_EDGE('',*,*,#8175,.F.);
#5814=ORIENTED_EDGE('',*,*,#8196,.T.);
#5815=ORIENTED_EDGE('',*,*,#8194,.F.);
#5816=ORIENTED_EDGE('',*,*,#8201,.T.);
#5817=ORIENTED_EDGE('',*,*,#8202,.T.);
#5818=CARTESIAN_POINT('',(3.1,1.259999287525,1.659521017874));
#5819=DIRECTION('',(0.0,-1.0,0.0));
#5820=DIRECTION('',(0.0,0.0,-1.0));
#5821=ORIENTED_EDGE('',*,*,#8161,.F.);
#5822=ORIENTED_EDGE('',*,*,#8203,.T.);
#5823=ORIENTED_EDGE('',*,*,#8202,.F.);
#5824=ORIENTED_EDGE('',*,*,#8204,.F.);
#5825=ORIENTED_EDGE('',*,*,#8190,.F.);
#5826=ORIENTED_EDGE('',*,*,#8205,.T.);
#5827=ORIENTED_EDGE('',*,*,#8206,.T.);
#5828=ORIENTED_EDGE('',*,*,#8207,.F.);
#5829=ORIENTED_EDGE('',*,*,#8121,.T.);
#5830=ORIENTED_EDGE('',*,*,#8208,.T.);
#5831=ORIENTED_EDGE('',*,*,#8209,.T.);
#5832=CARTESIAN_POINT('',(3.75,-0.02855344583154,0.2500020178741));
#5833=DIRECTION('',(0.0,0.0,-1.0));
#5834=DIRECTION('',(0.0,-1.0,0.0));
#5835=ORIENTED_EDGE('',*,*,#8159,.F.);
#5836=ORIENTED_EDGE('',*,*,#8210,.T.);
#5837=ORIENTED_EDGE('',*,*,#8211,.F.);
#5838=ORIENTED_EDGE('',*,*,#8212,.T.);
#5839=ORIENTED_EDGE('',*,*,#7025,.T.);
#5840=ORIENTED_EDGE('',*,*,#8213,.F.);
#5841=ORIENTED_EDGE('',*,*,#7692,.F.);
#5842=ORIENTED_EDGE('',*,*,#8214,.F.);
#5843=ORIENTED_EDGE('',*,*,#7420,.T.);
#5844=ORIENTED_EDGE('',*,*,#8215,.T.);
#5845=ORIENTED_EDGE('',*,*,#8216,.T.);
#5846=ORIENTED_EDGE('',*,*,#8162,.F.);
#5847=ORIENTED_EDGE('',*,*,#8209,.F.);
#5848=ORIENTED_EDGE('',*,*,#8217,.F.);
#5849=ORIENTED_EDGE('',*,*,#8153,.T.);
#5850=ORIENTED_EDGE('',*,*,#8218,.F.);
#5851=ORIENTED_EDGE('',*,*,#8219,.F.);
#5852=ORIENTED_EDGE('',*,*,#8220,.F.);
#5853=ORIENTED_EDGE('',*,*,#8221,.F.);
#5854=CARTESIAN_POINT('',(3.43,-0.4533986081132,1.159521017874));
#5855=DIRECTION('',(1.0,0.0,0.0));
#5856=DIRECTION('',(0.0,1.0,0.0));
#5857=ORIENTED_EDGE('',*,*,#8222,.T.);
#5858=ORIENTED_EDGE('',*,*,#8223,.T.);
#5859=ORIENTED_EDGE('',*,*,#8221,.T.);
#5860=ORIENTED_EDGE('',*,*,#8224,.F.);
#5861=ORIENTED_EDGE('',*,*,#8136,.T.);
#5862=CARTESIAN_POINT('',(3.43,0.3,0.2600020178741));
#5863=DIRECTION('',(0.0,-1.0,0.0));
#5864=DIRECTION('',(0.0,0.0,-1.0));
#5865=ORIENTED_EDGE('',*,*,#8224,.T.);
#5866=ORIENTED_EDGE('',*,*,#8220,.T.);
#5867=ORIENTED_EDGE('',*,*,#8225,.F.);
#5868=ORIENTED_EDGE('',*,*,#8137,.T.);
#5869=CARTESIAN_POINT('',(3.43,0.3,0.8600020178741));
#5870=DIRECTION('',(0.0,0.0,-1.0));
#5871=DIRECTION('',(0.0,-1.0,0.0));
#5872=ORIENTED_EDGE('',*,*,#8225,.T.);
#5873=ORIENTED_EDGE('',*,*,#8219,.T.);
#5874=ORIENTED_EDGE('',*,*,#8226,.F.);
#5875=ORIENTED_EDGE('',*,*,#8227,.T.);
#5876=ORIENTED_EDGE('',*,*,#8134,.T.);
#5877=CARTESIAN_POINT('',(3.43,0.0,0.8600020178741));
#5878=DIRECTION('',(-0.0,1.0,0.0));
#5879=DIRECTION('',(1.0,0.0,0.0));
#5880=ORIENTED_EDGE('',*,*,#8227,.F.);
#5881=ORIENTED_EDGE('',*,*,#8228,.T.);
#5882=ORIENTED_EDGE('',*,*,#8222,.F.);
#5883=ORIENTED_EDGE('',*,*,#8135,.T.);
#5884=CARTESIAN_POINT('',(3.45,0.15,0.4600020178741));
#5885=DIRECTION('',(-0.998752338877845,0.0,0.0499376169438922));
#5886=DIRECTION('',(0.0,1.0,0.0));
#5887=ORIENTED_EDGE('',*,*,#8228,.F.);
#5888=ORIENTED_EDGE('',*,*,#8226,.T.);
#5889=ORIENTED_EDGE('',*,*,#8218,.T.);
#5890=ORIENTED_EDGE('',*,*,#8223,.F.);
#5891=CARTESIAN_POINT('',(3.43,0.0,0.2600020178741));
#5892=DIRECTION('',(0.0,0.0,1.0));
#5893=DIRECTION('',(1.0,0.0,0.0));
#5894=ORIENTED_EDGE('',*,*,#8217,.T.);
#5895=ORIENTED_EDGE('',*,*,#8208,.F.);
#5896=ORIENTED_EDGE('',*,*,#8120,.T.);
#5897=ORIENTED_EDGE('',*,*,#8154,.F.);
#5898=CARTESIAN_POINT('',(3.3,1.109999287525,-3.549997982126));
#5899=DIRECTION('',(-0.0,0.0,-1.0));
#5900=DIRECTION('',(-1.0,0.0,0.0));
#5901=ORIENTED_EDGE('',*,*,#8229,.T.);
#5902=ORIENTED_EDGE('',*,*,#8230,.T.);
#5903=ORIENTED_EDGE('',*,*,#8163,.T.);
#5904=ORIENTED_EDGE('',*,*,#8216,.F.);
#5905=CARTESIAN_POINT('',(2.548,-0.962,-0.04999798212588));
#5906=DIRECTION('',(0.0,0.0,-1.0));
#5907=DIRECTION('',(0.0,-1.0,0.0));
#5908=ORIENTED_EDGE('',*,*,#8231,.T.);
#5909=ORIENTED_EDGE('',*,*,#8232,.F.);
#5910=ORIENTED_EDGE('',*,*,#7874,.T.);
#5911=ORIENTED_EDGE('',*,*,#8233,.F.);
#5912=ORIENTED_EDGE('',*,*,#8230,.F.);
#5913=CARTESIAN_POINT('',(2.596446554166,0.6749999999999,-3.549997982126));
#5914=DIRECTION('',(-0.0,0.0,1.0));
#5915=DIRECTION('',(1.0,0.0,0.0));
#5916=ORIENTED_EDGE('',*,*,#8233,.T.);
#5917=ORIENTED_EDGE('',*,*,#7873,.F.);
#5918=ORIENTED_EDGE('',*,*,#7835,.F.);
#5919=ORIENTED_EDGE('',*,*,#8164,.T.);
#5920=CARTESIAN_POINT('',(3.199999999999,0.07144655416633,-0.04999798212588));
#5921=DIRECTION('',(0.0,0.0,-1.0));
#5922=DIRECTION('',(0.0,-1.0,0.0));
#5923=ORIENTED_EDGE('',*,*,#7854,.F.);
#5924=ORIENTED_EDGE('',*,*,#8234,.F.);
#5925=ORIENTED_EDGE('',*,*,#7875,.T.);
#5926=ORIENTED_EDGE('',*,*,#8232,.T.);
#5927=ORIENTED_EDGE('',*,*,#8235,.T.);
#5928=ORIENTED_EDGE('',*,*,#8236,.T.);
#5929=ORIENTED_EDGE('',*,*,#8237,.T.);
#5930=ORIENTED_EDGE('',*,*,#8238,.F.);
#5931=ORIENTED_EDGE('',*,*,#8125,.T.);
#5932=ORIENTED_EDGE('',*,*,#8239,.T.);
#5933=ORIENTED_EDGE('',*,*,#8240,.T.);
#5934=ORIENTED_EDGE('',*,*,#8241,.T.);
#5935=CARTESIAN_POINT('',(2.596446554166,0.6749999999999,-3.549997982126));
#5936=DIRECTION('',(0.0,0.0,1.0));
#5937=DIRECTION('',(1.0,0.0,0.0));
#5938=ORIENTED_EDGE('',*,*,#7855,.T.);
#5939=ORIENTED_EDGE('',*,*,#8241,.F.);
#5940=ORIENTED_EDGE('',*,*,#8242,.T.);
#5941=ORIENTED_EDGE('',*,*,#7417,.F.);
#5942=CARTESIAN_POINT('',(2.596446554166,0.6749999999999,-3.549997982126));
#5943=DIRECTION('',(-0.0,0.0,1.0));
#5944=DIRECTION('',(1.0,0.0,0.0));
#5945=ORIENTED_EDGE('',*,*,#8242,.F.);
#5946=ORIENTED_EDGE('',*,*,#8240,.F.);
#5947=ORIENTED_EDGE('',*,*,#8243,.F.);
#5948=ORIENTED_EDGE('',*,*,#7418,.F.);
#5949=CARTESIAN_POINT('',(2.72499997238,0.8999999723791,-2.949997982126));
#5950=DIRECTION('',(-0.707106781186548,-0.707106781186548,0.0));
#5951=DIRECTION('',(-0.707106781186548,0.707106781186548,0.0));
#5952=ORIENTED_EDGE('',*,*,#8243,.T.);
#5953=ORIENTED_EDGE('',*,*,#8239,.F.);
#5954=ORIENTED_EDGE('',*,*,#8124,.T.);
#5955=ORIENTED_EDGE('',*,*,#8244,.T.);
#5956=ORIENTED_EDGE('',*,*,#8245,.F.);
#5957=ORIENTED_EDGE('',*,*,#7419,.F.);
#5958=CARTESIAN_POINT('',(3.199999999999,0.07144655416633,-3.549997982126));
#5959=DIRECTION('',(-0.0,0.0,1.0));
#5960=DIRECTION('',(1.0,0.0,0.0));
#5961=ORIENTED_EDGE('',*,*,#8215,.F.);
#5962=ORIENTED_EDGE('',*,*,#8245,.T.);
#5963=ORIENTED_EDGE('',*,*,#8246,.T.);
#5964=ORIENTED_EDGE('',*,*,#8247,.T.);
#5965=ORIENTED_EDGE('',*,*,#8248,.T.);
#5966=CARTESIAN_POINT('',(3.199999999999,0.07144655416633,-0.04999798212588));
#5967=DIRECTION('',(0.0,0.0,-1.0));
#5968=DIRECTION('',(0.0,-1.0,0.0));
#5969=ORIENTED_EDGE('',*,*,#8235,.F.);
#5970=ORIENTED_EDGE('',*,*,#8231,.F.);
#5971=ORIENTED_EDGE('',*,*,#8229,.F.);
#5972=ORIENTED_EDGE('',*,*,#8248,.F.);
#5973=ORIENTED_EDGE('',*,*,#8249,.F.);
#5974=CARTESIAN_POINT('',(3.637132006736,0.4121320067348,-2.949997982126));
#5975=DIRECTION('',(0.707106781186548,0.707106781186548,0.0));
#5976=DIRECTION('',(0.0,0.0,-1.0));
#5977=ORIENTED_EDGE('',*,*,#8236,.F.);
#5978=ORIENTED_EDGE('',*,*,#8249,.T.);
#5979=ORIENTED_EDGE('',*,*,#8247,.F.);
#5980=ORIENTED_EDGE('',*,*,#8250,.F.);
#5981=ORIENTED_EDGE('',*,*,#8251,.T.);
#5982=CARTESIAN_POINT('',(3.199999999999,0.07144655416633,-3.549997982126));
#5983=DIRECTION('',(-0.0,0.0,1.0));
#5984=DIRECTION('',(1.0,0.0,0.0));
#5985=ORIENTED_EDGE('',*,*,#8144,.F.);
#5986=ORIENTED_EDGE('',*,*,#8252,.T.);
#5987=ORIENTED_EDGE('',*,*,#8253,.F.);
#5988=ORIENTED_EDGE('',*,*,#8254,.F.);
#5989=ORIENTED_EDGE('',*,*,#8255,.T.);
#5990=ORIENTED_EDGE('',*,*,#8256,.T.);
#5991=ORIENTED_EDGE('',*,*,#8109,.F.);
#5992=ORIENTED_EDGE('',*,*,#8257,.F.);
#5993=ORIENTED_EDGE('',*,*,#8116,.F.);
#5994=ORIENTED_EDGE('',*,*,#8258,.T.);
#5995=ORIENTED_EDGE('',*,*,#8259,.T.);
#5996=ORIENTED_EDGE('',*,*,#8260,.F.);
#5997=ORIENTED_EDGE('',*,*,#8237,.F.);
#5998=ORIENTED_EDGE('',*,*,#8251,.F.);
#5999=ORIENTED_EDGE('',*,*,#8261,.T.);
#6000=ORIENTED_EDGE('',*,*,#8262,.T.);
#6001=ORIENTED_EDGE('',*,*,#8206,.F.);
#6002=ORIENTED_EDGE('',*,*,#8263,.F.);
#6003=CARTESIAN_POINT('',(3.75,0.922355,1.659521017874));
#6004=DIRECTION('',(1.0,0.0,0.0));
#6005=DIRECTION('',(0.0,1.0,0.0));
#6006=ORIENTED_EDGE('',*,*,#8263,.T.);
#6007=ORIENTED_EDGE('',*,*,#8205,.F.);
#6008=ORIENTED_EDGE('',*,*,#8189,.T.);
#6009=ORIENTED_EDGE('',*,*,#8145,.F.);
#6010=CARTESIAN_POINT('',(3.3,1.109999287525,-3.549997982126));
#6011=DIRECTION('',(-0.0,0.0,-1.0));
#6012=DIRECTION('',(-1.0,0.0,0.0));
#6013=ORIENTED_EDGE('',*,*,#8262,.F.);
#6014=ORIENTED_EDGE('',*,*,#8264,.T.);
#6015=ORIENTED_EDGE('',*,*,#8122,.F.);
#6016=ORIENTED_EDGE('',*,*,#8207,.T.);
#6017=CARTESIAN_POINT('',(-3.508794056506,0.1214465541685,0.1000020178741));
#6018=DIRECTION('',(-1.0,-0.0,0.0));
#6019=DIRECTION('',(0.0,-1.0,0.0));
#6020=ORIENTED_EDGE('',*,*,#8123,.F.);
#6021=ORIENTED_EDGE('',*,*,#8264,.F.);
#6022=ORIENTED_EDGE('',*,*,#8261,.F.);
#6023=ORIENTED_EDGE('',*,*,#8265,.T.);
#6024=CARTESIAN_POINT('',(-3.508794056506,0.1214465541685,0.1000020178741));
#6025=DIRECTION('',(1.0,-0.0,0.0));
#6026=DIRECTION('',(0.0,1.0,0.0));
#6027=ORIENTED_EDGE('',*,*,#8244,.F.);
#6028=ORIENTED_EDGE('',*,*,#8265,.F.);
#6029=ORIENTED_EDGE('',*,*,#8250,.T.);
#6030=ORIENTED_EDGE('',*,*,#8246,.F.);
#6031=CARTESIAN_POINT('',(-3.508794056506,0.1214465541685,-0.04999798212588));
#6032=DIRECTION('',(0.0,0.169101978733105,0.985598559652229));
#6033=DIRECTION('',(1.0,-0.0,0.0));
#6034=ORIENTED_EDGE('',*,*,#8260,.T.);
#6035=ORIENTED_EDGE('',*,*,#8266,.T.);
#6036=ORIENTED_EDGE('',*,*,#8267,.T.);
#6037=ORIENTED_EDGE('',*,*,#8268,.T.);
#6038=ORIENTED_EDGE('',*,*,#8269,.T.);
#6039=ORIENTED_EDGE('',*,*,#8126,.F.);
#6040=ORIENTED_EDGE('',*,*,#8238,.T.);
#6041=CARTESIAN_POINT('',(-4.937696258058,0.005000000000033,2.107093588155));
#6042=DIRECTION('',(-0.0,1.0,0.0));
#6043=DIRECTION('',(1.0,0.0,0.0));
#6044=ORIENTED_EDGE('',*,*,#8269,.F.);
#6045=ORIENTED_EDGE('',*,*,#8270,.T.);
#6046=ORIENTED_EDGE('',*,*,#8271,.F.);
#6047=ORIENTED_EDGE('',*,*,#8127,.T.);
#6048=CARTESIAN_POINT('',(3.75,0.425,-3.669037982126));
#6049=DIRECTION('',(0.0,-1.0,0.0));
#6050=DIRECTION('',(1.0,0.0,0.0));
#6051=ORIENTED_EDGE('',*,*,#8272,.T.);
#6052=ORIENTED_EDGE('',*,*,#8258,.F.);
#6053=ORIENTED_EDGE('',*,*,#8115,.T.);
#6054=ORIENTED_EDGE('',*,*,#8128,.T.);
#6055=ORIENTED_EDGE('',*,*,#8271,.T.);
#6056=ORIENTED_EDGE('',*,*,#8273,.T.);
#6057=ORIENTED_EDGE('',*,*,#8274,.T.);
#6058=CARTESIAN_POINT('',(3.559377868981,-0.645,-3.469346738695));
#6059=DIRECTION('',(-0.0,1.0,0.0));
#6060=DIRECTION('',(1.0,0.0,0.0));
#6061=ORIENTED_EDGE('',*,*,#7066,.F.);
#6062=ORIENTED_EDGE('',*,*,#8275,.T.);
#6063=ORIENTED_EDGE('',*,*,#8276,.F.);
#6064=ORIENTED_EDGE('',*,*,#8274,.F.);
#6065=ORIENTED_EDGE('',*,*,#8277,.F.);
#6066=CARTESIAN_POINT('',(3.897123336082,-0.445,-3.669037982126));
#6067=DIRECTION('',(0.629320391047203,0.0,0.777145961459104));
#6068=DIRECTION('',(0.777145961459104,0.0,-0.629320391047203));
#6069=ORIENTED_EDGE('',*,*,#7067,.F.);
#6070=ORIENTED_EDGE('',*,*,#8277,.T.);
#6071=ORIENTED_EDGE('',*,*,#8273,.F.);
#6072=ORIENTED_EDGE('',*,*,#8270,.F.);
#6073=ORIENTED_EDGE('',*,*,#8268,.F.);
#6074=ORIENTED_EDGE('',*,*,#8278,.T.);
#6075=CARTESIAN_POINT('',(3.805489073801,0.425,-4.100000017874));
#6076=DIRECTION('',(-0.629320391049363,0.0,-0.777145961457355));
#6077=DIRECTION('',(-0.777145961457355,0.0,0.629320391049363));
#6078=ORIENTED_EDGE('',*,*,#7068,.F.);
#6079=ORIENTED_EDGE('',*,*,#8278,.F.);
#6080=ORIENTED_EDGE('',*,*,#8267,.F.);
#6081=ORIENTED_EDGE('',*,*,#8279,.F.);
#6082=ORIENTED_EDGE('',*,*,#8280,.T.);
#6083=CARTESIAN_POINT('',(3.897123336082,-0.195,-3.669037982126));
#6084=DIRECTION('',(-0.629320391047203,0.0,-0.777145961459104));
#6085=DIRECTION('',(-0.777145961459104,0.0,0.629320391047203));
#6086=ORIENTED_EDGE('',*,*,#7065,.F.);
#6087=ORIENTED_EDGE('',*,*,#8280,.F.);
#6088=ORIENTED_EDGE('',*,*,#8281,.T.);
#6089=ORIENTED_EDGE('',*,*,#8275,.F.);
#6090=CARTESIAN_POINT('',(3.962819171562,0.425,-3.90571352751));
#6091=DIRECTION('',(0.777145961459104,0.0,-0.629320391047203));
#6092=DIRECTION('',(0.0,-1.0,0.0));
#6093=ORIENTED_EDGE('',*,*,#8259,.F.);
#6094=ORIENTED_EDGE('',*,*,#8272,.F.);
#6095=ORIENTED_EDGE('',*,*,#8276,.T.);
#6096=ORIENTED_EDGE('',*,*,#8281,.F.);
#6097=ORIENTED_EDGE('',*,*,#8279,.T.);
#6098=ORIENTED_EDGE('',*,*,#8266,.F.);
#6099=CARTESIAN_POINT('',(3.979882875555,0.425,-3.855193464255));
#6100=DIRECTION('',(0.62932039104991,0.0,0.777145961456912));
#6101=DIRECTION('',(0.0,-1.0,0.0));
#6102=ORIENTED_EDGE('',*,*,#8106,.F.);
#6103=ORIENTED_EDGE('',*,*,#7283,.T.);
#6104=ORIENTED_EDGE('',*,*,#8117,.F.);
#6105=ORIENTED_EDGE('',*,*,#8257,.T.);
#6106=ORIENTED_EDGE('',*,*,#8108,.F.);
#6107=CARTESIAN_POINT('',(3.2,-0.675,-3.549997982126));
#6108=DIRECTION('',(-0.0,0.0,1.0));
#6109=DIRECTION('',(1.0,0.0,0.0));
#6110=ORIENTED_EDGE('',*,*,#8129,.F.);
#6111=ORIENTED_EDGE('',*,*,#8110,.T.);
#6112=ORIENTED_EDGE('',*,*,#8256,.F.);
#6113=ORIENTED_EDGE('',*,*,#8282,.F.);
#6114=CARTESIAN_POINT('',(3.6,-0.44,2.469039982126));
#6115=DIRECTION('',(0.0,-0.707106781186548,-0.707106781186548));
#6116=DIRECTION('',(0.0,-0.707106781186548,0.707106781186548));
#6117=ORIENTED_EDGE('',*,*,#8255,.F.);
#6118=ORIENTED_EDGE('',*,*,#8283,.F.);
#6119=ORIENTED_EDGE('',*,*,#8284,.T.);
#6120=ORIENTED_EDGE('',*,*,#7693,.T.);
#6121=ORIENTED_EDGE('',*,*,#8213,.T.);
#6122=ORIENTED_EDGE('',*,*,#7024,.F.);
#6123=ORIENTED_EDGE('',*,*,#8130,.F.);
#6124=ORIENTED_EDGE('',*,*,#8282,.T.);
#6125=CARTESIAN_POINT('',(3.43,-0.39,1.300002017874));
#6126=DIRECTION('',(0.0,-1.0,0.0));
#6127=DIRECTION('',(0.0,0.0,-1.0));
#6128=ORIENTED_EDGE('',*,*,#7022,.T.);
#6129=ORIENTED_EDGE('',*,*,#8212,.F.);
#6130=ORIENTED_EDGE('',*,*,#8285,.T.);
#6131=ORIENTED_EDGE('',*,*,#8131,.F.);
#6132=CARTESIAN_POINT('',(3.43,-0.14,1.300002017874));
#6133=DIRECTION('',(-1.0,0.0,0.0));
#6134=DIRECTION('',(0.0,0.0,1.0));
#6135=ORIENTED_EDGE('',*,*,#8132,.F.);
#6136=ORIENTED_EDGE('',*,*,#8285,.F.);
#6137=ORIENTED_EDGE('',*,*,#8211,.T.);
#6138=ORIENTED_EDGE('',*,*,#8286,.F.);
#6139=ORIENTED_EDGE('',*,*,#8253,.T.);
#6140=ORIENTED_EDGE('',*,*,#8287,.T.);
#6141=CARTESIAN_POINT('',(3.43,0.11,2.250002017874));
#6142=DIRECTION('',(-0.0,1.0,0.0));
#6143=DIRECTION('',(1.0,0.0,0.0));
#6144=ORIENTED_EDGE('',*,*,#8287,.F.);
#6145=ORIENTED_EDGE('',*,*,#8252,.F.);
#6146=ORIENTED_EDGE('',*,*,#8143,.T.);
#6147=ORIENTED_EDGE('',*,*,#8139,.F.);
#6148=CARTESIAN_POINT('',(3.6,0.16,2.469039982126));
#6149=DIRECTION('',(0.0,0.707106781186548,-0.707106781186548));
#6150=DIRECTION('',(-1.0,0.0,0.0));
#6151=ORIENTED_EDGE('',*,*,#8286,.T.);
#6152=ORIENTED_EDGE('',*,*,#8210,.F.);
#6153=ORIENTED_EDGE('',*,*,#8158,.F.);
#6154=ORIENTED_EDGE('',*,*,#8288,.T.);
#6155=ORIENTED_EDGE('',*,*,#8283,.T.);
#6156=ORIENTED_EDGE('',*,*,#8254,.T.);
#6157=CARTESIAN_POINT('',(1.175,-1.092246665905,2.599999982126));
#6158=DIRECTION('',(0.0,0.0,1.0));
#6159=DIRECTION('',(1.0,0.0,0.0));
#6160=ORIENTED_EDGE('',*,*,#8284,.F.);
#6161=ORIENTED_EDGE('',*,*,#8288,.F.);
#6162=ORIENTED_EDGE('',*,*,#8157,.F.);
#6163=ORIENTED_EDGE('',*,*,#7694,.T.);
#6164=CARTESIAN_POINT('',(2.48,0.41,2.519040017874));
#6165=DIRECTION('',(-0.707106781186548,0.0,0.707106781186548));
#6166=DIRECTION('',(0.0,1.0,0.0));
#6167=ORIENTED_EDGE('',*,*,#8289,.T.);
#6168=ORIENTED_EDGE('',*,*,#7876,.F.);
#6169=ORIENTED_EDGE('',*,*,#8234,.T.);
#6170=ORIENTED_EDGE('',*,*,#7853,.T.);
#6171=ORIENTED_EDGE('',*,*,#7945,.T.);
#6172=ORIENTED_EDGE('',*,*,#7943,.T.);
#6173=ORIENTED_EDGE('',*,*,#7941,.T.);
#6174=CARTESIAN_POINT('',(2.5,-0.3345253009857,-2.557520076433));
#6175=DIRECTION('',(1.0,0.0,0.0));
#6176=DIRECTION('',(0.0,1.0,0.0));
#6177=ORIENTED_EDGE('',*,*,#8289,.F.);
#6178=ORIENTED_EDGE('',*,*,#7940,.T.);
#6179=ORIENTED_EDGE('',*,*,#7938,.F.);
#6180=ORIENTED_EDGE('',*,*,#7936,.T.);
#6181=ORIENTED_EDGE('',*,*,#7933,.F.);
#6182=ORIENTED_EDGE('',*,*,#7877,.F.);
#6183=CARTESIAN_POINT('',(2.65,1.469285191115,-3.866856229437));
#6184=DIRECTION('',(0.0,0.629320391049303,0.777145961457404));
#6185=DIRECTION('',(1.0,-0.0,0.0));
#6186=ORIENTED_EDGE('',*,*,#8214,.T.);
#6187=ORIENTED_EDGE('',*,*,#7691,.F.);
#6188=ORIENTED_EDGE('',*,*,#7367,.T.);
#6189=ORIENTED_EDGE('',*,*,#7421,.F.);
#6190=CARTESIAN_POINT('',(3.08,-0.56,-0.04999798212588));
#6191=DIRECTION('',(0.0,0.0,-1.0));
#6192=DIRECTION('',(1.0,0.0,0.0));
#6193=ORIENTED_EDGE('',*,*,#8191,.F.);
#6194=ORIENTED_EDGE('',*,*,#8204,.T.);
#6195=ORIENTED_EDGE('',*,*,#8201,.F.);
#6196=ORIENTED_EDGE('',*,*,#8193,.T.);
#6197=CARTESIAN_POINT('',(2.95,-0.9896795485797,0.3500020178741));
#6198=DIRECTION('',(0.0,1.0,-0.0));
#6199=DIRECTION('',(-1.0,0.0,0.0));
#6200=ORIENTED_EDGE('',*,*,#8155,.F.);
#6201=ORIENTED_EDGE('',*,*,#8197,.T.);
#6202=ORIENTED_EDGE('',*,*,#8203,.F.);
#6203=ORIENTED_EDGE('',*,*,#8160,.T.);
#6204=CARTESIAN_POINT('',(3.3,1.109999287525,-3.549997982126));
#6205=DIRECTION('',(-0.0,0.0,-1.0));
#6206=DIRECTION('',(-1.0,0.0,0.0));
#6207=ORIENTED_EDGE('',*,*,#8180,.F.);
#6208=ORIENTED_EDGE('',*,*,#8178,.T.);
#6209=ORIENTED_EDGE('',*,*,#8176,.F.);
#6210=ORIENTED_EDGE('',*,*,#8200,.T.);
#6211=CARTESIAN_POINT('',(2.726338,1.109999287525,1.059521017874));
#6212=DIRECTION('',(-0.0,0.0,1.0));
#6213=DIRECTION('',(1.0,0.0,0.0));
#6214=ORIENTED_EDGE('',*,*,#8187,.F.);
#6215=ORIENTED_EDGE('',*,*,#8182,.T.);
#6216=ORIENTED_EDGE('',*,*,#8199,.F.);
#6217=ORIENTED_EDGE('',*,*,#8290,.T.);
#6218=CARTESIAN_POINT('',(2.75,-0.9896795485797,1.759521017874));
#6219=DIRECTION('',(0.0,-1.0,0.0));
#6220=DIRECTION('',(1.0,0.0,0.0));
#6221=ORIENTED_EDGE('',*,*,#8198,.T.);
#6222=ORIENTED_EDGE('',*,*,#8149,.F.);
#6223=ORIENTED_EDGE('',*,*,#8188,.T.);
#6224=ORIENTED_EDGE('',*,*,#8290,.F.);
#6225=CARTESIAN_POINT('',(2.85,1.259999287525,1.659521017874));
#6226=DIRECTION('',(-1.0,0.0,0.0));
#6227=DIRECTION('',(0.0,0.0,1.0));
#6228=ORIENTED_EDGE('',*,*,#7033,.T.);
#6229=ORIENTED_EDGE('',*,*,#8291,.T.);
#6230=ORIENTED_EDGE('',*,*,#7128,.F.);
#6231=ORIENTED_EDGE('',*,*,#8118,.F.);
#6232=ORIENTED_EDGE('',*,*,#7282,.T.);
#6233=ORIENTED_EDGE('',*,*,#8292,.T.);
#6234=ORIENTED_EDGE('',*,*,#8293,.T.);
#6235=CARTESIAN_POINT('',(3.2,-0.3345253009856,-2.557520076433));
#6236=DIRECTION('',(1.0,0.0,0.0));
#6237=DIRECTION('',(0.0,1.0,0.0));
#6238=ORIENTED_EDGE('',*,*,#8294,.F.);
#6239=ORIENTED_EDGE('',*,*,#7036,.T.);
#6240=ORIENTED_EDGE('',*,*,#7034,.F.);
#6241=ORIENTED_EDGE('',*,*,#8293,.F.);
#6242=CARTESIAN_POINT('',(3.0,-1.372123336083,-3.669037982126));
#6243=DIRECTION('',(0.0,-0.629320391048477,0.777145961458072));
#6244=DIRECTION('',(0.0,-0.777145961458072,-0.629320391048477));
#6245=ORIENTED_EDGE('',*,*,#7281,.F.);
#6246=ORIENTED_EDGE('',*,*,#8295,.F.);
#6247=ORIENTED_EDGE('',*,*,#8296,.T.);
#6248=ORIENTED_EDGE('',*,*,#7037,.T.);
#6249=ORIENTED_EDGE('',*,*,#8294,.T.);
#6250=ORIENTED_EDGE('',*,*,#8292,.F.);
#6251=CARTESIAN_POINT('',(3.2,-1.225,-3.669037982126));
#6252=DIRECTION('',(0.0,-0.629320391049303,0.777145961457404));
#6253=DIRECTION('',(-1.0,0.0,0.0));
#6254=ORIENTED_EDGE('',*,*,#7030,.F.);
#6255=ORIENTED_EDGE('',*,*,#7038,.T.);
#6256=ORIENTED_EDGE('',*,*,#8296,.F.);
#6257=ORIENTED_EDGE('',*,*,#8297,.F.);
#6258=CARTESIAN_POINT('',(-3.0,-1.372123336083,-3.669037982126));
#6259=DIRECTION('',(0.0,-0.629320391048477,0.777145961458072));
#6260=DIRECTION('',(0.0,-0.777145961458072,-0.629320391048477));
#6261=ORIENTED_EDGE('',*,*,#8295,.T.);
#6262=ORIENTED_EDGE('',*,*,#7280,.F.);
#6263=ORIENTED_EDGE('',*,*,#8084,.T.);
#6264=ORIENTED_EDGE('',*,*,#7130,.T.);
#6265=ORIENTED_EDGE('',*,*,#8298,.T.);
#6266=ORIENTED_EDGE('',*,*,#7031,.T.);
#6267=ORIENTED_EDGE('',*,*,#8297,.T.);
#6268=CARTESIAN_POINT('',(-3.2,-0.3345253009856,-2.557520076433));
#6269=DIRECTION('',(1.0,0.0,0.0));
#6270=DIRECTION('',(0.0,1.0,0.0));
#6271=ORIENTED_EDGE('',*,*,#7032,.T.);
#6272=ORIENTED_EDGE('',*,*,#8298,.F.);
#6273=ORIENTED_EDGE('',*,*,#7129,.T.);
#6274=ORIENTED_EDGE('',*,*,#8291,.F.);
#6275=CARTESIAN_POINT('',(3.2,-1.225,-3.669037982126));
#6276=DIRECTION('',(-1.0,-0.0,0.0));
#6277=DIRECTION('',(0.0,-1.0,0.0));
#6278=ORIENTED_EDGE('',*,*,#8299,.F.);
#6279=ORIENTED_EDGE('',*,*,#7410,.F.);
#6280=ORIENTED_EDGE('',*,*,#7559,.F.);
#6281=ORIENTED_EDGE('',*,*,#8064,.F.);
#6282=CARTESIAN_POINT('',(-3.424999972381,0.1999999723809,-2.949997982126));
#6283=DIRECTION('',(0.707106781186548,-0.707106781186548,0.0));
#6284=DIRECTION('',(0.0,0.0,-1.0));
#6285=ORIENTED_EDGE('',*,*,#8063,.F.);
#6286=ORIENTED_EDGE('',*,*,#7996,.T.);
#6287=ORIENTED_EDGE('',*,*,#7411,.F.);
#6288=ORIENTED_EDGE('',*,*,#8299,.T.);
#6289=CARTESIAN_POINT('',(-2.596446554168,0.6750000000004,-0.04999798212588));
#6290=DIRECTION('',(-0.0,0.0,-1.0));
#6291=DIRECTION('',(-1.0,0.0,0.0));
#6292=ORIENTED_EDGE('',*,*,#8013,.T.);
#6293=ORIENTED_EDGE('',*,*,#8000,.T.);
#6294=ORIENTED_EDGE('',*,*,#7998,.F.);
#6295=ORIENTED_EDGE('',*,*,#8062,.F.);
#6296=ORIENTED_EDGE('',*,*,#8025,.T.);
#6297=ORIENTED_EDGE('',*,*,#8019,.T.);
#6298=ORIENTED_EDGE('',*,*,#8015,.T.);
#6299=CARTESIAN_POINT('',(-2.5,1.175,-3.319037982126));
#6300=DIRECTION('',(1.0,0.0,0.0));
#6301=DIRECTION('',(0.0,1.0,0.0));
#6302=ORIENTED_EDGE('',*,*,#8300,.F.);
#6303=ORIENTED_EDGE('',*,*,#8301,.T.);
#6304=ORIENTED_EDGE('',*,*,#8030,.F.);
#6305=ORIENTED_EDGE('',*,*,#8046,.T.);
#6306=CARTESIAN_POINT('',(-0.8300000000003,1.225,-1.072337099113));
#6307=DIRECTION('',(0.0,0.0,1.0));
#6308=DIRECTION('',(1.0,0.0,0.0));
#6309=ORIENTED_EDGE('',*,*,#8302,.F.);
#6310=ORIENTED_EDGE('',*,*,#8303,.T.);
#6311=ORIENTED_EDGE('',*,*,#8031,.F.);
#6312=ORIENTED_EDGE('',*,*,#8301,.F.);
#6313=CARTESIAN_POINT('',(-0.8300000000003,1.225,-1.348940333089));
#6314=DIRECTION('',(-1.0,0.0,0.0));
#6315=DIRECTION('',(0.0,0.0,1.0));
#6316=ORIENTED_EDGE('',*,*,#8037,.F.);
#6317=ORIENTED_EDGE('',*,*,#8032,.F.);
#6318=ORIENTED_EDGE('',*,*,#8303,.F.);
#6319=ORIENTED_EDGE('',*,*,#8304,.F.);
#6320=ORIENTED_EDGE('',*,*,#8305,.F.);
#6321=CARTESIAN_POINT('',(0.3999999999999,1.225,-1.348940333089));
#6322=DIRECTION('',(0.0,0.0,-1.0));
#6323=DIRECTION('',(0.0,-1.0,0.0));
#6324=ORIENTED_EDGE('',*,*,#8040,.T.);
#6325=ORIENTED_EDGE('',*,*,#8038,.T.);
#6326=ORIENTED_EDGE('',*,*,#8305,.T.);
#6327=ORIENTED_EDGE('',*,*,#8042,.T.);
#6328=CARTESIAN_POINT('',(-1.00808250636E-13,1.175,1.800046606707));
#6329=DIRECTION('',(-0.0,1.0,0.0));
#6330=DIRECTION('',(1.0,0.0,0.0));
#6331=ORIENTED_EDGE('',*,*,#8304,.T.);
#6332=ORIENTED_EDGE('',*,*,#8302,.T.);
#6333=ORIENTED_EDGE('',*,*,#8300,.T.);
#6334=ORIENTED_EDGE('',*,*,#8045,.F.);
#6335=ORIENTED_EDGE('',*,*,#8043,.T.);
#6336=CARTESIAN_POINT('',(-1.00808250636E-13,1.175,1.800046606707));
#6337=DIRECTION('',(-0.0,1.0,0.0));
#6338=DIRECTION('',(1.0,0.0,0.0));
#6339=ORIENTED_EDGE('',*,*,#8306,.T.);
#6340=ORIENTED_EDGE('',*,*,#8307,.F.);
#6341=ORIENTED_EDGE('',*,*,#8308,.T.);
#6342=ORIENTED_EDGE('',*,*,#8021,.F.);
#6343=ORIENTED_EDGE('',*,*,#8035,.T.);
#6344=ORIENTED_EDGE('',*,*,#7989,.F.);
#6345=CARTESIAN_POINT('',(-0.03000000000033,1.225,-2.198147527888));
#6346=DIRECTION('',(-0.0,-1.0,0.0));
#6347=DIRECTION('',(-1.0,0.0,0.0));
#6348=ORIENTED_EDGE('',*,*,#8309,.F.);
#6349=ORIENTED_EDGE('',*,*,#8310,.T.);
#6350=ORIENTED_EDGE('',*,*,#8022,.F.);
#6351=ORIENTED_EDGE('',*,*,#8308,.F.);
#6352=ORIENTED_EDGE('',*,*,#8311,.F.);
#6353=ORIENTED_EDGE('',*,*,#8312,.F.);
#6354=CARTESIAN_POINT('',(-0.8300000000003,1.225,-2.251142952768));
#6355=DIRECTION('',(0.0,0.0,1.0));
#6356=DIRECTION('',(1.0,0.0,0.0));
#6357=ORIENTED_EDGE('',*,*,#8007,.T.);
#6358=ORIENTED_EDGE('',*,*,#8313,.F.);
#6359=ORIENTED_EDGE('',*,*,#8312,.T.);
#6360=ORIENTED_EDGE('',*,*,#8314,.F.);
#6361=ORIENTED_EDGE('',*,*,#8315,.T.);
#6362=ORIENTED_EDGE('',*,*,#7987,.F.);
#6363=CARTESIAN_POINT('',(-0.4000000000003,1.225,-2.481049159791));
#6364=DIRECTION('',(-0.0,-1.0,0.0));
#6365=DIRECTION('',(-1.0,0.0,0.0));
#6366=ORIENTED_EDGE('',*,*,#8315,.F.);
#6367=ORIENTED_EDGE('',*,*,#8316,.F.);
#6368=ORIENTED_EDGE('',*,*,#8306,.F.);
#6369=ORIENTED_EDGE('',*,*,#7988,.F.);
#6370=CARTESIAN_POINT('',(-0.2850000000003,1.225,-2.281863316921));
#6371=DIRECTION('',(0.500000000000017,0.0,0.866025403784429));
#6372=DIRECTION('',(0.0,-1.0,0.0));
#6373=ORIENTED_EDGE('',*,*,#8311,.T.);
#6374=ORIENTED_EDGE('',*,*,#8307,.T.);
#6375=ORIENTED_EDGE('',*,*,#8316,.T.);
#6376=ORIENTED_EDGE('',*,*,#8314,.T.);
#6377=CARTESIAN_POINT('',(-1.00808250636E-13,1.175,1.800046606707));
#6378=DIRECTION('',(-0.0,1.0,0.0));
#6379=DIRECTION('',(1.0,0.0,0.0));
#6380=ORIENTED_EDGE('',*,*,#8309,.T.);
#6381=ORIENTED_EDGE('',*,*,#8313,.T.);
#6382=ORIENTED_EDGE('',*,*,#8006,.F.);
#6383=ORIENTED_EDGE('',*,*,#8317,.T.);
#6384=ORIENTED_EDGE('',*,*,#8318,.T.);
#6385=CARTESIAN_POINT('',(-1.00808250636E-13,1.175,1.800046606707));
#6386=DIRECTION('',(-0.0,1.0,0.0));
#6387=DIRECTION('',(1.0,0.0,0.0));
#6388=ORIENTED_EDGE('',*,*,#8318,.F.);
#6389=ORIENTED_EDGE('',*,*,#8319,.T.);
#6390=ORIENTED_EDGE('',*,*,#8023,.F.);
#6391=ORIENTED_EDGE('',*,*,#8310,.F.);
#6392=CARTESIAN_POINT('',(-0.8300000000003,1.225,-2.527746186744));
#6393=DIRECTION('',(-1.0,0.0,0.0));
#6394=DIRECTION('',(0.0,0.0,1.0));
#6395=ORIENTED_EDGE('',*,*,#8317,.F.);
#6396=ORIENTED_EDGE('',*,*,#8005,.T.);
#6397=ORIENTED_EDGE('',*,*,#8024,.F.);
#6398=ORIENTED_EDGE('',*,*,#8319,.F.);
#6399=CARTESIAN_POINT('',(0.3999999999999,1.225,-2.527746186744));
#6400=DIRECTION('',(0.0,0.0,-1.0));
#6401=DIRECTION('',(0.0,-1.0,0.0));
#6402=ORIENTED_EDGE('',*,*,#7952,.F.);
#6403=ORIENTED_EDGE('',*,*,#7950,.F.);
#6404=ORIENTED_EDGE('',*,*,#7966,.F.);
#6405=ORIENTED_EDGE('',*,*,#7983,.F.);
#6406=CARTESIAN_POINT('',(-2.505025197931,0.8750000000004,-4.100000017874));
#6407=DIRECTION('',(-0.0,1.0,0.0));
#6408=DIRECTION('',(1.0,0.0,0.0));
#6409=ORIENTED_EDGE('',*,*,#8320,.F.);
#6410=ORIENTED_EDGE('',*,*,#8321,.T.);
#6411=ORIENTED_EDGE('',*,*,#7879,.F.);
#6412=ORIENTED_EDGE('',*,*,#7932,.T.);
#6413=CARTESIAN_POINT('',(0.3999999999999,1.225,-2.527746186744));
#6414=DIRECTION('',(0.0,0.0,-1.0));
#6415=DIRECTION('',(0.0,-1.0,0.0));
#6416=ORIENTED_EDGE('',*,*,#8322,.F.);
#6417=ORIENTED_EDGE('',*,*,#8323,.T.);
#6418=ORIENTED_EDGE('',*,*,#7880,.F.);
#6419=ORIENTED_EDGE('',*,*,#8321,.F.);
#6420=CARTESIAN_POINT('',(0.3999999999999,1.225,-2.251142952768));
#6421=DIRECTION('',(1.0,0.0,0.0));
#6422=DIRECTION('',(0.0,1.0,0.0));
#6423=ORIENTED_EDGE('',*,*,#8324,.F.);
#6424=ORIENTED_EDGE('',*,*,#7922,.F.);
#6425=ORIENTED_EDGE('',*,*,#7881,.F.);
#6426=ORIENTED_EDGE('',*,*,#8323,.F.);
#6427=CARTESIAN_POINT('',(-0.8300000000003,1.225,-2.251142952768));
#6428=DIRECTION('',(0.0,0.0,1.0));
#6429=DIRECTION('',(1.0,0.0,0.0));
#6430=ORIENTED_EDGE('',*,*,#7927,.T.);
#6431=ORIENTED_EDGE('',*,*,#7925,.T.);
#6432=ORIENTED_EDGE('',*,*,#7923,.T.);
#6433=ORIENTED_EDGE('',*,*,#8324,.T.);
#6434=ORIENTED_EDGE('',*,*,#8322,.T.);
#6435=ORIENTED_EDGE('',*,*,#8320,.T.);
#6436=ORIENTED_EDGE('',*,*,#7931,.F.);
#6437=CARTESIAN_POINT('',(-1.00808250636E-13,1.175,1.800046606707));
#6438=DIRECTION('',(-0.0,1.0,0.0));
#6439=DIRECTION('',(1.0,0.0,0.0));
#6440=ORIENTED_EDGE('',*,*,#8325,.F.);
#6441=ORIENTED_EDGE('',*,*,#8326,.T.);
#6442=ORIENTED_EDGE('',*,*,#7885,.F.);
#6443=ORIENTED_EDGE('',*,*,#7919,.F.);
#6444=CARTESIAN_POINT('',(0.3999999999999,1.225,-1.348940333089));
#6445=DIRECTION('',(0.0,0.0,-1.0));
#6446=DIRECTION('',(0.0,-1.0,0.0));
#6447=ORIENTED_EDGE('',*,*,#8327,.F.);
#6448=ORIENTED_EDGE('',*,*,#8328,.T.);
#6449=ORIENTED_EDGE('',*,*,#7886,.F.);
#6450=ORIENTED_EDGE('',*,*,#8326,.F.);
#6451=CARTESIAN_POINT('',(0.3999999999999,1.225,-1.072337099113));
#6452=DIRECTION('',(1.0,0.0,0.0));
#6453=DIRECTION('',(0.0,1.0,0.0));
#6454=ORIENTED_EDGE('',*,*,#8329,.F.);
#6455=ORIENTED_EDGE('',*,*,#7911,.T.);
#6456=ORIENTED_EDGE('',*,*,#7887,.F.);
#6457=ORIENTED_EDGE('',*,*,#8328,.F.);
#6458=CARTESIAN_POINT('',(-0.8300000000003,1.225,-1.072337099113));
#6459=DIRECTION('',(0.0,0.0,1.0));
#6460=DIRECTION('',(1.0,0.0,0.0));
#6461=ORIENTED_EDGE('',*,*,#7918,.T.);
#6462=ORIENTED_EDGE('',*,*,#7916,.T.);
#6463=ORIENTED_EDGE('',*,*,#7914,.T.);
#6464=ORIENTED_EDGE('',*,*,#7912,.F.);
#6465=ORIENTED_EDGE('',*,*,#8329,.T.);
#6466=ORIENTED_EDGE('',*,*,#8327,.T.);
#6467=ORIENTED_EDGE('',*,*,#8325,.T.);
#6468=CARTESIAN_POINT('',(-1.00808250636E-13,1.175,1.800046606707));
#6469=DIRECTION('',(-0.0,1.0,0.0));
#6470=DIRECTION('',(1.0,0.0,0.0));
#6471=ORIENTED_EDGE('',*,*,#7856,.T.);
#6472=ORIENTED_EDGE('',*,*,#7837,.F.);
#6473=ORIENTED_EDGE('',*,*,#7872,.F.);
#6474=ORIENTED_EDGE('',*,*,#7861,.T.);
#6475=CARTESIAN_POINT('',(0.5999999999999,1.075,1.865481017874));
#6476=DIRECTION('',(1.0,0.0,0.0));
#6477=DIRECTION('',(0.0,1.0,0.0));
#6478=ORIENTED_EDGE('',*,*,#8330,.F.);
#6479=ORIENTED_EDGE('',*,*,#8331,.F.);
#6480=ORIENTED_EDGE('',*,*,#8332,.T.);
#6481=ORIENTED_EDGE('',*,*,#7689,.F.);
#6482=CARTESIAN_POINT('',(-3.43,0.0,0.2600020178741));
#6483=DIRECTION('',(0.0,0.0,-1.0));
#6484=DIRECTION('',(0.0,-1.0,0.0));
#6485=ORIENTED_EDGE('',*,*,#8333,.T.);
#6486=ORIENTED_EDGE('',*,*,#7686,.F.);
#6487=ORIENTED_EDGE('',*,*,#8332,.F.);
#6488=ORIENTED_EDGE('',*,*,#8334,.T.);
#6489=ORIENTED_EDGE('',*,*,#7581,.T.);
#6490=CARTESIAN_POINT('',(-3.43,0.3,0.2600020178741));
#6491=DIRECTION('',(-0.0,1.0,0.0));
#6492=DIRECTION('',(1.0,0.0,0.0));
#6493=ORIENTED_EDGE('',*,*,#7582,.F.);
#6494=ORIENTED_EDGE('',*,*,#8334,.F.);
#6495=ORIENTED_EDGE('',*,*,#8331,.T.);
#6496=ORIENTED_EDGE('',*,*,#8335,.F.);
#6497=CARTESIAN_POINT('',(-3.45,0.15,0.4600020178741));
#6498=DIRECTION('',(0.998752338877845,0.0,0.0499376169438922));
#6499=DIRECTION('',(0.0,-1.0,0.0));
#6500=ORIENTED_EDGE('',*,*,#8335,.T.);
#6501=ORIENTED_EDGE('',*,*,#8330,.T.);
#6502=ORIENTED_EDGE('',*,*,#7688,.F.);
#6503=ORIENTED_EDGE('',*,*,#8336,.F.);
#6504=ORIENTED_EDGE('',*,*,#7579,.T.);
#6505=CARTESIAN_POINT('',(-3.43,0.0,0.8600020178741));
#6506=DIRECTION('',(0.0,-1.0,0.0));
#6507=DIRECTION('',(0.0,0.0,-1.0));
#6508=ORIENTED_EDGE('',*,*,#8336,.T.);
#6509=ORIENTED_EDGE('',*,*,#7687,.F.);
#6510=ORIENTED_EDGE('',*,*,#8333,.F.);
#6511=ORIENTED_EDGE('',*,*,#7580,.T.);
#6512=CARTESIAN_POINT('',(-3.43,0.3,0.8600020178741));
#6513=DIRECTION('',(0.0,0.0,1.0));
#6514=DIRECTION('',(1.0,0.0,0.0));
#6515=ORIENTED_EDGE('',*,*,#7588,.F.);
#6516=ORIENTED_EDGE('',*,*,#7577,.T.);
#6517=ORIENTED_EDGE('',*,*,#7677,.F.);
#6518=ORIENTED_EDGE('',*,*,#8337,.F.);
#6519=CARTESIAN_POINT('',(-3.5,0.6599984458336,2.469039982126));
#6520=DIRECTION('',(-0.707106781186548,0.0,-0.707106781186548));
#6521=DIRECTION('',(-0.707106781186548,0.0,0.707106781186548));
#6522=ORIENTED_EDGE('',*,*,#8338,.F.);
#6523=ORIENTED_EDGE('',*,*,#7661,.T.);
#6524=ORIENTED_EDGE('',*,*,#8339,.T.);
#6525=ORIENTED_EDGE('',*,*,#7593,.T.);
#6526=ORIENTED_EDGE('',*,*,#7589,.F.);
#6527=ORIENTED_EDGE('',*,*,#8337,.T.);
#6528=ORIENTED_EDGE('',*,*,#7676,.T.);
#6529=ORIENTED_EDGE('',*,*,#8340,.F.);
#6530=CARTESIAN_POINT('',(1.175,-1.077246665905,2.519039982126));
#6531=DIRECTION('',(0.0,0.0,1.0));
#6532=DIRECTION('',(1.0,0.0,0.0));
#6533=ORIENTED_EDGE('',*,*,#7675,.F.);
#6534=ORIENTED_EDGE('',*,*,#7651,.F.);
#6535=ORIENTED_EDGE('',*,*,#8341,.F.);
#6536=ORIENTED_EDGE('',*,*,#8340,.T.);
#6537=CARTESIAN_POINT('',(-3.075,1.309999287525,2.469039982126));
#6538=DIRECTION('',(0.0,-0.707106781186548,0.707106781186548));
#6539=DIRECTION('',(-1.0,0.0,0.0));
#6540=ORIENTED_EDGE('',*,*,#7662,.F.);
#6541=ORIENTED_EDGE('',*,*,#8338,.T.);
#6542=ORIENTED_EDGE('',*,*,#8341,.T.);
#6543=ORIENTED_EDGE('',*,*,#8342,.T.);
#6544=CARTESIAN_POINT('',(-2.95,-0.9896795485797,2.419039982126));
#6545=DIRECTION('',(0.0,1.0,-0.0));
#6546=DIRECTION('',(-1.0,0.0,0.0));
#6547=ORIENTED_EDGE('',*,*,#7663,.T.);
#6548=ORIENTED_EDGE('',*,*,#8342,.F.);
#6549=ORIENTED_EDGE('',*,*,#7650,.T.);
#6550=ORIENTED_EDGE('',*,*,#8343,.F.);
#6551=CARTESIAN_POINT('',(-2.85,1.559999287525,1.659521017874));
#6552=DIRECTION('',(1.0,0.0,0.0));
#6553=DIRECTION('',(0.0,1.0,0.0));
#6554=ORIENTED_EDGE('',*,*,#7649,.F.);
#6555=ORIENTED_EDGE('',*,*,#7642,.T.);
#6556=ORIENTED_EDGE('',*,*,#7664,.F.);
#6557=ORIENTED_EDGE('',*,*,#8343,.T.);
#6558=CARTESIAN_POINT('',(-2.75,-0.9896795485797,1.759521017874));
#6559=DIRECTION('',(0.0,-1.0,0.0));
#6560=DIRECTION('',(1.0,0.0,0.0));
#6561=ORIENTED_EDGE('',*,*,#7594,.T.);
#6562=ORIENTED_EDGE('',*,*,#8339,.F.);
#6563=ORIENTED_EDGE('',*,*,#7660,.T.);
#6564=ORIENTED_EDGE('',*,*,#7671,.F.);
#6565=CARTESIAN_POINT('',(-3.3,1.109999287525,-3.549997982126));
#6566=DIRECTION('',(-0.0,0.0,1.0));
#6567=DIRECTION('',(1.0,0.0,0.0));
#6568=ORIENTED_EDGE('',*,*,#7666,.F.);
#6569=ORIENTED_EDGE('',*,*,#7656,.T.);
#6570=ORIENTED_EDGE('',*,*,#7654,.F.);
#6571=ORIENTED_EDGE('',*,*,#7672,.T.);
#6572=CARTESIAN_POINT('',(-2.95,-0.9896795485797,0.3500020178741));
#6573=DIRECTION('',(0.0,1.0,-0.0));
#6574=DIRECTION('',(-1.0,0.0,0.0));
#6575=ORIENTED_EDGE('',*,*,#7636,.F.);
#6576=ORIENTED_EDGE('',*,*,#7665,.T.);
#6577=ORIENTED_EDGE('',*,*,#7640,.F.);
#6578=ORIENTED_EDGE('',*,*,#7638,.T.);
#6579=CARTESIAN_POINT('',(-2.726338,1.109999287525,1.659521017874));
#6580=DIRECTION('',(-0.0,0.0,-1.0));
#6581=DIRECTION('',(-1.0,0.0,0.0));
#6582=ORIENTED_EDGE('',*,*,#7144,.F.);
#6583=ORIENTED_EDGE('',*,*,#8344,.F.);
#6584=ORIENTED_EDGE('',*,*,#7327,.F.);
#6585=ORIENTED_EDGE('',*,*,#8345,.F.);
#6586=CARTESIAN_POINT('',(2.125,-0.925,-1.099997982126));
#6587=DIRECTION('',(0.0,0.0,1.0));
#6588=DIRECTION('',(1.0,0.0,0.0));
#6589=ORIENTED_EDGE('',*,*,#7326,.F.);
#6590=ORIENTED_EDGE('',*,*,#8346,.T.);
#6591=ORIENTED_EDGE('',*,*,#7145,.F.);
#6592=ORIENTED_EDGE('',*,*,#8345,.T.);
#6593=CARTESIAN_POINT('',(2.175,-0.9896795485797,-1.249997982126));
#6594=DIRECTION('',(0.0,1.0,-0.0));
#6595=DIRECTION('',(-1.0,0.0,0.0));
#6596=ORIENTED_EDGE('',*,*,#7146,.F.);
#6597=ORIENTED_EDGE('',*,*,#8346,.F.);
#6598=ORIENTED_EDGE('',*,*,#7325,.F.);
#6599=ORIENTED_EDGE('',*,*,#8347,.F.);
#6600=CARTESIAN_POINT('',(2.025,-0.925,-2.199997982126));
#6601=DIRECTION('',(-1.0,0.0,0.0));
#6602=DIRECTION('',(0.0,0.0,1.0));
#6603=ORIENTED_EDGE('',*,*,#7324,.F.);
#6604=ORIENTED_EDGE('',*,*,#8348,.F.);
#6605=ORIENTED_EDGE('',*,*,#7147,.F.);
#6606=ORIENTED_EDGE('',*,*,#8347,.T.);
#6607=CARTESIAN_POINT('',(1.875,-1.075,-2.004193992971));
#6608=DIRECTION('',(0.0,1.0,-0.0));
#6609=DIRECTION('',(-1.0,0.0,0.0));
#6610=ORIENTED_EDGE('',*,*,#7323,.F.);
#6611=ORIENTED_EDGE('',*,*,#8349,.T.);
#6612=ORIENTED_EDGE('',*,*,#7148,.F.);
#6613=ORIENTED_EDGE('',*,*,#8348,.T.);
#6614=CARTESIAN_POINT('',(1.925,-0.9896795485797,-2.299997982126));
#6615=DIRECTION('',(0.0,1.0,-0.0));
#6616=DIRECTION('',(-1.0,0.0,0.0));
#6617=ORIENTED_EDGE('',*,*,#7149,.F.);
#6618=ORIENTED_EDGE('',*,*,#8349,.F.);
#6619=ORIENTED_EDGE('',*,*,#7322,.F.);
#6620=ORIENTED_EDGE('',*,*,#8350,.F.);
#6621=CARTESIAN_POINT('',(1.775,-0.925,-2.449997982126));
#6622=DIRECTION('',(-1.0,0.0,0.0));
#6623=DIRECTION('',(0.0,0.0,1.0));
#6624=ORIENTED_EDGE('',*,*,#7321,.F.);
#6625=ORIENTED_EDGE('',*,*,#8351,.T.);
#6626=ORIENTED_EDGE('',*,*,#7150,.F.);
#6627=ORIENTED_EDGE('',*,*,#8350,.T.);
#6628=CARTESIAN_POINT('',(1.925,-0.9896795485797,-2.399997982126));
#6629=DIRECTION('',(0.0,1.0,-0.0));
#6630=DIRECTION('',(-1.0,0.0,0.0));
#6631=ORIENTED_EDGE('',*,*,#7320,.F.);
#6632=ORIENTED_EDGE('',*,*,#8352,.F.);
#6633=ORIENTED_EDGE('',*,*,#7151,.F.);
#6634=ORIENTED_EDGE('',*,*,#8351,.F.);
#6635=CARTESIAN_POINT('',(2.025,-0.925,-2.549997982126));
#6636=DIRECTION('',(0.0,0.0,-1.0));
#6637=DIRECTION('',(0.0,-1.0,0.0));
#6638=ORIENTED_EDGE('',*,*,#7152,.F.);
#6639=ORIENTED_EDGE('',*,*,#8352,.T.);
#6640=ORIENTED_EDGE('',*,*,#7319,.F.);
#6641=ORIENTED_EDGE('',*,*,#8353,.T.);
#6642=ORIENTED_EDGE('',*,*,#8354,.T.);
#6643=CARTESIAN_POINT('',(2.025,-0.925,-2.976997982126));
#6644=DIRECTION('',(-1.0,0.0,0.0));
#6645=DIRECTION('',(0.0,0.0,1.0));
#6646=ORIENTED_EDGE('',*,*,#8355,.T.);
#6647=ORIENTED_EDGE('',*,*,#8356,.F.);
#6648=ORIENTED_EDGE('',*,*,#7154,.T.);
#6649=ORIENTED_EDGE('',*,*,#7153,.T.);
#6650=ORIENTED_EDGE('',*,*,#8354,.F.);
#6651=ORIENTED_EDGE('',*,*,#8357,.T.);
#6652=ORIENTED_EDGE('',*,*,#8358,.F.);
#6653=ORIENTED_EDGE('',*,*,#7135,.T.);
#6654=ORIENTED_EDGE('',*,*,#7134,.T.);
#6655=ORIENTED_EDGE('',*,*,#8359,.F.);
#6656=CARTESIAN_POINT('',(2.725,-1.225,-2.976997982126));
#6657=DIRECTION('',(-1.0,0.0,0.0));
#6658=DIRECTION('',(0.0,-0.986285601537227,0.165047605860704));
#6659=ORIENTED_EDGE('',*,*,#8359,.T.);
#6660=ORIENTED_EDGE('',*,*,#7156,.F.);
#6661=ORIENTED_EDGE('',*,*,#7118,.T.);
#6662=ORIENTED_EDGE('',*,*,#7115,.T.);
#6663=ORIENTED_EDGE('',*,*,#7112,.T.);
#6664=ORIENTED_EDGE('',*,*,#8360,.T.);
#6665=ORIENTED_EDGE('',*,*,#8361,.T.);
#6666=ORIENTED_EDGE('',*,*,#8362,.T.);
#6667=CARTESIAN_POINT('',(2.625,-0.875,-1.721228982126));
#6668=DIRECTION('',(1.0,0.0,0.0));
#6669=DIRECTION('',(0.0,1.0,0.0));
#6670=ORIENTED_EDGE('',*,*,#8355,.F.);
#6671=ORIENTED_EDGE('',*,*,#8362,.F.);
#6672=ORIENTED_EDGE('',*,*,#8363,.F.);
#6673=ORIENTED_EDGE('',*,*,#8364,.F.);
#6674=CARTESIAN_POINT('',(2.375,-1.075,-2.575000017874));
#6675=DIRECTION('',(0.0,-1.0,0.0));
#6676=DIRECTION('',(0.0,0.0,-1.0));
#6677=ORIENTED_EDGE('',*,*,#8356,.T.);
#6678=ORIENTED_EDGE('',*,*,#8364,.T.);
#6679=ORIENTED_EDGE('',*,*,#8365,.T.);
#6680=ORIENTED_EDGE('',*,*,#8366,.T.);
#6681=ORIENTED_EDGE('',*,*,#7110,.T.);
#6682=ORIENTED_EDGE('',*,*,#7114,.T.);
#6683=ORIENTED_EDGE('',*,*,#7117,.T.);
#6684=ORIENTED_EDGE('',*,*,#7155,.F.);
#6685=CARTESIAN_POINT('',(2.125,-0.875,-4.000382868511));
#6686=DIRECTION('',(-1.0,0.0,0.0));
#6687=DIRECTION('',(0.0,0.0,1.0));
#6688=ORIENTED_EDGE('',*,*,#8360,.F.);
#6689=ORIENTED_EDGE('',*,*,#7111,.T.);
#6690=ORIENTED_EDGE('',*,*,#8366,.F.);
#6691=ORIENTED_EDGE('',*,*,#8367,.F.);
#6692=CARTESIAN_POINT('',(2.375,-0.975,-2.021228982126));
#6693=DIRECTION('',(0.0,-0.980580675690916,0.196116135138203));
#6694=DIRECTION('',(-1.0,0.0,0.0));
#6695=ORIENTED_EDGE('',*,*,#8361,.F.);
#6696=ORIENTED_EDGE('',*,*,#8367,.T.);
#6697=ORIENTED_EDGE('',*,*,#8365,.F.);
#6698=ORIENTED_EDGE('',*,*,#8363,.T.);
#6699=CARTESIAN_POINT('',(0.0,-0.075,-2.620248495719));
#6700=DIRECTION('',(1.0,-0.0,0.0));
#6701=DIRECTION('',(0.0,0.0,1.0));
#6702=ORIENTED_EDGE('',*,*,#8358,.T.);
#6703=ORIENTED_EDGE('',*,*,#8368,.T.);
#6704=ORIENTED_EDGE('',*,*,#7315,.F.);
#6705=ORIENTED_EDGE('',*,*,#8369,.T.);
#6706=ORIENTED_EDGE('',*,*,#7136,.F.);
#6707=CARTESIAN_POINT('',(2.725,-0.925,-2.549997982126));
#6708=DIRECTION('',(1.0,0.0,0.0));
#6709=DIRECTION('',(0.0,1.0,0.0));
#6710=ORIENTED_EDGE('',*,*,#7137,.F.);
#6711=ORIENTED_EDGE('',*,*,#8369,.F.);
#6712=ORIENTED_EDGE('',*,*,#7314,.F.);
#6713=ORIENTED_EDGE('',*,*,#8370,.F.);
#6714=CARTESIAN_POINT('',(2.875,-0.925,-2.549997982126));
#6715=DIRECTION('',(0.0,0.0,-1.0));
#6716=DIRECTION('',(0.0,-1.0,0.0));
#6717=ORIENTED_EDGE('',*,*,#7313,.F.);
#6718=ORIENTED_EDGE('',*,*,#8371,.T.);
#6719=ORIENTED_EDGE('',*,*,#7138,.F.);
#6720=ORIENTED_EDGE('',*,*,#8370,.T.);
#6721=CARTESIAN_POINT('',(2.825,-0.9896795485797,-2.399997982126));
#6722=DIRECTION('',(0.0,1.0,-0.0));
#6723=DIRECTION('',(-1.0,0.0,0.0));
#6724=ORIENTED_EDGE('',*,*,#7139,.F.);
#6725=ORIENTED_EDGE('',*,*,#8371,.F.);
#6726=ORIENTED_EDGE('',*,*,#7312,.F.);
#6727=ORIENTED_EDGE('',*,*,#8372,.F.);
#6728=CARTESIAN_POINT('',(2.975,-0.925,-2.399997982126));
#6729=DIRECTION('',(1.0,0.0,0.0));
#6730=DIRECTION('',(0.0,1.0,0.0));
#6731=ORIENTED_EDGE('',*,*,#7140,.F.);
#6732=ORIENTED_EDGE('',*,*,#8372,.T.);
#6733=ORIENTED_EDGE('',*,*,#7311,.F.);
#6734=ORIENTED_EDGE('',*,*,#8373,.F.);
#6735=CARTESIAN_POINT('',(2.825,-0.9896795485797,-2.299997982126));
#6736=DIRECTION('',(0.0,1.0,-0.0));
#6737=DIRECTION('',(-1.0,0.0,0.0));
#6738=ORIENTED_EDGE('',*,*,#7310,.F.);
#6739=ORIENTED_EDGE('',*,*,#8374,.T.);
#6740=ORIENTED_EDGE('',*,*,#7141,.F.);
#6741=ORIENTED_EDGE('',*,*,#8373,.T.);
#6742=CARTESIAN_POINT('',(2.875,-1.075,-2.004193992971));
#6743=DIRECTION('',(0.0,1.0,-0.0));
#6744=DIRECTION('',(-1.0,0.0,0.0));
#6745=ORIENTED_EDGE('',*,*,#7142,.F.);
#6746=ORIENTED_EDGE('',*,*,#8374,.F.);
#6747=ORIENTED_EDGE('',*,*,#7309,.F.);
#6748=ORIENTED_EDGE('',*,*,#8375,.F.);
#6749=CARTESIAN_POINT('',(2.725,-0.925,-1.299997982126));
#6750=DIRECTION('',(1.0,0.0,0.0));
#6751=DIRECTION('',(0.0,1.0,0.0));
#6752=ORIENTED_EDGE('',*,*,#7308,.F.);
#6753=ORIENTED_EDGE('',*,*,#8344,.T.);
#6754=ORIENTED_EDGE('',*,*,#7143,.F.);
#6755=ORIENTED_EDGE('',*,*,#8375,.T.);
#6756=CARTESIAN_POINT('',(2.575,-0.9896795485797,-1.249997982126));
#6757=DIRECTION('',(0.0,1.0,-0.0));
#6758=DIRECTION('',(-1.0,0.0,0.0));
#6759=ORIENTED_EDGE('',*,*,#8376,.T.);
#6760=ORIENTED_EDGE('',*,*,#8377,.F.);
#6761=ORIENTED_EDGE('',*,*,#8368,.F.);
#6762=ORIENTED_EDGE('',*,*,#8357,.F.);
#6763=ORIENTED_EDGE('',*,*,#8353,.F.);
#6764=ORIENTED_EDGE('',*,*,#8378,.F.);
#6765=CARTESIAN_POINT('',(2.725,-1.119937785622,-2.695996325351));
#6766=DIRECTION('',(0.0,0.350207381259111,0.936672189248531));
#6767=DIRECTION('',(1.0,-0.0,0.0));
#6768=ORIENTED_EDGE('',*,*,#7318,.T.);
#6769=ORIENTED_EDGE('',*,*,#8379,.T.);
#6770=ORIENTED_EDGE('',*,*,#8380,.T.);
#6771=ORIENTED_EDGE('',*,*,#8381,.T.);
#6772=ORIENTED_EDGE('',*,*,#8378,.T.);
#6773=CARTESIAN_POINT('',(2.025,-0.9291143195388,-2.927483700368));
#6774=DIRECTION('',(-1.0,0.0,0.0));
#6775=DIRECTION('',(0.0,0.0,1.0));
#6776=ORIENTED_EDGE('',*,*,#8382,.F.);
#6777=ORIENTED_EDGE('',*,*,#8376,.F.);
#6778=ORIENTED_EDGE('',*,*,#8381,.F.);
#6779=ORIENTED_EDGE('',*,*,#8383,.T.);
#6780=CARTESIAN_POINT('',(2.725,-1.367448154685,-2.603455990345));
#6781=DIRECTION('',(0.0,-0.936672189248387,0.350207381259495));
#6782=DIRECTION('',(-1.0,0.0,0.0));
#6783=ORIENTED_EDGE('',*,*,#8380,.F.);
#6784=ORIENTED_EDGE('',*,*,#8384,.F.);
#6785=ORIENTED_EDGE('',*,*,#8385,.F.);
#6786=ORIENTED_EDGE('',*,*,#8383,.F.);
#6787=CARTESIAN_POINT('',(2.375,-1.4403383798,-2.86979602692));
#6788=DIRECTION('',(0.0,-0.909961270876513,-0.414693242656306));
#6789=DIRECTION('',(0.0,0.414693242656306,-0.909961270876513));
#6790=ORIENTED_EDGE('',*,*,#8377,.T.);
#6791=ORIENTED_EDGE('',*,*,#8382,.T.);
#6792=ORIENTED_EDGE('',*,*,#8385,.T.);
#6793=ORIENTED_EDGE('',*,*,#8386,.T.);
#6794=ORIENTED_EDGE('',*,*,#7316,.T.);
#6795=CARTESIAN_POINT('',(2.725,-1.129843466166,-2.807121971708));
#6796=DIRECTION('',(-1.0,0.0,0.0));
#6797=DIRECTION('',(0.0,0.0,1.0));
#6798=ORIENTED_EDGE('',*,*,#8384,.T.);
#6799=ORIENTED_EDGE('',*,*,#8379,.F.);
#6800=ORIENTED_EDGE('',*,*,#7317,.F.);
#6801=ORIENTED_EDGE('',*,*,#8386,.F.);
#6802=CARTESIAN_POINT('',(2.725,-1.472510369063,-2.884457647119));
#6803=DIRECTION('',(0.0,-0.350207381259287,-0.936672189248465));
#6804=DIRECTION('',(0.0,-0.936672189248465,0.350207381259287));
#6805=ORIENTED_EDGE('',*,*,#7329,.T.);
#6806=ORIENTED_EDGE('',*,*,#8387,.T.);
#6807=ORIENTED_EDGE('',*,*,#8388,.T.);
#6808=ORIENTED_EDGE('',*,*,#8389,.T.);
#6809=ORIENTED_EDGE('',*,*,#7271,.T.);
#6810=CARTESIAN_POINT('',(-2.725,-0.9291143195388,-2.927483700368));
#6811=DIRECTION('',(-1.0,0.0,0.0));
#6812=DIRECTION('',(0.0,0.0,1.0));
#6813=ORIENTED_EDGE('',*,*,#7272,.T.);
#6814=ORIENTED_EDGE('',*,*,#8389,.F.);
#6815=ORIENTED_EDGE('',*,*,#8390,.T.);
#6816=ORIENTED_EDGE('',*,*,#7274,.F.);
#6817=CARTESIAN_POINT('',(-2.025,-1.367448154685,-2.603455990345));
#6818=DIRECTION('',(0.0,-0.936672189248387,0.350207381259495));
#6819=DIRECTION('',(-1.0,0.0,0.0));
#6820=ORIENTED_EDGE('',*,*,#7275,.F.);
#6821=ORIENTED_EDGE('',*,*,#8390,.F.);
#6822=ORIENTED_EDGE('',*,*,#8388,.F.);
#6823=ORIENTED_EDGE('',*,*,#8391,.F.);
#6824=CARTESIAN_POINT('',(-2.375,-1.4403383798,-2.86979602692));
#6825=DIRECTION('',(0.0,-0.909961270876513,-0.414693242656306));
#6826=DIRECTION('',(0.0,0.414693242656306,-0.909961270876513));
#6827=ORIENTED_EDGE('',*,*,#8387,.F.);
#6828=ORIENTED_EDGE('',*,*,#7328,.F.);
#6829=ORIENTED_EDGE('',*,*,#7276,.F.);
#6830=ORIENTED_EDGE('',*,*,#8391,.T.);
#6831=CARTESIAN_POINT('',(-2.025,-1.472510369063,-2.884457647119));
#6832=DIRECTION('',(0.0,-0.350207381259287,-0.936672189248465));
#6833=DIRECTION('',(0.0,-0.936672189248465,0.350207381259287));
#6834=ORIENTED_EDGE('',*,*,#8392,.F.);
#6835=ORIENTED_EDGE('',*,*,#7333,.T.);
#6836=ORIENTED_EDGE('',*,*,#8393,.F.);
#6837=ORIENTED_EDGE('',*,*,#8394,.T.);
#6838=CARTESIAN_POINT('',(-3.05,-1.325,-3.669037982126));
#6839=DIRECTION('',(-0.0,0.0,1.0));
#6840=DIRECTION('',(1.0,0.0,0.0));
#6841=ORIENTED_EDGE('',*,*,#8395,.F.);
#6842=ORIENTED_EDGE('',*,*,#8396,.T.);
#6843=ORIENTED_EDGE('',*,*,#8397,.F.);
#6844=ORIENTED_EDGE('',*,*,#8394,.F.);
#6845=CARTESIAN_POINT('',(-2.876794919243,-1.225,-3.669037982126));
#6846=DIRECTION('',(-0.0,0.0,1.0));
#6847=DIRECTION('',(1.0,0.0,0.0));
#6848=ORIENTED_EDGE('',*,*,#8397,.T.);
#6849=ORIENTED_EDGE('',*,*,#8398,.F.);
#6850=ORIENTED_EDGE('',*,*,#8399,.T.);
#6851=ORIENTED_EDGE('',*,*,#8400,.T.);
#6852=ORIENTED_EDGE('',*,*,#8401,.T.);
#6853=ORIENTED_EDGE('',*,*,#7330,.F.);
#6854=ORIENTED_EDGE('',*,*,#8392,.T.);
#6855=ORIENTED_EDGE('',*,*,#8400,.F.);
#6856=CARTESIAN_POINT('',(-2.8,-1.325,3.550000017874));
#6857=DIRECTION('',(-0.0,1.0,0.0));
#6858=DIRECTION('',(1.0,0.0,0.0));
#6859=ORIENTED_EDGE('',*,*,#8402,.F.);
#6860=ORIENTED_EDGE('',*,*,#7331,.T.);
#6861=ORIENTED_EDGE('',*,*,#8401,.F.);
#6862=ORIENTED_EDGE('',*,*,#8403,.T.);
#6863=CARTESIAN_POINT('',(-2.55,-1.325,-3.669037982126));
#6864=DIRECTION('',(-0.0,0.0,-1.0));
#6865=DIRECTION('',(-1.0,0.0,0.0));
#6866=ORIENTED_EDGE('',*,*,#8399,.F.);
#6867=ORIENTED_EDGE('',*,*,#8404,.T.);
#6868=ORIENTED_EDGE('',*,*,#8405,.F.);
#6869=ORIENTED_EDGE('',*,*,#8403,.F.);
#6870=CARTESIAN_POINT('',(-2.723205080757,-1.225,-3.669037982126));
#6871=DIRECTION('',(-0.0,0.0,-1.0));
#6872=DIRECTION('',(-1.0,0.0,0.0));
#6873=ORIENTED_EDGE('',*,*,#8405,.T.);
#6874=ORIENTED_EDGE('',*,*,#8406,.F.);
#6875=ORIENTED_EDGE('',*,*,#8395,.T.);
#6876=ORIENTED_EDGE('',*,*,#8407,.T.);
#6877=ORIENTED_EDGE('',*,*,#8393,.T.);
#6878=ORIENTED_EDGE('',*,*,#7332,.F.);
#6879=ORIENTED_EDGE('',*,*,#8402,.T.);
#6880=ORIENTED_EDGE('',*,*,#8407,.F.);
#6881=CARTESIAN_POINT('',(-2.8,-1.325,2.450000017874));
#6882=DIRECTION('',(0.0,-1.0,0.0));
#6883=DIRECTION('',(-1.0,0.0,0.0));
#6884=ORIENTED_EDGE('',*,*,#8396,.F.);
#6885=ORIENTED_EDGE('',*,*,#8406,.T.);
#6886=ORIENTED_EDGE('',*,*,#8404,.F.);
#6887=ORIENTED_EDGE('',*,*,#8398,.T.);
#6888=CARTESIAN_POINT('',(0.0,-1.325,1.640240517874));
#6889=DIRECTION('',(0.0,-1.0,0.0));
#6890=DIRECTION('',(0.0,0.0,-1.0));
#6891=ORIENTED_EDGE('',*,*,#7109,.F.);
#6892=ORIENTED_EDGE('',*,*,#8408,.T.);
#6893=ORIENTED_EDGE('',*,*,#8409,.T.);
#6894=ORIENTED_EDGE('',*,*,#8410,.T.);
#6895=ORIENTED_EDGE('',*,*,#8411,.F.);
#6896=ORIENTED_EDGE('',*,*,#8412,.T.);
#6897=ORIENTED_EDGE('',*,*,#7049,.T.);
#6898=CARTESIAN_POINT('',(2.025,-0.875,-1.100000017874));
#6899=DIRECTION('',(1.0,0.0,0.0));
#6900=DIRECTION('',(0.0,1.0,0.0));
#6901=ORIENTED_EDGE('',*,*,#8413,.F.);
#6902=ORIENTED_EDGE('',*,*,#7050,.T.);
#6903=ORIENTED_EDGE('',*,*,#8412,.F.);
#6904=ORIENTED_EDGE('',*,*,#8414,.T.);
#6905=CARTESIAN_POINT('',(0.0,-0.225,-3.949000017874));
#6906=DIRECTION('',(1.0,-0.0,0.0));
#6907=DIRECTION('',(0.0,0.0,1.0));
#6908=ORIENTED_EDGE('',*,*,#8411,.T.);
#6909=ORIENTED_EDGE('',*,*,#8415,.T.);
#6910=ORIENTED_EDGE('',*,*,#8416,.T.);
#6911=ORIENTED_EDGE('',*,*,#8414,.F.);
#6912=CARTESIAN_POINT('',(-2.8,-0.375,-4.100000017874));
#6913=DIRECTION('',(-0.0,1.0,0.0));
#6914=DIRECTION('',(1.0,0.0,0.0));
#6915=ORIENTED_EDGE('',*,*,#8417,.T.);
#6916=ORIENTED_EDGE('',*,*,#8418,.F.);
#6917=ORIENTED_EDGE('',*,*,#8419,.T.);
#6918=ORIENTED_EDGE('',*,*,#7107,.F.);
#6919=ORIENTED_EDGE('',*,*,#7051,.T.);
#6920=ORIENTED_EDGE('',*,*,#8413,.T.);
#6921=ORIENTED_EDGE('',*,*,#8416,.F.);
#6922=CARTESIAN_POINT('',(2.725,-1.31,-4.100000017874));
#6923=DIRECTION('',(-1.0,0.0,0.0));
#6924=DIRECTION('',(0.0,0.0,1.0));
#6925=ORIENTED_EDGE('',*,*,#8408,.F.);
#6926=ORIENTED_EDGE('',*,*,#7108,.F.);
#6927=ORIENTED_EDGE('',*,*,#8419,.F.);
#6928=ORIENTED_EDGE('',*,*,#8420,.F.);
#6929=CARTESIAN_POINT('',(2.5875,-0.775,-0.9000000178741));
#6930=DIRECTION('',(0.0,0.948683298050524,-0.316227766016808));
#6931=DIRECTION('',(-1.0,0.0,0.0));
#6932=ORIENTED_EDGE('',*,*,#8409,.F.);
#6933=ORIENTED_EDGE('',*,*,#8420,.T.);
#6934=ORIENTED_EDGE('',*,*,#8418,.T.);
#6935=ORIENTED_EDGE('',*,*,#8421,.F.);
#6936=CARTESIAN_POINT('',(0.0,0.0,-0.6000000178741));
#6937=DIRECTION('',(0.0,0.0,1.0));
#6938=DIRECTION('',(1.0,0.0,0.0));
#6939=ORIENTED_EDGE('',*,*,#8417,.F.);
#6940=ORIENTED_EDGE('',*,*,#8415,.F.);
#6941=ORIENTED_EDGE('',*,*,#8410,.F.);
#6942=ORIENTED_EDGE('',*,*,#8421,.T.);
#6943=CARTESIAN_POINT('',(2.375,-0.425,-0.6500000178741));
#6944=DIRECTION('',(0.0,0.707106781186548,0.707106781186548));
#6945=DIRECTION('',(1.0,0.0,-0.0));
#6946=CARTESIAN_POINT('',(-1.525,-0.07500000000013,2.599999982126));
#6947=VECTOR('',#8422,1.5);
#6948=CARTESIAN_POINT('',(-1.525,-1.575,2.599999982126));
#6949=VECTOR('',#8423,0.45);
#6950=CARTESIAN_POINT('',(-1.075,-1.575,2.599999982126));
#6951=VECTOR('',#8424,1.5);
#6952=CARTESIAN_POINT('',(-1.075,-0.07500000000013,2.599999982126));
#6953=VECTOR('',#8425,0.45);
#6954=CARTESIAN_POINT('',(-0.875,-0.07500000000013,2.599999982126));
#6955=VECTOR('',#8426,1.5);
#6956=CARTESIAN_POINT('',(-0.875,-1.575,2.599999982126));
#6957=VECTOR('',#8427,0.45);
#6958=CARTESIAN_POINT('',(-0.425,-1.575,2.599999982126));
#6959=VECTOR('',#8428,1.5);
#6960=CARTESIAN_POINT('',(-0.425,-0.07500000000013,2.599999982126));
#6961=VECTOR('',#8429,0.45);
#6962=CARTESIAN_POINT('',(-0.225,-0.07500000000013,2.599999982126));
#6963=VECTOR('',#8430,1.5);
#6964=CARTESIAN_POINT('',(-0.225,-1.575,2.599999982126));
#6965=VECTOR('',#8431,0.45);
#6966=CARTESIAN_POINT('',(0.225,-1.575,2.599999982126));
#6967=VECTOR('',#8432,1.5);
#6968=CARTESIAN_POINT('',(0.225,-0.07500000000013,2.599999982126));
#6969=VECTOR('',#8433,0.45);
#6970=CARTESIAN_POINT('',(0.425,-0.07500000000013,2.599999982126));
#6971=VECTOR('',#8434,1.5);
#6972=CARTESIAN_POINT('',(0.425,-1.575,2.599999982126));
#6973=VECTOR('',#8435,0.45);
#6974=CARTESIAN_POINT('',(0.875,-1.575,2.599999982126));
#6975=VECTOR('',#8436,1.5);
#6976=CARTESIAN_POINT('',(0.875,-0.07500000000013,2.599999982126));
#6977=VECTOR('',#8437,0.45);
#6978=CARTESIAN_POINT('',(1.075,-0.07500000000013,2.599999982126));
#6979=VECTOR('',#8438,1.5);
#6980=CARTESIAN_POINT('',(1.075,-1.575,2.599999982126));
#6981=VECTOR('',#8439,0.45);
#6982=CARTESIAN_POINT('',(1.525,-1.575,2.599999982126));
#6983=VECTOR('',#8440,1.5);
#6984=CARTESIAN_POINT('',(1.525,-0.07500000000013,2.599999982126));
#6985=VECTOR('',#8441,0.45);
#6986=CARTESIAN_POINT('',(-0.55,1.325,2.599999982126));
#6987=VECTOR('',#8442,1.1);
#6988=AXIS2_PLACEMENT_3D('',#8443,#8444,#8445);
#6989=CARTESIAN_POINT('',(0.55,0.8249999999999,2.599999982126));
#6990=VECTOR('',#8446,1.1);
#6991=AXIS2_PLACEMENT_3D('',#8447,#8448,#8449);
#6992=AXIS2_PLACEMENT_3D('',#8450,#8451,#8452);
#6993=CARTESIAN_POINT('',(-0.55,0.5249999999999,2.599999982126));
#6994=VECTOR('',#8453,1.1);
#6995=AXIS2_PLACEMENT_3D('',#8454,#8455,#8456);
#6996=CARTESIAN_POINT('',(0.55,1.625,2.599999982126));
#6997=VECTOR('',#8457,1.1);
#6998=CARTESIAN_POINT('',(2.45,-0.8250000000001,2.599999982126));
#6999=VECTOR('',#8458,0.7);
#7000=AXIS2_PLACEMENT_3D('',#8459,#8460,#8461);
#7001=CARTESIAN_POINT('',(3.15,-1.325,2.599999982126));
#7002=VECTOR('',#8462,0.7);
#7003=AXIS2_PLACEMENT_3D('',#8463,#8464,#8465);
#7004=AXIS2_PLACEMENT_3D('',#8466,#8467,#8468);
#7005=CARTESIAN_POINT('',(2.45,-1.625,2.599999982126));
#7006=VECTOR('',#8469,0.7);
#7007=AXIS2_PLACEMENT_3D('',#8470,#8471,#8472);
#7008=CARTESIAN_POINT('',(3.15,-0.5250000000001,2.599999982126));
#7009=VECTOR('',#8473,0.7);
#7010=AXIS2_PLACEMENT_3D('',#8474,#8475,#8476);
#7011=CARTESIAN_POINT('',(-2.45,-1.325,2.599999982126));
#7012=VECTOR('',#8477,0.7);
#7013=AXIS2_PLACEMENT_3D('',#8478,#8479,#8480);
#7014=CARTESIAN_POINT('',(-3.15,-0.8250000000001,2.599999982126));
#7015=VECTOR('',#8481,0.7);
#7016=CARTESIAN_POINT('',(-2.45,-0.5250000000001,2.599999982126));
#7017=VECTOR('',#8482,0.7);
#7018=AXIS2_PLACEMENT_3D('',#8483,#8484,#8485);
#7019=CARTESIAN_POINT('',(-3.15,-1.625,2.599999982126));
#7020=VECTOR('',#8486,0.7);
#7021=AXIS2_PLACEMENT_3D('',#8487,#8488,#8489);
#7022=EDGE_CURVE('',#8490,#8491,#8492,.T.);
#7023=EDGE_CURVE('',#8493,#8490,#8494,.T.);
#7024=EDGE_CURVE('',#8493,#8495,#8496,.T.);
#7025=EDGE_CURVE('',#8491,#8495,#8497,.T.);
#7026=EDGE_CURVE('',#8498,#8499,#8500,.T.);
#7027=EDGE_CURVE('',#8501,#8498,#8502,.T.);
#7028=EDGE_CURVE('',#8503,#8501,#8504,.T.);
#7029=EDGE_CURVE('',#8505,#8503,#8506,.T.);
#7030=EDGE_CURVE('',#8505,#8507,#8508,.T.);
#7031=EDGE_CURVE('',#8509,#8507,#8510,.T.);
#7032=EDGE_CURVE('',#8511,#8509,#8512,.T.);
#7033=EDGE_CURVE('',#8513,#8511,#8514,.T.);
#7034=EDGE_CURVE('',#8513,#8515,#8516,.T.);
#7035=EDGE_CURVE('',#8499,#8515,#8517,.T.);
#7036=EDGE_CURVE('',#8518,#8515,#8519,.T.);
#7037=EDGE_CURVE('',#8520,#8518,#8521,.T.);
#7038=EDGE_CURVE('',#8505,#8520,#8522,.T.);
#7039=EDGE_CURVE('',#8499,#8503,#8523,.T.);
#7040=EDGE_CURVE('',#8503,#8524,#8525,.T.);
#7041=EDGE_CURVE('',#8524,#8526,#8527,.T.);
#7042=EDGE_CURVE('',#8528,#8526,#8529,.T.);
#7043=EDGE_CURVE('',#8528,#8530,#8531,.T.);
#7044=EDGE_CURVE('',#8499,#8530,#8532,.T.);
#7045=EDGE_CURVE('',#8533,#8530,#8534,.T.);
#7046=EDGE_CURVE('',#8535,#8533,#8536,.T.);
#7047=EDGE_CURVE('',#8537,#8535,#8538,.T.);
#7048=EDGE_CURVE('',#8537,#8498,#8539,.T.);
#7049=EDGE_CURVE('',#8540,#8537,#8541,.T.);
#7050=EDGE_CURVE('',#8542,#8540,#8543,.T.);
#7051=EDGE_CURVE('',#8544,#8542,#8545,.T.);
#7052=EDGE_CURVE('',#8544,#8546,#8547,.T.);
#7053=EDGE_CURVE('',#8546,#8548,#8549,.T.);
#7054=EDGE_CURVE('',#8550,#8548,#8551,.T.);
#7055=EDGE_CURVE('',#8550,#8552,#8553,.T.);
#7056=EDGE_CURVE('',#8552,#8554,#8555,.T.);
#7057=EDGE_CURVE('',#8554,#8556,#8557,.T.);
#7058=EDGE_CURVE('',#8558,#8556,#8559,.T.);
#7059=EDGE_CURVE('',#8558,#8560,#8561,.T.);
#7060=EDGE_CURVE('',#8560,#8562,#8563,.T.);
#7061=EDGE_CURVE('',#8562,#8564,#8565,.T.);
#7062=EDGE_CURVE('',#8566,#8564,#8567,.T.);
#7063=EDGE_CURVE('',#8566,#8568,#8569,.T.);
#7064=EDGE_CURVE('',#8568,#8501,#8570,.T.);
#7065=EDGE_CURVE('',#8571,#8572,#8573,.T.);
#7066=EDGE_CURVE('',#8572,#8574,#8575,.T.);
#7067=EDGE_CURVE('',#8574,#8576,#8577,.T.);
#7068=EDGE_CURVE('',#8576,#8571,#8578,.T.);
#7069=EDGE_CURVE('',#8579,#8580,#8581,.T.);
#7070=EDGE_CURVE('',#8580,#8582,#8583,.T.);
#7071=EDGE_CURVE('',#8582,#8584,#8585,.T.);
#7072=EDGE_CURVE('',#8584,#8579,#8586,.T.);
#7073=EDGE_CURVE('',#8587,#8588,#8589,.T.);
#7074=EDGE_CURVE('',#8588,#8590,#8591,.T.);
#7075=EDGE_CURVE('',#8590,#8592,#8593,.T.);
#7076=EDGE_CURVE('',#8592,#8587,#8594,.T.);
#7077=EDGE_CURVE('',#8595,#8596,#8597,.T.);
#7078=EDGE_CURVE('',#8596,#8598,#8599,.T.);
#7079=EDGE_CURVE('',#8598,#8600,#8601,.T.);
#7080=EDGE_CURVE('',#8600,#8595,#8602,.T.);
#7081=EDGE_CURVE('',#8603,#8604,#8605,.T.);
#7082=EDGE_CURVE('',#8603,#8606,#8607,.T.);
#7083=EDGE_CURVE('',#8608,#8606,#8609,.T.);
#7084=EDGE_CURVE('',#8608,#8604,#8610,.T.);
#7085=EDGE_CURVE('',#8568,#8611,#8612,.T.);
#7086=EDGE_CURVE('',#8613,#8611,#8614,.T.);
#7087=EDGE_CURVE('',#8524,#8613,#8615,.T.);
#7088=EDGE_CURVE('',#8616,#8613,#8617,.T.);
#7089=EDGE_CURVE('',#8616,#8526,#8618,.T.);
#7090=EDGE_CURVE('',#8616,#8619,#8620,.T.);
#7091=EDGE_CURVE('',#8528,#8619,#8621,.T.);
#7092=EDGE_CURVE('',#8533,#8619,#8622,.T.);
#7093=EDGE_CURVE('',#8623,#8624,#8625,.T.);
#7094=EDGE_CURVE('',#8626,#8624,#8627,.T.);
#7095=EDGE_CURVE('',#8626,#8628,#8629,.T.);
#7096=EDGE_CURVE('',#8628,#8535,#8630,.T.);
#7097=EDGE_CURVE('',#8611,#8631,#8632,.T.);
#7098=EDGE_CURVE('',#8631,#8633,#8634,.T.);
#7099=EDGE_CURVE('',#8635,#8633,#8636,.T.);
#7100=EDGE_CURVE('',#8635,#8637,#8638,.T.);
#7101=EDGE_CURVE('',#8637,#8623,#8639,.T.);
#7102=EDGE_CURVE('',#8554,#8637,#8640,.T.);
#7103=EDGE_CURVE('',#8623,#8552,#8641,.T.);
#7104=EDGE_CURVE('',#8550,#8624,#8642,.T.);
#7105=EDGE_CURVE('',#8626,#8548,#8643,.T.);
#7106=EDGE_CURVE('',#8546,#8628,#8644,.T.);
#7107=EDGE_CURVE('',#8544,#8645,#8646,.T.);
#7108=EDGE_CURVE('',#8645,#8647,#8648,.T.);
#7109=EDGE_CURVE('',#8647,#8537,#8649,.T.);
#7110=EDGE_CURVE('',#8650,#8651,#8652,.T.);
#7111=EDGE_CURVE('',#8653,#8650,#8654,.T.);
#7112=EDGE_CURVE('',#8655,#8653,#8656,.T.);
#7113=EDGE_CURVE('',#8651,#8655,#8657,.T.);
#7114=EDGE_CURVE('',#8651,#8658,#8659,.T.);
#7115=EDGE_CURVE('',#8660,#8655,#8661,.T.);
#7116=EDGE_CURVE('',#8660,#8658,#8662,.T.);
#7117=EDGE_CURVE('',#8658,#8663,#8664,.T.);
#7118=EDGE_CURVE('',#8665,#8660,#8666,.T.);
#7119=EDGE_CURVE('',#8665,#8663,#8667,.T.);
#7120=EDGE_CURVE('',#8668,#8669,#8670,.T.);
#7121=EDGE_CURVE('',#8669,#8671,#8672,.T.);
#7122=EDGE_CURVE('',#8671,#8673,#8674,.T.);
#7123=EDGE_CURVE('',#8673,#8675,#8676,.T.);
#7124=EDGE_CURVE('',#8675,#8677,#8678,.T.);
#7125=EDGE_CURVE('',#8677,#8679,#8680,.T.);
#7126=EDGE_CURVE('',#8679,#8681,#8682,.T.);
#7127=EDGE_CURVE('',#8683,#8681,#8684,.T.);
#7128=EDGE_CURVE('',#8683,#8685,#8686,.T.);
#7129=EDGE_CURVE('',#8687,#8685,#8688,.T.);
#7130=EDGE_CURVE('',#8689,#8687,#8690,.T.);
#7131=EDGE_CURVE('',#8691,#8689,#8692,.T.);
#7132=EDGE_CURVE('',#8693,#8691,#8694,.T.);
#7133=EDGE_CURVE('',#8693,#8668,#8695,.T.);
#7134=EDGE_CURVE('',#8696,#8697,#8698,.T.);
#7135=EDGE_CURVE('',#8699,#8696,#8700,.T.);
#7136=EDGE_CURVE('',#8699,#8701,#8702,.T.);
#7137=EDGE_CURVE('',#8701,#8703,#8704,.T.);
#7138=EDGE_CURVE('',#8703,#8705,#8706,.T.);
#7139=EDGE_CURVE('',#8705,#8707,#8708,.T.);
#7140=EDGE_CURVE('',#8707,#8709,#8710,.T.);
#7141=EDGE_CURVE('',#8709,#8711,#8712,.T.);
#7142=EDGE_CURVE('',#8711,#8713,#8714,.T.);
#7143=EDGE_CURVE('',#8713,#8715,#8716,.T.);
#7144=EDGE_CURVE('',#8715,#8717,#8718,.T.);
#7145=EDGE_CURVE('',#8717,#8719,#8720,.T.);
#7146=EDGE_CURVE('',#8719,#8721,#8722,.T.);
#7147=EDGE_CURVE('',#8721,#8723,#8724,.T.);
#7148=EDGE_CURVE('',#8723,#8725,#8726,.T.);
#7149=EDGE_CURVE('',#8725,#8727,#8728,.T.);
#7150=EDGE_CURVE('',#8727,#8729,#8730,.T.);
#7151=EDGE_CURVE('',#8729,#8731,#8732,.T.);
#7152=EDGE_CURVE('',#8731,#8733,#8734,.T.);
#7153=EDGE_CURVE('',#8735,#8733,#8736,.T.);
#7154=EDGE_CURVE('',#8737,#8735,#8738,.T.);
#7155=EDGE_CURVE('',#8737,#8663,#8739,.T.);
#7156=EDGE_CURVE('',#8665,#8697,#8740,.T.);
#7157=EDGE_CURVE('',#8741,#8742,#8743,.T.);
#7158=EDGE_CURVE('',#8742,#8744,#8745,.T.);
#7159=EDGE_CURVE('',#8744,#8746,#8747,.T.);
#7160=EDGE_CURVE('',#8746,#8748,#8749,.T.);
#7161=EDGE_CURVE('',#8748,#8750,#8751,.T.);
#7162=EDGE_CURVE('',#8752,#8750,#8753,.T.);
#7163=EDGE_CURVE('',#8752,#8754,#8755,.T.);
#7164=EDGE_CURVE('',#8754,#8756,#8757,.T.);
#7165=EDGE_CURVE('',#8756,#8758,#8759,.T.);
#7166=EDGE_CURVE('',#8758,#8760,#8761,.T.);
#7167=EDGE_CURVE('',#8760,#8762,#8763,.T.);
#7168=EDGE_CURVE('',#8741,#8762,#8764,.T.);
#7169=EDGE_CURVE('',#8765,#8766,#8767,.T.);
#7170=EDGE_CURVE('',#8765,#8768,#8769,.T.);
#7171=EDGE_CURVE('',#8770,#8768,#8771,.T.);
#7172=EDGE_CURVE('',#8772,#8770,#8773,.T.);
#7173=EDGE_CURVE('',#8772,#8774,#8775,.T.);
#7174=EDGE_CURVE('',#8774,#8776,#8777,.T.);
#7175=EDGE_CURVE('',#8776,#8778,#8779,.T.);
#7176=EDGE_CURVE('',#8778,#8780,#8781,.T.);
#7177=EDGE_CURVE('',#8780,#8782,#8783,.T.);
#7178=EDGE_CURVE('',#8782,#8784,#8785,.T.);
#7179=EDGE_CURVE('',#8784,#8786,#8787,.T.);
#7180=EDGE_CURVE('',#8786,#8788,#8789,.T.);
#7181=EDGE_CURVE('',#8788,#8790,#8791,.T.);
#7182=EDGE_CURVE('',#8790,#8792,#8793,.T.);
#7183=EDGE_CURVE('',#8792,#8794,#8795,.T.);
#7184=EDGE_CURVE('',#8794,#8796,#8797,.T.);
#7185=EDGE_CURVE('',#8796,#8798,#8799,.T.);
#7186=EDGE_CURVE('',#8798,#8800,#8801,.T.);
#7187=EDGE_CURVE('',#8800,#8802,#8803,.T.);
#7188=EDGE_CURVE('',#8802,#8804,#8805,.T.);
#7189=EDGE_CURVE('',#8804,#8806,#8807,.T.);
#7190=EDGE_CURVE('',#8808,#8806,#8809,.T.);
#7191=EDGE_CURVE('',#8810,#8808,#8811,.T.);
#7192=EDGE_CURVE('',#8810,#8766,#8812,.T.);
#7193=EDGE_CURVE('',#8810,#8813,#8814,.T.);
#7194=EDGE_CURVE('',#8813,#8815,#8816,.T.);
#7195=EDGE_CURVE('',#8815,#8817,#8818,.T.);
#7196=EDGE_CURVE('',#8817,#8819,#8820,.T.);
#7197=EDGE_CURVE('',#8819,#8821,#8822,.T.);
#7198=EDGE_CURVE('',#8821,#8823,#8824,.T.);
#7199=EDGE_CURVE('',#8823,#8766,#8825,.T.);
#7200=EDGE_CURVE('',#8826,#8823,#8827,.T.);
#7201=EDGE_CURVE('',#8765,#8826,#8828,.T.);
#7202=EDGE_CURVE('',#8829,#8768,#8830,.T.);
#7203=EDGE_CURVE('',#8826,#8831,#8832,.T.);
#7204=EDGE_CURVE('',#8831,#8833,#8834,.T.);
#7205=EDGE_CURVE('',#8833,#8835,#8836,.T.);
#7206=EDGE_CURVE('',#8835,#8837,#8838,.T.);
#7207=EDGE_CURVE('',#8837,#8829,#8839,.T.);
#7208=EDGE_CURVE('',#8829,#8813,#8840,.T.);
#7209=EDGE_CURVE('',#8815,#8837,#8841,.T.);
#7210=EDGE_CURVE('',#8835,#8817,#8842,.T.);
#7211=EDGE_CURVE('',#8833,#8819,#8843,.T.);
#7212=EDGE_CURVE('',#8631,#8560,#8844,.T.);
#7213=EDGE_CURVE('',#8568,#8845,#8846,.T.);
#7214=EDGE_CURVE('',#8845,#8847,#8848,.T.);
#7215=EDGE_CURVE('',#8847,#8562,#8849,.T.);
#7216=EDGE_CURVE('',#8821,#8831,#8850,.T.);
#7217=EDGE_CURVE('',#8847,#8851,#8852,.T.);
#7218=EDGE_CURVE('',#8853,#8851,#8854,.T.);
#7219=EDGE_CURVE('',#8853,#8855,#8856,.T.);
#7220=EDGE_CURVE('',#8857,#8855,#8858,.T.);
#7221=EDGE_CURVE('',#8857,#8564,#8859,.T.);
#7222=EDGE_CURVE('',#8566,#8860,#8861,.T.);
#7223=EDGE_CURVE('',#8857,#8860,#8862,.T.);
#7224=EDGE_CURVE('',#8855,#8863,#8864,.T.);
#7225=EDGE_CURVE('',#8863,#8860,#8865,.T.);
#7226=EDGE_CURVE('',#8863,#8866,#8867,.T.);
#7227=EDGE_CURVE('',#8866,#8868,#8869,.T.);
#7228=EDGE_CURVE('',#8868,#8845,#8870,.T.);
#7229=EDGE_CURVE('',#8851,#8868,#8871,.T.);
#7230=EDGE_CURVE('',#8853,#8866,#8872,.T.);
#7231=EDGE_CURVE('',#8558,#8633,#8873,.T.);
#7232=EDGE_CURVE('',#8635,#8556,#8874,.T.);
#7233=EDGE_CURVE('',#8875,#8806,#8876,.T.);
#7234=EDGE_CURVE('',#8875,#8877,#8878,.T.);
#7235=EDGE_CURVE('',#8772,#8877,#8879,.T.);
#7236=EDGE_CURVE('',#8877,#8880,#8881,.T.);
#7237=EDGE_CURVE('',#8882,#8880,#8883,.T.);
#7238=EDGE_CURVE('',#8774,#8882,#8884,.T.);
#7239=EDGE_CURVE('',#8885,#8882,#8886,.T.);
#7240=EDGE_CURVE('',#8776,#8885,#8887,.T.);
#7241=EDGE_CURVE('',#8888,#8885,#8889,.T.);
#7242=EDGE_CURVE('',#8888,#8778,#8890,.T.);
#7243=EDGE_CURVE('',#8891,#8888,#8892,.T.);
#7244=EDGE_CURVE('',#8780,#8891,#8893,.T.);
#7245=EDGE_CURVE('',#8894,#8891,#8895,.T.);
#7246=EDGE_CURVE('',#8782,#8894,#8896,.T.);
#7247=EDGE_CURVE('',#8897,#8894,#8898,.T.);
#7248=EDGE_CURVE('',#8897,#8784,#8899,.T.);
#7249=EDGE_CURVE('',#8900,#8897,#8901,.T.);
#7250=EDGE_CURVE('',#8786,#8900,#8902,.T.);
#7251=EDGE_CURVE('',#8903,#8900,#8904,.T.);
#7252=EDGE_CURVE('',#8903,#8788,#8905,.T.);
#7253=EDGE_CURVE('',#8906,#8903,#8907,.T.);
#7254=EDGE_CURVE('',#8790,#8906,#8908,.T.);
#7255=EDGE_CURVE('',#8909,#8906,#8910,.T.);
#7256=EDGE_CURVE('',#8909,#8792,#8911,.T.);
#7257=EDGE_CURVE('',#8912,#8909,#8913,.T.);
#7258=EDGE_CURVE('',#8794,#8912,#8914,.T.);
#7259=EDGE_CURVE('',#8915,#8912,#8916,.T.);
#7260=EDGE_CURVE('',#8796,#8915,#8917,.T.);
#7261=EDGE_CURVE('',#8918,#8915,#8919,.T.);
#7262=EDGE_CURVE('',#8918,#8798,#8920,.T.);
#7263=EDGE_CURVE('',#8921,#8918,#8922,.T.);
#7264=EDGE_CURVE('',#8800,#8921,#8923,.T.);
#7265=EDGE_CURVE('',#8924,#8921,#8925,.T.);
#7266=EDGE_CURVE('',#8924,#8802,#8926,.T.);
#7267=EDGE_CURVE('',#8927,#8924,#8928,.T.);
#7268=EDGE_CURVE('',#8804,#8927,#8929,.T.);
#7269=EDGE_CURVE('',#8930,#8927,#8931,.T.);
#7270=EDGE_CURVE('',#8930,#8875,#8932,.T.);
#7271=EDGE_CURVE('',#8933,#8930,#8934,.T.);
#7272=EDGE_CURVE('',#8935,#8933,#8936,.T.);
#7273=EDGE_CURVE('',#8880,#8935,#8937,.T.);
#7274=EDGE_CURVE('',#8935,#8938,#8939,.T.);
#7275=EDGE_CURVE('',#8938,#8940,#8941,.T.);
#7276=EDGE_CURVE('',#8940,#8942,#8943,.T.);
#7277=EDGE_CURVE('',#8942,#8880,#8944,.T.);
#7278=EDGE_CURVE('',#8945,#8946,#8947,.T.);
#7279=EDGE_CURVE('',#8948,#8946,#8949,.T.);
#7280=EDGE_CURVE('',#8948,#8950,#8951,.T.);
#7281=EDGE_CURVE('',#8950,#8952,#8953,.T.);
#7282=EDGE_CURVE('',#8954,#8952,#8955,.T.);
#7283=EDGE_CURVE('',#8956,#8954,#8957,.T.);
#7284=EDGE_CURVE('',#8958,#8956,#8959,.T.);
#7285=EDGE_CURVE('',#8958,#8960,#8961,.T.);
#7286=EDGE_CURVE('',#8962,#8960,#8963,.T.);
#7287=EDGE_CURVE('',#8962,#8964,#8965,.T.);
#7288=EDGE_CURVE('',#8964,#8966,#8967,.T.);
#7289=EDGE_CURVE('',#8966,#8968,#8969,.T.);
#7290=EDGE_CURVE('',#8968,#8970,#8971,.T.);
#7291=EDGE_CURVE('',#8970,#8972,#8973,.T.);
#7292=EDGE_CURVE('',#8972,#8974,#8975,.T.);
#7293=EDGE_CURVE('',#8974,#8976,#8977,.T.);
#7294=EDGE_CURVE('',#8978,#8976,#8979,.T.);
#7295=EDGE_CURVE('',#8978,#8945,#8980,.T.);
#7296=EDGE_CURVE('',#8981,#8982,#8983,.T.);
#7297=EDGE_CURVE('',#8982,#8984,#8985,.T.);
#7298=EDGE_CURVE('',#8984,#8986,#8987,.T.);
#7299=EDGE_CURVE('',#8986,#8988,#8989,.T.);
#7300=EDGE_CURVE('',#8990,#8988,#8991,.T.);
#7301=EDGE_CURVE('',#8990,#8992,#8993,.T.);
#7302=EDGE_CURVE('',#8992,#8994,#8995,.T.);
#7303=EDGE_CURVE('',#8994,#8996,#8997,.T.);
#7304=EDGE_CURVE('',#8996,#8998,#8999,.T.);
#7305=EDGE_CURVE('',#8998,#9000,#9001,.T.);
#7306=EDGE_CURVE('',#9002,#9000,#9003,.T.);
#7307=EDGE_CURVE('',#9002,#8981,#9004,.T.);
#7308=EDGE_CURVE('',#9005,#9006,#9007,.T.);
#7309=EDGE_CURVE('',#9006,#9008,#9009,.T.);
#7310=EDGE_CURVE('',#9008,#9010,#9011,.T.);
#7311=EDGE_CURVE('',#9010,#9012,#9013,.T.);
#7312=EDGE_CURVE('',#9012,#9014,#9015,.T.);
#7313=EDGE_CURVE('',#9014,#9016,#9017,.T.);
#7314=EDGE_CURVE('',#9016,#9018,#9019,.T.);
#7315=EDGE_CURVE('',#9018,#9020,#9021,.T.);
#7316=EDGE_CURVE('',#9022,#9020,#9023,.T.);
#7317=EDGE_CURVE('',#9022,#9024,#9025,.T.);
#7318=EDGE_CURVE('',#9026,#9024,#9027,.T.);
#7319=EDGE_CURVE('',#9026,#9028,#9029,.T.);
#7320=EDGE_CURVE('',#9028,#9030,#9031,.T.);
#7321=EDGE_CURVE('',#9030,#9032,#9033,.T.);
#7322=EDGE_CURVE('',#9032,#9034,#9035,.T.);
#7323=EDGE_CURVE('',#9034,#9036,#9037,.T.);
#7324=EDGE_CURVE('',#9036,#9038,#9039,.T.);
#7325=EDGE_CURVE('',#9038,#9040,#9041,.T.);
#7326=EDGE_CURVE('',#9040,#9042,#9043,.T.);
#7327=EDGE_CURVE('',#9042,#9005,#9044,.T.);
#7328=EDGE_CURVE('',#8942,#9045,#9046,.T.);
#7329=EDGE_CURVE('',#8930,#9045,#9047,.T.);
#7330=EDGE_CURVE('',#9048,#9049,#9050,.T.);
#7331=EDGE_CURVE('',#9051,#9049,#9052,.T.);
#7332=EDGE_CURVE('',#9051,#9053,#9054,.T.);
#7333=EDGE_CURVE('',#9048,#9053,#9055,.T.);
#7334=EDGE_CURVE('',#9056,#9057,#9058,.T.);
#7335=EDGE_CURVE('',#9059,#9057,#9060,.T.);
#7336=EDGE_CURVE('',#9059,#9061,#9062,.T.);
#7337=EDGE_CURVE('',#9056,#9061,#9063,.T.);
#7338=EDGE_CURVE('',#9056,#9064,#9065,.T.);
#7339=EDGE_CURVE('',#9066,#9061,#9067,.T.);
#7340=EDGE_CURVE('',#9066,#9064,#9068,.T.);
#7341=EDGE_CURVE('',#9069,#9066,#9070,.T.);
#7342=EDGE_CURVE('',#9069,#9071,#9072,.T.);
#7343=EDGE_CURVE('',#9064,#9071,#9073,.T.);
#7344=EDGE_CURVE('',#9074,#9071,#9075,.T.);
#7345=EDGE_CURVE('',#9074,#9076,#9077,.T.);
#7346=EDGE_CURVE('',#9076,#9064,#9078,.T.);
#7347=EDGE_CURVE('',#9076,#9057,#9079,.T.);
#7348=EDGE_CURVE('',#9059,#9080,#9081,.T.);
#7349=EDGE_CURVE('',#9076,#9080,#9082,.T.);
#7350=EDGE_CURVE('',#9074,#9083,#9084,.T.);
#7351=EDGE_CURVE('',#9080,#9083,#9085,.T.);
#7352=EDGE_CURVE('',#9069,#9083,#9086,.T.);
#7353=EDGE_CURVE('',#9066,#9080,#9087,.T.);
#7354=EDGE_CURVE('',#9088,#9089,#9090,.T.);
#7355=EDGE_CURVE('',#9091,#9088,#9092,.T.);
#7356=EDGE_CURVE('',#8762,#9091,#9093,.T.);
#7357=EDGE_CURVE('',#8760,#8981,#9094,.T.);
#7358=EDGE_CURVE('',#9002,#9095,#9096,.T.);
#7359=EDGE_CURVE('',#9095,#9089,#9097,.T.);
#7360=EDGE_CURVE('',#9095,#9098,#9099,.T.);
#7361=EDGE_CURVE('',#9098,#9100,#9101,.T.);
#7362=EDGE_CURVE('',#9100,#9102,#9103,.T.);
#7363=EDGE_CURVE('',#9102,#9104,#9105,.T.);
#7364=EDGE_CURVE('',#9104,#9106,#9107,.T.);
#7365=EDGE_CURVE('',#9108,#9106,#9109,.T.);
#7366=EDGE_CURVE('',#9108,#9089,#9110,.T.);
#7367=EDGE_CURVE('',#9111,#9112,#9113,.T.);
#7368=EDGE_CURVE('',#9111,#9114,#9115,.T.);
#7369=EDGE_CURVE('',#9114,#9116,#9117,.T.);
#7370=EDGE_CURVE('',#9116,#9118,#9119,.T.);
#7371=EDGE_CURVE('',#9118,#9120,#9121,.T.);
#7372=EDGE_CURVE('',#9120,#9122,#9123,.T.);
#7373=EDGE_CURVE('',#9124,#9122,#9125,.T.);
#7374=EDGE_CURVE('',#9124,#9112,#9126,.T.);
#7375=EDGE_CURVE('',#9127,#9128,#9129,.T.);
#7376=EDGE_CURVE('',#9127,#9130,#9131,.T.);
#7377=EDGE_CURVE('',#9132,#9130,#9133,.T.);
#7378=EDGE_CURVE('',#9132,#9134,#9135,.T.);
#7379=EDGE_CURVE('',#9088,#9134,#9136,.T.);
#7380=EDGE_CURVE('',#9108,#9128,#9137,.T.);
#7381=EDGE_CURVE('',#9106,#8988,#9138,.T.);
#7382=EDGE_CURVE('',#8986,#8754,#9139,.T.);
#7383=EDGE_CURVE('',#9140,#8752,#9141,.T.);
#7384=EDGE_CURVE('',#9128,#9140,#9142,.T.);
#7385=EDGE_CURVE('',#9143,#9140,#9144,.T.);
#7386=EDGE_CURVE('',#9143,#9127,#9145,.T.);
#7387=EDGE_CURVE('',#8750,#9143,#9146,.T.);
#7388=EDGE_CURVE('',#8748,#8992,#9147,.T.);
#7389=EDGE_CURVE('',#8990,#9148,#9149,.T.);
#7390=EDGE_CURVE('',#9148,#9130,#9150,.T.);
#7391=EDGE_CURVE('',#9148,#9151,#9152,.T.);
#7392=EDGE_CURVE('',#9151,#9153,#9154,.T.);
#7393=EDGE_CURVE('',#9153,#9155,#9156,.T.);
#7394=EDGE_CURVE('',#9155,#9157,#9158,.T.);
#7395=EDGE_CURVE('',#9157,#9159,#9160,.T.);
#7396=EDGE_CURVE('',#9132,#9159,#9161,.T.);
#7397=EDGE_CURVE('',#9159,#9000,#9162,.T.);
#7398=EDGE_CURVE('',#8998,#8742,#9163,.T.);
#7399=EDGE_CURVE('',#9164,#8741,#9165,.T.);
#7400=EDGE_CURVE('',#9134,#9164,#9166,.T.);
#7401=EDGE_CURVE('',#9091,#9164,#9167,.T.);
#7402=EDGE_CURVE('',#8996,#8744,#9168,.T.);
#7403=EDGE_CURVE('',#8746,#8994,#9169,.T.);
#7404=EDGE_CURVE('',#9157,#9098,#9170,.T.);
#7405=EDGE_CURVE('',#9100,#9155,#9171,.T.);
#7406=EDGE_CURVE('',#9153,#9102,#9172,.T.);
#7407=EDGE_CURVE('',#9104,#9151,#9173,.T.);
#7408=EDGE_CURVE('',#8984,#8756,#9174,.T.);
#7409=EDGE_CURVE('',#8758,#8982,#9175,.T.);
#7410=EDGE_CURVE('',#9176,#9177,#9178,.T.);
#7411=EDGE_CURVE('',#9177,#9179,#9180,.T.);
#7412=EDGE_CURVE('',#9179,#9181,#9182,.T.);
#7413=EDGE_CURVE('',#9181,#9183,#9184,.T.);
#7414=EDGE_CURVE('',#9183,#9185,#9186,.T.);
#7415=EDGE_CURVE('',#9185,#9187,#9188,.T.);
#7416=EDGE_CURVE('',#9187,#9189,#9190,.T.);
#7417=EDGE_CURVE('',#9189,#9191,#9192,.T.);
#7418=EDGE_CURVE('',#9191,#9193,#9194,.T.);
#7419=EDGE_CURVE('',#9193,#9195,#9196,.T.);
#7420=EDGE_CURVE('',#9197,#9195,#9198,.T.);
#7421=EDGE_CURVE('',#9197,#9112,#9199,.T.);
#7422=EDGE_CURVE('',#9124,#9200,#9201,.T.);
#7423=EDGE_CURVE('',#9202,#9200,#9203,.T.);
#7424=EDGE_CURVE('',#9202,#9176,#9204,.T.);
#7425=EDGE_CURVE('',#9205,#9206,#9207,.T.);
#7426=EDGE_CURVE('',#9206,#9208,#9209,.T.);
#7427=EDGE_CURVE('',#9208,#9210,#9211,.T.);
#7428=EDGE_CURVE('',#9210,#9212,#9213,.T.);
#7429=EDGE_CURVE('',#9212,#9214,#9215,.T.);
#7430=EDGE_CURVE('',#9214,#9216,#9217,.T.);
#7431=EDGE_CURVE('',#9218,#9216,#9219,.T.);
#7432=EDGE_CURVE('',#9218,#9220,#9221,.T.);
#7433=EDGE_CURVE('',#9222,#9220,#9223,.T.);
#7434=EDGE_CURVE('',#9222,#9224,#9225,.T.);
#7435=EDGE_CURVE('',#9226,#9224,#9227,.T.);
#7436=EDGE_CURVE('',#9226,#9228,#9229,.T.);
#7437=EDGE_CURVE('',#9230,#9228,#9231,.T.);
#7438=EDGE_CURVE('',#9230,#9232,#9233,.T.);
#7439=EDGE_CURVE('',#9234,#9232,#9235,.T.);
#7440=EDGE_CURVE('',#9234,#9236,#9237,.T.);
#7441=EDGE_CURVE('',#9238,#9236,#9239,.T.);
#7442=EDGE_CURVE('',#9238,#9240,#9241,.T.);
#7443=EDGE_CURVE('',#9242,#9240,#9243,.T.);
#7444=EDGE_CURVE('',#9242,#9244,#9245,.T.);
#7445=EDGE_CURVE('',#9246,#9244,#9247,.T.);
#7446=EDGE_CURVE('',#9246,#9248,#9249,.T.);
#7447=EDGE_CURVE('',#9250,#9248,#9251,.T.);
#7448=EDGE_CURVE('',#9250,#9252,#9253,.T.);
#7449=EDGE_CURVE('',#9254,#9252,#9255,.T.);
#7450=EDGE_CURVE('',#9254,#9256,#9257,.T.);
#7451=EDGE_CURVE('',#9256,#9258,#9259,.T.);
#7452=EDGE_CURVE('',#9258,#9205,#9260,.T.);
#7453=EDGE_CURVE('',#9261,#9258,#9262,.T.);
#7454=EDGE_CURVE('',#9263,#9261,#9264,.T.);
#7455=EDGE_CURVE('',#9205,#9263,#9265,.T.);
#7456=EDGE_CURVE('',#9266,#9206,#9267,.T.);
#7457=EDGE_CURVE('',#9266,#9263,#9268,.T.);
#7458=EDGE_CURVE('',#9263,#9269,#9270,.T.);
#7459=EDGE_CURVE('',#9269,#9266,#9271,.T.);
#7460=EDGE_CURVE('',#9269,#9272,#9273,.T.);
#7461=EDGE_CURVE('',#9274,#9272,#9275,.T.);
#7462=EDGE_CURVE('',#9274,#9266,#9276,.T.);
#7463=EDGE_CURVE('',#9208,#9274,#9277,.T.);
#7464=EDGE_CURVE('',#9278,#9210,#9279,.T.);
#7465=EDGE_CURVE('',#9278,#9274,#9280,.T.);
#7466=EDGE_CURVE('',#9272,#9278,#9281,.T.);
#7467=EDGE_CURVE('',#9282,#9283,#9284,.T.);
#7468=EDGE_CURVE('',#9283,#9278,#9285,.T.);
#7469=EDGE_CURVE('',#9272,#9282,#9286,.T.);
#7470=EDGE_CURVE('',#9287,#9288,#9289,.T.);
#7471=EDGE_CURVE('',#9290,#9288,#9291,.T.);
#7472=EDGE_CURVE('',#9292,#9290,#9293,.T.);
#7473=EDGE_CURVE('',#9292,#9294,#9295,.T.);
#7474=EDGE_CURVE('',#9294,#9296,#9297,.T.);
#7475=EDGE_CURVE('',#9298,#9296,#9299,.T.);
#7476=EDGE_CURVE('',#9300,#9298,#9301,.T.);
#7477=EDGE_CURVE('',#9300,#9302,#9303,.T.);
#7478=EDGE_CURVE('',#9302,#9304,#9305,.T.);
#7479=EDGE_CURVE('',#9306,#9304,#9307,.T.);
#7480=EDGE_CURVE('',#9308,#9306,#9309,.T.);
#7481=EDGE_CURVE('',#9308,#9310,#9311,.T.);
#7482=EDGE_CURVE('',#9310,#9312,#9313,.T.);
#7483=EDGE_CURVE('',#9314,#9312,#9315,.T.);
#7484=EDGE_CURVE('',#9316,#9314,#9317,.T.);
#7485=EDGE_CURVE('',#9316,#9318,#9319,.T.);
#7486=EDGE_CURVE('',#9318,#9282,#9320,.T.);
#7487=EDGE_CURVE('',#9321,#9269,#9322,.T.);
#7488=EDGE_CURVE('',#9323,#9321,#9324,.T.);
#7489=EDGE_CURVE('',#9325,#9323,#9326,.T.);
#7490=EDGE_CURVE('',#9327,#9325,#9328,.T.);
#7491=EDGE_CURVE('',#9327,#9287,#9329,.T.);
#7492=EDGE_CURVE('',#9330,#9287,#9331,.T.);
#7493=EDGE_CURVE('',#9327,#9332,#9333,.T.);
#7494=EDGE_CURVE('',#9332,#9334,#9335,.T.);
#7495=EDGE_CURVE('',#9250,#9334,#9336,.T.);
#7496=EDGE_CURVE('',#9248,#9330,#9337,.T.);
#7497=EDGE_CURVE('',#9338,#9246,#9339,.T.);
#7498=EDGE_CURVE('',#9338,#9330,#9340,.T.);
#7499=EDGE_CURVE('',#9288,#9338,#9341,.T.);
#7500=EDGE_CURVE('',#9342,#9244,#9343,.T.);
#7501=EDGE_CURVE('',#9342,#9344,#9345,.T.);
#7502=EDGE_CURVE('',#9344,#9290,#9346,.T.);
#7503=EDGE_CURVE('',#9347,#9344,#9348,.T.);
#7504=EDGE_CURVE('',#9292,#9347,#9349,.T.);
#7505=EDGE_CURVE('',#9350,#9294,#9351,.T.);
#7506=EDGE_CURVE('',#9347,#9352,#9353,.T.);
#7507=EDGE_CURVE('',#9242,#9352,#9354,.T.);
#7508=EDGE_CURVE('',#9240,#9350,#9355,.T.);
#7509=EDGE_CURVE('',#9356,#9238,#9357,.T.);
#7510=EDGE_CURVE('',#9356,#9350,#9358,.T.);
#7511=EDGE_CURVE('',#9296,#9356,#9359,.T.);
#7512=EDGE_CURVE('',#9360,#9236,#9361,.T.);
#7513=EDGE_CURVE('',#9360,#9362,#9363,.T.);
#7514=EDGE_CURVE('',#9362,#9298,#9364,.T.);
#7515=EDGE_CURVE('',#9365,#9362,#9366,.T.);
#7516=EDGE_CURVE('',#9300,#9365,#9367,.T.);
#7517=EDGE_CURVE('',#9368,#9302,#9369,.T.);
#7518=EDGE_CURVE('',#9365,#9370,#9371,.T.);
#7519=EDGE_CURVE('',#9234,#9370,#9372,.T.);
#7520=EDGE_CURVE('',#9232,#9368,#9373,.T.);
#7521=EDGE_CURVE('',#9374,#9230,#9375,.T.);
#7522=EDGE_CURVE('',#9374,#9368,#9376,.T.);
#7523=EDGE_CURVE('',#9304,#9374,#9377,.T.);
#7524=EDGE_CURVE('',#9378,#9228,#9379,.T.);
#7525=EDGE_CURVE('',#9378,#9380,#9381,.T.);
#7526=EDGE_CURVE('',#9380,#9306,#9382,.T.);
#7527=EDGE_CURVE('',#9383,#9380,#9384,.T.);
#7528=EDGE_CURVE('',#9308,#9383,#9385,.T.);
#7529=EDGE_CURVE('',#9386,#9310,#9387,.T.);
#7530=EDGE_CURVE('',#9383,#9388,#9389,.T.);
#7531=EDGE_CURVE('',#9226,#9388,#9390,.T.);
#7532=EDGE_CURVE('',#9224,#9386,#9391,.T.);
#7533=EDGE_CURVE('',#9392,#9222,#9393,.T.);
#7534=EDGE_CURVE('',#9392,#9386,#9394,.T.);
#7535=EDGE_CURVE('',#9312,#9392,#9395,.T.);
#7536=EDGE_CURVE('',#9396,#9220,#9397,.T.);
#7537=EDGE_CURVE('',#9396,#9398,#9399,.T.);
#7538=EDGE_CURVE('',#9398,#9314,#9400,.T.);
#7539=EDGE_CURVE('',#9401,#9398,#9402,.T.);
#7540=EDGE_CURVE('',#9316,#9401,#9403,.T.);
#7541=EDGE_CURVE('',#9401,#9404,#9405,.T.);
#7542=EDGE_CURVE('',#9218,#9404,#9406,.T.);
#7543=EDGE_CURVE('',#9216,#9318,#9407,.T.);
#7544=EDGE_CURVE('',#9282,#9214,#9408,.T.);
#7545=EDGE_CURVE('',#9212,#9283,#9409,.T.);
#7546=EDGE_CURVE('',#9396,#9404,#9410,.T.);
#7547=EDGE_CURVE('',#9378,#9388,#9411,.T.);
#7548=EDGE_CURVE('',#9360,#9370,#9412,.T.);
#7549=EDGE_CURVE('',#9342,#9352,#9413,.T.);
#7550=EDGE_CURVE('',#9414,#9334,#9415,.T.);
#7551=EDGE_CURVE('',#9414,#9252,#9416,.T.);
#7552=EDGE_CURVE('',#9323,#9254,#9417,.T.);
#7553=EDGE_CURVE('',#9414,#9418,#9419,.T.);
#7554=EDGE_CURVE('',#9418,#9325,#9420,.T.);
#7555=EDGE_CURVE('',#9332,#9418,#9421,.T.);
#7556=EDGE_CURVE('',#9256,#9321,#9422,.T.);
#7557=EDGE_CURVE('',#9321,#9261,#9423,.T.);
#7558=EDGE_CURVE('',#9424,#9425,#9426,.T.);
#7559=EDGE_CURVE('',#9424,#9176,#9427,.T.);
#7560=EDGE_CURVE('',#9428,#9202,#9429,.T.);
#7561=EDGE_CURVE('',#9428,#9430,#9431,.T.);
#7562=EDGE_CURVE('',#9430,#9425,#9432,.T.);
#7563=EDGE_CURVE('',#9433,#9434,#9435,.T.);
#7564=EDGE_CURVE('',#9436,#9434,#9437,.T.);
#7565=EDGE_CURVE('',#9436,#9438,#9439,.T.);
#7566=EDGE_CURVE('',#9438,#9440,#9441,.T.);
#7567=EDGE_CURVE('',#9442,#9440,#9443,.T.);
#7568=EDGE_CURVE('',#9444,#9442,#9445,.T.);
#7569=EDGE_CURVE('',#9444,#9446,#9447,.T.);
#7570=EDGE_CURVE('',#9448,#9446,#9449,.T.);
#7571=EDGE_CURVE('',#9450,#9448,#9451,.T.);
#7572=EDGE_CURVE('',#9425,#9450,#9452,.T.);
#7573=EDGE_CURVE('',#9430,#9453,#9454,.T.);
#7574=EDGE_CURVE('',#9453,#9455,#9456,.T.);
#7575=EDGE_CURVE('',#9457,#9455,#9458,.T.);
#7576=EDGE_CURVE('',#9459,#9457,#9460,.T.);
#7577=EDGE_CURVE('',#9461,#9459,#9462,.T.);
#7578=EDGE_CURVE('',#9433,#9461,#9463,.T.);
#7579=EDGE_CURVE('',#9464,#9465,#9466,.T.);
#7580=EDGE_CURVE('',#9467,#9464,#9468,.T.);
#7581=EDGE_CURVE('',#9469,#9467,#9470,.T.);
#7582=EDGE_CURVE('',#9469,#9465,#9471,.T.);
#7583=EDGE_CURVE('',#9472,#9473,#9474,.T.);
#7584=EDGE_CURVE('',#9475,#9472,#9476,.T.);
#7585=EDGE_CURVE('',#9475,#9477,#9478,.T.);
#7586=EDGE_CURVE('',#9433,#9477,#9479,.T.);
#7587=EDGE_CURVE('',#9461,#9473,#9480,.T.);
#7588=EDGE_CURVE('',#9461,#9481,#9482,.T.);
#7589=EDGE_CURVE('',#9481,#9483,#9484,.T.);
#7590=EDGE_CURVE('',#9473,#9483,#9485,.T.);
#7591=EDGE_CURVE('',#9486,#9487,#9488,.T.);
#7592=EDGE_CURVE('',#9472,#9486,#9489,.T.);
#7593=EDGE_CURVE('',#9490,#9483,#9491,.T.);
#7594=EDGE_CURVE('',#9492,#9490,#9493,.T.);
#7595=EDGE_CURVE('',#9494,#9492,#9495,.T.);
#7596=EDGE_CURVE('',#9494,#9496,#9497,.T.);
#7597=EDGE_CURVE('',#9496,#9498,#9499,.T.);
#7598=EDGE_CURVE('',#9500,#9498,#9501,.T.);
#7599=EDGE_CURVE('',#9500,#9502,#9503,.T.);
#7600=EDGE_CURVE('',#9502,#9504,#9505,.T.);
#7601=EDGE_CURVE('',#9506,#9504,#9507,.T.);
#7602=EDGE_CURVE('',#9508,#9506,#9509,.T.);
#7603=EDGE_CURVE('',#9508,#9510,#9511,.T.);
#7604=EDGE_CURVE('',#9512,#9510,#9513,.T.);
#7605=EDGE_CURVE('',#9514,#9512,#9515,.T.);
#7606=EDGE_CURVE('',#9514,#9487,#9516,.T.);
#7607=EDGE_CURVE('',#9514,#9438,#9517,.T.);
#7608=EDGE_CURVE('',#9487,#9436,#9518,.T.);
#7609=EDGE_CURVE('',#9519,#9434,#9520,.T.);
#7610=EDGE_CURVE('',#9521,#9519,#9522,.T.);
#7611=EDGE_CURVE('',#9521,#9523,#9524,.T.);
#7612=EDGE_CURVE('',#9523,#9525,#9526,.T.);
#7613=EDGE_CURVE('',#9525,#9486,#9527,.T.);
#7614=EDGE_CURVE('',#9528,#9475,#9529,.T.);
#7615=EDGE_CURVE('',#9525,#9530,#9531,.T.);
#7616=EDGE_CURVE('',#9528,#9530,#9532,.T.);
#7617=EDGE_CURVE('',#9533,#9534,#9535,.T.);
#7618=EDGE_CURVE('',#9536,#9533,#9537,.T.);
#7619=EDGE_CURVE('',#9536,#9528,#9538,.T.);
#7620=EDGE_CURVE('',#9530,#9539,#9540,.T.);
#7621=EDGE_CURVE('',#9539,#9541,#9542,.T.);
#7622=EDGE_CURVE('',#9541,#9543,#9544,.T.);
#7623=EDGE_CURVE('',#9545,#9543,#9546,.T.);
#7624=EDGE_CURVE('',#9547,#9545,#9548,.T.);
#7625=EDGE_CURVE('',#9547,#9549,#9550,.T.);
#7626=EDGE_CURVE('',#9549,#9534,#9551,.T.);
#7627=EDGE_CURVE('',#9552,#9553,#9554,.T.);
#7628=EDGE_CURVE('',#9555,#9553,#9556,.T.);
#7629=EDGE_CURVE('',#9555,#9557,#9558,.T.);
#7630=EDGE_CURVE('',#9552,#9557,#9559,.T.);
#7631=EDGE_CURVE('',#9557,#9560,#9561,.T.);
#7632=EDGE_CURVE('',#9560,#9562,#9563,.T.);
#7633=EDGE_CURVE('',#9562,#9564,#9565,.T.);
#7634=EDGE_CURVE('',#9564,#9566,#9567,.T.);
#7635=EDGE_CURVE('',#9566,#9568,#9569,.T.);
#7636=EDGE_CURVE('',#9568,#9570,#9571,.T.);
#7637=EDGE_CURVE('',#9570,#9552,#9572,.T.);
#7638=EDGE_CURVE('',#9573,#9570,#9574,.T.);
#7639=EDGE_CURVE('',#9553,#9573,#9575,.T.);
#7640=EDGE_CURVE('',#9573,#9576,#9577,.T.);
#7641=EDGE_CURVE('',#9576,#9578,#9579,.T.);
#7642=EDGE_CURVE('',#9580,#9578,#9581,.T.);
#7643=EDGE_CURVE('',#9580,#9582,#9583,.T.);
#7644=EDGE_CURVE('',#9582,#9584,#9585,.T.);
#7645=EDGE_CURVE('',#9584,#9555,#9586,.T.);
#7646=EDGE_CURVE('',#9560,#9584,#9587,.T.);
#7647=EDGE_CURVE('',#9582,#9562,#9588,.T.);
#7648=EDGE_CURVE('',#9589,#9564,#9590,.T.);
#7649=EDGE_CURVE('',#9580,#9591,#9592,.T.);
#7650=EDGE_CURVE('',#9593,#9591,#9594,.T.);
#7651=EDGE_CURVE('',#9593,#9595,#9596,.T.);
#7652=EDGE_CURVE('',#9597,#9595,#9598,.T.);
#7653=EDGE_CURVE('',#9599,#9597,#9600,.T.);
#7654=EDGE_CURVE('',#9599,#9601,#9602,.T.);
#7655=EDGE_CURVE('',#9589,#9601,#9603,.T.);
#7656=EDGE_CURVE('',#9604,#9601,#9605,.T.);
#7657=EDGE_CURVE('',#9604,#9606,#9607,.T.);
#7658=EDGE_CURVE('',#9589,#9606,#9608,.T.);
#7659=EDGE_CURVE('',#9566,#9606,#9609,.T.);
#7660=EDGE_CURVE('',#9610,#9611,#9612,.T.);
#7661=EDGE_CURVE('',#9613,#9610,#9614,.T.);
#7662=EDGE_CURVE('',#9613,#9615,#9616,.T.);
#7663=EDGE_CURVE('',#9617,#9615,#9618,.T.);
#7664=EDGE_CURVE('',#9617,#9578,#9619,.T.);
#7665=EDGE_CURVE('',#9568,#9576,#9620,.T.);
#7666=EDGE_CURVE('',#9604,#9621,#9622,.T.);
#7667=EDGE_CURVE('',#9611,#9621,#9623,.T.);
#7668=EDGE_CURVE('',#9549,#9624,#9625,.T.);
#7669=EDGE_CURVE('',#9624,#9457,#9626,.T.);
#7670=EDGE_CURVE('',#9494,#9455,#9627,.T.);
#7671=EDGE_CURVE('',#9492,#9611,#9628,.T.);
#7672=EDGE_CURVE('',#9599,#9621,#9629,.T.);
#7673=EDGE_CURVE('',#9597,#9534,#9630,.T.);
#7674=EDGE_CURVE('',#9533,#9595,#9631,.T.);
#7675=EDGE_CURVE('',#9595,#9632,#9633,.T.);
#7676=EDGE_CURVE('',#9634,#9632,#9635,.T.);
#7677=EDGE_CURVE('',#9634,#9459,#9636,.T.);
#7678=EDGE_CURVE('',#9459,#9637,#9638,.T.);
#7679=EDGE_CURVE('',#9536,#9637,#9639,.T.);
#7680=EDGE_CURVE('',#9547,#9640,#9641,.T.);
#7681=EDGE_CURVE('',#9640,#9202,#9642,.T.);
#7682=EDGE_CURVE('',#9643,#9200,#9644,.T.);
#7683=EDGE_CURVE('',#9643,#9521,#9645,.T.);
#7684=EDGE_CURVE('',#9519,#9477,#9646,.T.);
#7685=EDGE_CURVE('',#9624,#9637,#9647,.T.);
#7686=EDGE_CURVE('',#9648,#9649,#9650,.T.);
#7687=EDGE_CURVE('',#9649,#9651,#9652,.T.);
#7688=EDGE_CURVE('',#9651,#9653,#9654,.T.);
#7689=EDGE_CURVE('',#9653,#9648,#9655,.T.);
#7690=EDGE_CURVE('',#9114,#9656,#9657,.T.);
#7691=EDGE_CURVE('',#9111,#9658,#9659,.T.);
#7692=EDGE_CURVE('',#9658,#9660,#9661,.T.);
#7693=EDGE_CURVE('',#9662,#9660,#9663,.T.);
#7694=EDGE_CURVE('',#9664,#9662,#9665,.T.);
#7695=EDGE_CURVE('',#9666,#9664,#9667,.T.);
#7696=EDGE_CURVE('',#9666,#9668,#9669,.T.);
#7697=EDGE_CURVE('',#9668,#9670,#9671,.T.);
#7698=EDGE_CURVE('',#9670,#9541,#9672,.T.);
#7699=EDGE_CURVE('',#9523,#9539,#9673,.T.);
#7700=EDGE_CURVE('',#9643,#9122,#9674,.T.);
#7701=EDGE_CURVE('',#9675,#9120,#9676,.T.);
#7702=EDGE_CURVE('',#9677,#9675,#9678,.T.);
#7703=EDGE_CURVE('',#9677,#9679,#9680,.T.);
#7704=EDGE_CURVE('',#9679,#9681,#9682,.T.);
#7705=EDGE_CURVE('',#9681,#9683,#9684,.T.);
#7706=EDGE_CURVE('',#9685,#9683,#9686,.T.);
#7707=EDGE_CURVE('',#9685,#9687,#9688,.T.);
#7708=EDGE_CURVE('',#9687,#9689,#9690,.T.);
#7709=EDGE_CURVE('',#9689,#9691,#9692,.T.);
#7710=EDGE_CURVE('',#9693,#9691,#9694,.T.);
#7711=EDGE_CURVE('',#9693,#9695,#9696,.T.);
#7712=EDGE_CURVE('',#9695,#9697,#9698,.T.);
#7713=EDGE_CURVE('',#9697,#9699,#9700,.T.);
#7714=EDGE_CURVE('',#9701,#9699,#9702,.T.);
#7715=EDGE_CURVE('',#9701,#9703,#9704,.T.);
#7716=EDGE_CURVE('',#9703,#9705,#9706,.T.);
#7717=EDGE_CURVE('',#9705,#9707,#9708,.T.);
#7718=EDGE_CURVE('',#9709,#9707,#9710,.T.);
#7719=EDGE_CURVE('',#9709,#9711,#9712,.T.);
#7720=EDGE_CURVE('',#9711,#9713,#9714,.T.);
#7721=EDGE_CURVE('',#9713,#9715,#9716,.T.);
#7722=EDGE_CURVE('',#9656,#9715,#9717,.T.);
#7723=EDGE_CURVE('',#9718,#9715,#9719,.T.);
#7724=EDGE_CURVE('',#9720,#9718,#9721,.T.);
#7725=EDGE_CURVE('',#9720,#9709,#9722,.T.);
#7726=EDGE_CURVE('',#9723,#9707,#9724,.T.);
#7727=EDGE_CURVE('',#9725,#9723,#9726,.T.);
#7728=EDGE_CURVE('',#9725,#9701,#9727,.T.);
#7729=EDGE_CURVE('',#9728,#9699,#9729,.T.);
#7730=EDGE_CURVE('',#9730,#9728,#9731,.T.);
#7731=EDGE_CURVE('',#9730,#9693,#9732,.T.);
#7732=EDGE_CURVE('',#9733,#9691,#9734,.T.);
#7733=EDGE_CURVE('',#9735,#9733,#9736,.T.);
#7734=EDGE_CURVE('',#9735,#9685,#9737,.T.);
#7735=EDGE_CURVE('',#9738,#9683,#9739,.T.);
#7736=EDGE_CURVE('',#9740,#9738,#9741,.T.);
#7737=EDGE_CURVE('',#9740,#9677,#9742,.T.);
#7738=EDGE_CURVE('',#9675,#9743,#9744,.T.);
#7739=EDGE_CURVE('',#9745,#9743,#9746,.T.);
#7740=EDGE_CURVE('',#9745,#9656,#9747,.T.);
#7741=EDGE_CURVE('',#9745,#9116,#9748,.T.);
#7742=EDGE_CURVE('',#9743,#9118,#9749,.T.);
#7743=EDGE_CURVE('',#9740,#9750,#9751,.T.);
#7744=EDGE_CURVE('',#9752,#9750,#9753,.T.);
#7745=EDGE_CURVE('',#9754,#9752,#9755,.T.);
#7746=EDGE_CURVE('',#9754,#9756,#9757,.T.);
#7747=EDGE_CURVE('',#9756,#9758,#9759,.T.);
#7748=EDGE_CURVE('',#9758,#9679,#9760,.T.);
#7749=EDGE_CURVE('',#9761,#9758,#9762,.T.);
#7750=EDGE_CURVE('',#9761,#9681,#9763,.T.);
#7751=EDGE_CURVE('',#9761,#9764,#9765,.T.);
#7752=EDGE_CURVE('',#9766,#9764,#9767,.T.);
#7753=EDGE_CURVE('',#9768,#9766,#9769,.T.);
#7754=EDGE_CURVE('',#9768,#9770,#9771,.T.);
#7755=EDGE_CURVE('',#9770,#9738,#9772,.T.);
#7756=EDGE_CURVE('',#9770,#9750,#9773,.T.);
#7757=EDGE_CURVE('',#9752,#9768,#9774,.T.);
#7758=EDGE_CURVE('',#9766,#9754,#9775,.T.);
#7759=EDGE_CURVE('',#9756,#9764,#9776,.T.);
#7760=EDGE_CURVE('',#9735,#9777,#9778,.T.);
#7761=EDGE_CURVE('',#9779,#9777,#9780,.T.);
#7762=EDGE_CURVE('',#9781,#9779,#9782,.T.);
#7763=EDGE_CURVE('',#9781,#9783,#9784,.T.);
#7764=EDGE_CURVE('',#9783,#9785,#9786,.T.);
#7765=EDGE_CURVE('',#9785,#9687,#9787,.T.);
#7766=EDGE_CURVE('',#9788,#9785,#9789,.T.);
#7767=EDGE_CURVE('',#9788,#9689,#9790,.T.);
#7768=EDGE_CURVE('',#9788,#9791,#9792,.T.);
#7769=EDGE_CURVE('',#9793,#9791,#9794,.T.);
#7770=EDGE_CURVE('',#9795,#9793,#9796,.T.);
#7771=EDGE_CURVE('',#9795,#9797,#9798,.T.);
#7772=EDGE_CURVE('',#9797,#9733,#9799,.T.);
#7773=EDGE_CURVE('',#9797,#9777,#9800,.T.);
#7774=EDGE_CURVE('',#9779,#9795,#9801,.T.);
#7775=EDGE_CURVE('',#9793,#9781,#9802,.T.);
#7776=EDGE_CURVE('',#9783,#9791,#9803,.T.);
#7777=EDGE_CURVE('',#9730,#9804,#9805,.T.);
#7778=EDGE_CURVE('',#9806,#9804,#9807,.T.);
#7779=EDGE_CURVE('',#9808,#9806,#9809,.T.);
#7780=EDGE_CURVE('',#9808,#9810,#9811,.T.);
#7781=EDGE_CURVE('',#9810,#9812,#9813,.T.);
#7782=EDGE_CURVE('',#9812,#9695,#9814,.T.);
#7783=EDGE_CURVE('',#9815,#9812,#9816,.T.);
#7784=EDGE_CURVE('',#9815,#9697,#9817,.T.);
#7785=EDGE_CURVE('',#9815,#9818,#9819,.T.);
#7786=EDGE_CURVE('',#9820,#9818,#9821,.T.);
#7787=EDGE_CURVE('',#9822,#9820,#9823,.T.);
#7788=EDGE_CURVE('',#9822,#9824,#9825,.T.);
#7789=EDGE_CURVE('',#9824,#9728,#9826,.T.);
#7790=EDGE_CURVE('',#9824,#9804,#9827,.T.);
#7791=EDGE_CURVE('',#9806,#9822,#9828,.T.);
#7792=EDGE_CURVE('',#9820,#9808,#9829,.T.);
#7793=EDGE_CURVE('',#9810,#9818,#9830,.T.);
#7794=EDGE_CURVE('',#9725,#9831,#9832,.T.);
#7795=EDGE_CURVE('',#9833,#9831,#9834,.T.);
#7796=EDGE_CURVE('',#9835,#9833,#9836,.T.);
#7797=EDGE_CURVE('',#9835,#9837,#9838,.T.);
#7798=EDGE_CURVE('',#9837,#9839,#9840,.T.);
#7799=EDGE_CURVE('',#9839,#9703,#9841,.T.);
#7800=EDGE_CURVE('',#9842,#9839,#9843,.T.);
#7801=EDGE_CURVE('',#9842,#9705,#9844,.T.);
#7802=EDGE_CURVE('',#9842,#9845,#9846,.T.);
#7803=EDGE_CURVE('',#9847,#9845,#9848,.T.);
#7804=EDGE_CURVE('',#9849,#9847,#9850,.T.);
#7805=EDGE_CURVE('',#9849,#9851,#9852,.T.);
#7806=EDGE_CURVE('',#9851,#9723,#9853,.T.);
#7807=EDGE_CURVE('',#9851,#9831,#9854,.T.);
#7808=EDGE_CURVE('',#9833,#9849,#9855,.T.);
#7809=EDGE_CURVE('',#9847,#9835,#9856,.T.);
#7810=EDGE_CURVE('',#9837,#9845,#9857,.T.);
#7811=EDGE_CURVE('',#9720,#9858,#9859,.T.);
#7812=EDGE_CURVE('',#9860,#9858,#9861,.T.);
#7813=EDGE_CURVE('',#9862,#9860,#9863,.T.);
#7814=EDGE_CURVE('',#9862,#9864,#9865,.T.);
#7815=EDGE_CURVE('',#9864,#9866,#9867,.T.);
#7816=EDGE_CURVE('',#9866,#9711,#9868,.T.);
#7817=EDGE_CURVE('',#9869,#9866,#9870,.T.);
#7818=EDGE_CURVE('',#9869,#9713,#9871,.T.);
#7819=EDGE_CURVE('',#9869,#9872,#9873,.T.);
#7820=EDGE_CURVE('',#9874,#9872,#9875,.T.);
#7821=EDGE_CURVE('',#9876,#9874,#9877,.T.);
#7822=EDGE_CURVE('',#9876,#9878,#9879,.T.);
#7823=EDGE_CURVE('',#9878,#9718,#9880,.T.);
#7824=EDGE_CURVE('',#9878,#9858,#9881,.T.);
#7825=EDGE_CURVE('',#9860,#9876,#9882,.T.);
#7826=EDGE_CURVE('',#9874,#9862,#9883,.T.);
#7827=EDGE_CURVE('',#9864,#9872,#9884,.T.);
#7828=EDGE_CURVE('',#9543,#9181,#9885,.T.);
#7829=EDGE_CURVE('',#9183,#9670,#9886,.T.);
#7830=EDGE_CURVE('',#9668,#9185,#9887,.T.);
#7831=EDGE_CURVE('',#9187,#9888,#9889,.T.);
#7832=EDGE_CURVE('',#9890,#9666,#9891,.T.);
#7833=EDGE_CURVE('',#9888,#9890,#9892,.T.);
#7834=EDGE_CURVE('',#9893,#9890,#9894,.T.);
#7835=EDGE_CURVE('',#9893,#9895,#9896,.T.);
#7836=EDGE_CURVE('',#9897,#9895,#9898,.T.);
#7837=EDGE_CURVE('',#9897,#9899,#9900,.T.);
#7838=EDGE_CURVE('',#9888,#9899,#9901,.T.);
#7839=EDGE_CURVE('',#9902,#9903,#9904,.T.);
#7840=EDGE_CURVE('',#9902,#9905,#9906,.T.);
#7841=EDGE_CURVE('',#9905,#9907,#9908,.T.);
#7842=EDGE_CURVE('',#9907,#9909,#9910,.T.);
#7843=EDGE_CURVE('',#9911,#9909,#9912,.T.);
#7844=EDGE_CURVE('',#9911,#9913,#9914,.T.);
#7845=EDGE_CURVE('',#9913,#9915,#9916,.T.);
#7846=EDGE_CURVE('',#9915,#9917,#9918,.T.);
#7847=EDGE_CURVE('',#9919,#9917,#9920,.T.);
#7848=EDGE_CURVE('',#9921,#9919,#9922,.T.);
#7849=EDGE_CURVE('',#9923,#9921,#9924,.T.);
#7850=EDGE_CURVE('',#9923,#9925,#9926,.T.);
#7851=EDGE_CURVE('',#9927,#9925,#9928,.T.);
#7852=EDGE_CURVE('',#9929,#9927,#9930,.T.);
#7853=EDGE_CURVE('',#9931,#9929,#9932,.T.);
#7854=EDGE_CURVE('',#9931,#9933,#9934,.T.);
#7855=EDGE_CURVE('',#9189,#9933,#9935,.T.);
#7856=EDGE_CURVE('',#9936,#9899,#9937,.T.);
#7857=EDGE_CURVE('',#9936,#9903,#9938,.T.);
#7858=EDGE_CURVE('',#9939,#9940,#9941,.T.);
#7859=EDGE_CURVE('',#9903,#9940,#9942,.T.);
#7860=EDGE_CURVE('',#9936,#9939,#9943,.T.);
#7861=EDGE_CURVE('',#9944,#9936,#9945,.T.);
#7862=EDGE_CURVE('',#9946,#9944,#9947,.T.);
#7863=EDGE_CURVE('',#9946,#9939,#9948,.T.);
#7864=EDGE_CURVE('',#9940,#9949,#9950,.T.);
#7865=EDGE_CURVE('',#9946,#9949,#9951,.T.);
#7866=EDGE_CURVE('',#9952,#8976,#9953,.T.);
#7867=EDGE_CURVE('',#9954,#9952,#9955,.T.);
#7868=EDGE_CURVE('',#8978,#9954,#9956,.T.);
#7869=EDGE_CURVE('',#9957,#8960,#9958,.T.);
#7870=EDGE_CURVE('',#9959,#9957,#9960,.T.);
#7871=EDGE_CURVE('',#8962,#9959,#9961,.T.);
#7872=EDGE_CURVE('',#9944,#9897,#9962,.T.);
#7873=EDGE_CURVE('',#9895,#9963,#9964,.T.);
#7874=EDGE_CURVE('',#9965,#9963,#9966,.T.);
#7875=EDGE_CURVE('',#9967,#9965,#9968,.T.);
#7876=EDGE_CURVE('',#9967,#9969,#9970,.T.);
#7877=EDGE_CURVE('',#9969,#9971,#9972,.T.);
#7878=EDGE_CURVE('',#9971,#9973,#9974,.T.);
#7879=EDGE_CURVE('',#9973,#9975,#9976,.T.);
#7880=EDGE_CURVE('',#9975,#9977,#9978,.T.);
#7881=EDGE_CURVE('',#9977,#9979,#9980,.T.);
#7882=EDGE_CURVE('',#9979,#9981,#9982,.T.);
#7883=EDGE_CURVE('',#9981,#9983,#9984,.T.);
#7884=EDGE_CURVE('',#9983,#9985,#9986,.T.);
#7885=EDGE_CURVE('',#9985,#9987,#9988,.T.);
#7886=EDGE_CURVE('',#9987,#9989,#9990,.T.);
#7887=EDGE_CURVE('',#9989,#9991,#9992,.T.);
#7888=EDGE_CURVE('',#9993,#9991,#9994,.T.);
#7889=EDGE_CURVE('',#9993,#9949,#9995,.T.);
#7890=EDGE_CURVE('',#9996,#9997,#9998,.T.);
#7891=EDGE_CURVE('',#9999,#9997,#10000,.T.);
#7892=EDGE_CURVE('',#9999,#10001,#10002,.T.);
#7893=EDGE_CURVE('',#9996,#10001,#10003,.T.);
#7894=EDGE_CURVE('',#9996,#10004,#10005,.T.);
#7895=EDGE_CURVE('',#10006,#10001,#10007,.T.);
#7896=EDGE_CURVE('',#10006,#10004,#10008,.T.);
#7897=EDGE_CURVE('',#10009,#10006,#10010,.T.);
#7898=EDGE_CURVE('',#10009,#10011,#10012,.T.);
#7899=EDGE_CURVE('',#10004,#10011,#10013,.T.);
#7900=EDGE_CURVE('',#10014,#10011,#10015,.T.);
#7901=EDGE_CURVE('',#10014,#10016,#10017,.T.);
#7902=EDGE_CURVE('',#10004,#10016,#10018,.T.);
#7903=EDGE_CURVE('',#10016,#9997,#10019,.T.);
#7904=EDGE_CURVE('',#9999,#10020,#10021,.T.);
#7905=EDGE_CURVE('',#10016,#10020,#10022,.T.);
#7906=EDGE_CURVE('',#10014,#10023,#10024,.T.);
#7907=EDGE_CURVE('',#10020,#10023,#10025,.T.);
#7908=EDGE_CURVE('',#10009,#10023,#10026,.T.);
#7909=EDGE_CURVE('',#10020,#10006,#10027,.T.);
#7910=EDGE_CURVE('',#9903,#9993,#10028,.T.);
#7911=EDGE_CURVE('',#10029,#9991,#10030,.T.);
#7912=EDGE_CURVE('',#10029,#10031,#10032,.T.);
#7913=EDGE_CURVE('',#9902,#10031,#10033,.T.);
#7914=EDGE_CURVE('',#10034,#10031,#10035,.T.);
#7915=EDGE_CURVE('',#10034,#9905,#10036,.T.);
#7916=EDGE_CURVE('',#10037,#10034,#10038,.T.);
#7917=EDGE_CURVE('',#9907,#10037,#10039,.T.);
#7918=EDGE_CURVE('',#10040,#10037,#10041,.T.);
#7919=EDGE_CURVE('',#10040,#9985,#10042,.T.);
#7920=EDGE_CURVE('',#9983,#9909,#10043,.T.);
#7921=EDGE_CURVE('',#9911,#9981,#10044,.T.);
#7922=EDGE_CURVE('',#9979,#10045,#10046,.T.);
#7923=EDGE_CURVE('',#10047,#10045,#10048,.T.);
#7924=EDGE_CURVE('',#10047,#9913,#10049,.T.);
#7925=EDGE_CURVE('',#10050,#10047,#10051,.T.);
#7926=EDGE_CURVE('',#9915,#10050,#10052,.T.);
#7927=EDGE_CURVE('',#10053,#10050,#10054,.T.);
#7928=EDGE_CURVE('',#10053,#9917,#10055,.T.);
#7929=EDGE_CURVE('',#10056,#10057,#10058,.T.);
#7930=EDGE_CURVE('',#10057,#9919,#10059,.T.);
#7931=EDGE_CURVE('',#10053,#10060,#10061,.T.);
#7932=EDGE_CURVE('',#9973,#10060,#10062,.T.);
#7933=EDGE_CURVE('',#9971,#10063,#10064,.T.);
#7934=EDGE_CURVE('',#10063,#10056,#10065,.T.);
#7935=EDGE_CURVE('',#10056,#8588,#10066,.T.);
#7936=EDGE_CURVE('',#10067,#10063,#10068,.T.);
#7937=EDGE_CURVE('',#10067,#8590,#10069,.T.);
#7938=EDGE_CURVE('',#10067,#10070,#10071,.T.);
#7939=EDGE_CURVE('',#8592,#10070,#10072,.T.);
#7940=EDGE_CURVE('',#10073,#10070,#10074,.T.);
#7941=EDGE_CURVE('',#10075,#10073,#10076,.T.);
#7942=EDGE_CURVE('',#8587,#10075,#10077,.T.);
#7943=EDGE_CURVE('',#10078,#10075,#10079,.T.);
#7944=EDGE_CURVE('',#10057,#10078,#10080,.T.);
#7945=EDGE_CURVE('',#9929,#10078,#10081,.T.);
#7946=EDGE_CURVE('',#9927,#9921,#10082,.T.);
#7947=EDGE_CURVE('',#10083,#9925,#10084,.T.);
#7948=EDGE_CURVE('',#10083,#10085,#10086,.T.);
#7949=EDGE_CURVE('',#10087,#10085,#10088,.T.);
#7950=EDGE_CURVE('',#10087,#10089,#10090,.T.);
#7951=EDGE_CURVE('',#9923,#10089,#10091,.T.);
#7952=EDGE_CURVE('',#10089,#10092,#10093,.T.);
#7953=EDGE_CURVE('',#10092,#10094,#10095,.T.);
#7954=EDGE_CURVE('',#10096,#10094,#10097,.T.);
#7955=EDGE_CURVE('',#10096,#10098,#10099,.T.);
#7956=EDGE_CURVE('',#10098,#10100,#10101,.T.);
#7957=EDGE_CURVE('',#10102,#10100,#10103,.T.);
#7958=EDGE_CURVE('',#10104,#10102,#10105,.T.);
#7959=EDGE_CURVE('',#10106,#10104,#10107,.T.);
#7960=EDGE_CURVE('',#10106,#10083,#10108,.T.);
#7961=EDGE_CURVE('',#10106,#10109,#10110,.T.);
#7962=EDGE_CURVE('',#10085,#10109,#10111,.T.);
#7963=EDGE_CURVE('',#10112,#8606,#10113,.T.);
#7964=EDGE_CURVE('',#10112,#10114,#10115,.T.);
#7965=EDGE_CURVE('',#10114,#10116,#10117,.T.);
#7966=EDGE_CURVE('',#10116,#10087,#10118,.T.);
#7967=EDGE_CURVE('',#8608,#10109,#10119,.T.);
#7968=EDGE_CURVE('',#10120,#10121,#10122,.T.);
#7969=EDGE_CURVE('',#10120,#8604,#10123,.T.);
#7970=EDGE_CURVE('',#10104,#10124,#10125,.T.);
#7971=EDGE_CURVE('',#10124,#10121,#10126,.T.);
#7972=EDGE_CURVE('',#10127,#10124,#10128,.T.);
#7973=EDGE_CURVE('',#10129,#10127,#10130,.T.);
#7974=EDGE_CURVE('',#10129,#10121,#10131,.T.);
#7975=EDGE_CURVE('',#10129,#10132,#10133,.T.);
#7976=EDGE_CURVE('',#10120,#10132,#10134,.T.);
#7977=EDGE_CURVE('',#8603,#10132,#10135,.T.);
#7978=EDGE_CURVE('',#10112,#10100,#10136,.T.);
#7979=EDGE_CURVE('',#10127,#10102,#10137,.T.);
#7980=EDGE_CURVE('',#10114,#10098,#10138,.T.);
#7981=EDGE_CURVE('',#10139,#10140,#10141,.T.);
#7982=EDGE_CURVE('',#10139,#10094,#10142,.T.);
#7983=EDGE_CURVE('',#10092,#10116,#10143,.T.);
#7984=EDGE_CURVE('',#10096,#10140,#10144,.T.);
#7985=EDGE_CURVE('',#10145,#10139,#10146,.T.);
#7986=EDGE_CURVE('',#10147,#10145,#10148,.T.);
#7987=EDGE_CURVE('',#10147,#10149,#10150,.T.);
#7988=EDGE_CURVE('',#10149,#10151,#10152,.T.);
#7989=EDGE_CURVE('',#10151,#10153,#10154,.T.);
#7990=EDGE_CURVE('',#10155,#10153,#10156,.T.);
#7991=EDGE_CURVE('',#10155,#10157,#10158,.T.);
#7992=EDGE_CURVE('',#10157,#10159,#10160,.T.);
#7993=EDGE_CURVE('',#10159,#10161,#10162,.T.);
#7994=EDGE_CURVE('',#10163,#10161,#10164,.T.);
#7995=EDGE_CURVE('',#9181,#10163,#10165,.T.);
#7996=EDGE_CURVE('',#10166,#9179,#10167,.T.);
#7997=EDGE_CURVE('',#10166,#10168,#10169,.T.);
#7998=EDGE_CURVE('',#10168,#10170,#10171,.T.);
#7999=EDGE_CURVE('',#10140,#10170,#10172,.T.);
#8000=EDGE_CURVE('',#10173,#10170,#10174,.T.);
#8001=EDGE_CURVE('',#10173,#10175,#10176,.T.);
#8002=EDGE_CURVE('',#10145,#10175,#10177,.T.);
#8003=EDGE_CURVE('',#10178,#10179,#10180,.T.);
#8004=EDGE_CURVE('',#10181,#10179,#10182,.T.);
#8005=EDGE_CURVE('',#10183,#10181,#10184,.T.);
#8006=EDGE_CURVE('',#10183,#10185,#10186,.T.);
#8007=EDGE_CURVE('',#10147,#10185,#10187,.T.);
#8008=EDGE_CURVE('',#10175,#10188,#10189,.T.);
#8009=EDGE_CURVE('',#10188,#10178,#10190,.T.);
#8010=EDGE_CURVE('',#8582,#10191,#10192,.T.);
#8011=EDGE_CURVE('',#10178,#10191,#10193,.T.);
#8012=EDGE_CURVE('',#8584,#10188,#10194,.T.);
#8013=EDGE_CURVE('',#10195,#10173,#10196,.T.);
#8014=EDGE_CURVE('',#10195,#8579,#10197,.T.);
#8015=EDGE_CURVE('',#10198,#10195,#10199,.T.);
#8016=EDGE_CURVE('',#10200,#10198,#10201,.T.);
#8017=EDGE_CURVE('',#10200,#8580,#10202,.T.);
#8018=EDGE_CURVE('',#10191,#10200,#10203,.T.);
#8019=EDGE_CURVE('',#10204,#10198,#10205,.T.);
#8020=EDGE_CURVE('',#10204,#10179,#10206,.T.);
#8021=EDGE_CURVE('',#10207,#10208,#10209,.T.);
#8022=EDGE_CURVE('',#10208,#10210,#10211,.T.);
#8023=EDGE_CURVE('',#10210,#10212,#10213,.T.);
#8024=EDGE_CURVE('',#10212,#10181,#10214,.T.);
#8025=EDGE_CURVE('',#10215,#10204,#10216,.T.);
#8026=EDGE_CURVE('',#10217,#10215,#10218,.T.);
#8027=EDGE_CURVE('',#10219,#10217,#10220,.T.);
#8028=EDGE_CURVE('',#10219,#10221,#10222,.T.);
#8029=EDGE_CURVE('',#10221,#10223,#10224,.T.);
#8030=EDGE_CURVE('',#10223,#10225,#10226,.T.);
#8031=EDGE_CURVE('',#10225,#10227,#10228,.T.);
#8032=EDGE_CURVE('',#10227,#10229,#10230,.T.);
#8033=EDGE_CURVE('',#10229,#10231,#10232,.T.);
#8034=EDGE_CURVE('',#10231,#10207,#10233,.T.);
#8035=EDGE_CURVE('',#10207,#10153,#10234,.T.);
#8036=EDGE_CURVE('',#10155,#10231,#10235,.T.);
#8037=EDGE_CURVE('',#10229,#10236,#10237,.T.);
#8038=EDGE_CURVE('',#10238,#10236,#10239,.T.);
#8039=EDGE_CURVE('',#10238,#10157,#10240,.T.);
#8040=EDGE_CURVE('',#10241,#10238,#10242,.T.);
#8041=EDGE_CURVE('',#10159,#10241,#10243,.T.);
#8042=EDGE_CURVE('',#10244,#10241,#10245,.T.);
#8043=EDGE_CURVE('',#10246,#10244,#10247,.T.);
#8044=EDGE_CURVE('',#10246,#10161,#10248,.T.);
#8045=EDGE_CURVE('',#10246,#10249,#10250,.T.);
#8046=EDGE_CURVE('',#10223,#10249,#10251,.T.);
#8047=EDGE_CURVE('',#10221,#10163,#10252,.T.);
#8048=EDGE_CURVE('',#10219,#9545,#10253,.T.);
#8049=EDGE_CURVE('',#10254,#10217,#10255,.T.);
#8050=EDGE_CURVE('',#10254,#10256,#10257,.T.);
#8051=EDGE_CURVE('',#9545,#10256,#10258,.T.);
#8052=EDGE_CURVE('',#10256,#9640,#10259,.T.);
#8053=EDGE_CURVE('',#10260,#10254,#10261,.T.);
#8054=EDGE_CURVE('',#10262,#10260,#10263,.T.);
#8055=EDGE_CURVE('',#9640,#10262,#10264,.T.);
#8056=EDGE_CURVE('',#10262,#10265,#10266,.T.);
#8057=EDGE_CURVE('',#10265,#9428,#10267,.T.);
#8058=EDGE_CURVE('',#10265,#9498,#10268,.T.);
#8059=EDGE_CURVE('',#9430,#9498,#10269,.T.);
#8060=EDGE_CURVE('',#9496,#9453,#10270,.T.);
#8061=EDGE_CURVE('',#9500,#10260,#10271,.T.);
#8062=EDGE_CURVE('',#10215,#10168,#10272,.T.);
#8063=EDGE_CURVE('',#10166,#10273,#10274,.T.);
#8064=EDGE_CURVE('',#10273,#9424,#10275,.T.);
#8065=EDGE_CURVE('',#9502,#9450,#10276,.T.);
#8066=EDGE_CURVE('',#9448,#10277,#10278,.T.);
#8067=EDGE_CURVE('',#10277,#10279,#10280,.T.);
#8068=EDGE_CURVE('',#10279,#10281,#10282,.T.);
#8069=EDGE_CURVE('',#10281,#9504,#10283,.T.);
#8070=EDGE_CURVE('',#10281,#10284,#10285,.T.);
#8071=EDGE_CURVE('',#10286,#10284,#10287,.T.);
#8072=EDGE_CURVE('',#10286,#10288,#10289,.T.);
#8073=EDGE_CURVE('',#9506,#10288,#10290,.T.);
#8074=EDGE_CURVE('',#10291,#10292,#10293,.T.);
#8075=EDGE_CURVE('',#10292,#9446,#10294,.T.);
#8076=EDGE_CURVE('',#9444,#9508,#10295,.T.);
#8077=EDGE_CURVE('',#10288,#10291,#10296,.T.);
#8078=EDGE_CURVE('',#10291,#8596,#10297,.T.);
#8079=EDGE_CURVE('',#10286,#8598,#10298,.T.);
#8080=EDGE_CURVE('',#8600,#10284,#10299,.T.);
#8081=EDGE_CURVE('',#8595,#10279,#10300,.T.);
#8082=EDGE_CURVE('',#10292,#10277,#10301,.T.);
#8083=EDGE_CURVE('',#9442,#8689,#10302,.T.);
#8084=EDGE_CURVE('',#8948,#8689,#10303,.T.);
#8085=EDGE_CURVE('',#8948,#9510,#10304,.T.);
#8086=EDGE_CURVE('',#10305,#8946,#10306,.T.);
#8087=EDGE_CURVE('',#9512,#10305,#10307,.T.);
#8088=EDGE_CURVE('',#10308,#9440,#10309,.T.);
#8089=EDGE_CURVE('',#10308,#10305,#10310,.T.);
#8090=EDGE_CURVE('',#8946,#8691,#10311,.T.);
#8091=EDGE_CURVE('',#10308,#8691,#10312,.T.);
#8092=EDGE_CURVE('',#8945,#8693,#10313,.T.);
#8093=EDGE_CURVE('',#8693,#9954,#10314,.T.);
#8094=EDGE_CURVE('',#8668,#9952,#10315,.T.);
#8095=EDGE_CURVE('',#8668,#8974,#10316,.T.);
#8096=EDGE_CURVE('',#8669,#8972,#10317,.T.);
#8097=EDGE_CURVE('',#8970,#8671,#10318,.T.);
#8098=EDGE_CURVE('',#8673,#8968,#10319,.T.);
#8099=EDGE_CURVE('',#8966,#8675,#10320,.T.);
#8100=EDGE_CURVE('',#8964,#8677,#10321,.T.);
#8101=EDGE_CURVE('',#8677,#9959,#10322,.T.);
#8102=EDGE_CURVE('',#8679,#9957,#10323,.T.);
#8103=EDGE_CURVE('',#8679,#8958,#10324,.T.);
#8104=EDGE_CURVE('',#8681,#8956,#10325,.T.);
#8105=EDGE_CURVE('',#8681,#10326,#10327,.T.);
#8106=EDGE_CURVE('',#8956,#10328,#10329,.T.);
#8107=EDGE_CURVE('',#10328,#10326,#10330,.T.);
#8108=EDGE_CURVE('',#10328,#10331,#10332,.T.);
#8109=EDGE_CURVE('',#10331,#10333,#10334,.T.);
#8110=EDGE_CURVE('',#10335,#10333,#10336,.T.);
#8111=EDGE_CURVE('',#10335,#10337,#10338,.T.);
#8112=EDGE_CURVE('',#10337,#10326,#10339,.T.);
#8113=EDGE_CURVE('',#10337,#10340,#10341,.T.);
#8114=EDGE_CURVE('',#8683,#10340,#10342,.T.);
#8115=EDGE_CURVE('',#10343,#10344,#10345,.T.);
#8116=EDGE_CURVE('',#10343,#10346,#10347,.T.);
#8117=EDGE_CURVE('',#10346,#8954,#10348,.T.);
#8118=EDGE_CURVE('',#8954,#8683,#10349,.T.);
#8119=EDGE_CURVE('',#10340,#10344,#10350,.T.);
#8120=EDGE_CURVE('',#10351,#10352,#10353,.T.);
#8121=EDGE_CURVE('',#10354,#10351,#10355,.T.);
#8122=EDGE_CURVE('',#10354,#10356,#10357,.T.);
#8123=EDGE_CURVE('',#10356,#10358,#10359,.T.);
#8124=EDGE_CURVE('',#10360,#10358,#10361,.T.);
#8125=EDGE_CURVE('',#10362,#10360,#10363,.T.);
#8126=EDGE_CURVE('',#10362,#10364,#10365,.T.);
#8127=EDGE_CURVE('',#10366,#10364,#10367,.T.);
#8128=EDGE_CURVE('',#10344,#10366,#10368,.T.);
#8129=EDGE_CURVE('',#10335,#10369,#10370,.T.);
#8130=EDGE_CURVE('',#10369,#8493,#10371,.T.);
#8131=EDGE_CURVE('',#8490,#10372,#10373,.T.);
#8132=EDGE_CURVE('',#10372,#10374,#10375,.T.);
#8133=EDGE_CURVE('',#10374,#10352,#10376,.T.);
#8134=EDGE_CURVE('',#10377,#10378,#10379,.T.);
#8135=EDGE_CURVE('',#10380,#10377,#10381,.T.);
#8136=EDGE_CURVE('',#10382,#10380,#10383,.T.);
#8137=EDGE_CURVE('',#10378,#10382,#10384,.T.);
#8138=EDGE_CURVE('',#10352,#10385,#10386,.T.);
#8139=EDGE_CURVE('',#10374,#10387,#10388,.T.);
#8140=EDGE_CURVE('',#10387,#10385,#10389,.T.);
#8141=EDGE_CURVE('',#10390,#10391,#10392,.T.);
#8142=EDGE_CURVE('',#10390,#10385,#10393,.T.);
#8143=EDGE_CURVE('',#10394,#10387,#10395,.T.);
#8144=EDGE_CURVE('',#10394,#10396,#10397,.T.);
#8145=EDGE_CURVE('',#10396,#10398,#10399,.T.);
#8146=EDGE_CURVE('',#10398,#10400,#10401,.T.);
#8147=EDGE_CURVE('',#10391,#10400,#10402,.T.);
#8148=EDGE_CURVE('',#10403,#10400,#10404,.T.);
#8149=EDGE_CURVE('',#10403,#10405,#10406,.T.);
#8150=EDGE_CURVE('',#10391,#10405,#10407,.T.);
#8151=EDGE_CURVE('',#10408,#10405,#10409,.T.);
#8152=EDGE_CURVE('',#10390,#10408,#10410,.T.);
#8153=EDGE_CURVE('',#10411,#10412,#10413,.T.);
#8154=EDGE_CURVE('',#10411,#10352,#10414,.T.);
#8155=EDGE_CURVE('',#10408,#10415,#10416,.T.);
#8156=EDGE_CURVE('',#10415,#10412,#10417,.T.);
#8157=EDGE_CURVE('',#9664,#10418,#10419,.T.);
#8158=EDGE_CURVE('',#10418,#10420,#10421,.T.);
#8159=EDGE_CURVE('',#10420,#10412,#10422,.T.);
#8160=EDGE_CURVE('',#10423,#10415,#10424,.T.);
#8161=EDGE_CURVE('',#10423,#10425,#10426,.T.);
#8162=EDGE_CURVE('',#10425,#10427,#10428,.T.);
#8163=EDGE_CURVE('',#10429,#10427,#10430,.T.);
#8164=EDGE_CURVE('',#9893,#10429,#10431,.T.);
#8165=EDGE_CURVE('',#10432,#10433,#10434,.T.);
#8166=EDGE_CURVE('',#10432,#10435,#10436,.T.);
#8167=EDGE_CURVE('',#10435,#10437,#10438,.T.);
#8168=EDGE_CURVE('',#10437,#10433,#10439,.T.);
#8169=EDGE_CURVE('',#10440,#10437,#10441,.T.);
#8170=EDGE_CURVE('',#10442,#10440,#10443,.T.);
#8171=EDGE_CURVE('',#10442,#10433,#10444,.T.);
#8172=EDGE_CURVE('',#10442,#10445,#10446,.T.);
#8173=EDGE_CURVE('',#10445,#10447,#10448,.T.);
#8174=EDGE_CURVE('',#10447,#10449,#10450,.T.);
#8175=EDGE_CURVE('',#10449,#10451,#10452,.T.);
#8176=EDGE_CURVE('',#10451,#10453,#10454,.T.);
#8177=EDGE_CURVE('',#10432,#10453,#10455,.T.);
#8178=EDGE_CURVE('',#10456,#10453,#10457,.T.);
#8179=EDGE_CURVE('',#10435,#10456,#10458,.T.);
#8180=EDGE_CURVE('',#10456,#10459,#10460,.T.);
#8181=EDGE_CURVE('',#10461,#10459,#10462,.T.);
#8182=EDGE_CURVE('',#10463,#10461,#10464,.T.);
#8183=EDGE_CURVE('',#10465,#10463,#10466,.T.);
#8184=EDGE_CURVE('',#10465,#10440,#10467,.T.);
#8185=EDGE_CURVE('',#10465,#10445,#10468,.T.);
#8186=EDGE_CURVE('',#10469,#10447,#10470,.T.);
#8187=EDGE_CURVE('',#10463,#10471,#10472,.T.);
#8188=EDGE_CURVE('',#10403,#10471,#10473,.T.);
#8189=EDGE_CURVE('',#10474,#10398,#10475,.T.);
#8190=EDGE_CURVE('',#10474,#10476,#10477,.T.);
#8191=EDGE_CURVE('',#10476,#10478,#10479,.T.);
#8192=EDGE_CURVE('',#10469,#10478,#10480,.T.);
#8193=EDGE_CURVE('',#10481,#10478,#10482,.T.);
#8194=EDGE_CURVE('',#10481,#10483,#10484,.T.);
#8195=EDGE_CURVE('',#10469,#10483,#10485,.T.);
#8196=EDGE_CURVE('',#10449,#10483,#10486,.T.);
#8197=EDGE_CURVE('',#10408,#10487,#10488,.T.);
#8198=EDGE_CURVE('',#10489,#10405,#10490,.T.);
#8199=EDGE_CURVE('',#10489,#10461,#10491,.T.);
#8200=EDGE_CURVE('',#10451,#10459,#10492,.T.);
#8201=EDGE_CURVE('',#10481,#10493,#10494,.T.);
#8202=EDGE_CURVE('',#10493,#10487,#10495,.T.);
#8203=EDGE_CURVE('',#10423,#10487,#10496,.T.);
#8204=EDGE_CURVE('',#10476,#10493,#10497,.T.);
#8205=EDGE_CURVE('',#10474,#10498,#10499,.T.);
#8206=EDGE_CURVE('',#10498,#10500,#10501,.T.);
#8207=EDGE_CURVE('',#10354,#10500,#10502,.T.);
#8208=EDGE_CURVE('',#10351,#10503,#10504,.T.);
#8209=EDGE_CURVE('',#10503,#10425,#10505,.T.);
#8210=EDGE_CURVE('',#10420,#10506,#10507,.T.);
#8211=EDGE_CURVE('',#10508,#10506,#10509,.T.);
#8212=EDGE_CURVE('',#10508,#8491,#10510,.T.);
#8213=EDGE_CURVE('',#9660,#8495,#10511,.T.);
#8214=EDGE_CURVE('',#9197,#9658,#10512,.T.);
#8215=EDGE_CURVE('',#9195,#10513,#10514,.T.);
#8216=EDGE_CURVE('',#10513,#10427,#10515,.T.);
#8217=EDGE_CURVE('',#10411,#10503,#10516,.T.);
#8218=EDGE_CURVE('',#10517,#10518,#10519,.T.);
#8219=EDGE_CURVE('',#10520,#10517,#10521,.T.);
#8220=EDGE_CURVE('',#10522,#10520,#10523,.T.);
#8221=EDGE_CURVE('',#10518,#10522,#10524,.T.);
#8222=EDGE_CURVE('',#10380,#10525,#10526,.T.);
#8223=EDGE_CURVE('',#10525,#10518,#10527,.T.);
#8224=EDGE_CURVE('',#10382,#10522,#10528,.T.);
#8225=EDGE_CURVE('',#10378,#10520,#10529,.T.);
#8226=EDGE_CURVE('',#10530,#10517,#10531,.T.);
#8227=EDGE_CURVE('',#10530,#10377,#10532,.T.);
#8228=EDGE_CURVE('',#10530,#10525,#10533,.T.);
#8229=EDGE_CURVE('',#10513,#10534,#10535,.T.);
#8230=EDGE_CURVE('',#10534,#10429,#10536,.T.);
#8231=EDGE_CURVE('',#10534,#10537,#10538,.T.);
#8232=EDGE_CURVE('',#9965,#10537,#10539,.T.);
#8233=EDGE_CURVE('',#10429,#9963,#10540,.T.);
#8234=EDGE_CURVE('',#9967,#9931,#10541,.T.);
#8235=EDGE_CURVE('',#10537,#10542,#10543,.T.);
#8236=EDGE_CURVE('',#10542,#10544,#10545,.T.);
#8237=EDGE_CURVE('',#10544,#10546,#10547,.T.);
#8238=EDGE_CURVE('',#10362,#10546,#10548,.T.);
#8239=EDGE_CURVE('',#10360,#10549,#10550,.T.);
#8240=EDGE_CURVE('',#10549,#10551,#10552,.T.);
#8241=EDGE_CURVE('',#10551,#9933,#10553,.T.);
#8242=EDGE_CURVE('',#10551,#9191,#10554,.T.);
#8243=EDGE_CURVE('',#9193,#10549,#10555,.T.);
#8244=EDGE_CURVE('',#10358,#10556,#10557,.T.);
#8245=EDGE_CURVE('',#9195,#10556,#10558,.T.);
#8246=EDGE_CURVE('',#10556,#10559,#10560,.T.);
#8247=EDGE_CURVE('',#10559,#10561,#10562,.T.);
#8248=EDGE_CURVE('',#10561,#10513,#10563,.T.);
#8249=EDGE_CURVE('',#10542,#10561,#10564,.T.);
#8250=EDGE_CURVE('',#10565,#10559,#10566,.T.);
#8251=EDGE_CURVE('',#10565,#10544,#10567,.T.);
#8252=EDGE_CURVE('',#10394,#10568,#10569,.T.);
#8253=EDGE_CURVE('',#10570,#10568,#10571,.T.);
#8254=EDGE_CURVE('',#10572,#10570,#10573,.T.);
#8255=EDGE_CURVE('',#10572,#10574,#10575,.T.);
#8256=EDGE_CURVE('',#10574,#10333,#10576,.T.);
#8257=EDGE_CURVE('',#10346,#10331,#10577,.T.);
#8258=EDGE_CURVE('',#10343,#10578,#10579,.T.);
#8259=EDGE_CURVE('',#10578,#10580,#10581,.T.);
#8260=EDGE_CURVE('',#10546,#10580,#10582,.T.);
#8261=EDGE_CURVE('',#10565,#10583,#10584,.T.);
#8262=EDGE_CURVE('',#10583,#10500,#10585,.T.);
#8263=EDGE_CURVE('',#10396,#10498,#10586,.T.);
#8264=EDGE_CURVE('',#10583,#10356,#10587,.T.);
#8265=EDGE_CURVE('',#10565,#10358,#10588,.T.);
#8266=EDGE_CURVE('',#10580,#10589,#10590,.T.);
#8267=EDGE_CURVE('',#10589,#10591,#10592,.T.);
#8268=EDGE_CURVE('',#10591,#10593,#10594,.T.);
#8269=EDGE_CURVE('',#10593,#10364,#10595,.T.);
#8270=EDGE_CURVE('',#10593,#10596,#10597,.T.);
#8271=EDGE_CURVE('',#10366,#10596,#10598,.T.);
#8272=EDGE_CURVE('',#10599,#10578,#10600,.T.);
#8273=EDGE_CURVE('',#10596,#10601,#10602,.T.);
#8274=EDGE_CURVE('',#10601,#10599,#10603,.T.);
#8275=EDGE_CURVE('',#8572,#10604,#10605,.T.);
#8276=EDGE_CURVE('',#10599,#10604,#10606,.T.);
#8277=EDGE_CURVE('',#8574,#10601,#10607,.T.);
#8278=EDGE_CURVE('',#10591,#8576,#10608,.T.);
#8279=EDGE_CURVE('',#10609,#10589,#10610,.T.);
#8280=EDGE_CURVE('',#10609,#8571,#10611,.T.);
#8281=EDGE_CURVE('',#10609,#10604,#10612,.T.);
#8282=EDGE_CURVE('',#10369,#10574,#10613,.T.);
#8283=EDGE_CURVE('',#10614,#10572,#10615,.T.);
#8284=EDGE_CURVE('',#10614,#9662,#10616,.T.);
#8285=EDGE_CURVE('',#10508,#10372,#10617,.T.);
#8286=EDGE_CURVE('',#10570,#10506,#10618,.T.);
#8287=EDGE_CURVE('',#10568,#10374,#10619,.T.);
#8288=EDGE_CURVE('',#10418,#10614,#10620,.T.);
#8289=EDGE_CURVE('',#10073,#9969,#10621,.T.);
#8290=EDGE_CURVE('',#10489,#10471,#10622,.T.);
#8291=EDGE_CURVE('',#8511,#8685,#10623,.T.);
#8292=EDGE_CURVE('',#8952,#10624,#10625,.T.);
#8293=EDGE_CURVE('',#10624,#8513,#10626,.T.);
#8294=EDGE_CURVE('',#8518,#10624,#10627,.T.);
#8295=EDGE_CURVE('',#10628,#8950,#10629,.T.);
#8296=EDGE_CURVE('',#10628,#8520,#10630,.T.);
#8297=EDGE_CURVE('',#8507,#10628,#10631,.T.);
#8298=EDGE_CURVE('',#8687,#8509,#10632,.T.);
#8299=EDGE_CURVE('',#9177,#10273,#10633,.T.);
#8300=EDGE_CURVE('',#10634,#10249,#10635,.T.);
#8301=EDGE_CURVE('',#10634,#10225,#10636,.T.);
#8302=EDGE_CURVE('',#10637,#10634,#10638,.T.);
#8303=EDGE_CURVE('',#10637,#10227,#10639,.T.);
#8304=EDGE_CURVE('',#10244,#10637,#10640,.T.);
#8305=EDGE_CURVE('',#10236,#10244,#10641,.T.);
#8306=EDGE_CURVE('',#10151,#10642,#10643,.T.);
#8307=EDGE_CURVE('',#10644,#10642,#10645,.T.);
#8308=EDGE_CURVE('',#10644,#10208,#10646,.T.);
#8309=EDGE_CURVE('',#10647,#10648,#10649,.T.);
#8310=EDGE_CURVE('',#10647,#10210,#10650,.T.);
#8311=EDGE_CURVE('',#10651,#10644,#10652,.T.);
#8312=EDGE_CURVE('',#10648,#10651,#10653,.T.);
#8313=EDGE_CURVE('',#10648,#10185,#10654,.T.);
#8314=EDGE_CURVE('',#10655,#10651,#10656,.T.);
#8315=EDGE_CURVE('',#10655,#10149,#10657,.T.);
#8316=EDGE_CURVE('',#10642,#10655,#10658,.T.);
#8317=EDGE_CURVE('',#10183,#10659,#10660,.T.);
#8318=EDGE_CURVE('',#10659,#10647,#10661,.T.);
#8319=EDGE_CURVE('',#10659,#10212,#10662,.T.);
#8320=EDGE_CURVE('',#10663,#10060,#10664,.T.);
#8321=EDGE_CURVE('',#10663,#9975,#10665,.T.);
#8322=EDGE_CURVE('',#10666,#10663,#10667,.T.);
#8323=EDGE_CURVE('',#10666,#9977,#10668,.T.);
#8324=EDGE_CURVE('',#10045,#10666,#10669,.T.);
#8325=EDGE_CURVE('',#10670,#10040,#10671,.T.);
#8326=EDGE_CURVE('',#10670,#9987,#10672,.T.);
#8327=EDGE_CURVE('',#10673,#10670,#10674,.T.);
#8328=EDGE_CURVE('',#10673,#9989,#10675,.T.);
#8329=EDGE_CURVE('',#10029,#10673,#10676,.T.);
#8330=EDGE_CURVE('',#10677,#9653,#10678,.T.);
#8331=EDGE_CURVE('',#10679,#10677,#10680,.T.);
#8332=EDGE_CURVE('',#10679,#9648,#10681,.T.);
#8333=EDGE_CURVE('',#9467,#9649,#10682,.T.);
#8334=EDGE_CURVE('',#10679,#9469,#10683,.T.);
#8335=EDGE_CURVE('',#9465,#10677,#10684,.T.);
#8336=EDGE_CURVE('',#9464,#9651,#10685,.T.);
#8337=EDGE_CURVE('',#9481,#9634,#10686,.T.);
#8338=EDGE_CURVE('',#9613,#10687,#10688,.T.);
#8339=EDGE_CURVE('',#9610,#9490,#10689,.T.);
#8340=EDGE_CURVE('',#10687,#9632,#10690,.T.);
#8341=EDGE_CURVE('',#10687,#9593,#10691,.T.);
#8342=EDGE_CURVE('',#9593,#9615,#10692,.T.);
#8343=EDGE_CURVE('',#9617,#9591,#10693,.T.);
#8344=EDGE_CURVE('',#9005,#8715,#10694,.T.);
#8345=EDGE_CURVE('',#8717,#9042,#10695,.T.);
#8346=EDGE_CURVE('',#9040,#8719,#10696,.T.);
#8347=EDGE_CURVE('',#8721,#9038,#10697,.T.);
#8348=EDGE_CURVE('',#8723,#9036,#10698,.T.);
#8349=EDGE_CURVE('',#9034,#8725,#10699,.T.);
#8350=EDGE_CURVE('',#8727,#9032,#10700,.T.);
#8351=EDGE_CURVE('',#9030,#8729,#10701,.T.);
#8352=EDGE_CURVE('',#8731,#9028,#10702,.T.);
#8353=EDGE_CURVE('',#9026,#10703,#10704,.T.);
#8354=EDGE_CURVE('',#10703,#8733,#10705,.T.);
#8355=EDGE_CURVE('',#10706,#10707,#10708,.T.);
#8356=EDGE_CURVE('',#8737,#10707,#10709,.T.);
#8357=EDGE_CURVE('',#10703,#10710,#10711,.T.);
#8358=EDGE_CURVE('',#8699,#10710,#10712,.T.);
#8359=EDGE_CURVE('',#10706,#8697,#10713,.T.);
#8360=EDGE_CURVE('',#8653,#10714,#10715,.T.);
#8361=EDGE_CURVE('',#10714,#10716,#10717,.T.);
#8362=EDGE_CURVE('',#10716,#10706,#10718,.T.);
#8363=EDGE_CURVE('',#10719,#10716,#10720,.T.);
#8364=EDGE_CURVE('',#10707,#10719,#10721,.T.);
#8365=EDGE_CURVE('',#10719,#10722,#10723,.T.);
#8366=EDGE_CURVE('',#10722,#8650,#10724,.T.);
#8367=EDGE_CURVE('',#10714,#10722,#10725,.T.);
#8368=EDGE_CURVE('',#10710,#9020,#10726,.T.);
#8369=EDGE_CURVE('',#9018,#8701,#10727,.T.);
#8370=EDGE_CURVE('',#8703,#9016,#10728,.T.);
#8371=EDGE_CURVE('',#9014,#8705,#10729,.T.);
#8372=EDGE_CURVE('',#8707,#9012,#10730,.T.);
#8373=EDGE_CURVE('',#8709,#9010,#10731,.T.);
#8374=EDGE_CURVE('',#9008,#8711,#10732,.T.);
#8375=EDGE_CURVE('',#8713,#9006,#10733,.T.);
#8376=EDGE_CURVE('',#10734,#10735,#10736,.T.);
#8377=EDGE_CURVE('',#9020,#10735,#10737,.T.);
#8378=EDGE_CURVE('',#10734,#9026,#10738,.T.);
#8379=EDGE_CURVE('',#9024,#10739,#10740,.T.);
#8380=EDGE_CURVE('',#10739,#10741,#10742,.T.);
#8381=EDGE_CURVE('',#10741,#10734,#10743,.T.);
#8382=EDGE_CURVE('',#10735,#10744,#10745,.T.);
#8383=EDGE_CURVE('',#10741,#10744,#10746,.T.);
#8384=EDGE_CURVE('',#10747,#10739,#10748,.T.);
#8385=EDGE_CURVE('',#10744,#10747,#10749,.T.);
#8386=EDGE_CURVE('',#10747,#9022,#10750,.T.);
#8387=EDGE_CURVE('',#9045,#10751,#10752,.T.);
#8388=EDGE_CURVE('',#10751,#10753,#10754,.T.);
#8389=EDGE_CURVE('',#10753,#8933,#10755,.T.);
#8390=EDGE_CURVE('',#10753,#8938,#10756,.T.);
#8391=EDGE_CURVE('',#8940,#10751,#10757,.T.);
#8392=EDGE_CURVE('',#9048,#10758,#10759,.T.);
#8393=EDGE_CURVE('',#10760,#9053,#10761,.T.);
#8394=EDGE_CURVE('',#10760,#10758,#10762,.T.);
#8395=EDGE_CURVE('',#10763,#10760,#10764,.T.);
#8396=EDGE_CURVE('',#10763,#10765,#10766,.T.);
#8397=EDGE_CURVE('',#10758,#10765,#10767,.T.);
#8398=EDGE_CURVE('',#10768,#10765,#10769,.T.);
#8399=EDGE_CURVE('',#10768,#10770,#10771,.T.);
#8400=EDGE_CURVE('',#10770,#10758,#10772,.T.);
#8401=EDGE_CURVE('',#10770,#9049,#10773,.T.);
#8402=EDGE_CURVE('',#9051,#10774,#10775,.T.);
#8403=EDGE_CURVE('',#10770,#10774,#10776,.T.);
#8404=EDGE_CURVE('',#10768,#10777,#10778,.T.);
#8405=EDGE_CURVE('',#10774,#10777,#10779,.T.);
#8406=EDGE_CURVE('',#10763,#10777,#10780,.T.);
#8407=EDGE_CURVE('',#10760,#10774,#10781,.T.);
#8408=EDGE_CURVE('',#8647,#10782,#10783,.T.);
#8409=EDGE_CURVE('',#10782,#10784,#10785,.T.);
#8410=EDGE_CURVE('',#10784,#10786,#10787,.T.);
#8411=EDGE_CURVE('',#10788,#10786,#10789,.T.);
#8412=EDGE_CURVE('',#10788,#8540,#10790,.T.);
#8413=EDGE_CURVE('',#8542,#10791,#10792,.T.);
#8414=EDGE_CURVE('',#10788,#10791,#10793,.T.);
#8415=EDGE_CURVE('',#10786,#10794,#10795,.T.);
#8416=EDGE_CURVE('',#10794,#10791,#10796,.T.);
#8417=EDGE_CURVE('',#10794,#10797,#10798,.T.);
#8418=EDGE_CURVE('',#10799,#10797,#10800,.T.);
#8419=EDGE_CURVE('',#10799,#8645,#10801,.T.);
#8420=EDGE_CURVE('',#10782,#10799,#10802,.T.);
#8421=EDGE_CURVE('',#10784,#10797,#10803,.T.);
#8422=DIRECTION('',(0.0,-1.0,0.0));
#8423=DIRECTION('',(1.0,0.0,0.0));
#8424=DIRECTION('',(0.0,1.0,0.0));
#8425=DIRECTION('',(-1.0,0.0,0.0));
#8426=DIRECTION('',(0.0,-1.0,0.0));
#8427=DIRECTION('',(1.0,0.0,0.0));
#8428=DIRECTION('',(0.0,1.0,0.0));
#8429=DIRECTION('',(-1.0,0.0,0.0));
#8430=DIRECTION('',(0.0,-1.0,0.0));
#8431=DIRECTION('',(1.0,0.0,0.0));
#8432=DIRECTION('',(0.0,1.0,0.0));
#8433=DIRECTION('',(-1.0,0.0,0.0));
#8434=DIRECTION('',(0.0,-1.0,0.0));
#8435=DIRECTION('',(1.0,0.0,0.0));
#8436=DIRECTION('',(0.0,1.0,0.0));
#8437=DIRECTION('',(-1.0,0.0,0.0));
#8438=DIRECTION('',(0.0,-1.0,0.0));
#8439=DIRECTION('',(1.0,0.0,0.0));
#8440=DIRECTION('',(0.0,1.0,0.0));
#8441=DIRECTION('',(-1.0,0.0,0.0));
#8442=DIRECTION('',(1.0,0.0,0.0));
#8443=CARTESIAN_POINT('',(0.55,1.075,2.599999982126));
#8444=DIRECTION('',(0.0,0.0,-1.0));
#8445=DIRECTION('',(0.0,1.0,0.0));
#8446=DIRECTION('',(-1.0,0.0,0.0));
#8447=CARTESIAN_POINT('',(-0.55,1.075,2.599999982126));
#8448=DIRECTION('',(0.0,0.0,-1.0));
#8449=DIRECTION('',(0.0,-1.0,0.0));
#8450=CARTESIAN_POINT('',(-0.55,1.075,2.599999982126));
#8451=DIRECTION('',(0.0,-0.0,1.0));
#8452=DIRECTION('',(0.0,1.0,0.0));
#8453=DIRECTION('',(1.0,0.0,0.0));
#8454=CARTESIAN_POINT('',(0.55,1.075,2.599999982126));
#8455=DIRECTION('',(0.0,0.0,1.0));
#8456=DIRECTION('',(0.0,-1.0,0.0));
#8457=DIRECTION('',(-1.0,0.0,0.0));
#8458=DIRECTION('',(1.0,0.0,0.0));
#8459=CARTESIAN_POINT('',(3.15,-1.075,2.599999982126));
#8460=DIRECTION('',(0.0,0.0,-1.0));
#8461=DIRECTION('',(0.0,1.0,0.0));
#8462=DIRECTION('',(-1.0,0.0,0.0));
#8463=CARTESIAN_POINT('',(2.45,-1.075,2.599999982126));
#8464=DIRECTION('',(0.0,0.0,-1.0));
#8465=DIRECTION('',(0.0,-1.0,0.0));
#8466=CARTESIAN_POINT('',(2.45,-1.075,2.599999982126));
#8467=DIRECTION('',(0.0,-0.0,1.0));
#8468=DIRECTION('',(0.0,1.0,0.0));
#8469=DIRECTION('',(1.0,0.0,0.0));
#8470=CARTESIAN_POINT('',(3.15,-1.075,2.599999982126));
#8471=DIRECTION('',(0.0,0.0,1.0));
#8472=DIRECTION('',(0.0,-1.0,0.0));
#8473=DIRECTION('',(-1.0,0.0,0.0));
#8474=CARTESIAN_POINT('',(-2.45,-1.075,2.599999982126));
#8475=DIRECTION('',(0.0,0.0,-1.0));
#8476=DIRECTION('',(0.0,1.0,0.0));
#8477=DIRECTION('',(-1.0,0.0,0.0));
#8478=CARTESIAN_POINT('',(-3.15,-1.075,2.599999982126));
#8479=DIRECTION('',(0.0,0.0,-1.0));
#8480=DIRECTION('',(0.0,-1.0,0.0));
#8481=DIRECTION('',(1.0,0.0,0.0));
#8482=DIRECTION('',(-1.0,0.0,0.0));
#8483=CARTESIAN_POINT('',(-3.15,-1.075,2.599999982126));
#8484=DIRECTION('',(0.0,-0.0,1.0));
#8485=DIRECTION('',(0.0,1.0,0.0));
#8486=DIRECTION('',(1.0,0.0,0.0));
#8487=CARTESIAN_POINT('',(-2.45,-1.075,2.599999982126));
#8488=DIRECTION('',(0.0,0.0,1.0));
#8489=DIRECTION('',(0.0,-1.0,0.0));
#8490=VERTEX_POINT('',#10804);
#8491=VERTEX_POINT('',#10805);
#8492=LINE('',#10806,#10807);
#8493=VERTEX_POINT('',#10808);
#8494=CIRCLE('',#10809,0.25);
#8495=VERTEX_POINT('',#10810);
#8496=LINE('',#10811,#10812);
#8497=CIRCLE('',#10813,0.25);
#8498=VERTEX_POINT('',#10814);
#8499=VERTEX_POINT('',#10815);
#8500=B_SPLINE_CURVE_WITH_KNOTS('',3,(#10816,#10817,#10818,#10819),.UNSPECIFIED.,.F.,.F.,(4,4),(0.0,1.0),.UNSPECIFIED.);
#8501=VERTEX_POINT('',#10820);
#8502=LINE('',#10821,#10822);
#8503=VERTEX_POINT('',#10823);
#8504=B_SPLINE_CURVE_WITH_KNOTS('',3,(#10824,#10825,#10826,#10827),.UNSPECIFIED.,.F.,.F.,(4,4),(0.0,1.0),.UNSPECIFIED.);
#8505=VERTEX_POINT('',#10828);
#8506=LINE('',#10829,#10830);
#8507=VERTEX_POINT('',#10831);
#8508=CIRCLE('',#10832,0.2);
#8509=VERTEX_POINT('',#10833);
#8510=LINE('',#10834,#10835);
#8511=VERTEX_POINT('',#10836);
#8512=LINE('',#10837,#10838);
#8513=VERTEX_POINT('',#10839);
#8514=LINE('',#10840,#10841);
#8515=VERTEX_POINT('',#10842);
#8516=CIRCLE('',#10843,0.2);
#8517=LINE('',#10844,#10845);
#8518=VERTEX_POINT('',#10846);
#8519=LINE('',#10847,#10848);
#8520=VERTEX_POINT('',#10849);
#8521=LINE('',#10850,#10851);
#8522=LINE('',#10852,#10853);
#8523=LINE('',#10854,#10855);
#8524=VERTEX_POINT('',#10856);
#8525=LINE('',#10857,#10858);
#8526=VERTEX_POINT('',#10859);
#8527=CIRCLE('',#10860,0.8);
#8528=VERTEX_POINT('',#10861);
#8529=LINE('',#10862,#10863);
#8530=VERTEX_POINT('',#10864);
#8531=CIRCLE('',#10865,0.8);
#8532=LINE('',#10866,#10867);
#8533=VERTEX_POINT('',#10868);
#8534=LINE('',#10869,#10870);
#8535=VERTEX_POINT('',#10871);
#8536=LINE('',#10872,#10873);
#8537=VERTEX_POINT('',#10874);
#8538=LINE('',#10875,#10876);
#8539=LINE('',#10877,#10878);
#8540=VERTEX_POINT('',#10879);
#8541=LINE('',#10880,#10881);
#8542=VERTEX_POINT('',#10882);
#8543=LINE('',#10883,#10884);
#8544=VERTEX_POINT('',#10885);
#8545=LINE('',#10886,#10887);
#8546=VERTEX_POINT('',#10888);
#8547=LINE('',#10889,#10890);
#8548=VERTEX_POINT('',#10891);
#8549=CIRCLE('',#10892,0.8);
#8550=VERTEX_POINT('',#10893);
#8551=LINE('',#10894,#10895);
#8552=VERTEX_POINT('',#10896);
#8553=CIRCLE('',#10897,0.8);
#8554=VERTEX_POINT('',#10898);
#8555=LINE('',#10899,#10900);
#8556=VERTEX_POINT('',#10901);
#8557=CIRCLE('',#10902,0.8);
#8558=VERTEX_POINT('',#10903);
#8559=LINE('',#10904,#10905);
#8560=VERTEX_POINT('',#10906);
#8561=CIRCLE('',#10907,0.8);
#8562=VERTEX_POINT('',#10908);
#8563=LINE('',#10909,#10910);
#8564=VERTEX_POINT('',#10911);
#8565=LINE('',#10912,#10913);
#8566=VERTEX_POINT('',#10914);
#8567=LINE('',#10915,#10916);
#8568=VERTEX_POINT('',#10917);
#8569=LINE('',#10918,#10919);
#8570=LINE('',#10920,#10921);
#8571=VERTEX_POINT('',#10922);
#8572=VERTEX_POINT('',#10923);
#8573=LINE('',#10924,#10925);
#8574=VERTEX_POINT('',#10926);
#8575=B_SPLINE_CURVE_WITH_KNOTS('',3,(#10927,#10928,#10929,#10930,#10931,#10932),.UNSPECIFIED.,.F.,.F.,(4,1,1,4),(0.0,0.3333333333333,0.6666666666667,1.0),.UNSPECIFIED.);
#8576=VERTEX_POINT('',#10933);
#8577=LINE('',#10934,#10935);
#8578=B_SPLINE_CURVE_WITH_KNOTS('',3,(#10936,#10937,#10938,#10939),.UNSPECIFIED.,.F.,.F.,(4,4),(0.0,1.00000000001579),.UNSPECIFIED.);
#8579=VERTEX_POINT('',#10940);
#8580=VERTEX_POINT('',#10941);
#8581=B_SPLINE_CURVE_WITH_KNOTS('',3,(#10942,#10943,#10944,#10945),.UNSPECIFIED.,.F.,.F.,(4,4),(9.06624588563236E-11,1.0),.UNSPECIFIED.);
#8582=VERTEX_POINT('',#10946);
#8583=LINE('',#10947,#10948);
#8584=VERTEX_POINT('',#10949);
#8585=B_SPLINE_CURVE_WITH_KNOTS('',3,(#10950,#10951,#10952,#10953),.UNSPECIFIED.,.F.,.F.,(4,4),(1.57984359944236E-11,0.99999999997662),.UNSPECIFIED.);
#8586=LINE('',#10954,#10955);
#8587=VERTEX_POINT('',#10956);
#8588=VERTEX_POINT('',#10957);
#8589=LINE('',#10958,#10959);
#8590=VERTEX_POINT('',#10960);
#8591=B_SPLINE_CURVE_WITH_KNOTS('',3,(#10961,#10962,#10963,#10964,#10965,#10966),.UNSPECIFIED.,.F.,.F.,(4,1,1,4),(0.00049237471012141,0.3333333333333,0.6666666666667,1.0),.UNSPECIFIED.);
#8592=VERTEX_POINT('',#10967);
#8593=LINE('',#10968,#10969);
#8594=B_SPLINE_CURVE_WITH_KNOTS('',3,(#10970,#10971,#10972,#10973),.UNSPECIFIED.,.F.,.F.,(4,4),(0.0,1.0),.UNSPECIFIED.);
#8595=VERTEX_POINT('',#10974);
#8596=VERTEX_POINT('',#10975);
#8597=LINE('',#10976,#10977);
#8598=VERTEX_POINT('',#10978);
#8599=B_SPLINE_CURVE_WITH_KNOTS('',3,(#10979,#10980,#10981,#10982,#10983,#10984),.UNSPECIFIED.,.F.,.F.,(4,1,1,4),(0.000492374736444002,0.3333333333333,0.6666666666667,1.0),.UNSPECIFIED.);
#8600=VERTEX_POINT('',#10985);
#8601=LINE('',#10986,#10987);
#8602=B_SPLINE_CURVE_WITH_KNOTS('',3,(#10988,#10989,#10990,#10991),.UNSPECIFIED.,.F.,.F.,(4,4),(0.0,1.0),.UNSPECIFIED.);
#8603=VERTEX_POINT('',#10992);
#8604=VERTEX_POINT('',#10993);
#8605=LINE('',#10994,#10995);
#8606=VERTEX_POINT('',#10996);
#8607=LINE('',#10997,#10998);
#8608=VERTEX_POINT('',#10999);
#8609=LINE('',#11000,#11001);
#8610=LINE('',#11002,#11003);
#8611=VERTEX_POINT('',#11004);
#8612=LINE('',#11005,#11006);
#8613=VERTEX_POINT('',#11007);
#8614=LINE('',#11008,#11009);
#8615=LINE('',#11010,#11011);
#8616=VERTEX_POINT('',#11012);
#8617=CIRCLE('',#11013,0.8);
#8618=LINE('',#11014,#11015);
#8619=VERTEX_POINT('',#11016);
#8620=LINE('',#11017,#11018);
#8621=LINE('',#11019,#11020);
#8622=CIRCLE('',#11021,0.8);
#8623=VERTEX_POINT('',#11022);
#8624=VERTEX_POINT('',#11023);
#8625=CIRCLE('',#11024,0.8);
#8626=VERTEX_POINT('',#11025);
#8627=LINE('',#11026,#11027);
#8628=VERTEX_POINT('',#11028);
#8629=CIRCLE('',#11029,0.8);
#8630=LINE('',#11030,#11031);
#8631=VERTEX_POINT('',#11032);
#8632=LINE('',#11033,#11034);
#8633=VERTEX_POINT('',#11035);
#8634=CIRCLE('',#11036,0.8);
#8635=VERTEX_POINT('',#11037);
#8636=LINE('',#11038,#11039);
#8637=VERTEX_POINT('',#11040);
#8638=CIRCLE('',#11041,0.8);
#8639=LINE('',#11042,#11043);
#8640=LINE('',#11044,#11045);
#8641=LINE('',#11046,#11047);
#8642=LINE('',#11048,#11049);
#8643=LINE('',#11050,#11051);
#8644=LINE('',#11052,#11053);
#8645=VERTEX_POINT('',#11054);
#8646=LINE('',#11055,#11056);
#8647=VERTEX_POINT('',#11057);
#8648=LINE('',#11058,#11059);
#8649=LINE('',#11060,#11061);
#8650=VERTEX_POINT('',#11062);
#8651=VERTEX_POINT('',#11063);
#8652=LINE('',#11064,#11065);
#8653=VERTEX_POINT('',#11066);
#8654=LINE('',#11067,#11068);
#8655=VERTEX_POINT('',#11069);
#8656=LINE('',#11070,#11071);
#8657=LINE('',#11072,#11073);
#8658=VERTEX_POINT('',#11074);
#8659=CIRCLE('',#11075,0.1);
#8660=VERTEX_POINT('',#11076);
#8661=CIRCLE('',#11077,0.1);
#8662=LINE('',#11078,#11079);
#8663=VERTEX_POINT('',#11080);
#8664=LINE('',#11081,#11082);
#8665=VERTEX_POINT('',#11083);
#8666=LINE('',#11084,#11085);
#8667=LINE('',#11086,#11087);
#8668=VERTEX_POINT('',#11088);
#8669=VERTEX_POINT('',#11089);
#8670=LINE('',#11090,#11091);
#8671=VERTEX_POINT('',#11092);
#8672=CIRCLE('',#11093,0.2);
#8673=VERTEX_POINT('',#11094);
#8674=LINE('',#11095,#11096);
#8675=VERTEX_POINT('',#11097);
#8676=CIRCLE('',#11098,0.2);
#8677=VERTEX_POINT('',#11099);
#8678=LINE('',#11100,#11101);
#8679=VERTEX_POINT('',#11102);
#8680=LINE('',#11103,#11104);
#8681=VERTEX_POINT('',#11105);
#8682=LINE('',#11106,#11107);
#8683=VERTEX_POINT('',#11108);
#8684=LINE('',#11109,#11110);
#8685=VERTEX_POINT('',#11111);
#8686=LINE('',#11112,#11113);
#8687=VERTEX_POINT('',#11114);
#8688=LINE('',#11115,#11116);
#8689=VERTEX_POINT('',#11117);
#8690=LINE('',#11118,#11119);
#8691=VERTEX_POINT('',#11120);
#8692=LINE('',#11121,#11122);
#8693=VERTEX_POINT('',#11123);
#8694=LINE('',#11124,#11125);
#8695=LINE('',#11126,#11127);
#8696=VERTEX_POINT('',#11128);
#8697=VERTEX_POINT('',#11129);
#8698=LINE('',#11130,#11131);
#8699=VERTEX_POINT('',#11132);
#8700=B_SPLINE_CURVE_WITH_KNOTS('',3,(#11133,#11134,#11135,#11136,#11137,#11138),.UNSPECIFIED.,.F.,.F.,(4,1,1,4),(0.0,0.3333333333333,0.6666666666667,1.0),.UNSPECIFIED.);
#8701=VERTEX_POINT('',#11139);
#8702=LINE('',#11140,#11141);
#8703=VERTEX_POINT('',#11142);
#8704=LINE('',#11143,#11144);
#8705=VERTEX_POINT('',#11145);
#8706=CIRCLE('',#11146,0.15);
#8707=VERTEX_POINT('',#11147);
#8708=LINE('',#11148,#11149);
#8709=VERTEX_POINT('',#11150);
#8710=CIRCLE('',#11151,0.15);
#8711=VERTEX_POINT('',#11152);
#8712=CIRCLE('',#11153,0.15);
#8713=VERTEX_POINT('',#11154);
#8714=LINE('',#11155,#11156);
#8715=VERTEX_POINT('',#11157);
#8716=CIRCLE('',#11158,0.15);
#8717=VERTEX_POINT('',#11159);
#8718=LINE('',#11160,#11161);
#8719=VERTEX_POINT('',#11162);
#8720=CIRCLE('',#11163,0.15);
#8721=VERTEX_POINT('',#11164);
#8722=LINE('',#11165,#11166);
#8723=VERTEX_POINT('',#11167);
#8724=CIRCLE('',#11168,0.15);
#8725=VERTEX_POINT('',#11169);
#8726=CIRCLE('',#11170,0.15);
#8727=VERTEX_POINT('',#11171);
#8728=LINE('',#11172,#11173);
#8729=VERTEX_POINT('',#11174);
#8730=CIRCLE('',#11175,0.15);
#8731=VERTEX_POINT('',#11176);
#8732=LINE('',#11177,#11178);
#8733=VERTEX_POINT('',#11179);
#8734=LINE('',#11180,#11181);
#8735=VERTEX_POINT('',#11182);
#8736=B_SPLINE_CURVE_WITH_KNOTS('',3,(#11183,#11184,#11185,#11186,#11187,#11188),.UNSPECIFIED.,.F.,.F.,(4,1,1,4),(0.0,0.3333333333333,0.6666666666667,1.0),.UNSPECIFIED.);
#8737=VERTEX_POINT('',#11189);
#8738=LINE('',#11190,#11191);
#8739=LINE('',#11192,#11193);
#8740=LINE('',#11194,#11195);
#8741=VERTEX_POINT('',#11196);
#8742=VERTEX_POINT('',#11197);
#8743=CIRCLE('',#11198,0.15);
#8744=VERTEX_POINT('',#11199);
#8745=CIRCLE('',#11200,0.15);
#8746=VERTEX_POINT('',#11201);
#8747=LINE('',#11202,#11203);
#8748=VERTEX_POINT('',#11204);
#8749=CIRCLE('',#11205,0.15);
#8750=VERTEX_POINT('',#11206);
#8751=CIRCLE('',#11207,0.15);
#8752=VERTEX_POINT('',#11208);
#8753=LINE('',#11209,#11210);
#8754=VERTEX_POINT('',#11211);
#8755=CIRCLE('',#11212,0.15);
#8756=VERTEX_POINT('',#11213);
#8757=CIRCLE('',#11214,0.15);
#8758=VERTEX_POINT('',#11215);
#8759=LINE('',#11216,#11217);
#8760=VERTEX_POINT('',#11218);
#8761=CIRCLE('',#11219,0.15);
#8762=VERTEX_POINT('',#11220);
#8763=CIRCLE('',#11221,0.15);
#8764=LINE('',#11222,#11223);
#8765=VERTEX_POINT('',#11224);
#8766=VERTEX_POINT('',#11225);
#8767=LINE('',#11226,#11227);
#8768=VERTEX_POINT('',#11228);
#8769=LINE('',#11229,#11230);
#8770=VERTEX_POINT('',#11231);
#8771=LINE('',#11232,#11233);
#8772=VERTEX_POINT('',#11234);
#8773=B_SPLINE_CURVE_WITH_KNOTS('',3,(#11235,#11236,#11237,#11238,#11239,#11240),.UNSPECIFIED.,.F.,.F.,(4,1,1,4),(0.0,0.3333333333333,0.6666666666667,1.0),.UNSPECIFIED.);
#8774=VERTEX_POINT('',#11241);
#8775=LINE('',#11242,#11243);
#8776=VERTEX_POINT('',#11244);
#8777=LINE('',#11245,#11246);
#8778=VERTEX_POINT('',#11247);
#8779=CIRCLE('',#11248,0.15);
#8780=VERTEX_POINT('',#11249);
#8781=LINE('',#11250,#11251);
#8782=VERTEX_POINT('',#11252);
#8783=CIRCLE('',#11253,0.15);
#8784=VERTEX_POINT('',#11254);
#8785=CIRCLE('',#11255,0.15);
#8786=VERTEX_POINT('',#11256);
#8787=LINE('',#11257,#11258);
#8788=VERTEX_POINT('',#11259);
#8789=CIRCLE('',#11260,0.15);
#8790=VERTEX_POINT('',#11261);
#8791=LINE('',#11262,#11263);
#8792=VERTEX_POINT('',#11264);
#8793=CIRCLE('',#11265,0.15);
#8794=VERTEX_POINT('',#11266);
#8795=LINE('',#11267,#11268);
#8796=VERTEX_POINT('',#11269);
#8797=CIRCLE('',#11270,0.15);
#8798=VERTEX_POINT('',#11271);
#8799=CIRCLE('',#11272,0.15);
#8800=VERTEX_POINT('',#11273);
#8801=LINE('',#11274,#11275);
#8802=VERTEX_POINT('',#11276);
#8803=CIRCLE('',#11277,0.15);
#8804=VERTEX_POINT('',#11278);
#8805=LINE('',#11279,#11280);
#8806=VERTEX_POINT('',#11281);
#8807=LINE('',#11282,#11283);
#8808=VERTEX_POINT('',#11284);
#8809=B_SPLINE_CURVE_WITH_KNOTS('',3,(#11285,#11286,#11287,#11288,#11289,#11290),.UNSPECIFIED.,.F.,.F.,(4,1,1,4),(0.0,0.3333333333333,0.6666666666667,1.0),.UNSPECIFIED.);
#8810=VERTEX_POINT('',#11291);
#8811=LINE('',#11292,#11293);
#8812=LINE('',#11294,#11295);
#8813=VERTEX_POINT('',#11296);
#8814=CIRCLE('',#11297,0.3);
#8815=VERTEX_POINT('',#11298);
#8816=LINE('',#11299,#11300);
#8817=VERTEX_POINT('',#11301);
#8818=CIRCLE('',#11302,1.0);
#8819=VERTEX_POINT('',#11303);
#8820=LINE('',#11304,#11305);
#8821=VERTEX_POINT('',#11306);
#8822=LINE('',#11307,#11308);
#8823=VERTEX_POINT('',#11309);
#8824=CIRCLE('',#11310,0.1);
#8825=LINE('',#11311,#11312);
#8826=VERTEX_POINT('',#11313);
#8827=LINE('',#11314,#11315);
#8828=LINE('',#11316,#11317);
#8829=VERTEX_POINT('',#11318);
#8830=CIRCLE('',#11319,0.3);
#8831=VERTEX_POINT('',#11320);
#8832=CIRCLE('',#11321,0.1);
#8833=VERTEX_POINT('',#11322);
#8834=LINE('',#11323,#11324);
#8835=VERTEX_POINT('',#11325);
#8836=LINE('',#11326,#11327);
#8837=VERTEX_POINT('',#11328);
#8838=CIRCLE('',#11329,1.0);
#8839=LINE('',#11330,#11331);
#8840=LINE('',#11332,#11333);
#8841=LINE('',#11334,#11335);
#8842=LINE('',#11336,#11337);
#8843=LINE('',#11338,#11339);
#8844=LINE('',#11340,#11341);
#8845=VERTEX_POINT('',#11342);
#8846=LINE('',#11343,#11344);
#8847=VERTEX_POINT('',#11345);
#8848=LINE('',#11346,#11347);
#8849=LINE('',#11348,#11349);
#8850=LINE('',#11350,#11351);
#8851=VERTEX_POINT('',#11352);
#8852=LINE('',#11353,#11354);
#8853=VERTEX_POINT('',#11355);
#8854=LINE('',#11356,#11357);
#8855=VERTEX_POINT('',#11358);
#8856=LINE('',#11359,#11360);
#8857=VERTEX_POINT('',#11361);
#8858=LINE('',#11362,#11363);
#8859=CIRCLE('',#11364,0.15);
#8860=VERTEX_POINT('',#11365);
#8861=CIRCLE('',#11366,0.15);
#8862=LINE('',#11367,#11368);
#8863=VERTEX_POINT('',#11369);
#8864=LINE('',#11370,#11371);
#8865=LINE('',#11372,#11373);
#8866=VERTEX_POINT('',#11374);
#8867=LINE('',#11375,#11376);
#8868=VERTEX_POINT('',#11377);
#8869=LINE('',#11378,#11379);
#8870=LINE('',#11380,#11381);
#8871=LINE('',#11382,#11383);
#8872=LINE('',#11384,#11385);
#8873=LINE('',#11386,#11387);
#8874=LINE('',#11388,#11389);
#8875=VERTEX_POINT('',#11390);
#8876=B_SPLINE_CURVE_WITH_KNOTS('',3,(#11391,#11392,#11393,#11394,#11395,#11396,#11397,#11398),.UNSPECIFIED.,.F.,.F.,(4,1,1,1,1,4),(0.0,0.2,0.4,0.6,0.8,1.0),.UNSPECIFIED.);
#8877=VERTEX_POINT('',#11399);
#8878=LINE('',#11400,#11401);
#8879=B_SPLINE_CURVE_WITH_KNOTS('',3,(#11402,#11403,#11404,#11405,#11406,#11407,#11408,#11409),.UNSPECIFIED.,.F.,.F.,(4,1,1,1,1,4),(0.0,0.2,0.4,0.6,0.8,1.0),.UNSPECIFIED.);
#8880=VERTEX_POINT('',#11410);
#8881=LINE('',#11411,#11412);
#8882=VERTEX_POINT('',#11413);
#8883=LINE('',#11414,#11415);
#8884=LINE('',#11416,#11417);
#8885=VERTEX_POINT('',#11418);
#8886=LINE('',#11419,#11420);
#8887=LINE('',#11421,#11422);
#8888=VERTEX_POINT('',#11423);
#8889=CIRCLE('',#11424,0.15);
#8890=LINE('',#11425,#11426);
#8891=VERTEX_POINT('',#11427);
#8892=LINE('',#11428,#11429);
#8893=LINE('',#11430,#11431);
#8894=VERTEX_POINT('',#11432);
#8895=CIRCLE('',#11433,0.15);
#8896=LINE('',#11434,#11435);
#8897=VERTEX_POINT('',#11436);
#8898=CIRCLE('',#11437,0.15);
#8899=LINE('',#11438,#11439);
#8900=VERTEX_POINT('',#11440);
#8901=LINE('',#11441,#11442);
#8902=LINE('',#11443,#11444);
#8903=VERTEX_POINT('',#11445);
#8904=CIRCLE('',#11446,0.15);
#8905=LINE('',#11447,#11448);
#8906=VERTEX_POINT('',#11449);
#8907=LINE('',#11450,#11451);
#8908=LINE('',#11452,#11453);
#8909=VERTEX_POINT('',#11454);
#8910=CIRCLE('',#11455,0.15);
#8911=LINE('',#11456,#11457);
#8912=VERTEX_POINT('',#11458);
#8913=LINE('',#11459,#11460);
#8914=LINE('',#11461,#11462);
#8915=VERTEX_POINT('',#11463);
#8916=CIRCLE('',#11464,0.15);
#8917=LINE('',#11465,#11466);
#8918=VERTEX_POINT('',#11467);
#8919=CIRCLE('',#11468,0.15);
#8920=LINE('',#11469,#11470);
#8921=VERTEX_POINT('',#11471);
#8922=LINE('',#11472,#11473);
#8923=LINE('',#11474,#11475);
#8924=VERTEX_POINT('',#11476);
#8925=CIRCLE('',#11477,0.15);
#8926=LINE('',#11478,#11479);
#8927=VERTEX_POINT('',#11480);
#8928=LINE('',#11481,#11482);
#8929=LINE('',#11483,#11484);
#8930=VERTEX_POINT('',#11485);
#8931=LINE('',#11486,#11487);
#8932=LINE('',#11488,#11489);
#8933=VERTEX_POINT('',#11490);
#8934=LINE('',#11491,#11492);
#8935=VERTEX_POINT('',#11493);
#8936=LINE('',#11494,#11495);
#8937=LINE('',#11496,#11497);
#8938=VERTEX_POINT('',#11498);
#8939=LINE('',#11499,#11500);
#8940=VERTEX_POINT('',#11501);
#8941=LINE('',#11502,#11503);
#8942=VERTEX_POINT('',#11504);
#8943=LINE('',#11505,#11506);
#8944=LINE('',#11507,#11508);
#8945=VERTEX_POINT('',#11509);
#8946=VERTEX_POINT('',#11510);
#8947=LINE('',#11511,#11512);
#8948=VERTEX_POINT('',#11513);
#8949=LINE('',#11514,#11515);
#8950=VERTEX_POINT('',#11516);
#8951=LINE('',#11517,#11518);
#8952=VERTEX_POINT('',#11519);
#8953=LINE('',#11520,#11521);
#8954=VERTEX_POINT('',#11522);
#8955=LINE('',#11523,#11524);
#8956=VERTEX_POINT('',#11525);
#8957=LINE('',#11526,#11527);
#8958=VERTEX_POINT('',#11528);
#8959=LINE('',#11529,#11530);
#8960=VERTEX_POINT('',#11531);
#8961=LINE('',#11532,#11533);
#8962=VERTEX_POINT('',#11534);
#8963=LINE('',#11535,#11536);
#8964=VERTEX_POINT('',#11537);
#8965=LINE('',#11538,#11539);
#8966=VERTEX_POINT('',#11540);
#8967=LINE('',#11541,#11542);
#8968=VERTEX_POINT('',#11543);
#8969=CIRCLE('',#11544,0.2);
#8970=VERTEX_POINT('',#11545);
#8971=LINE('',#11546,#11547);
#8972=VERTEX_POINT('',#11548);
#8973=CIRCLE('',#11549,0.2);
#8974=VERTEX_POINT('',#11550);
#8975=LINE('',#11551,#11552);
#8976=VERTEX_POINT('',#11553);
#8977=LINE('',#11554,#11555);
#8978=VERTEX_POINT('',#11556);
#8979=LINE('',#11557,#11558);
#8980=LINE('',#11559,#11560);
#8981=VERTEX_POINT('',#11561);
#8982=VERTEX_POINT('',#11562);
#8983=CIRCLE('',#11563,0.15);
#8984=VERTEX_POINT('',#11564);
#8985=LINE('',#11565,#11566);
#8986=VERTEX_POINT('',#11567);
#8987=CIRCLE('',#11568,0.15);
#8988=VERTEX_POINT('',#11569);
#8989=CIRCLE('',#11570,0.15);
#8990=VERTEX_POINT('',#11571);
#8991=LINE('',#11572,#11573);
#8992=VERTEX_POINT('',#11574);
#8993=CIRCLE('',#11575,0.15);
#8994=VERTEX_POINT('',#11576);
#8995=CIRCLE('',#11577,0.15);
#8996=VERTEX_POINT('',#11578);
#8997=LINE('',#11579,#11580);
#8998=VERTEX_POINT('',#11581);
#8999=CIRCLE('',#11582,0.15);
#9000=VERTEX_POINT('',#11583);
#9001=CIRCLE('',#11584,0.15);
#9002=VERTEX_POINT('',#11585);
#9003=LINE('',#11586,#11587);
#9004=CIRCLE('',#11588,0.15);
#9005=VERTEX_POINT('',#11589);
#9006=VERTEX_POINT('',#11590);
#9007=CIRCLE('',#11591,0.15);
#9008=VERTEX_POINT('',#11592);
#9009=LINE('',#11593,#11594);
#9010=VERTEX_POINT('',#11595);
#9011=CIRCLE('',#11596,0.15);
#9012=VERTEX_POINT('',#11597);
#9013=CIRCLE('',#11598,0.15);
#9014=VERTEX_POINT('',#11599);
#9015=LINE('',#11600,#11601);
#9016=VERTEX_POINT('',#11602);
#9017=CIRCLE('',#11603,0.15);
#9018=VERTEX_POINT('',#11604);
#9019=LINE('',#11605,#11606);
#9020=VERTEX_POINT('',#11607);
#9021=LINE('',#11608,#11609);
#9022=VERTEX_POINT('',#11610);
#9023=LINE('',#11611,#11612);
#9024=VERTEX_POINT('',#11613);
#9025=LINE('',#11614,#11615);
#9026=VERTEX_POINT('',#11616);
#9027=LINE('',#11617,#11618);
#9028=VERTEX_POINT('',#11619);
#9029=LINE('',#11620,#11621);
#9030=VERTEX_POINT('',#11622);
#9031=LINE('',#11623,#11624);
#9032=VERTEX_POINT('',#11625);
#9033=CIRCLE('',#11626,0.15);
#9034=VERTEX_POINT('',#11627);
#9035=LINE('',#11628,#11629);
#9036=VERTEX_POINT('',#11630);
#9037=CIRCLE('',#11631,0.15);
#9038=VERTEX_POINT('',#11632);
#9039=CIRCLE('',#11633,0.15);
#9040=VERTEX_POINT('',#11634);
#9041=LINE('',#11635,#11636);
#9042=VERTEX_POINT('',#11637);
#9043=CIRCLE('',#11638,0.15);
#9044=LINE('',#11639,#11640);
#9045=VERTEX_POINT('',#11641);
#9046=LINE('',#11642,#11643);
#9047=LINE('',#11644,#11645);
#9048=VERTEX_POINT('',#11646);
#9049=VERTEX_POINT('',#11647);
#9050=CIRCLE('',#11648,0.25);
#9051=VERTEX_POINT('',#11649);
#9052=LINE('',#11650,#11651);
#9053=VERTEX_POINT('',#11652);
#9054=CIRCLE('',#11653,0.25);
#9055=LINE('',#11654,#11655);
#9056=VERTEX_POINT('',#11656);
#9057=VERTEX_POINT('',#11657);
#9058=CIRCLE('',#11658,0.25);
#9059=VERTEX_POINT('',#11659);
#9060=LINE('',#11660,#11661);
#9061=VERTEX_POINT('',#11662);
#9062=CIRCLE('',#11663,0.25);
#9063=LINE('',#11664,#11665);
#9064=VERTEX_POINT('',#11666);
#9065=CIRCLE('',#11667,0.1);
#9066=VERTEX_POINT('',#11668);
#9067=CIRCLE('',#11669,0.1);
#9068=LINE('',#11670,#11671);
#9069=VERTEX_POINT('',#11672);
#9070=CIRCLE('',#11673,0.09999999999999);
#9071=VERTEX_POINT('',#11674);
#9072=LINE('',#11675,#11676);
#9073=CIRCLE('',#11677,0.1);
#9074=VERTEX_POINT('',#11678);
#9075=CIRCLE('',#11679,0.07679491924312);
#9076=VERTEX_POINT('',#11680);
#9077=CIRCLE('',#11681,0.1);
#9078=CIRCLE('',#11682,0.1633974596216);
#9079=CIRCLE('',#11683,0.1);
#9080=VERTEX_POINT('',#11684);
#9081=CIRCLE('',#11685,0.1);
#9082=LINE('',#11686,#11687);
#9083=VERTEX_POINT('',#11688);
#9084=LINE('',#11689,#11690);
#9085=CIRCLE('',#11691,0.09999999999999);
#9086=CIRCLE('',#11692,0.07679491924311);
#9087=CIRCLE('',#11693,0.1633974596216);
#9088=VERTEX_POINT('',#11694);
#9089=VERTEX_POINT('',#11695);
#9090=CIRCLE('',#11696,0.15);
#9091=VERTEX_POINT('',#11697);
#9092=B_SPLINE_CURVE_WITH_KNOTS('',3,(#11698,#11699,#11700,#11701),.UNSPECIFIED.,.F.,.F.,(4,4),(0.0,1.0),.UNSPECIFIED.);
#9093=B_SPLINE_CURVE_WITH_KNOTS('',3,(#11702,#11703,#11704,#11705,#11706,#11707),.UNSPECIFIED.,.F.,.F.,(4,1,1,4),(0.0,0.3333333333333,0.6666666666667,1.0),.UNSPECIFIED.);
#9094=LINE('',#11708,#11709);
#9095=VERTEX_POINT('',#11710);
#9096=B_SPLINE_CURVE_WITH_KNOTS('',3,(#11711,#11712,#11713,#11714,#11715,#11716,#11717),.UNSPECIFIED.,.F.,.F.,(4,1,1,1,4),(0.0,0.25,0.5,0.75,1.0),.UNSPECIFIED.);
#9097=LINE('',#11718,#11719);
#9098=VERTEX_POINT('',#11720);
#9099=CIRCLE('',#11721,0.4);
#9100=VERTEX_POINT('',#11722);
#9101=LINE('',#11723,#11724);
#9102=VERTEX_POINT('',#11725);
#9103=CIRCLE('',#11726,0.5);
#9104=VERTEX_POINT('',#11727);
#9105=LINE('',#11728,#11729);
#9106=VERTEX_POINT('',#11730);
#9107=CIRCLE('',#11731,0.4);
#9108=VERTEX_POINT('',#11732);
#9109=LINE('',#11733,#11734);
#9110=LINE('',#11735,#11736);
#9111=VERTEX_POINT('',#11737);
#9112=VERTEX_POINT('',#11738);
#9113=LINE('',#11739,#11740);
#9114=VERTEX_POINT('',#11741);
#9115=LINE('',#11742,#11743);
#9116=VERTEX_POINT('',#11744);
#9117=LINE('',#11745,#11746);
#9118=VERTEX_POINT('',#11747);
#9119=LINE('',#11748,#11749);
#9120=VERTEX_POINT('',#11750);
#9121=LINE('',#11751,#11752);
#9122=VERTEX_POINT('',#11753);
#9123=LINE('',#11754,#11755);
#9124=VERTEX_POINT('',#11756);
#9125=LINE('',#11757,#11758);
#9126=LINE('',#11759,#11760);
#9127=VERTEX_POINT('',#11761);
#9128=VERTEX_POINT('',#11762);
#9129=LINE('',#11763,#11764);
#9130=VERTEX_POINT('',#11765);
#9131=CIRCLE('',#11766,0.15);
#9132=VERTEX_POINT('',#11767);
#9133=LINE('',#11768,#11769);
#9134=VERTEX_POINT('',#11770);
#9135=CIRCLE('',#11771,0.15);
#9136=LINE('',#11772,#11773);
#9137=CIRCLE('',#11774,0.15);
#9138=B_SPLINE_CURVE_WITH_KNOTS('',3,(#11775,#11776,#11777,#11778,#11779,#11780,#11781),.UNSPECIFIED.,.F.,.F.,(4,1,1,1,4),(0.0,0.25,0.5,0.75,1.0),.UNSPECIFIED.);
#9139=LINE('',#11782,#11783);
#9140=VERTEX_POINT('',#11784);
#9141=B_SPLINE_CURVE_WITH_KNOTS('',3,(#11785,#11786,#11787,#11788,#11789,#11790),.UNSPECIFIED.,.F.,.F.,(4,1,1,4),(0.0,0.3333333333333,0.6666666666667,1.00000000001675),.UNSPECIFIED.);
#9142=B_SPLINE_CURVE_WITH_KNOTS('',3,(#11791,#11792,#11793,#11794),.UNSPECIFIED.,.F.,.F.,(4,4),(0.0,1.0),.UNSPECIFIED.);
#9143=VERTEX_POINT('',#11795);
#9144=LINE('',#11796,#11797);
#9145=B_SPLINE_CURVE_WITH_KNOTS('',3,(#11798,#11799,#11800,#11801),.UNSPECIFIED.,.F.,.F.,(4,4),(0.0,1.0),.UNSPECIFIED.);
#9146=B_SPLINE_CURVE_WITH_KNOTS('',3,(#11802,#11803,#11804,#11805,#11806,#11807),.UNSPECIFIED.,.F.,.F.,(4,1,1,4),(0.0,0.3333333333333,0.6666666666667,1.0),.UNSPECIFIED.);
#9147=LINE('',#11808,#11809);
#9148=VERTEX_POINT('',#11810);
#9149=B_SPLINE_CURVE_WITH_KNOTS('',3,(#11811,#11812,#11813,#11814,#11815,#11816,#11817),.UNSPECIFIED.,.F.,.F.,(4,1,1,1,4),(0.0,0.25,0.5,0.75,1.0),.UNSPECIFIED.);
#9150=LINE('',#11818,#11819);
#9151=VERTEX_POINT('',#11820);
#9152=CIRCLE('',#11821,0.4);
#9153=VERTEX_POINT('',#11822);
#9154=LINE('',#11823,#11824);
#9155=VERTEX_POINT('',#11825);
#9156=CIRCLE('',#11826,0.5);
#9157=VERTEX_POINT('',#11827);
#9158=LINE('',#11828,#11829);
#9159=VERTEX_POINT('',#11830);
#9160=CIRCLE('',#11831,0.4);
#9161=LINE('',#11832,#11833);
#9162=B_SPLINE_CURVE_WITH_KNOTS('',3,(#11834,#11835,#11836,#11837,#11838,#11839,#11840),.UNSPECIFIED.,.F.,.F.,(4,1,1,1,4),(0.0,0.25,0.5,0.75,1.0),.UNSPECIFIED.);
#9163=LINE('',#11841,#11842);
#9164=VERTEX_POINT('',#11843);
#9165=B_SPLINE_CURVE_WITH_KNOTS('',3,(#11844,#11845,#11846,#11847,#11848,#11849),.UNSPECIFIED.,.F.,.F.,(4,1,1,4),(0.0,0.3333333333333,0.6666666666667,1.0000000000343),.UNSPECIFIED.);
#9166=B_SPLINE_CURVE_WITH_KNOTS('',3,(#11850,#11851,#11852,#11853),.UNSPECIFIED.,.F.,.F.,(4,4),(0.0,1.0),.UNSPECIFIED.);
#9167=LINE('',#11854,#11855);
#9168=LINE('',#11856,#11857);
#9169=LINE('',#11858,#11859);
#9170=LINE('',#11860,#11861);
#9171=LINE('',#11862,#11863);
#9172=LINE('',#11864,#11865);
#9173=LINE('',#11866,#11867);
#9174=LINE('',#11868,#11869);
#9175=LINE('',#11870,#11871);
#9176=VERTEX_POINT('',#11872);
#9177=VERTEX_POINT('',#11873);
#9178=LINE('',#11874,#11875);
#9179=VERTEX_POINT('',#11876);
#9180=CIRCLE('',#11877,0.25);
#9181=VERTEX_POINT('',#11878);
#9182=LINE('',#11879,#11880);
#9183=VERTEX_POINT('',#11881);
#9184=LINE('',#11882,#11883);
#9185=VERTEX_POINT('',#11884);
#9186=LINE('',#11885,#11886);
#9187=VERTEX_POINT('',#11887);
#9188=LINE('',#11888,#11889);
#9189=VERTEX_POINT('',#11890);
#9190=LINE('',#11891,#11892);
#9191=VERTEX_POINT('',#11893);
#9192=CIRCLE('',#11894,0.25);
#9193=VERTEX_POINT('',#11895);
#9194=LINE('',#11896,#11897);
#9195=VERTEX_POINT('',#11898);
#9196=CIRCLE('',#11899,0.25);
#9197=VERTEX_POINT('',#11900);
#9198=LINE('',#11901,#11902);
#9199=CIRCLE('',#11903,0.35);
#9200=VERTEX_POINT('',#11904);
#9201=CIRCLE('',#11905,0.35);
#9202=VERTEX_POINT('',#11906);
#9203=LINE('',#11907,#11908);
#9204=CIRCLE('',#11909,0.25);
#9205=VERTEX_POINT('',#11910);
#9206=VERTEX_POINT('',#11911);
#9207=CIRCLE('',#11912,0.2);
#9208=VERTEX_POINT('',#11913);
#9209=LINE('',#11914,#11915);
#9210=VERTEX_POINT('',#11916);
#9211=CIRCLE('',#11917,0.2);
#9212=VERTEX_POINT('',#11918);
#9213=LINE('',#11919,#11920);
#9214=VERTEX_POINT('',#11921);
#9215=CIRCLE('',#11922,0.2);
#9216=VERTEX_POINT('',#11923);
#9217=LINE('',#11924,#11925);
#9218=VERTEX_POINT('',#11926);
#9219=LINE('',#11927,#11928);
#9220=VERTEX_POINT('',#11929);
#9221=LINE('',#11930,#11931);
#9222=VERTEX_POINT('',#11932);
#9223=LINE('',#11933,#11934);
#9224=VERTEX_POINT('',#11935);
#9225=LINE('',#11936,#11937);
#9226=VERTEX_POINT('',#11938);
#9227=LINE('',#11939,#11940);
#9228=VERTEX_POINT('',#11941);
#9229=LINE('',#11942,#11943);
#9230=VERTEX_POINT('',#11944);
#9231=LINE('',#11945,#11946);
#9232=VERTEX_POINT('',#11947);
#9233=LINE('',#11948,#11949);
#9234=VERTEX_POINT('',#11950);
#9235=LINE('',#11951,#11952);
#9236=VERTEX_POINT('',#11953);
#9237=LINE('',#11954,#11955);
#9238=VERTEX_POINT('',#11956);
#9239=LINE('',#11957,#11958);
#9240=VERTEX_POINT('',#11959);
#9241=LINE('',#11960,#11961);
#9242=VERTEX_POINT('',#11962);
#9243=LINE('',#11963,#11964);
#9244=VERTEX_POINT('',#11965);
#9245=LINE('',#11966,#11967);
#9246=VERTEX_POINT('',#11968);
#9247=LINE('',#11969,#11970);
#9248=VERTEX_POINT('',#11971);
#9249=LINE('',#11972,#11973);
#9250=VERTEX_POINT('',#11974);
#9251=LINE('',#11975,#11976);
#9252=VERTEX_POINT('',#11977);
#9253=LINE('',#11978,#11979);
#9254=VERTEX_POINT('',#11980);
#9255=LINE('',#11981,#11982);
#9256=VERTEX_POINT('',#11983);
#9257=LINE('',#11984,#11985);
#9258=VERTEX_POINT('',#11986);
#9259=CIRCLE('',#11987,0.2);
#9260=LINE('',#11988,#11989);
#9261=VERTEX_POINT('',#11990);
#9262=LINE('',#11991,#11992);
#9263=VERTEX_POINT('',#11993);
#9264=LINE('',#11994,#11995);
#9265=LINE('',#11996,#11997);
#9266=VERTEX_POINT('',#11998);
#9267=LINE('',#11999,#12000);
#9268=CIRCLE('',#12001,0.2);
#9269=VERTEX_POINT('',#12002);
#9270=CIRCLE('',#12003,0.2);
#9271=CIRCLE('',#12004,0.2);
#9272=VERTEX_POINT('',#12005);
#9273=LINE('',#12006,#12007);
#9274=VERTEX_POINT('',#12008);
#9275=CIRCLE('',#12009,0.2);
#9276=LINE('',#12010,#12011);
#9277=LINE('',#12012,#12013);
#9278=VERTEX_POINT('',#12014);
#9279=LINE('',#12015,#12016);
#9280=CIRCLE('',#12017,0.2);
#9281=CIRCLE('',#12018,0.2);
#9282=VERTEX_POINT('',#12019);
#9283=VERTEX_POINT('',#12020);
#9284=B_SPLINE_CURVE_WITH_KNOTS('',3,(#12021,#12022,#12023,#12024,#12025,#12026,#12027,#12028,#12029,#12030,#12031,#12032,#12033,#12034),.UNSPECIFIED.,.F.,.F.,(4,1,1,1,1,1,1,1,1,1,1,4),(0.0,0.09090909090909,0.1818181818182,0.2727272727273,0.3636363636364,0.4545454545455,0.5454545454545,0.6363636363636,0.7272727272727,0.8181818181818,0.9090909090909,1.0),.UNSPECIFIED.);
#9285=LINE('',#12035,#12036);
#9286=LINE('',#12037,#12038);
#9287=VERTEX_POINT('',#12039);
#9288=VERTEX_POINT('',#12040);
#9289=LINE('',#12041,#12042);
#9290=VERTEX_POINT('',#12043);
#9291=LINE('',#12044,#12045);
#9292=VERTEX_POINT('',#12046);
#9293=LINE('',#12047,#12048);
#9294=VERTEX_POINT('',#12049);
#9295=LINE('',#12050,#12051);
#9296=VERTEX_POINT('',#12052);
#9297=LINE('',#12053,#12054);
#9298=VERTEX_POINT('',#12055);
#9299=LINE('',#12056,#12057);
#9300=VERTEX_POINT('',#12058);
#9301=LINE('',#12059,#12060);
#9302=VERTEX_POINT('',#12061);
#9303=LINE('',#12062,#12063);
#9304=VERTEX_POINT('',#12064);
#9305=LINE('',#12065,#12066);
#9306=VERTEX_POINT('',#12067);
#9307=LINE('',#12068,#12069);
#9308=VERTEX_POINT('',#12070);
#9309=LINE('',#12071,#12072);
#9310=VERTEX_POINT('',#12073);
#9311=LINE('',#12074,#12075);
#9312=VERTEX_POINT('',#12076);
#9313=LINE('',#12077,#12078);
#9314=VERTEX_POINT('',#12079);
#9315=LINE('',#12080,#12081);
#9316=VERTEX_POINT('',#12082);
#9317=LINE('',#12083,#12084);
#9318=VERTEX_POINT('',#12085);
#9319=LINE('',#12086,#12087);
#9320=LINE('',#12088,#12089);
#9321=VERTEX_POINT('',#12090);
#9322=LINE('',#12091,#12092);
#9323=VERTEX_POINT('',#12093);
#9324=LINE('',#12094,#12095);
#9325=VERTEX_POINT('',#12096);
#9326=LINE('',#12097,#12098);
#9327=VERTEX_POINT('',#12099);
#9328=LINE('',#12100,#12101);
#9329=LINE('',#12102,#12103);
#9330=VERTEX_POINT('',#12104);
#9331=LINE('',#12105,#12106);
#9332=VERTEX_POINT('',#12107);
#9333=LINE('',#12108,#12109);
#9334=VERTEX_POINT('',#12110);
#9335=CIRCLE('',#12111,0.25);
#9336=LINE('',#12112,#12113);
#9337=LINE('',#12114,#12115);
#9338=VERTEX_POINT('',#12116);
#9339=LINE('',#12117,#12118);
#9340=LINE('',#12119,#12120);
#9341=LINE('',#12121,#12122);
#9342=VERTEX_POINT('',#12123);
#9343=LINE('',#12124,#12125);
#9344=VERTEX_POINT('',#12126);
#9345=CIRCLE('',#12127,0.25);
#9346=LINE('',#12128,#12129);
#9347=VERTEX_POINT('',#12130);
#9348=LINE('',#12131,#12132);
#9349=LINE('',#12133,#12134);
#9350=VERTEX_POINT('',#12135);
#9351=LINE('',#12136,#12137);
#9352=VERTEX_POINT('',#12138);
#9353=CIRCLE('',#12139,0.25);
#9354=LINE('',#12140,#12141);
#9355=LINE('',#12142,#12143);
#9356=VERTEX_POINT('',#12144);
#9357=LINE('',#12145,#12146);
#9358=LINE('',#12147,#12148);
#9359=LINE('',#12149,#12150);
#9360=VERTEX_POINT('',#12151);
#9361=LINE('',#12152,#12153);
#9362=VERTEX_POINT('',#12154);
#9363=CIRCLE('',#12155,0.25);
#9364=LINE('',#12156,#12157);
#9365=VERTEX_POINT('',#12158);
#9366=LINE('',#12159,#12160);
#9367=LINE('',#12161,#12162);
#9368=VERTEX_POINT('',#12163);
#9369=LINE('',#12164,#12165);
#9370=VERTEX_POINT('',#12166);
#9371=CIRCLE('',#12167,0.25);
#9372=LINE('',#12168,#12169);
#9373=LINE('',#12170,#12171);
#9374=VERTEX_POINT('',#12172);
#9375=LINE('',#12173,#12174);
#9376=LINE('',#12175,#12176);
#9377=LINE('',#12177,#12178);
#9378=VERTEX_POINT('',#12179);
#9379=LINE('',#12180,#12181);
#9380=VERTEX_POINT('',#12182);
#9381=CIRCLE('',#12183,0.25);
#9382=LINE('',#12184,#12185);
#9383=VERTEX_POINT('',#12186);
#9384=LINE('',#12187,#12188);
#9385=LINE('',#12189,#12190);
#9386=VERTEX_POINT('',#12191);
#9387=LINE('',#12192,#12193);
#9388=VERTEX_POINT('',#12194);
#9389=CIRCLE('',#12195,0.25);
#9390=LINE('',#12196,#12197);
#9391=LINE('',#12198,#12199);
#9392=VERTEX_POINT('',#12200);
#9393=LINE('',#12201,#12202);
#9394=LINE('',#12203,#12204);
#9395=LINE('',#12205,#12206);
#9396=VERTEX_POINT('',#12207);
#9397=LINE('',#12208,#12209);
#9398=VERTEX_POINT('',#12210);
#9399=CIRCLE('',#12211,0.25);
#9400=LINE('',#12212,#12213);
#9401=VERTEX_POINT('',#12214);
#9402=LINE('',#12215,#12216);
#9403=LINE('',#12217,#12218);
#9404=VERTEX_POINT('',#12219);
#9405=CIRCLE('',#12220,0.25);
#9406=LINE('',#12221,#12222);
#9407=LINE('',#12223,#12224);
#9408=LINE('',#12225,#12226);
#9409=LINE('',#12227,#12228);
#9410=LINE('',#12229,#12230);
#9411=LINE('',#12231,#12232);
#9412=LINE('',#12233,#12234);
#9413=LINE('',#12235,#12236);
#9414=VERTEX_POINT('',#12237);
#9415=LINE('',#12238,#12239);
#9416=LINE('',#12240,#12241);
#9417=LINE('',#12242,#12243);
#9418=VERTEX_POINT('',#12244);
#9419=CIRCLE('',#12245,0.25);
#9420=LINE('',#12246,#12247);
#9421=LINE('',#12248,#12249);
#9422=LINE('',#12250,#12251);
#9423=B_SPLINE_CURVE_WITH_KNOTS('',3,(#12252,#12253,#12254,#12255,#12256,#12257,#12258,#12259,#12260,#12261,#12262,#12263,#12264,#12265),.UNSPECIFIED.,.F.,.F.,(4,1,1,1,1,1,1,1,1,1,1,4),(0.0,0.09090909090909,0.1818181818182,0.2727272727273,0.3636363636364,0.4545454545455,0.5454545454545,0.6363636363636,0.7272727272727,0.8181818181818,0.9090909090909,1.0),.UNSPECIFIED.);
#9424=VERTEX_POINT('',#12266);
#9425=VERTEX_POINT('',#12267);
#9426=CIRCLE('',#12268,0.25);
#9427=LINE('',#12269,#12270);
#9428=VERTEX_POINT('',#12271);
#9429=CIRCLE('',#12272,0.25);
#9430=VERTEX_POINT('',#12273);
#9431=B_SPLINE_CURVE_WITH_KNOTS('',3,(#12274,#12275,#12276,#12277),.UNSPECIFIED.,.F.,.F.,(4,4),(0.0,1.0),.UNSPECIFIED.);
#9432=LINE('',#12278,#12279);
#9433=VERTEX_POINT('',#12280);
#9434=VERTEX_POINT('',#12281);
#9435=CIRCLE('',#12282,0.25);
#9436=VERTEX_POINT('',#12283);
#9437=LINE('',#12284,#12285);
#9438=VERTEX_POINT('',#12286);
#9439=LINE('',#12287,#12288);
#9440=VERTEX_POINT('',#12289);
#9441=LINE('',#12290,#12291);
#9442=VERTEX_POINT('',#12292);
#9443=LINE('',#12293,#12294);
#9444=VERTEX_POINT('',#12295);
#9445=LINE('',#12296,#12297);
#9446=VERTEX_POINT('',#12298);
#9447=LINE('',#12299,#12300);
#9448=VERTEX_POINT('',#12301);
#9449=LINE('',#12302,#12303);
#9450=VERTEX_POINT('',#12304);
#9451=LINE('',#12305,#12306);
#9452=LINE('',#12307,#12308);
#9453=VERTEX_POINT('',#12309);
#9454=CIRCLE('',#12310,0.15);
#9455=VERTEX_POINT('',#12311);
#9456=CIRCLE('',#12312,0.15);
#9457=VERTEX_POINT('',#12313);
#9458=LINE('',#12314,#12315);
#9459=VERTEX_POINT('',#12316);
#9460=LINE('',#12317,#12318);
#9461=VERTEX_POINT('',#12319);
#9462=LINE('',#12320,#12321);
#9463=LINE('',#12322,#12323);
#9464=VERTEX_POINT('',#12324);
#9465=VERTEX_POINT('',#12325);
#9466=LINE('',#12326,#12327);
#9467=VERTEX_POINT('',#12328);
#9468=LINE('',#12329,#12330);
#9469=VERTEX_POINT('',#12331);
#9470=LINE('',#12332,#12333);
#9471=LINE('',#12334,#12335);
#9472=VERTEX_POINT('',#12336);
#9473=VERTEX_POINT('',#12337);
#9474=LINE('',#12338,#12339);
#9475=VERTEX_POINT('',#12340);
#9476=LINE('',#12341,#12342);
#9477=VERTEX_POINT('',#12343);
#9478=LINE('',#12344,#12345);
#9479=LINE('',#12346,#12347);
#9480=LINE('',#12348,#12349);
#9481=VERTEX_POINT('',#12350);
#9482=LINE('',#12351,#12352);
#9483=VERTEX_POINT('',#12353);
#9484=LINE('',#12354,#12355);
#9485=LINE('',#12356,#12357);
#9486=VERTEX_POINT('',#12358);
#9487=VERTEX_POINT('',#12359);
#9488=LINE('',#12360,#12361);
#9489=LINE('',#12362,#12363);
#9490=VERTEX_POINT('',#12364);
#9491=LINE('',#12365,#12366);
#9492=VERTEX_POINT('',#12367);
#9493=LINE('',#12368,#12369);
#9494=VERTEX_POINT('',#12370);
#9495=LINE('',#12371,#12372);
#9496=VERTEX_POINT('',#12373);
#9497=CIRCLE('',#12374,0.15);
#9498=VERTEX_POINT('',#12375);
#9499=CIRCLE('',#12376,0.15);
#9500=VERTEX_POINT('',#12377);
#9501=LINE('',#12378,#12379);
#9502=VERTEX_POINT('',#12380);
#9503=LINE('',#12381,#12382);
#9504=VERTEX_POINT('',#12383);
#9505=LINE('',#12384,#12385);
#9506=VERTEX_POINT('',#12386);
#9507=LINE('',#12387,#12388);
#9508=VERTEX_POINT('',#12389);
#9509=LINE('',#12390,#12391);
#9510=VERTEX_POINT('',#12392);
#9511=LINE('',#12393,#12394);
#9512=VERTEX_POINT('',#12395);
#9513=LINE('',#12396,#12397);
#9514=VERTEX_POINT('',#12398);
#9515=LINE('',#12399,#12400);
#9516=LINE('',#12401,#12402);
#9517=LINE('',#12403,#12404);
#9518=LINE('',#12405,#12406);
#9519=VERTEX_POINT('',#12407);
#9520=LINE('',#12408,#12409);
#9521=VERTEX_POINT('',#12410);
#9522=LINE('',#12411,#12412);
#9523=VERTEX_POINT('',#12413);
#9524=LINE('',#12414,#12415);
#9525=VERTEX_POINT('',#12416);
#9526=LINE('',#12417,#12418);
#9527=LINE('',#12419,#12420);
#9528=VERTEX_POINT('',#12421);
#9529=LINE('',#12422,#12423);
#9530=VERTEX_POINT('',#12424);
#9531=LINE('',#12425,#12426);
#9532=LINE('',#12427,#12428);
#9533=VERTEX_POINT('',#12429);
#9534=VERTEX_POINT('',#12430);
#9535=LINE('',#12431,#12432);
#9536=VERTEX_POINT('',#12433);
#9537=B_SPLINE_CURVE_WITH_KNOTS('',3,(#12434,#12435,#12436,#12437,#12438,#12439),.UNSPECIFIED.,.F.,.F.,(4,1,1,4),(0.0,0.3333333333333,0.6666666666667,1.0),.UNSPECIFIED.);
#9538=LINE('',#12440,#12441);
#9539=VERTEX_POINT('',#12442);
#9540=LINE('',#12443,#12444);
#9541=VERTEX_POINT('',#12445);
#9542=LINE('',#12446,#12447);
#9543=VERTEX_POINT('',#12448);
#9544=LINE('',#12449,#12450);
#9545=VERTEX_POINT('',#12451);
#9546=LINE('',#12452,#12453);
#9547=VERTEX_POINT('',#12454);
#9548=LINE('',#12455,#12456);
#9549=VERTEX_POINT('',#12457);
#9550=LINE('',#12458,#12459);
#9551=LINE('',#12460,#12461);
#9552=VERTEX_POINT('',#12462);
#9553=VERTEX_POINT('',#12463);
#9554=LINE('',#12464,#12465);
#9555=VERTEX_POINT('',#12466);
#9556=LINE('',#12467,#12468);
#9557=VERTEX_POINT('',#12469);
#9558=LINE('',#12470,#12471);
#9559=LINE('',#12472,#12473);
#9560=VERTEX_POINT('',#12474);
#9561=LINE('',#12475,#12476);
#9562=VERTEX_POINT('',#12477);
#9563=CIRCLE('',#12478,0.15);
#9564=VERTEX_POINT('',#12479);
#9565=LINE('',#12480,#12481);
#9566=VERTEX_POINT('',#12482);
#9567=LINE('',#12483,#12484);
#9568=VERTEX_POINT('',#12485);
#9569=LINE('',#12486,#12487);
#9570=VERTEX_POINT('',#12488);
#9571=CIRCLE('',#12489,0.45);
#9572=LINE('',#12490,#12491);
#9573=VERTEX_POINT('',#12492);
#9574=LINE('',#12493,#12494);
#9575=LINE('',#12495,#12496);
#9576=VERTEX_POINT('',#12497);
#9577=CIRCLE('',#12498,0.45);
#9578=VERTEX_POINT('',#12499);
#9579=LINE('',#12500,#12501);
#9580=VERTEX_POINT('',#12502);
#9581=LINE('',#12503,#12504);
#9582=VERTEX_POINT('',#12505);
#9583=LINE('',#12506,#12507);
#9584=VERTEX_POINT('',#12508);
#9585=CIRCLE('',#12509,0.15);
#9586=LINE('',#12510,#12511);
#9587=LINE('',#12512,#12513);
#9588=LINE('',#12514,#12515);
#9589=VERTEX_POINT('',#12516);
#9590=CIRCLE('',#12517,0.1);
#9591=VERTEX_POINT('',#12518);
#9592=CIRCLE('',#12519,0.1);
#9593=VERTEX_POINT('',#12520);
#9594=LINE('',#12521,#12522);
#9595=VERTEX_POINT('',#12523);
#9596=LINE('',#12524,#12525);
#9597=VERTEX_POINT('',#12526);
#9598=LINE('',#12527,#12528);
#9599=VERTEX_POINT('',#12529);
#9600=LINE('',#12530,#12531);
#9601=VERTEX_POINT('',#12532);
#9602=CIRCLE('',#12533,0.1);
#9603=LINE('',#12534,#12535);
#9604=VERTEX_POINT('',#12536);
#9605=LINE('',#12537,#12538);
#9606=VERTEX_POINT('',#12539);
#9607=LINE('',#12540,#12541);
#9608=LINE('',#12542,#12543);
#9609=CIRCLE('',#12544,0.1);
#9610=VERTEX_POINT('',#12545);
#9611=VERTEX_POINT('',#12546);
#9612=LINE('',#12547,#12548);
#9613=VERTEX_POINT('',#12549);
#9614=LINE('',#12550,#12551);
#9615=VERTEX_POINT('',#12552);
#9616=CIRCLE('',#12553,0.1);
#9617=VERTEX_POINT('',#12554);
#9618=LINE('',#12555,#12556);
#9619=CIRCLE('',#12557,0.1);
#9620=LINE('',#12558,#12559);
#9621=VERTEX_POINT('',#12560);
#9622=CIRCLE('',#12561,0.1);
#9623=LINE('',#12562,#12563);
#9624=VERTEX_POINT('',#12564);
#9625=LINE('',#12565,#12566);
#9626=CIRCLE('',#12567,0.15);
#9627=LINE('',#12568,#12569);
#9628=CIRCLE('',#12570,0.45);
#9629=LINE('',#12571,#12572);
#9630=CIRCLE('',#12573,0.15);
#9631=CIRCLE('',#12574,0.15);
#9632=VERTEX_POINT('',#12575);
#9633=LINE('',#12576,#12577);
#9634=VERTEX_POINT('',#12578);
#9635=CIRCLE('',#12579,0.25);
#9636=LINE('',#12580,#12581);
#9637=VERTEX_POINT('',#12582);
#9638=CIRCLE('',#12583,0.15);
#9639=B_SPLINE_CURVE_WITH_KNOTS('',3,(#12584,#12585,#12586,#12587,#12588,#12589),.UNSPECIFIED.,.F.,.F.,(4,1,1,4),(0.0,0.3333333333333,0.6666666666667,1.0000000000319),.UNSPECIFIED.);
#9640=VERTEX_POINT('',#12590);
#9641=LINE('',#12591,#12592);
#9642=LINE('',#12593,#12594);
#9643=VERTEX_POINT('',#12595);
#9644=LINE('',#12596,#12597);
#9645=LINE('',#12598,#12599);
#9646=CIRCLE('',#12600,0.25);
#9647=LINE('',#12601,#12602);
#9648=VERTEX_POINT('',#12603);
#9649=VERTEX_POINT('',#12604);
#9650=LINE('',#12605,#12606);
#9651=VERTEX_POINT('',#12607);
#9652=LINE('',#12608,#12609);
#9653=VERTEX_POINT('',#12610);
#9654=LINE('',#12611,#12612);
#9655=LINE('',#12613,#12614);
#9656=VERTEX_POINT('',#12615);
#9657=LINE('',#12616,#12617);
#9658=VERTEX_POINT('',#12618);
#9659=CIRCLE('',#12619,0.35);
#9660=VERTEX_POINT('',#12620);
#9661=LINE('',#12621,#12622);
#9662=VERTEX_POINT('',#12623);
#9663=LINE('',#12624,#12625);
#9664=VERTEX_POINT('',#12626);
#9665=LINE('',#12627,#12628);
#9666=VERTEX_POINT('',#12629);
#9667=LINE('',#12630,#12631);
#9668=VERTEX_POINT('',#12632);
#9669=LINE('',#12633,#12634);
#9670=VERTEX_POINT('',#12635);
#9671=LINE('',#12636,#12637);
#9672=LINE('',#12638,#12639);
#9673=LINE('',#12640,#12641);
#9674=CIRCLE('',#12642,0.35);
#9675=VERTEX_POINT('',#12643);
#9676=LINE('',#12644,#12645);
#9677=VERTEX_POINT('',#12646);
#9678=LINE('',#12647,#12648);
#9679=VERTEX_POINT('',#12649);
#9680=LINE('',#12650,#12651);
#9681=VERTEX_POINT('',#12652);
#9682=LINE('',#12653,#12654);
#9683=VERTEX_POINT('',#12655);
#9684=LINE('',#12656,#12657);
#9685=VERTEX_POINT('',#12658);
#9686=LINE('',#12659,#12660);
#9687=VERTEX_POINT('',#12661);
#9688=LINE('',#12662,#12663);
#9689=VERTEX_POINT('',#12664);
#9690=LINE('',#12665,#12666);
#9691=VERTEX_POINT('',#12667);
#9692=LINE('',#12668,#12669);
#9693=VERTEX_POINT('',#12670);
#9694=LINE('',#12671,#12672);
#9695=VERTEX_POINT('',#12673);
#9696=LINE('',#12674,#12675);
#9697=VERTEX_POINT('',#12676);
#9698=LINE('',#12677,#12678);
#9699=VERTEX_POINT('',#12679);
#9700=LINE('',#12680,#12681);
#9701=VERTEX_POINT('',#12682);
#9702=LINE('',#12683,#12684);
#9703=VERTEX_POINT('',#12685);
#9704=LINE('',#12686,#12687);
#9705=VERTEX_POINT('',#12688);
#9706=LINE('',#12689,#12690);
#9707=VERTEX_POINT('',#12691);
#9708=LINE('',#12692,#12693);
#9709=VERTEX_POINT('',#12694);
#9710=LINE('',#12695,#12696);
#9711=VERTEX_POINT('',#12697);
#9712=LINE('',#12698,#12699);
#9713=VERTEX_POINT('',#12700);
#9714=LINE('',#12701,#12702);
#9715=VERTEX_POINT('',#12703);
#9716=LINE('',#12704,#12705);
#9717=LINE('',#12706,#12707);
#9718=VERTEX_POINT('',#12708);
#9719=LINE('',#12709,#12710);
#9720=VERTEX_POINT('',#12711);
#9721=LINE('',#12712,#12713);
#9722=LINE('',#12714,#12715);
#9723=VERTEX_POINT('',#12716);
#9724=LINE('',#12717,#12718);
#9725=VERTEX_POINT('',#12719);
#9726=LINE('',#12720,#12721);
#9727=LINE('',#12722,#12723);
#9728=VERTEX_POINT('',#12724);
#9729=LINE('',#12725,#12726);
#9730=VERTEX_POINT('',#12727);
#9731=LINE('',#12728,#12729);
#9732=LINE('',#12730,#12731);
#9733=VERTEX_POINT('',#12732);
#9734=LINE('',#12733,#12734);
#9735=VERTEX_POINT('',#12735);
#9736=LINE('',#12736,#12737);
#9737=LINE('',#12738,#12739);
#9738=VERTEX_POINT('',#12740);
#9739=LINE('',#12741,#12742);
#9740=VERTEX_POINT('',#12743);
#9741=LINE('',#12744,#12745);
#9742=LINE('',#12746,#12747);
#9743=VERTEX_POINT('',#12748);
#9744=LINE('',#12749,#12750);
#9745=VERTEX_POINT('',#12751);
#9746=LINE('',#12752,#12753);
#9747=LINE('',#12754,#12755);
#9748=LINE('',#12756,#12757);
#9749=LINE('',#12758,#12759);
#9750=VERTEX_POINT('',#12760);
#9751=CIRCLE('',#12761,0.15);
#9752=VERTEX_POINT('',#12762);
#9753=LINE('',#12763,#12764);
#9754=VERTEX_POINT('',#12765);
#9755=LINE('',#12766,#12767);
#9756=VERTEX_POINT('',#12768);
#9757=LINE('',#12769,#12770);
#9758=VERTEX_POINT('',#12771);
#9759=CIRCLE('',#12772,0.3);
#9760=LINE('',#12773,#12774);
#9761=VERTEX_POINT('',#12775);
#9762=LINE('',#12776,#12777);
#9763=LINE('',#12778,#12779);
#9764=VERTEX_POINT('',#12780);
#9765=CIRCLE('',#12781,0.3);
#9766=VERTEX_POINT('',#12782);
#9767=LINE('',#12783,#12784);
#9768=VERTEX_POINT('',#12785);
#9769=LINE('',#12786,#12787);
#9770=VERTEX_POINT('',#12788);
#9771=LINE('',#12789,#12790);
#9772=CIRCLE('',#12791,0.15);
#9773=LINE('',#12792,#12793);
#9774=LINE('',#12794,#12795);
#9775=LINE('',#12796,#12797);
#9776=LINE('',#12798,#12799);
#9777=VERTEX_POINT('',#12800);
#9778=CIRCLE('',#12801,0.15);
#9779=VERTEX_POINT('',#12802);
#9780=LINE('',#12803,#12804);
#9781=VERTEX_POINT('',#12805);
#9782=LINE('',#12806,#12807);
#9783=VERTEX_POINT('',#12808);
#9784=LINE('',#12809,#12810);
#9785=VERTEX_POINT('',#12811);
#9786=CIRCLE('',#12812,0.3);
#9787=LINE('',#12813,#12814);
#9788=VERTEX_POINT('',#12815);
#9789=LINE('',#12816,#12817);
#9790=LINE('',#12818,#12819);
#9791=VERTEX_POINT('',#12820);
#9792=CIRCLE('',#12821,0.3);
#9793=VERTEX_POINT('',#12822);
#9794=LINE('',#12823,#12824);
#9795=VERTEX_POINT('',#12825);
#9796=LINE('',#12826,#12827);
#9797=VERTEX_POINT('',#12828);
#9798=LINE('',#12829,#12830);
#9799=CIRCLE('',#12831,0.15);
#9800=LINE('',#12832,#12833);
#9801=LINE('',#12834,#12835);
#9802=LINE('',#12836,#12837);
#9803=LINE('',#12838,#12839);
#9804=VERTEX_POINT('',#12840);
#9805=CIRCLE('',#12841,0.15);
#9806=VERTEX_POINT('',#12842);
#9807=LINE('',#12843,#12844);
#9808=VERTEX_POINT('',#12845);
#9809=LINE('',#12846,#12847);
#9810=VERTEX_POINT('',#12848);
#9811=LINE('',#12849,#12850);
#9812=VERTEX_POINT('',#12851);
#9813=CIRCLE('',#12852,0.3);
#9814=LINE('',#12853,#12854);
#9815=VERTEX_POINT('',#12855);
#9816=LINE('',#12856,#12857);
#9817=LINE('',#12858,#12859);
#9818=VERTEX_POINT('',#12860);
#9819=CIRCLE('',#12861,0.3);
#9820=VERTEX_POINT('',#12862);
#9821=LINE('',#12863,#12864);
#9822=VERTEX_POINT('',#12865);
#9823=LINE('',#12866,#12867);
#9824=VERTEX_POINT('',#12868);
#9825=LINE('',#12869,#12870);
#9826=CIRCLE('',#12871,0.15);
#9827=LINE('',#12872,#12873);
#9828=LINE('',#12874,#12875);
#9829=LINE('',#12876,#12877);
#9830=LINE('',#12878,#12879);
#9831=VERTEX_POINT('',#12880);
#9832=CIRCLE('',#12881,0.15);
#9833=VERTEX_POINT('',#12882);
#9834=LINE('',#12883,#12884);
#9835=VERTEX_POINT('',#12885);
#9836=LINE('',#12886,#12887);
#9837=VERTEX_POINT('',#12888);
#9838=LINE('',#12889,#12890);
#9839=VERTEX_POINT('',#12891);
#9840=CIRCLE('',#12892,0.3);
#9841=LINE('',#12893,#12894);
#9842=VERTEX_POINT('',#12895);
#9843=LINE('',#12896,#12897);
#9844=LINE('',#12898,#12899);
#9845=VERTEX_POINT('',#12900);
#9846=CIRCLE('',#12901,0.3);
#9847=VERTEX_POINT('',#12902);
#9848=LINE('',#12903,#12904);
#9849=VERTEX_POINT('',#12905);
#9850=LINE('',#12906,#12907);
#9851=VERTEX_POINT('',#12908);
#9852=LINE('',#12909,#12910);
#9853=CIRCLE('',#12911,0.15);
#9854=LINE('',#12912,#12913);
#9855=LINE('',#12914,#12915);
#9856=LINE('',#12916,#12917);
#9857=LINE('',#12918,#12919);
#9858=VERTEX_POINT('',#12920);
#9859=CIRCLE('',#12921,0.15);
#9860=VERTEX_POINT('',#12922);
#9861=LINE('',#12923,#12924);
#9862=VERTEX_POINT('',#12925);
#9863=LINE('',#12926,#12927);
#9864=VERTEX_POINT('',#12928);
#9865=LINE('',#12929,#12930);
#9866=VERTEX_POINT('',#12931);
#9867=CIRCLE('',#12932,0.3);
#9868=LINE('',#12933,#12934);
#9869=VERTEX_POINT('',#12935);
#9870=LINE('',#12936,#12937);
#9871=LINE('',#12938,#12939);
#9872=VERTEX_POINT('',#12940);
#9873=CIRCLE('',#12941,0.3);
#9874=VERTEX_POINT('',#12942);
#9875=LINE('',#12943,#12944);
#9876=VERTEX_POINT('',#12945);
#9877=LINE('',#12946,#12947);
#9878=VERTEX_POINT('',#12948);
#9879=LINE('',#12949,#12950);
#9880=CIRCLE('',#12951,0.15);
#9881=LINE('',#12952,#12953);
#9882=LINE('',#12954,#12955);
#9883=LINE('',#12956,#12957);
#9884=LINE('',#12958,#12959);
#9885=LINE('',#12960,#12961);
#9886=LINE('',#12962,#12963);
#9887=LINE('',#12964,#12965);
#9888=VERTEX_POINT('',#12966);
#9889=LINE('',#12967,#12968);
#9890=VERTEX_POINT('',#12969);
#9891=LINE('',#12970,#12971);
#9892=LINE('',#12972,#12973);
#9893=VERTEX_POINT('',#12974);
#9894=CIRCLE('',#12975,0.15);
#9895=VERTEX_POINT('',#12976);
#9896=LINE('',#12977,#12978);
#9897=VERTEX_POINT('',#12979);
#9898=CIRCLE('',#12980,0.15);
#9899=VERTEX_POINT('',#12981);
#9900=LINE('',#12982,#12983);
#9901=CIRCLE('',#12984,0.15);
#9902=VERTEX_POINT('',#12985);
#9903=VERTEX_POINT('',#12986);
#9904=LINE('',#12987,#12988);
#9905=VERTEX_POINT('',#12989);
#9906=CIRCLE('',#12990,0.2);
#9907=VERTEX_POINT('',#12991);
#9908=LINE('',#12992,#12993);
#9909=VERTEX_POINT('',#12994);
#9910=CIRCLE('',#12995,0.23);
#9911=VERTEX_POINT('',#12996);
#9912=LINE('',#12997,#12998);
#9913=VERTEX_POINT('',#12999);
#9914=CIRCLE('',#13000,0.23);
#9915=VERTEX_POINT('',#13001);
#9916=LINE('',#13002,#13003);
#9917=VERTEX_POINT('',#13004);
#9918=CIRCLE('',#13005,0.2);
#9919=VERTEX_POINT('',#13006);
#9920=LINE('',#13007,#13008);
#9921=VERTEX_POINT('',#13009);
#9922=LINE('',#13010,#13011);
#9923=VERTEX_POINT('',#13012);
#9924=LINE('',#13013,#13014);
#9925=VERTEX_POINT('',#13015);
#9926=LINE('',#13016,#13017);
#9927=VERTEX_POINT('',#13018);
#9928=LINE('',#13019,#13020);
#9929=VERTEX_POINT('',#13021);
#9930=LINE('',#13022,#13023);
#9931=VERTEX_POINT('',#13024);
#9932=LINE('',#13025,#13026);
#9933=VERTEX_POINT('',#13027);
#9934=LINE('',#13028,#13029);
#9935=LINE('',#13030,#13031);
#9936=VERTEX_POINT('',#13032);
#9937=LINE('',#13033,#13034);
#9938=LINE('',#13035,#13036);
#9939=VERTEX_POINT('',#13037);
#9940=VERTEX_POINT('',#13038);
#9941=LINE('',#13039,#13040);
#9942=LINE('',#13041,#13042);
#9943=LINE('',#13043,#13044);
#9944=VERTEX_POINT('',#13045);
#9945=LINE('',#13046,#13047);
#9946=VERTEX_POINT('',#13048);
#9947=LINE('',#13049,#13050);
#9948=LINE('',#13051,#13052);
#9949=VERTEX_POINT('',#13053);
#9950=LINE('',#13054,#13055);
#9951=LINE('',#13056,#13057);
#9952=VERTEX_POINT('',#13058);
#9953=LINE('',#13059,#13060);
#9954=VERTEX_POINT('',#13061);
#9955=LINE('',#13062,#13063);
#9956=LINE('',#13064,#13065);
#9957=VERTEX_POINT('',#13066);
#9958=LINE('',#13067,#13068);
#9959=VERTEX_POINT('',#13069);
#9960=LINE('',#13070,#13071);
#9961=LINE('',#13072,#13073);
#9962=LINE('',#13074,#13075);
#9963=VERTEX_POINT('',#13076);
#9964=LINE('',#13077,#13078);
#9965=VERTEX_POINT('',#13079);
#9966=LINE('',#13080,#13081);
#9967=VERTEX_POINT('',#13082);
#9968=LINE('',#13083,#13084);
#9969=VERTEX_POINT('',#13085);
#9970=LINE('',#13086,#13087);
#9971=VERTEX_POINT('',#13088);
#9972=LINE('',#13089,#13090);
#9973=VERTEX_POINT('',#13091);
#9974=LINE('',#13092,#13093);
#9975=VERTEX_POINT('',#13094);
#9976=LINE('',#13095,#13096);
#9977=VERTEX_POINT('',#13097);
#9978=LINE('',#13098,#13099);
#9979=VERTEX_POINT('',#13100);
#9980=LINE('',#13101,#13102);
#9981=VERTEX_POINT('',#13103);
#9982=CIRCLE('',#13104,0.23);
#9983=VERTEX_POINT('',#13105);
#9984=LINE('',#13106,#13107);
#9985=VERTEX_POINT('',#13108);
#9986=CIRCLE('',#13109,0.23);
#9987=VERTEX_POINT('',#13110);
#9988=LINE('',#13111,#13112);
#9989=VERTEX_POINT('',#13113);
#9990=LINE('',#13114,#13115);
#9991=VERTEX_POINT('',#13116);
#9992=LINE('',#13117,#13118);
#9993=VERTEX_POINT('',#13119);
#9994=LINE('',#13120,#13121);
#9995=LINE('',#13122,#13123);
#9996=VERTEX_POINT('',#13124);
#9997=VERTEX_POINT('',#13125);
#9998=CIRCLE('',#13126,0.3);
#9999=VERTEX_POINT('',#13127);
#10000=LINE('',#13128,#13129);
#10001=VERTEX_POINT('',#13130);
#10002=CIRCLE('',#13131,0.3);
#10003=LINE('',#13132,#13133);
#10004=VERTEX_POINT('',#13134);
#10005=CIRCLE('',#13135,0.1);
#10006=VERTEX_POINT('',#13136);
#10007=CIRCLE('',#13137,0.1);
#10008=LINE('',#13138,#13139);
#10009=VERTEX_POINT('',#13140);
#10010=CIRCLE('',#13141,0.1);
#10011=VERTEX_POINT('',#13142);
#10012=LINE('',#13143,#13144);
#10013=CIRCLE('',#13145,0.1);
#10014=VERTEX_POINT('',#13146);
#10015=CIRCLE('',#13147,0.1267949192431);
#10016=VERTEX_POINT('',#13148);
#10017=CIRCLE('',#13149,0.1);
#10018=CIRCLE('',#13150,0.2133974596216);
#10019=CIRCLE('',#13151,0.1);
#10020=VERTEX_POINT('',#13152);
#10021=CIRCLE('',#13153,0.1);
#10022=LINE('',#13154,#13155);
#10023=VERTEX_POINT('',#13156);
#10024=LINE('',#13157,#13158);
#10025=CIRCLE('',#13159,0.1);
#10026=CIRCLE('',#13160,0.1267949192431);
#10027=CIRCLE('',#13161,0.2133974596216);
#10028=LINE('',#13162,#13163);
#10029=VERTEX_POINT('',#13164);
#10030=LINE('',#13165,#13166);
#10031=VERTEX_POINT('',#13167);
#10032=LINE('',#13168,#13169);
#10033=LINE('',#13170,#13171);
#10034=VERTEX_POINT('',#13172);
#10035=CIRCLE('',#13173,0.2);
#10036=LINE('',#13174,#13175);
#10037=VERTEX_POINT('',#13176);
#10038=LINE('',#13177,#13178);
#10039=LINE('',#13179,#13180);
#10040=VERTEX_POINT('',#13181);
#10041=CIRCLE('',#13182,0.23);
#10042=LINE('',#13183,#13184);
#10043=LINE('',#13185,#13186);
#10044=LINE('',#13187,#13188);
#10045=VERTEX_POINT('',#13189);
#10046=LINE('',#13190,#13191);
#10047=VERTEX_POINT('',#13192);
#10048=CIRCLE('',#13193,0.23);
#10049=LINE('',#13194,#13195);
#10050=VERTEX_POINT('',#13196);
#10051=LINE('',#13197,#13198);
#10052=LINE('',#13199,#13200);
#10053=VERTEX_POINT('',#13201);
#10054=CIRCLE('',#13202,0.2);
#10055=LINE('',#13203,#13204);
#10056=VERTEX_POINT('',#13205);
#10057=VERTEX_POINT('',#13206);
#10058=LINE('',#13207,#13208);
#10059=CIRCLE('',#13209,0.3);
#10060=VERTEX_POINT('',#13210);
#10061=LINE('',#13211,#13212);
#10062=LINE('',#13213,#13214);
#10063=VERTEX_POINT('',#13215);
#10064=LINE('',#13216,#13217);
#10065=LINE('',#13218,#13219);
#10066=CIRCLE('',#13220,0.2);
#10067=VERTEX_POINT('',#13221);
#10068=CIRCLE('',#13222,0.2);
#10069=LINE('',#13223,#13224);
#10070=VERTEX_POINT('',#13225);
#10071=LINE('',#13226,#13227);
#10072=LINE('',#13228,#13229);
#10073=VERTEX_POINT('',#13230);
#10074=CIRCLE('',#13231,0.2);
#10075=VERTEX_POINT('',#13232);
#10076=LINE('',#13233,#13234);
#10077=CIRCLE('',#13235,0.2);
#10078=VERTEX_POINT('',#13236);
#10079=LINE('',#13237,#13238);
#10080=LINE('',#13239,#13240);
#10081=CIRCLE('',#13241,0.3);
#10082=B_SPLINE_CURVE_WITH_KNOTS('',3,(#13242,#13243,#13244,#13245,#13246,#13247,#13248,#13249,#13250,#13251,#13252,#13253),.UNSPECIFIED.,.F.,.F.,(4,1,1,1,1,1,1,1,1,4),(0.0,0.1111111111111,0.2222222222222,0.3333333333333,0.4444444444444,0.5555555555556,0.6666666666667,0.7777777777778,0.8888888888889,1.0),.UNSPECIFIED.);
#10083=VERTEX_POINT('',#13254);
#10084=B_SPLINE_CURVE_WITH_KNOTS('',3,(#13255,#13256,#13257,#13258,#13259),.UNSPECIFIED.,.F.,.F.,(4,1,4),(0.0,0.5,1.0),.UNSPECIFIED.);
#10085=VERTEX_POINT('',#13260);
#10086=LINE('',#13261,#13262);
#10087=VERTEX_POINT('',#13263);
#10088=B_SPLINE_CURVE_WITH_KNOTS('',3,(#13264,#13265,#13266,#13267,#13268,#13269,#13270,#13271,#13272,#13273,#13274,#13275,#13276,#13277,#13278,#13279),.UNSPECIFIED.,.F.,.F.,(4,1,1,1,1,1,1,1,1,1,1,1,1,4),(0.0,0.07692307692308,0.1538461538462,0.2307692307692,0.3076923076923,0.3846153846154,0.4615384615385,0.5384615384615,0.6153846153846,0.6923076923077,0.7692307692308,0.8461538461538,0.9230769230769,1.0),.UNSPECIFIED.);
#10089=VERTEX_POINT('',#13280);
#10090=LINE('',#13281,#13282);
#10091=B_SPLINE_CURVE_WITH_KNOTS('',3,(#13283,#13284,#13285,#13286,#13287),.UNSPECIFIED.,.F.,.F.,(4,1,4),(0.0,0.5,1.0),.UNSPECIFIED.);
#10092=VERTEX_POINT('',#13288);
#10093=LINE('',#13289,#13290);
#10094=VERTEX_POINT('',#13291);
#10095=B_SPLINE_CURVE_WITH_KNOTS('',3,(#13292,#13293,#13294,#13295,#13296),.UNSPECIFIED.,.F.,.F.,(4,1,4),(0.0,0.5,1.0),.UNSPECIFIED.);
#10096=VERTEX_POINT('',#13297);
#10097=LINE('',#13298,#13299);
#10098=VERTEX_POINT('',#13300);
#10099=B_SPLINE_CURVE_WITH_KNOTS('',3,(#13301,#13302,#13303,#13304,#13305),.UNSPECIFIED.,.F.,.F.,(4,1,4),(0.0,0.5,1.0),.UNSPECIFIED.);
#10100=VERTEX_POINT('',#13306);
#10101=LINE('',#13307,#13308);
#10102=VERTEX_POINT('',#13309);
#10103=LINE('',#13310,#13311);
#10104=VERTEX_POINT('',#13312);
#10105=LINE('',#13313,#13314);
#10106=VERTEX_POINT('',#13315);
#10107=LINE('',#13316,#13317);
#10108=LINE('',#13318,#13319);
#10109=VERTEX_POINT('',#13320);
#10110=LINE('',#13321,#13322);
#10111=LINE('',#13323,#13324);
#10112=VERTEX_POINT('',#13325);
#10113=CIRCLE('',#13326,0.15);
#10114=VERTEX_POINT('',#13327);
#10115=LINE('',#13328,#13329);
#10116=VERTEX_POINT('',#13330);
#10117=B_SPLINE_CURVE_WITH_KNOTS('',3,(#13331,#13332,#13333,#13334,#13335,#13336,#13337,#13338,#13339,#13340,#13341,#13342,#13343,#13344,#13345,#13346),.UNSPECIFIED.,.F.,.F.,(4,1,1,1,1,1,1,1,1,1,1,1,1,4),(0.0,0.07692307692308,0.1538461538462,0.2307692307692,0.3076923076923,0.3846153846154,0.4615384615385,0.5384615384615,0.6153846153846,0.6923076923077,0.7692307692308,0.8461538461538,0.9230769230769,1.0),.UNSPECIFIED.);
#10118=LINE('',#13347,#13348);
#10119=CIRCLE('',#13349,0.15);
#10120=VERTEX_POINT('',#13350);
#10121=VERTEX_POINT('',#13351);
#10122=LINE('',#13352,#13353);
#10123=CIRCLE('',#13354,0.15);
#10124=VERTEX_POINT('',#13355);
#10125=LINE('',#13356,#13357);
#10126=LINE('',#13358,#13359);
#10127=VERTEX_POINT('',#13360);
#10128=LINE('',#13361,#13362);
#10129=VERTEX_POINT('',#13363);
#10130=LINE('',#13364,#13365);
#10131=LINE('',#13366,#13367);
#10132=VERTEX_POINT('',#13368);
#10133=LINE('',#13369,#13370);
#10134=LINE('',#13371,#13372);
#10135=CIRCLE('',#13373,0.15);
#10136=LINE('',#13374,#13375);
#10137=LINE('',#13376,#13377);
#10138=LINE('',#13378,#13379);
#10139=VERTEX_POINT('',#13380);
#10140=VERTEX_POINT('',#13381);
#10141=B_SPLINE_CURVE_WITH_KNOTS('',3,(#13382,#13383,#13384,#13385,#13386,#13387,#13388,#13389,#13390,#13391,#13392,#13393),.UNSPECIFIED.,.F.,.F.,(4,1,1,1,1,1,1,1,1,4),(0.0,0.1111111111111,0.2222222222222,0.3333333333333,0.4444444444444,0.5555555555556,0.6666666666667,0.7777777777778,0.8888888888889,1.0),.UNSPECIFIED.);
#10142=LINE('',#13394,#13395);
#10143=LINE('',#13396,#13397);
#10144=LINE('',#13398,#13399);
#10145=VERTEX_POINT('',#13400);
#10146=LINE('',#13401,#13402);
#10147=VERTEX_POINT('',#13403);
#10148=LINE('',#13404,#13405);
#10149=VERTEX_POINT('',#13406);
#10150=CIRCLE('',#13407,0.23);
#10151=VERTEX_POINT('',#13408);
#10152=LINE('',#13409,#13410);
#10153=VERTEX_POINT('',#13411);
#10154=CIRCLE('',#13412,0.2);
#10155=VERTEX_POINT('',#13413);
#10156=LINE('',#13414,#13415);
#10157=VERTEX_POINT('',#13416);
#10158=CIRCLE('',#13417,0.2);
#10159=VERTEX_POINT('',#13418);
#10160=LINE('',#13419,#13420);
#10161=VERTEX_POINT('',#13421);
#10162=CIRCLE('',#13422,0.23);
#10163=VERTEX_POINT('',#13423);
#10164=LINE('',#13424,#13425);
#10165=LINE('',#13426,#13427);
#10166=VERTEX_POINT('',#13428);
#10167=LINE('',#13429,#13430);
#10168=VERTEX_POINT('',#13431);
#10169=LINE('',#13432,#13433);
#10170=VERTEX_POINT('',#13434);
#10171=LINE('',#13435,#13436);
#10172=LINE('',#13437,#13438);
#10173=VERTEX_POINT('',#13439);
#10174=CIRCLE('',#13440,0.3);
#10175=VERTEX_POINT('',#13441);
#10176=LINE('',#13442,#13443);
#10177=CIRCLE('',#13444,0.3);
#10178=VERTEX_POINT('',#13445);
#10179=VERTEX_POINT('',#13446);
#10180=LINE('',#13447,#13448);
#10181=VERTEX_POINT('',#13449);
#10182=LINE('',#13450,#13451);
#10183=VERTEX_POINT('',#13452);
#10184=LINE('',#13453,#13454);
#10185=VERTEX_POINT('',#13455);
#10186=LINE('',#13456,#13457);
#10187=LINE('',#13458,#13459);
#10188=VERTEX_POINT('',#13460);
#10189=LINE('',#13461,#13462);
#10190=LINE('',#13463,#13464);
#10191=VERTEX_POINT('',#13465);
#10192=LINE('',#13466,#13467);
#10193=CIRCLE('',#13468,0.2);
#10194=CIRCLE('',#13469,0.2);
#10195=VERTEX_POINT('',#13470);
#10196=LINE('',#13471,#13472);
#10197=CIRCLE('',#13473,0.2);
#10198=VERTEX_POINT('',#13474);
#10199=LINE('',#13475,#13476);
#10200=VERTEX_POINT('',#13477);
#10201=CIRCLE('',#13478,0.2);
#10202=LINE('',#13479,#13480);
#10203=LINE('',#13481,#13482);
#10204=VERTEX_POINT('',#13483);
#10205=LINE('',#13484,#13485);
#10206=LINE('',#13486,#13487);
#10207=VERTEX_POINT('',#13488);
#10208=VERTEX_POINT('',#13489);
#10209=CIRCLE('',#13490,0.2);
#10210=VERTEX_POINT('',#13491);
#10211=LINE('',#13492,#13493);
#10212=VERTEX_POINT('',#13494);
#10213=LINE('',#13495,#13496);
#10214=LINE('',#13497,#13498);
#10215=VERTEX_POINT('',#13499);
#10216=LINE('',#13500,#13501);
#10217=VERTEX_POINT('',#13502);
#10218=LINE('',#13503,#13504);
#10219=VERTEX_POINT('',#13505);
#10220=LINE('',#13506,#13507);
#10221=VERTEX_POINT('',#13508);
#10222=LINE('',#13509,#13510);
#10223=VERTEX_POINT('',#13511);
#10224=LINE('',#13512,#13513);
#10225=VERTEX_POINT('',#13514);
#10226=LINE('',#13515,#13516);
#10227=VERTEX_POINT('',#13517);
#10228=LINE('',#13518,#13519);
#10229=VERTEX_POINT('',#13520);
#10230=LINE('',#13521,#13522);
#10231=VERTEX_POINT('',#13523);
#10232=CIRCLE('',#13524,0.2);
#10233=LINE('',#13525,#13526);
#10234=LINE('',#13527,#13528);
#10235=LINE('',#13529,#13530);
#10236=VERTEX_POINT('',#13531);
#10237=LINE('',#13532,#13533);
#10238=VERTEX_POINT('',#13534);
#10239=CIRCLE('',#13535,0.2);
#10240=LINE('',#13536,#13537);
#10241=VERTEX_POINT('',#13538);
#10242=LINE('',#13539,#13540);
#10243=LINE('',#13541,#13542);
#10244=VERTEX_POINT('',#13543);
#10245=CIRCLE('',#13544,0.23);
#10246=VERTEX_POINT('',#13545);
#10247=CIRCLE('',#13546,0.23);
#10248=LINE('',#13547,#13548);
#10249=VERTEX_POINT('',#13549);
#10250=LINE('',#13550,#13551);
#10251=LINE('',#13552,#13553);
#10252=LINE('',#13554,#13555);
#10253=CIRCLE('',#13556,0.55);
#10254=VERTEX_POINT('',#13557);
#10255=CIRCLE('',#13558,0.55);
#10256=VERTEX_POINT('',#13559);
#10257=LINE('',#13560,#13561);
#10258=CIRCLE('',#13562,0.55);
#10259=LINE('',#13563,#13564);
#10260=VERTEX_POINT('',#13565);
#10261=LINE('',#13566,#13567);
#10262=VERTEX_POINT('',#13568);
#10263=LINE('',#13569,#13570);
#10264=LINE('',#13571,#13572);
#10265=VERTEX_POINT('',#13573);
#10266=CIRCLE('',#13574,0.55);
#10267=LINE('',#13575,#13576);
#10268=B_SPLINE_CURVE_WITH_KNOTS('',3,(#13577,#13578,#13579,#13580),.UNSPECIFIED.,.F.,.F.,(4,4),(0.0,1.0),.UNSPECIFIED.);
#10269=LINE('',#13581,#13582);
#10270=LINE('',#13583,#13584);
#10271=CIRCLE('',#13585,0.55);
#10272=LINE('',#13586,#13587);
#10273=VERTEX_POINT('',#13588);
#10274=CIRCLE('',#13589,0.25);
#10275=LINE('',#13590,#13591);
#10276=LINE('',#13592,#13593);
#10277=VERTEX_POINT('',#13594);
#10278=CIRCLE('',#13595,0.3);
#10279=VERTEX_POINT('',#13596);
#10280=LINE('',#13597,#13598);
#10281=VERTEX_POINT('',#13599);
#10282=LINE('',#13600,#13601);
#10283=LINE('',#13602,#13603);
#10284=VERTEX_POINT('',#13604);
#10285=CIRCLE('',#13605,0.2);
#10286=VERTEX_POINT('',#13606);
#10287=LINE('',#13607,#13608);
#10288=VERTEX_POINT('',#13609);
#10289=CIRCLE('',#13610,0.2);
#10290=LINE('',#13611,#13612);
#10291=VERTEX_POINT('',#13613);
#10292=VERTEX_POINT('',#13614);
#10293=LINE('',#13615,#13616);
#10294=CIRCLE('',#13617,0.3);
#10295=LINE('',#13618,#13619);
#10296=LINE('',#13620,#13621);
#10297=CIRCLE('',#13622,0.2);
#10298=LINE('',#13623,#13624);
#10299=LINE('',#13625,#13626);
#10300=CIRCLE('',#13627,0.2);
#10301=LINE('',#13628,#13629);
#10302=CIRCLE('',#13630,0.25);
#10303=LINE('',#13631,#13632);
#10304=CIRCLE('',#13633,0.55);
#10305=VERTEX_POINT('',#13634);
#10306=B_SPLINE_CURVE_WITH_KNOTS('',3,(#13635,#13636,#13637,#13638,#13639,#13640,#13641,#13642),.UNSPECIFIED.,.F.,.F.,(4,1,1,1,1,4),(0.0,0.2,0.4,0.6,0.8,1.0),.UNSPECIFIED.);
#10307=CIRCLE('',#13643,0.55);
#10308=VERTEX_POINT('',#13644);
#10309=CIRCLE('',#13645,0.25);
#10310=LINE('',#13646,#13647);
#10311=LINE('',#13648,#13649);
#10312=B_SPLINE_CURVE_WITH_KNOTS('',3,(#13650,#13651,#13652,#13653,#13654,#13655,#13656,#13657),.UNSPECIFIED.,.F.,.F.,(4,1,1,1,1,4),(0.0,0.2,0.4,0.6,0.8,1.0),.UNSPECIFIED.);
#10313=LINE('',#13658,#13659);
#10314=LINE('',#13660,#13661);
#10315=LINE('',#13662,#13663);
#10316=LINE('',#13664,#13665);
#10317=LINE('',#13666,#13667);
#10318=LINE('',#13668,#13669);
#10319=LINE('',#13670,#13671);
#10320=LINE('',#13672,#13673);
#10321=LINE('',#13674,#13675);
#10322=LINE('',#13676,#13677);
#10323=LINE('',#13678,#13679);
#10324=LINE('',#13680,#13681);
#10325=LINE('',#13682,#13683);
#10326=VERTEX_POINT('',#13684);
#10327=B_SPLINE_CURVE_WITH_KNOTS('',3,(#13685,#13686,#13687,#13688,#13689,#13690,#13691,#13692),.UNSPECIFIED.,.F.,.F.,(4,1,1,1,1,4),(0.0,0.2,0.4,0.6,0.8,1.0),.UNSPECIFIED.);
#10328=VERTEX_POINT('',#13693);
#10329=B_SPLINE_CURVE_WITH_KNOTS('',3,(#13694,#13695,#13696,#13697,#13698,#13699,#13700,#13701),.UNSPECIFIED.,.F.,.F.,(4,1,1,1,1,4),(0.0,0.2,0.4,0.6,0.8,1.0),.UNSPECIFIED.);
#10330=LINE('',#13702,#13703);
#10331=VERTEX_POINT('',#13704);
#10332=CIRCLE('',#13705,0.55);
#10333=VERTEX_POINT('',#13706);
#10334=LINE('',#13707,#13708);
#10335=VERTEX_POINT('',#13709);
#10336=LINE('',#13710,#13711);
#10337=VERTEX_POINT('',#13712);
#10338=LINE('',#13713,#13714);
#10339=CIRCLE('',#13715,0.25);
#10340=VERTEX_POINT('',#13716);
#10341=LINE('',#13717,#13718);
#10342=CIRCLE('',#13719,0.25);
#10343=VERTEX_POINT('',#13720);
#10344=VERTEX_POINT('',#13721);
#10345=LINE('',#13722,#13723);
#10346=VERTEX_POINT('',#13724);
#10347=LINE('',#13725,#13726);
#10348=CIRCLE('',#13727,0.55);
#10349=LINE('',#13728,#13729);
#10350=LINE('',#13730,#13731);
#10351=VERTEX_POINT('',#13732);
#10352=VERTEX_POINT('',#13733);
#10353=LINE('',#13734,#13735);
#10354=VERTEX_POINT('',#13736);
#10355=LINE('',#13737,#13738);
#10356=VERTEX_POINT('',#13739);
#10357=CIRCLE('',#13740,0.15);
#10358=VERTEX_POINT('',#13741);
#10359=CIRCLE('',#13742,0.15);
#10360=VERTEX_POINT('',#13743);
#10361=LINE('',#13744,#13745);
#10362=VERTEX_POINT('',#13746);
#10363=LINE('',#13747,#13748);
#10364=VERTEX_POINT('',#13749);
#10365=LINE('',#13750,#13751);
#10366=VERTEX_POINT('',#13752);
#10367=LINE('',#13753,#13754);
#10368=LINE('',#13755,#13756);
#10369=VERTEX_POINT('',#13757);
#10370=LINE('',#13758,#13759);
#10371=LINE('',#13760,#13761);
#10372=VERTEX_POINT('',#13762);
#10373=CIRCLE('',#13763,0.25);
#10374=VERTEX_POINT('',#13764);
#10375=LINE('',#13765,#13766);
#10376=LINE('',#13767,#13768);
#10377=VERTEX_POINT('',#13769);
#10378=VERTEX_POINT('',#13770);
#10379=LINE('',#13771,#13772);
#10380=VERTEX_POINT('',#13773);
#10381=LINE('',#13774,#13775);
#10382=VERTEX_POINT('',#13776);
#10383=LINE('',#13777,#13778);
#10384=LINE('',#13779,#13780);
#10385=VERTEX_POINT('',#13781);
#10386=LINE('',#13782,#13783);
#10387=VERTEX_POINT('',#13784);
#10388=LINE('',#13785,#13786);
#10389=LINE('',#13787,#13788);
#10390=VERTEX_POINT('',#13789);
#10391=VERTEX_POINT('',#13790);
#10392=LINE('',#13791,#13792);
#10393=CIRCLE('',#13793,0.25);
#10394=VERTEX_POINT('',#13794);
#10395=LINE('',#13795,#13796);
#10396=VERTEX_POINT('',#13797);
#10397=LINE('',#13798,#13799);
#10398=VERTEX_POINT('',#13800);
#10399=CIRCLE('',#13801,0.45);
#10400=VERTEX_POINT('',#13802);
#10401=LINE('',#13803,#13804);
#10402=LINE('',#13805,#13806);
#10403=VERTEX_POINT('',#13807);
#10404=CIRCLE('',#13808,0.1);
#10405=VERTEX_POINT('',#13809);
#10406=LINE('',#13810,#13811);
#10407=B_SPLINE_CURVE_WITH_KNOTS('',3,(#13812,#13813,#13814,#13815,#13816,#13817),.UNSPECIFIED.,.F.,.F.,(4,1,1,4),(0.0,0.25,0.5,1.0),.UNSPECIFIED.);
#10408=VERTEX_POINT('',#13818);
#10409=LINE('',#13819,#13820);
#10410=LINE('',#13821,#13822);
#10411=VERTEX_POINT('',#13823);
#10412=VERTEX_POINT('',#13824);
#10413=B_SPLINE_CURVE_WITH_KNOTS('',3,(#13825,#13826,#13827,#13828,#13829,#13830),.UNSPECIFIED.,.F.,.F.,(4,1,1,4),(0.0,0.3333333333333,0.6666666666667,1.0),.UNSPECIFIED.);
#10414=CIRCLE('',#13831,0.15);
#10415=VERTEX_POINT('',#13832);
#10416=CIRCLE('',#13833,0.15);
#10417=B_SPLINE_CURVE_WITH_KNOTS('',3,(#13834,#13835,#13836,#13837,#13838,#13839),.UNSPECIFIED.,.F.,.F.,(4,1,1,4),(0.0,0.3333333333333,0.6666666666667,1.0),.UNSPECIFIED.);
#10418=VERTEX_POINT('',#13840);
#10419=LINE('',#13841,#13842);
#10420=VERTEX_POINT('',#13843);
#10421=LINE('',#13844,#13845);
#10422=LINE('',#13846,#13847);
#10423=VERTEX_POINT('',#13848);
#10424=LINE('',#13849,#13850);
#10425=VERTEX_POINT('',#13851);
#10426=LINE('',#13852,#13853);
#10427=VERTEX_POINT('',#13854);
#10428=LINE('',#13855,#13856);
#10429=VERTEX_POINT('',#13857);
#10430=LINE('',#13858,#13859);
#10431=LINE('',#13860,#13861);
#10432=VERTEX_POINT('',#13862);
#10433=VERTEX_POINT('',#13863);
#10434=LINE('',#13864,#13865);
#10435=VERTEX_POINT('',#13866);
#10436=LINE('',#13867,#13868);
#10437=VERTEX_POINT('',#13869);
#10438=LINE('',#13870,#13871);
#10439=LINE('',#13872,#13873);
#10440=VERTEX_POINT('',#13874);
#10441=LINE('',#13875,#13876);
#10442=VERTEX_POINT('',#13877);
#10443=LINE('',#13878,#13879);
#10444=LINE('',#13880,#13881);
#10445=VERTEX_POINT('',#13882);
#10446=CIRCLE('',#13883,0.45);
#10447=VERTEX_POINT('',#13884);
#10448=LINE('',#13885,#13886);
#10449=VERTEX_POINT('',#13887);
#10450=LINE('',#13888,#13889);
#10451=VERTEX_POINT('',#13890);
#10452=LINE('',#13891,#13892);
#10453=VERTEX_POINT('',#13893);
#10454=CIRCLE('',#13894,0.15);
#10455=LINE('',#13895,#13896);
#10456=VERTEX_POINT('',#13897);
#10457=LINE('',#13898,#13899);
#10458=LINE('',#13900,#13901);
#10459=VERTEX_POINT('',#13902);
#10460=CIRCLE('',#13903,0.15);
#10461=VERTEX_POINT('',#13904);
#10462=LINE('',#13905,#13906);
#10463=VERTEX_POINT('',#13907);
#10464=LINE('',#13908,#13909);
#10465=VERTEX_POINT('',#13910);
#10466=LINE('',#13911,#13912);
#10467=CIRCLE('',#13913,0.45);
#10468=LINE('',#13914,#13915);
#10469=VERTEX_POINT('',#13916);
#10470=CIRCLE('',#13917,0.1);
#10471=VERTEX_POINT('',#13918);
#10472=CIRCLE('',#13919,0.1);
#10473=LINE('',#13920,#13921);
#10474=VERTEX_POINT('',#13922);
#10475=LINE('',#13923,#13924);
#10476=VERTEX_POINT('',#13925);
#10477=LINE('',#13926,#13927);
#10478=VERTEX_POINT('',#13928);
#10479=CIRCLE('',#13929,0.1);
#10480=LINE('',#13930,#13931);
#10481=VERTEX_POINT('',#13932);
#10482=LINE('',#13933,#13934);
#10483=VERTEX_POINT('',#13935);
#10484=LINE('',#13936,#13937);
#10485=LINE('',#13938,#13939);
#10486=CIRCLE('',#13940,0.1);
#10487=VERTEX_POINT('',#13941);
#10488=LINE('',#13942,#13943);
#10489=VERTEX_POINT('',#13944);
#10490=LINE('',#13945,#13946);
#10491=CIRCLE('',#13947,0.1);
#10492=LINE('',#13948,#13949);
#10493=VERTEX_POINT('',#13950);
#10494=CIRCLE('',#13951,0.1);
#10495=LINE('',#13952,#13953);
#10496=CIRCLE('',#13954,0.15);
#10497=LINE('',#13955,#13956);
#10498=VERTEX_POINT('',#13957);
#10499=CIRCLE('',#13958,0.45);
#10500=VERTEX_POINT('',#13959);
#10501=LINE('',#13960,#13961);
#10502=LINE('',#13962,#13963);
#10503=VERTEX_POINT('',#13964);
#10504=CIRCLE('',#13965,0.15);
#10505=LINE('',#13966,#13967);
#10506=VERTEX_POINT('',#13968);
#10507=LINE('',#13969,#13970);
#10508=VERTEX_POINT('',#13971);
#10509=LINE('',#13972,#13973);
#10510=CIRCLE('',#13974,0.25);
#10511=LINE('',#13975,#13976);
#10512=LINE('',#13977,#13978);
#10513=VERTEX_POINT('',#13979);
#10514=LINE('',#13980,#13981);
#10515=LINE('',#13982,#13983);
#10516=LINE('',#13984,#13985);
#10517=VERTEX_POINT('',#13986);
#10518=VERTEX_POINT('',#13987);
#10519=LINE('',#13988,#13989);
#10520=VERTEX_POINT('',#13990);
#10521=LINE('',#13991,#13992);
#10522=VERTEX_POINT('',#13993);
#10523=LINE('',#13994,#13995);
#10524=LINE('',#13996,#13997);
#10525=VERTEX_POINT('',#13998);
#10526=LINE('',#13999,#14000);
#10527=LINE('',#14001,#14002);
#10528=LINE('',#14003,#14004);
#10529=LINE('',#14005,#14006);
#10530=VERTEX_POINT('',#14007);
#10531=LINE('',#14008,#14009);
#10532=LINE('',#14010,#14011);
#10533=LINE('',#14012,#14013);
#10534=VERTEX_POINT('',#14014);
#10535=LINE('',#14015,#14016);
#10536=CIRCLE('',#14017,0.55);
#10537=VERTEX_POINT('',#14018);
#10538=LINE('',#14019,#14020);
#10539=CIRCLE('',#14021,0.55);
#10540=CIRCLE('',#14022,0.55);
#10541=LINE('',#14023,#14024);
#10542=VERTEX_POINT('',#14025);
#10543=LINE('',#14026,#14027);
#10544=VERTEX_POINT('',#14028);
#10545=CIRCLE('',#14029,0.5500000000004);
#10546=VERTEX_POINT('',#14030);
#10547=LINE('',#14031,#14032);
#10548=LINE('',#14033,#14034);
#10549=VERTEX_POINT('',#14035);
#10550=CIRCLE('',#14036,0.25);
#10551=VERTEX_POINT('',#14037);
#10552=LINE('',#14038,#14039);
#10553=CIRCLE('',#14040,0.25);
#10554=LINE('',#14041,#14042);
#10555=LINE('',#14043,#14044);
#10556=VERTEX_POINT('',#14045);
#10557=B_SPLINE_CURVE_WITH_KNOTS('',3,(#14046,#14047,#14048,#14049),.UNSPECIFIED.,.F.,.F.,(4,4),(0.0,1.0),.UNSPECIFIED.);
#10558=CIRCLE('',#14050,0.25);
#10559=VERTEX_POINT('',#14051);
#10560=LINE('',#14052,#14053);
#10561=VERTEX_POINT('',#14054);
#10562=CIRCLE('',#14055,0.5500000000004);
#10563=LINE('',#14056,#14057);
#10564=LINE('',#14058,#14059);
#10565=VERTEX_POINT('',#14060);
#10566=B_SPLINE_CURVE_WITH_KNOTS('',3,(#14061,#14062,#14063,#14064),.UNSPECIFIED.,.F.,.F.,(4,4),(6.34914847200522E-12,1.0),.UNSPECIFIED.);
#10567=LINE('',#14065,#14066);
#10568=VERTEX_POINT('',#14067);
#10569=LINE('',#14068,#14069);
#10570=VERTEX_POINT('',#14070);
#10571=LINE('',#14071,#14072);
#10572=VERTEX_POINT('',#14073);
#10573=LINE('',#14074,#14075);
#10574=VERTEX_POINT('',#14076);
#10575=LINE('',#14077,#14078);
#10576=LINE('',#14079,#14080);
#10577=LINE('',#14081,#14082);
#10578=VERTEX_POINT('',#14083);
#10579=LINE('',#14084,#14085);
#10580=VERTEX_POINT('',#14086);
#10581=LINE('',#14087,#14088);
#10582=LINE('',#14089,#14090);
#10583=VERTEX_POINT('',#14091);
#10584=CIRCLE('',#14092,0.15);
#10585=CIRCLE('',#14093,0.15);
#10586=LINE('',#14094,#14095);
#10587=LINE('',#14096,#14097);
#10588=LINE('',#14098,#14099);
#10589=VERTEX_POINT('',#14100);
#10590=LINE('',#14101,#14102);
#10591=VERTEX_POINT('',#14103);
#10592=LINE('',#14104,#14105);
#10593=VERTEX_POINT('',#14106);
#10594=LINE('',#14107,#14108);
#10595=CIRCLE('',#14109,0.3);
#10596=VERTEX_POINT('',#14110);
#10597=LINE('',#14111,#14112);
#10598=CIRCLE('',#14113,0.3);
#10599=VERTEX_POINT('',#14114);
#10600=LINE('',#14115,#14116);
#10601=VERTEX_POINT('',#14117);
#10602=LINE('',#14118,#14119);
#10603=LINE('',#14120,#14121);
#10604=VERTEX_POINT('',#14122);
#10605=LINE('',#14123,#14124);
#10606=CIRCLE('',#14125,0.2);
#10607=CIRCLE('',#14126,0.2);
#10608=CIRCLE('',#14127,0.2);
#10609=VERTEX_POINT('',#14128);
#10610=CIRCLE('',#14129,0.2);
#10611=LINE('',#14130,#14131);
#10612=LINE('',#14132,#14133);
#10613=LINE('',#14134,#14135);
#10614=VERTEX_POINT('',#14136);
#10615=LINE('',#14137,#14138);
#10616=LINE('',#14139,#14140);
#10617=LINE('',#14141,#14142);
#10618=LINE('',#14143,#14144);
#10619=LINE('',#14145,#14146);
#10620=LINE('',#14147,#14148);
#10621=LINE('',#14149,#14150);
#10622=LINE('',#14151,#14152);
#10623=CIRCLE('',#14153,0.3);
#10624=VERTEX_POINT('',#14154);
#10625=LINE('',#14155,#14156);
#10626=LINE('',#14157,#14158);
#10627=CIRCLE('',#14159,0.2);
#10628=VERTEX_POINT('',#14160);
#10629=LINE('',#14161,#14162);
#10630=CIRCLE('',#14163,0.2);
#10631=LINE('',#14164,#14165);
#10632=CIRCLE('',#14166,0.3);
#10633=LINE('',#14167,#14168);
#10634=VERTEX_POINT('',#14169);
#10635=LINE('',#14170,#14171);
#10636=LINE('',#14172,#14173);
#10637=VERTEX_POINT('',#14174);
#10638=LINE('',#14175,#14176);
#10639=LINE('',#14177,#14178);
#10640=LINE('',#14179,#14180);
#10641=LINE('',#14181,#14182);
#10642=VERTEX_POINT('',#14183);
#10643=LINE('',#14184,#14185);
#10644=VERTEX_POINT('',#14186);
#10645=CIRCLE('',#14187,0.2);
#10646=LINE('',#14188,#14189);
#10647=VERTEX_POINT('',#14190);
#10648=VERTEX_POINT('',#14191);
#10649=LINE('',#14192,#14193);
#10650=LINE('',#14194,#14195);
#10651=VERTEX_POINT('',#14196);
#10652=LINE('',#14197,#14198);
#10653=B_SPLINE_CURVE_WITH_KNOTS('',3,(#14199,#14200,#14201,#14202,#14203,#14204),.UNSPECIFIED.,.F.,.F.,(4,1,1,4),(0.0,0.3333333333333,0.6666666666667,1.0),.UNSPECIFIED.);
#10654=CIRCLE('',#14205,0.23);
#10655=VERTEX_POINT('',#14206);
#10656=B_SPLINE_CURVE_WITH_KNOTS('',3,(#14207,#14208,#14209,#14210,#14211,#14212),.UNSPECIFIED.,.F.,.F.,(4,1,1,4),(0.0,0.3333333333333,0.6666666666667,1.0),.UNSPECIFIED.);
#10657=LINE('',#14213,#14214);
#10658=LINE('',#14215,#14216);
#10659=VERTEX_POINT('',#14217);
#10660=LINE('',#14218,#14219);
#10661=LINE('',#14220,#14221);
#10662=LINE('',#14222,#14223);
#10663=VERTEX_POINT('',#14224);
#10664=LINE('',#14225,#14226);
#10665=LINE('',#14227,#14228);
#10666=VERTEX_POINT('',#14229);
#10667=LINE('',#14230,#14231);
#10668=LINE('',#14232,#14233);
#10669=LINE('',#14234,#14235);
#10670=VERTEX_POINT('',#14236);
#10671=LINE('',#14237,#14238);
#10672=LINE('',#14239,#14240);
#10673=VERTEX_POINT('',#14241);
#10674=LINE('',#14242,#14243);
#10675=LINE('',#14244,#14245);
#10676=LINE('',#14246,#14247);
#10677=VERTEX_POINT('',#14248);
#10678=LINE('',#14249,#14250);
#10679=VERTEX_POINT('',#14251);
#10680=LINE('',#14252,#14253);
#10681=LINE('',#14254,#14255);
#10682=LINE('',#14256,#14257);
#10683=LINE('',#14258,#14259);
#10684=LINE('',#14260,#14261);
#10685=LINE('',#14262,#14263);
#10686=LINE('',#14264,#14265);
#10687=VERTEX_POINT('',#14266);
#10688=LINE('',#14267,#14268);
#10689=CIRCLE('',#14269,0.45);
#10690=LINE('',#14270,#14271);
#10691=B_SPLINE_CURVE_WITH_KNOTS('',3,(#14272,#14273,#14274,#14275,#14276,#14277),.UNSPECIFIED.,.F.,.F.,(4,1,1,4),(0.0,0.25,0.5,1.0),.UNSPECIFIED.);
#10692=LINE('',#14278,#14279);
#10693=LINE('',#14280,#14281);
#10694=LINE('',#14282,#14283);
#10695=LINE('',#14284,#14285);
#10696=LINE('',#14286,#14287);
#10697=LINE('',#14288,#14289);
#10698=LINE('',#14290,#14291);
#10699=LINE('',#14292,#14293);
#10700=LINE('',#14294,#14295);
#10701=LINE('',#14296,#14297);
#10702=LINE('',#14298,#14299);
#10703=VERTEX_POINT('',#14300);
#10704=LINE('',#14301,#14302);
#10705=B_SPLINE_CURVE_WITH_KNOTS('',3,(#14303,#14304,#14305,#14306,#14307,#14308,#14309,#14310),.UNSPECIFIED.,.F.,.F.,(4,1,1,1,1,4),(0.0,0.2,0.4,0.6,0.8,1.0),.UNSPECIFIED.);
#10706=VERTEX_POINT('',#14311);
#10707=VERTEX_POINT('',#14312);
#10708=LINE('',#14313,#14314);
#10709=CIRCLE('',#14315,0.3);
#10710=VERTEX_POINT('',#14316);
#10711=LINE('',#14317,#14318);
#10712=B_SPLINE_CURVE_WITH_KNOTS('',3,(#14319,#14320,#14321,#14322,#14323,#14324,#14325,#14326),.UNSPECIFIED.,.F.,.F.,(4,1,1,1,1,4),(0.0,0.2,0.4,0.6,0.8,1.0),.UNSPECIFIED.);
#10713=CIRCLE('',#14327,0.3);
#10714=VERTEX_POINT('',#14328);
#10715=LINE('',#14329,#14330);
#10716=VERTEX_POINT('',#14331);
#10717=CIRCLE('',#14332,1.0);
#10718=LINE('',#14333,#14334);
#10719=VERTEX_POINT('',#14335);
#10720=LINE('',#14336,#14337);
#10721=LINE('',#14338,#14339);
#10722=VERTEX_POINT('',#14340);
#10723=CIRCLE('',#14341,1.0);
#10724=LINE('',#14342,#14343);
#10725=LINE('',#14344,#14345);
#10726=LINE('',#14346,#14347);
#10727=LINE('',#14348,#14349);
#10728=LINE('',#14350,#14351);
#10729=LINE('',#14352,#14353);
#10730=LINE('',#14354,#14355);
#10731=LINE('',#14356,#14357);
#10732=LINE('',#14358,#14359);
#10733=LINE('',#14360,#14361);
#10734=VERTEX_POINT('',#14362);
#10735=VERTEX_POINT('',#14363);
#10736=LINE('',#14364,#14365);
#10737=LINE('',#14366,#14367);
#10738=LINE('',#14368,#14369);
#10739=VERTEX_POINT('',#14370);
#10740=LINE('',#14371,#14372);
#10741=VERTEX_POINT('',#14373);
#10742=LINE('',#14374,#14375);
#10743=LINE('',#14376,#14377);
#10744=VERTEX_POINT('',#14378);
#10745=LINE('',#14379,#14380);
#10746=LINE('',#14381,#14382);
#10747=VERTEX_POINT('',#14383);
#10748=LINE('',#14384,#14385);
#10749=LINE('',#14386,#14387);
#10750=LINE('',#14388,#14389);
#10751=VERTEX_POINT('',#14390);
#10752=LINE('',#14391,#14392);
#10753=VERTEX_POINT('',#14393);
#10754=LINE('',#14394,#14395);
#10755=LINE('',#14396,#14397);
#10756=LINE('',#14398,#14399);
#10757=LINE('',#14400,#14401);
#10758=VERTEX_POINT('',#14402);
#10759=CIRCLE('',#14403,0.1);
#10760=VERTEX_POINT('',#14404);
#10761=CIRCLE('',#14405,0.1);
#10762=LINE('',#14406,#14407);
#10763=VERTEX_POINT('',#14408);
#10764=CIRCLE('',#14409,0.1);
#10765=VERTEX_POINT('',#14410);
#10766=LINE('',#14411,#14412);
#10767=CIRCLE('',#14413,0.1);
#10768=VERTEX_POINT('',#14414);
#10769=CIRCLE('',#14415,0.07679491924312);
#10770=VERTEX_POINT('',#14416);
#10771=CIRCLE('',#14417,0.1);
#10772=CIRCLE('',#14418,0.1633974596216);
#10773=CIRCLE('',#14419,0.1);
#10774=VERTEX_POINT('',#14420);
#10775=CIRCLE('',#14421,0.1);
#10776=LINE('',#14422,#14423);
#10777=VERTEX_POINT('',#14424);
#10778=LINE('',#14425,#14426);
#10779=CIRCLE('',#14427,0.1);
#10780=CIRCLE('',#14428,0.07679491924311);
#10781=CIRCLE('',#14429,0.1633974596216);
#10782=VERTEX_POINT('',#14430);
#10783=LINE('',#14431,#14432);
#10784=VERTEX_POINT('',#14433);
#10785=LINE('',#14434,#14435);
#10786=VERTEX_POINT('',#14436);
#10787=LINE('',#14437,#14438);
#10788=VERTEX_POINT('',#14439);
#10789=LINE('',#14440,#14441);
#10790=CIRCLE('',#14442,0.15);
#10791=VERTEX_POINT('',#14443);
#10792=CIRCLE('',#14444,0.15);
#10793=LINE('',#14445,#14446);
#10794=VERTEX_POINT('',#14447);
#10795=LINE('',#14448,#14449);
#10796=LINE('',#14450,#14451);
#10797=VERTEX_POINT('',#14452);
#10798=LINE('',#14453,#14454);
#10799=VERTEX_POINT('',#14455);
#10800=LINE('',#14456,#14457);
#10801=LINE('',#14458,#14459);
#10802=LINE('',#14460,#14461);
#10803=LINE('',#14462,#14463);
#10804=CARTESIAN_POINT('',(3.45,-0.14,1.050002017874));
#10805=CARTESIAN_POINT('',(3.43,-0.14,1.050002017874));
#10806=CARTESIAN_POINT('',(3.43,-0.14,1.050002017874));
#10807=VECTOR('',#14464,1.0);
#10808=CARTESIAN_POINT('',(3.45,-0.39,1.300002017874));
#10809=AXIS2_PLACEMENT_3D('',#14465,#14466,#14467);
#10810=CARTESIAN_POINT('',(3.43,-0.39,1.300002017874));
#10811=CARTESIAN_POINT('',(3.45,-0.39,1.300002017874));
#10812=VECTOR('',#14468,0.02);
#10813=AXIS2_PLACEMENT_3D('',#14469,#14470,#14471);
#10814=CARTESIAN_POINT('',(2.025,-1.279254176644,-4.099000017874));
#10815=CARTESIAN_POINT('',(2.025,-1.280610210695,-4.099413496044));
#10816=CARTESIAN_POINT('',(2.025,-1.279254176644,-4.099000017874));
#10817=CARTESIAN_POINT('',(2.025,-1.279390879871,-4.099110717964));
#10818=CARTESIAN_POINT('',(2.025,-1.280473507469,-4.099302795954));
#10819=CARTESIAN_POINT('',(2.025,-1.280610210695,-4.099413496044));
#10820=CARTESIAN_POINT('',(-2.025,-1.279254176644,-4.099000017874));
#10821=CARTESIAN_POINT('',(-2.025,-1.279254176644,-4.099000017874));
#10822=VECTOR('',#14472,4.05);
#10823=CARTESIAN_POINT('',(-2.025,-1.280893965817,-4.099500017874));
#10824=CARTESIAN_POINT('',(-2.025,-1.280893965817,-4.099500017874));
#10825=CARTESIAN_POINT('',(-2.025,-1.28044987236,-4.099140398083));
#10826=CARTESIAN_POINT('',(-2.025,-1.279698270101,-4.099359637665));
#10827=CARTESIAN_POINT('',(-2.025,-1.279254176644,-4.099000017874));
#10828=CARTESIAN_POINT('',(-3.0,-1.280489073801,-4.100000017874));
#10829=CARTESIAN_POINT('',(-3.0,-1.280489073801,-4.100000017874));
#10830=VECTOR('',#14473,0.9750002122756);
#10831=CARTESIAN_POINT('',(-3.2,-1.125059881509,-3.974135939664));
#10832=AXIS2_PLACEMENT_3D('',#14474,#14475,#14476);
#10833=CARTESIAN_POINT('',(-3.2,-1.036203882685,-3.902181770563));
#10834=CARTESIAN_POINT('',(-3.2,-1.036203882685,-3.902181770563));
#10835=VECTOR('',#14477,0.1143363064736);
#10836=CARTESIAN_POINT('',(3.2,-1.036203882685,-3.902181770563));
#10837=CARTESIAN_POINT('',(3.2,-1.036203882685,-3.902181770563));
#10838=VECTOR('',#14478,6.4);
#10839=CARTESIAN_POINT('',(3.2,-1.125059881509,-3.974135939664));
#10840=CARTESIAN_POINT('',(3.2,-1.125059881509,-3.974135939664));
#10841=VECTOR('',#14479,0.1143363064736);
#10842=CARTESIAN_POINT('',(3.0,-1.280489073801,-4.100000017874));
#10843=AXIS2_PLACEMENT_3D('',#14480,#14481,#14482);
#10844=CARTESIAN_POINT('',(2.025,-1.280610210695,-4.099413496044));
#10845=VECTOR('',#14483,0.9750001839395);
#10846=CARTESIAN_POINT('',(3.0,-1.469285191115,-3.866856229437));
#10847=CARTESIAN_POINT('',(3.0,-1.469285191115,-3.866856229437));
#10848=VECTOR('',#14484,0.3);
#10849=CARTESIAN_POINT('',(-3.0,-1.469285191115,-3.866856229437));
#10850=CARTESIAN_POINT('',(-3.0,-1.469285191115,-3.866856229437));
#10851=VECTOR('',#14485,6.0);
#10852=CARTESIAN_POINT('',(-3.0,-1.280489073801,-4.100000017874));
#10853=VECTOR('',#14486,0.3);
#10854=CARTESIAN_POINT('',(2.025,-1.280610210695,-4.099413496044));
#10855=VECTOR('',#14487,4.050000010865);
#10856=CARTESIAN_POINT('',(-2.025,-1.425,-4.099000017874));
#10857=CARTESIAN_POINT('',(-2.025,-1.280893965817,-4.099500017874));
#10858=VECTOR('',#14488,0.144106901597);
#10859=CARTESIAN_POINT('',(-1.225,-2.225,-4.099000017874));
#10860=AXIS2_PLACEMENT_3D('',#14489,#14490,#14491);
#10861=CARTESIAN_POINT('',(1.225,-2.225,-4.099000017874));
#10862=CARTESIAN_POINT('',(1.225,-2.225,-4.099000017874));
#10863=VECTOR('',#14492,2.45);
#10864=CARTESIAN_POINT('',(2.025,-1.425,-4.099000017874));
#10865=AXIS2_PLACEMENT_3D('',#14493,#14494,#14495);
#10866=CARTESIAN_POINT('',(2.025,-1.280610210695,-4.099413496044));
#10867=VECTOR('',#14496,0.1443903813265);
#10868=CARTESIAN_POINT('',(2.025,-1.425,-4.900000017874));
#10869=CARTESIAN_POINT('',(2.025,-1.425,-4.900000017874));
#10870=VECTOR('',#14497,0.801);
#10871=CARTESIAN_POINT('',(2.025,-0.875,-4.900000017874));
#10872=CARTESIAN_POINT('',(2.025,-0.875,-4.900000017874));
#10873=VECTOR('',#14498,0.55);
#10874=CARTESIAN_POINT('',(2.025,-0.875,-4.099000017874));
#10875=CARTESIAN_POINT('',(2.025,-0.875,-4.099000017874));
#10876=VECTOR('',#14499,0.801);
#10877=CARTESIAN_POINT('',(2.025,-0.875,-4.099000017874));
#10878=VECTOR('',#14500,0.4042541766441);
#10879=CARTESIAN_POINT('',(2.025,-0.225,-4.099000017874));
#10880=CARTESIAN_POINT('',(2.025,-0.225,-4.099000017874));
#10881=VECTOR('',#14501,0.65);
#10882=CARTESIAN_POINT('',(2.725,-0.225,-4.099000017874));
#10883=CARTESIAN_POINT('',(2.725,-0.225,-4.099000017874));
#10884=VECTOR('',#14502,0.7);
#10885=CARTESIAN_POINT('',(2.725,-0.875,-4.099000017874));
#10886=CARTESIAN_POINT('',(2.725,-0.875,-4.099000017874));
#10887=VECTOR('',#14503,0.65);
#10888=CARTESIAN_POINT('',(3.2,-0.875,-4.099000017874));
#10889=CARTESIAN_POINT('',(2.725,-0.875,-4.099000017874));
#10890=VECTOR('',#14504,0.475);
#10891=CARTESIAN_POINT('',(4.0,-0.075,-4.099000017874));
#10892=AXIS2_PLACEMENT_3D('',#14505,#14506,#14507);
#10893=CARTESIAN_POINT('',(4.0,1.425,-4.099000017874));
#10894=CARTESIAN_POINT('',(4.0,1.425,-4.099000017874));
#10895=VECTOR('',#14508,1.5);
#10896=CARTESIAN_POINT('',(3.2,2.225,-4.099000017874));
#10897=AXIS2_PLACEMENT_3D('',#14509,#14510,#14511);
#10898=CARTESIAN_POINT('',(-3.2,2.225,-4.099000017874));
#10899=CARTESIAN_POINT('',(3.2,2.225,-4.099000017874));
#10900=VECTOR('',#14512,6.4);
#10901=CARTESIAN_POINT('',(-4.0,1.425,-4.099000017874));
#10902=AXIS2_PLACEMENT_3D('',#14513,#14514,#14515);
#10903=CARTESIAN_POINT('',(-4.0,-0.075,-4.099000017874));
#10904=CARTESIAN_POINT('',(-4.0,-0.075,-4.099000017874));
#10905=VECTOR('',#14516,1.5);
#10906=CARTESIAN_POINT('',(-3.2,-0.875,-4.099000017874));
#10907=AXIS2_PLACEMENT_3D('',#14517,#14518,#14519);
#10908=CARTESIAN_POINT('',(-2.725,-0.875,-4.099000017874));
#10909=CARTESIAN_POINT('',(-3.2,-0.875,-4.099000017874));
#10910=VECTOR('',#14520,0.475);
#10911=CARTESIAN_POINT('',(-2.725,-0.225,-4.099000017874));
#10912=CARTESIAN_POINT('',(-2.725,-0.875,-4.099000017874));
#10913=VECTOR('',#14521,0.65);
#10914=CARTESIAN_POINT('',(-2.025,-0.225,-4.099000017874));
#10915=CARTESIAN_POINT('',(-2.025,-0.225,-4.099000017874));
#10916=VECTOR('',#14522,0.7);
#10917=CARTESIAN_POINT('',(-2.025,-0.875,-4.099000017874));
#10918=CARTESIAN_POINT('',(-2.025,-0.225,-4.099000017874));
#10919=VECTOR('',#14523,0.65);
#10920=CARTESIAN_POINT('',(-2.025,-0.875,-4.099000017874));
#10921=VECTOR('',#14524,0.4042541766441);
#10922=CARTESIAN_POINT('',(3.806298857834,-0.1949999999999,-4.099000017874));
#10923=CARTESIAN_POINT('',(3.806298857834,-0.4450000000001,-4.099000017874));
#10924=CARTESIAN_POINT('',(3.806298857834,-0.1949999999999,-4.099000017874));
#10925=VECTOR('',#14525,0.2500000000002);
#10926=CARTESIAN_POINT('',(3.804253550254,-0.4701739047916,-4.098999510633));
#10927=CARTESIAN_POINT('',(3.806298857834,-0.4450000000001,-4.099000017874));
#10928=CARTESIAN_POINT('',(3.806298857834,-0.4477870032287,-4.099000017874));
#10929=CARTESIAN_POINT('',(3.806148494453,-0.4533667064965,-4.098999950242));
#10930=CARTESIAN_POINT('',(3.80547529468,-0.4617011420276,-4.099000254586));
#10931=CARTESIAN_POINT('',(3.804716591825,-0.4673384392273,-4.098999510633));
#10932=CARTESIAN_POINT('',(3.804253550254,-0.4701739047916,-4.098999510633));
#10933=CARTESIAN_POINT('',(3.804254176644,-0.1698388926963,-4.099000017874));
#10934=CARTESIAN_POINT('',(3.804253550254,-0.4701739047916,-4.098999510633));
#10935=VECTOR('',#14526,0.3003350120943);
#10936=CARTESIAN_POINT('',(3.804254176644,-0.1698388926963,-4.099000017874));
#10937=CARTESIAN_POINT('',(3.805613787917,-0.1781709704308,-4.099000017874));
#10938=CARTESIAN_POINT('',(3.806298857834,-0.1865577217416,-4.099000017874));
#10939=CARTESIAN_POINT('',(3.806298857834,-0.1949999999997,-4.099000017874));
#10940=CARTESIAN_POINT('',(-2.325161107301,1.279254176645,-4.099000017874));
#10941=CARTESIAN_POINT('',(-2.300000000004,1.281298857834,-4.099000017874));
#10942=CARTESIAN_POINT('',(-2.325161107302,1.279254176644,-4.099000017874));
#10943=CARTESIAN_POINT('',(-2.316829029571,1.280613787917,-4.099000017874));
#10944=CARTESIAN_POINT('',(-2.308442278264,1.281298857834,-4.099000017874));
#10945=CARTESIAN_POINT('',(-2.30000000001,1.281298857834,-4.099000017874));
#10946=CARTESIAN_POINT('',(-0.8300000000007,1.281298857834,-4.099000017874));
#10947=CARTESIAN_POINT('',(-2.300000000004,1.281298857834,-4.099000017874));
#10948=VECTOR('',#14527,1.470000000003);
#10949=CARTESIAN_POINT('',(-0.8048388927011,1.279254176645,-4.099000017874));
#10950=CARTESIAN_POINT('',(-0.8300000000009,1.281298857834,-4.099000017874));
#10951=CARTESIAN_POINT('',(-0.8215577217439,1.281298857834,-4.099000017874));
#10952=CARTESIAN_POINT('',(-0.8131709704342,1.280613787917,-4.099000017874));
#10953=CARTESIAN_POINT('',(-0.8048388927008,1.279254176645,-4.099000017874));
#10954=CARTESIAN_POINT('',(-0.8048388927011,1.279254176645,-4.099000017874));
#10955=VECTOR('',#14528,1.5203222146);
#10956=CARTESIAN_POINT('',(2.325161107301,1.279254176644,-4.099000017874));
#10957=CARTESIAN_POINT('',(-0.4251611073003,1.279254176644,-4.099000017874));
#10958=CARTESIAN_POINT('',(2.325161107301,1.279254176644,-4.099000017874));
#10959=VECTOR('',#14529,2.750335012149);
#10960=CARTESIAN_POINT('',(-0.4000000000003,1.281298857833,-4.099000017874));
#10961=CARTESIAN_POINT('',(-0.425161339884279,1.27925560162439,-4.09899951063343));
#10962=CARTESIAN_POINT('',(-0.422330096348591,1.27971771496179,-4.0989995117294));
#10963=CARTESIAN_POINT('',(-0.416697000940997,1.28047563046927,-4.09900025443815));
#10964=CARTESIAN_POINT('',(-0.4083666688233,1.281148496194,-4.098999950242));
#10965=CARTESIAN_POINT('',(-0.4027869870756,1.281298857833,-4.099000017874));
#10966=CARTESIAN_POINT('',(-0.4000000000003,1.281298857833,-4.099000017874));
#10967=CARTESIAN_POINT('',(2.30000000001,1.281298857834,-4.099000017874));
#10968=CARTESIAN_POINT('',(-0.4000000000003,1.281298857833,-4.099000017874));
#10969=VECTOR('',#14530,2.700000000003);
#10970=CARTESIAN_POINT('',(2.30000000001,1.281298857834,-4.099000017874));
#10971=CARTESIAN_POINT('',(2.308442278264,1.281298857833,-4.099000017874));
#10972=CARTESIAN_POINT('',(2.316829029571,1.280613787917,-4.099000017874));
#10973=CARTESIAN_POINT('',(2.325161107301,1.279254176644,-4.099000017874));
#10974=CARTESIAN_POINT('',(-3.804254176644,-0.1698388926963,-4.099000017874));
#10975=CARTESIAN_POINT('',(-3.804254176644,-0.4701611073009,-4.099000017874));
#10976=CARTESIAN_POINT('',(-3.804254176644,-0.1698388926984,-4.099000017874));
#10977=VECTOR('',#14531,0.3003350121527);
#10978=CARTESIAN_POINT('',(-3.806298857834,-0.4450000000001,-4.099000017874));
#10979=CARTESIAN_POINT('',(-3.8042556016245,-0.470161339884897,-4.09899951063343));
#10980=CARTESIAN_POINT('',(-3.80471771496185,-0.467330096347047,-4.0989995117294));
#10981=CARTESIAN_POINT('',(-3.80547563046929,-0.461697000940678,-4.09900025443815));
#10982=CARTESIAN_POINT('',(-3.806148496195,-0.4533666688229,-4.098999950242));
#10983=CARTESIAN_POINT('',(-3.806298857834,-0.4477869870751,-4.099000017874));
#10984=CARTESIAN_POINT('',(-3.806298857834,-0.4450000000001,-4.099000017874));
#10985=CARTESIAN_POINT('',(-3.806298857834,-0.1949999999997,-4.099000017874));
#10986=CARTESIAN_POINT('',(-3.806298857834,-0.4450000000001,-4.099000017874));
#10987=VECTOR('',#14532,0.2500000000002);
#10988=CARTESIAN_POINT('',(-3.806298857834,-0.1949999999997,-4.099000017874));
#10989=CARTESIAN_POINT('',(-3.806298857834,-0.1865577217416,-4.099000017874));
#10990=CARTESIAN_POINT('',(-3.805613787917,-0.1781709704308,-4.099000017874));
#10991=CARTESIAN_POINT('',(-3.804254176644,-0.1698388926963,-4.099000017874));
#10992=CARTESIAN_POINT('',(-2.3,0.2250000000004,-4.099000017874));
#10993=CARTESIAN_POINT('',(2.3,0.2250000000004,-4.099000017874));
#10994=CARTESIAN_POINT('',(-2.3,0.2250000000004,-4.099000017874));
#10995=VECTOR('',#14533,4.6);
#10996=CARTESIAN_POINT('',(-2.3,1.025,-4.099000017874));
#10997=CARTESIAN_POINT('',(-2.3,0.2250000000004,-4.099000017874));
#10998=VECTOR('',#14534,0.8);
#10999=CARTESIAN_POINT('',(2.3,1.025,-4.099000017874));
#11000=CARTESIAN_POINT('',(2.3,1.025,-4.099000017874));
#11001=VECTOR('',#14535,4.6);
#11002=CARTESIAN_POINT('',(2.3,1.025,-4.099000017874));
#11003=VECTOR('',#14536,0.8);
#11004=CARTESIAN_POINT('',(-2.025,-0.875,-4.900000017874));
#11005=CARTESIAN_POINT('',(-2.025,-0.875,-4.099000017874));
#11006=VECTOR('',#14537,0.801);
#11007=CARTESIAN_POINT('',(-2.025,-1.425,-4.900000017874));
#11008=CARTESIAN_POINT('',(-2.025,-1.425,-4.900000017874));
#11009=VECTOR('',#14538,0.55);
#11010=CARTESIAN_POINT('',(-2.025,-1.425,-4.099000017874));
#11011=VECTOR('',#14539,0.801);
#11012=CARTESIAN_POINT('',(-1.225,-2.225,-4.900000017874));
#11013=AXIS2_PLACEMENT_3D('',#14540,#14541,#14542);
#11014=CARTESIAN_POINT('',(-1.225,-2.225,-4.900000017874));
#11015=VECTOR('',#14543,0.801);
#11016=CARTESIAN_POINT('',(1.225,-2.225,-4.900000017874));
#11017=CARTESIAN_POINT('',(-1.225,-2.225,-4.900000017874));
#11018=VECTOR('',#14544,2.45);
#11019=CARTESIAN_POINT('',(1.225,-2.225,-4.099000017874));
#11020=VECTOR('',#14545,0.801);
#11021=AXIS2_PLACEMENT_3D('',#14546,#14547,#14548);
#11022=CARTESIAN_POINT('',(3.2,2.225,-4.900000017874));
#11023=CARTESIAN_POINT('',(4.0,1.425,-4.900000017874));
#11024=AXIS2_PLACEMENT_3D('',#14549,#14550,#14551);
#11025=CARTESIAN_POINT('',(4.0,-0.075,-4.900000017874));
#11026=CARTESIAN_POINT('',(4.0,-0.075,-4.900000017874));
#11027=VECTOR('',#14552,1.5);
#11028=CARTESIAN_POINT('',(3.2,-0.875,-4.900000017874));
#11029=AXIS2_PLACEMENT_3D('',#14553,#14554,#14555);
#11030=CARTESIAN_POINT('',(3.2,-0.875,-4.900000017874));
#11031=VECTOR('',#14556,1.175);
#11032=CARTESIAN_POINT('',(-3.2,-0.875,-4.900000017874));
#11033=CARTESIAN_POINT('',(-2.025,-0.875,-4.900000017874));
#11034=VECTOR('',#14557,1.175);
#11035=CARTESIAN_POINT('',(-4.0,-0.075,-4.900000017874));
#11036=AXIS2_PLACEMENT_3D('',#14558,#14559,#14560);
#11037=CARTESIAN_POINT('',(-4.0,1.425,-4.900000017874));
#11038=CARTESIAN_POINT('',(-4.0,1.425,-4.900000017874));
#11039=VECTOR('',#14561,1.5);
#11040=CARTESIAN_POINT('',(-3.2,2.225,-4.900000017874));
#11041=AXIS2_PLACEMENT_3D('',#14562,#14563,#14564);
#11042=CARTESIAN_POINT('',(-3.2,2.225,-4.900000017874));
#11043=VECTOR('',#14565,6.4);
#11044=CARTESIAN_POINT('',(-3.2,2.225,-4.099000017874));
#11045=VECTOR('',#14566,0.801);
#11046=CARTESIAN_POINT('',(3.2,2.225,-4.900000017874));
#11047=VECTOR('',#14567,0.801);
#11048=CARTESIAN_POINT('',(4.0,1.425,-4.099000017874));
#11049=VECTOR('',#14568,0.801);
#11050=CARTESIAN_POINT('',(4.0,-0.075,-4.900000017874));
#11051=VECTOR('',#14569,0.801);
#11052=CARTESIAN_POINT('',(3.2,-0.875,-4.099000017874));
#11053=VECTOR('',#14570,0.801);
#11054=CARTESIAN_POINT('',(2.725,-0.875,-1.200000017874));
#11055=CARTESIAN_POINT('',(2.725,-0.875,-4.099000017874));
#11056=VECTOR('',#14571,2.899);
#11057=CARTESIAN_POINT('',(2.025,-0.875,-1.200000017874));
#11058=CARTESIAN_POINT('',(2.725,-0.875,-1.200000017874));
#11059=VECTOR('',#14572,0.7);
#11060=CARTESIAN_POINT('',(2.025,-0.875,-1.200000017874));
#11061=VECTOR('',#14573,2.899);
#11062=CARTESIAN_POINT('',(2.125,-0.875,-1.521228982126));
#11063=CARTESIAN_POINT('',(2.125,-0.875,-3.240681053042));
#11064=CARTESIAN_POINT('',(2.125,-0.875,-1.521228982126));
#11065=VECTOR('',#14574,1.719452070916);
#11066=CARTESIAN_POINT('',(2.625,-0.875,-1.521228982126));
#11067=CARTESIAN_POINT('',(2.625,-0.875,-1.521228982126));
#11068=VECTOR('',#14575,0.5);
#11069=CARTESIAN_POINT('',(2.625,-0.875,-3.240681053042));
#11070=CARTESIAN_POINT('',(2.625,-0.875,-3.240681053042));
#11071=VECTOR('',#14576,1.719452070916);
#11072=CARTESIAN_POINT('',(2.125,-0.875,-3.240681053042));
#11073=VECTOR('',#14577,0.5);
#11074=CARTESIAN_POINT('',(2.125,-0.9107212390314,-3.16407660873));
#11075=AXIS2_PLACEMENT_3D('',#14578,#14579,#14580);
#11076=CARTESIAN_POINT('',(2.625,-0.9107212390314,-3.16407660873));
#11077=AXIS2_PLACEMENT_3D('',#14581,#14582,#14583);
#11078=CARTESIAN_POINT('',(2.625,-0.9107212390314,-3.16407660873));
#11079=VECTOR('',#14584,0.5);
#11080=CARTESIAN_POINT('',(2.125,-0.925,-3.152095305667));
#11081=CARTESIAN_POINT('',(2.125,-0.9107212390314,-3.16407660873));
#11082=VECTOR('',#14585,0.01863959865109);
#11083=CARTESIAN_POINT('',(2.625,-0.925,-3.152095305667));
#11084=CARTESIAN_POINT('',(2.625,-0.925,-3.152095305667));
#11085=VECTOR('',#14586,0.01863959865109);
#11086=CARTESIAN_POINT('',(2.625,-0.925,-3.152095305667));
#11087=VECTOR('',#14587,0.5);
#11088=CARTESIAN_POINT('',(-2.4,-0.925,4.000000017874));
#11089=CARTESIAN_POINT('',(-2.4,-0.925,2.269040017874));
#11090=CARTESIAN_POINT('',(-2.4,-0.925,4.000000017874));
#11091=VECTOR('',#14588,1.73096);
#11092=CARTESIAN_POINT('',(-2.2,-0.925,2.069040017874));
#11093=AXIS2_PLACEMENT_3D('',#14589,#14590,#14591);
#11094=CARTESIAN_POINT('',(2.2,-0.925,2.069040017874));
#11095=CARTESIAN_POINT('',(-2.2,-0.925,2.069040017874));
#11096=VECTOR('',#14592,4.4);
#11097=CARTESIAN_POINT('',(2.4,-0.925,2.269040017874));
#11098=AXIS2_PLACEMENT_3D('',#14593,#14594,#14595);
#11099=CARTESIAN_POINT('',(2.4,-0.925,4.000000017874));
#11100=CARTESIAN_POINT('',(2.4,-0.925,2.269040017874));
#11101=VECTOR('',#14596,1.73096);
#11102=CARTESIAN_POINT('',(3.2,-0.925,4.000000017874));
#11103=CARTESIAN_POINT('',(2.4,-0.925,4.000000017874));
#11104=VECTOR('',#14597,0.8);
#11105=CARTESIAN_POINT('',(3.2,-0.925,2.649039982126));
#11106=CARTESIAN_POINT('',(3.2,-0.925,4.000000017874));
#11107=VECTOR('',#14598,1.350960035748);
#11108=CARTESIAN_POINT('',(3.2,-0.925,-3.549997982126));
#11109=CARTESIAN_POINT('',(3.2,-0.925,-3.549997982126));
#11110=VECTOR('',#14599,6.199037964252);
#11111=CARTESIAN_POINT('',(3.2,-0.925,-3.669037982126));
#11112=CARTESIAN_POINT('',(3.2,-0.925,-3.549997982126));
#11113=VECTOR('',#14600,0.11904);
#11114=CARTESIAN_POINT('',(-3.2,-0.925,-3.669037982126));
#11115=CARTESIAN_POINT('',(-3.2,-0.925,-3.669037982126));
#11116=VECTOR('',#14601,6.4);
#11117=CARTESIAN_POINT('',(-3.2,-0.925,-3.549997982126));
#11118=CARTESIAN_POINT('',(-3.2,-0.925,-3.549997982126));
#11119=VECTOR('',#14602,0.11904);
#11120=CARTESIAN_POINT('',(-3.2,-0.9250000005222,2.649039533714));
#11121=CARTESIAN_POINT('',(-3.2,-0.9250000005222,2.649039533714));
#11122=VECTOR('',#14603,6.199037515839);
#11123=CARTESIAN_POINT('',(-3.2,-0.925,4.000000017874));
#11124=CARTESIAN_POINT('',(-3.2,-0.925,4.000000017874));
#11125=VECTOR('',#14604,1.350960484161);
#11126=CARTESIAN_POINT('',(-3.2,-0.925,4.000000017874));
#11127=VECTOR('',#14605,0.8);
#11128=CARTESIAN_POINT('',(2.725,-0.925,-2.976997982126));
#11129=CARTESIAN_POINT('',(2.625,-0.925,-2.976997982126));
#11130=CARTESIAN_POINT('',(2.725,-0.925,-2.976997982126));
#11131=VECTOR('',#14606,0.1);
#11132=CARTESIAN_POINT('',(2.725,-0.9255631988779,-2.950452265439));
#11133=CARTESIAN_POINT('',(2.725,-0.9255631988779,-2.950452265439));
#11134=CARTESIAN_POINT('',(2.725,-0.9255631988779,-2.953487396108));
#11135=CARTESIAN_POINT('',(2.725,-0.924737173857,-2.958867209146));
#11136=CARTESIAN_POINT('',(2.725,-0.9250750931837,-2.968076025105));
#11137=CARTESIAN_POINT('',(2.725,-0.925,-2.974005150501));
#11138=CARTESIAN_POINT('',(2.725,-0.925,-2.976997982126));
#11139=CARTESIAN_POINT('',(2.725,-0.925,-2.549997982126));
#11140=CARTESIAN_POINT('',(2.725,-0.9255631988779,-2.950452265439));
#11141=VECTOR('',#14607,0.4004546793544);
#11142=CARTESIAN_POINT('',(2.825,-0.925,-2.549997982126));
#11143=CARTESIAN_POINT('',(2.725,-0.925,-2.549997982126));
#11144=VECTOR('',#14608,0.1);
#11145=CARTESIAN_POINT('',(2.975,-0.925,-2.399997982126));
#11146=AXIS2_PLACEMENT_3D('',#14609,#14610,#14611);
#11147=CARTESIAN_POINT('',(2.975,-0.925,-2.299997982126));
#11148=CARTESIAN_POINT('',(2.975,-0.925,-2.399997982126));
#11149=VECTOR('',#14612,0.1);
#11150=CARTESIAN_POINT('',(2.849999999977,-0.925,-2.152095987541));
#11151=AXIS2_PLACEMENT_3D('',#14613,#14614,#14615);
#11152=CARTESIAN_POINT('',(2.725,-0.925,-2.004193992971));
#11153=AXIS2_PLACEMENT_3D('',#14616,#14617,#14618);
#11154=CARTESIAN_POINT('',(2.725,-0.925,-1.249997982126));
#11155=CARTESIAN_POINT('',(2.725,-0.925,-2.004193992971));
#11156=VECTOR('',#14619,0.754196010845);
#11157=CARTESIAN_POINT('',(2.575,-0.925,-1.099997982126));
#11158=AXIS2_PLACEMENT_3D('',#14620,#14621,#14622);
#11159=CARTESIAN_POINT('',(2.175,-0.925,-1.099997982126));
#11160=CARTESIAN_POINT('',(2.575,-0.925,-1.099997982126));
#11161=VECTOR('',#14623,0.4);
#11162=CARTESIAN_POINT('',(2.025,-0.925,-1.249997982126));
#11163=AXIS2_PLACEMENT_3D('',#14624,#14625,#14626);
#11164=CARTESIAN_POINT('',(2.025,-0.925,-2.004193992971));
#11165=CARTESIAN_POINT('',(2.025,-0.925,-1.249997982126));
#11166=VECTOR('',#14627,0.754196010845);
#11167=CARTESIAN_POINT('',(1.899999999981,-0.925,-2.152095987555));
#11168=AXIS2_PLACEMENT_3D('',#14628,#14629,#14630);
#11169=CARTESIAN_POINT('',(1.775,-0.925,-2.299997982126));
#11170=AXIS2_PLACEMENT_3D('',#14631,#14632,#14633);
#11171=CARTESIAN_POINT('',(1.775,-0.925,-2.399997982126));
#11172=CARTESIAN_POINT('',(1.775,-0.925,-2.299997982126));
#11173=VECTOR('',#14634,0.1);
#11174=CARTESIAN_POINT('',(1.925,-0.925,-2.549997982126));
#11175=AXIS2_PLACEMENT_3D('',#14635,#14636,#14637);
#11176=CARTESIAN_POINT('',(2.025,-0.925,-2.549997982126));
#11177=CARTESIAN_POINT('',(1.925,-0.925,-2.549997982126));
#11178=VECTOR('',#14638,0.1);
#11179=CARTESIAN_POINT('',(2.025,-0.9255677049964,-2.950397464521));
#11180=CARTESIAN_POINT('',(2.025,-0.925,-2.549997982126));
#11181=VECTOR('',#14639,0.4003998848538);
#11182=CARTESIAN_POINT('',(2.025,-0.925,-2.976997982126));
#11183=CARTESIAN_POINT('',(2.025,-0.925,-2.976997982126));
#11184=CARTESIAN_POINT('',(2.025,-0.925,-2.973993013914));
#11185=CARTESIAN_POINT('',(2.025,-0.9250756939995,-2.968039593775));
#11186=CARTESIAN_POINT('',(2.025,-0.9247350710017,-2.958794759266));
#11187=CARTESIAN_POINT('',(2.025,-0.9255677049964,-2.953390239698));
#11188=CARTESIAN_POINT('',(2.025,-0.9255677049964,-2.950397464521));
#11189=CARTESIAN_POINT('',(2.125,-0.925,-2.976997982126));
#11190=CARTESIAN_POINT('',(2.125,-0.925,-2.976997982126));
#11191=VECTOR('',#14640,0.1);
#11192=CARTESIAN_POINT('',(2.125,-0.925,-2.976997982126));
#11193=VECTOR('',#14641,0.1750973235413);
#11194=CARTESIAN_POINT('',(2.625,-0.925,-3.152095305667));
#11195=VECTOR('',#14642,0.1750973235413);
#11196=CARTESIAN_POINT('',(0.98,-0.925,1.224687870139));
#11197=CARTESIAN_POINT('',(1.0,-0.925,1.299521017874));
#11198=AXIS2_PLACEMENT_3D('',#14643,#14644,#14645);
#11199=CARTESIAN_POINT('',(0.85,-0.925,1.449521017874));
#11200=AXIS2_PLACEMENT_3D('',#14646,#14647,#14648);
#11201=CARTESIAN_POINT('',(-0.85,-0.925,1.449521017874));
#11202=CARTESIAN_POINT('',(0.85,-0.925,1.449521017874));
#11203=VECTOR('',#14649,1.7);
#11204=CARTESIAN_POINT('',(-1.0,-0.925,1.299521017874));
#11205=AXIS2_PLACEMENT_3D('',#14650,#14651,#14652);
#11206=CARTESIAN_POINT('',(-0.98,-0.925,1.224687870139));
#11207=AXIS2_PLACEMENT_3D('',#14653,#14654,#14655);
#11208=CARTESIAN_POINT('',(-0.98,-0.925,0.4743541656096));
#11209=CARTESIAN_POINT('',(-0.9799999999997,-0.925,0.47435416561));
#11210=VECTOR('',#14656,0.7503337045286);
#11211=CARTESIAN_POINT('',(-1.0,-0.925,0.3995210178741));
#11212=AXIS2_PLACEMENT_3D('',#14657,#14658,#14659);
#11213=CARTESIAN_POINT('',(-0.85,-0.925,0.2495210178741));
#11214=AXIS2_PLACEMENT_3D('',#14660,#14661,#14662);
#11215=CARTESIAN_POINT('',(0.85,-0.925,0.2495210178741));
#11216=CARTESIAN_POINT('',(-0.85,-0.925,0.2495210178741));
#11217=VECTOR('',#14663,1.7);
#11218=CARTESIAN_POINT('',(1.0,-0.925,0.3995210178741));
#11219=AXIS2_PLACEMENT_3D('',#14664,#14665,#14666);
#11220=CARTESIAN_POINT('',(0.98,-0.925,0.4743541656096));
#11221=AXIS2_PLACEMENT_3D('',#14667,#14668,#14669);
#11222=CARTESIAN_POINT('',(0.9799999999997,-0.925,1.224687870138));
#11223=VECTOR('',#14670,0.7503337045286);
#11224=CARTESIAN_POINT('',(-2.125,-0.925,-3.152095305667));
#11225=CARTESIAN_POINT('',(-2.625,-0.925,-3.152095305667));
#11226=CARTESIAN_POINT('',(-2.125,-0.925,-3.152095305667));
#11227=VECTOR('',#14671,0.5);
#11228=CARTESIAN_POINT('',(-2.125,-0.925,-2.976997982126));
#11229=CARTESIAN_POINT('',(-2.125,-0.925,-3.152095305667));
#11230=VECTOR('',#14672,0.1750973235413);
#11231=CARTESIAN_POINT('',(-2.025,-0.925,-2.976997982126));
#11232=CARTESIAN_POINT('',(-2.025,-0.925,-2.976997982126));
#11233=VECTOR('',#14673,0.1);
#11234=CARTESIAN_POINT('',(-2.025,-0.9255631988779,-2.950452265439));
#11235=CARTESIAN_POINT('',(-2.025,-0.9255631988779,-2.950452265439));
#11236=CARTESIAN_POINT('',(-2.025,-0.9255631988779,-2.953487396108));
#11237=CARTESIAN_POINT('',(-2.025,-0.924737173857,-2.958867209146));
#11238=CARTESIAN_POINT('',(-2.025,-0.9250750931837,-2.968076025105));
#11239=CARTESIAN_POINT('',(-2.025,-0.925,-2.974005150501));
#11240=CARTESIAN_POINT('',(-2.025,-0.925,-2.976997982126));
#11241=CARTESIAN_POINT('',(-2.025,-0.925,-2.549997982126));
#11242=CARTESIAN_POINT('',(-2.025,-0.9255631988779,-2.950452265439));
#11243=VECTOR('',#14674,0.4004546793544);
#11244=CARTESIAN_POINT('',(-1.925,-0.925,-2.549997982126));
#11245=CARTESIAN_POINT('',(-2.025,-0.925,-2.549997982126));
#11246=VECTOR('',#14675,0.1);
#11247=CARTESIAN_POINT('',(-1.775,-0.925,-2.399997982126));
#11248=AXIS2_PLACEMENT_3D('',#14676,#14677,#14678);
#11249=CARTESIAN_POINT('',(-1.775,-0.925,-2.299997982126));
#11250=CARTESIAN_POINT('',(-1.775,-0.925,-2.399997982126));
#11251=VECTOR('',#14679,0.1);
#11252=CARTESIAN_POINT('',(-1.900000000019,-0.925,-2.152095987542));
#11253=AXIS2_PLACEMENT_3D('',#14680,#14681,#14682);
#11254=CARTESIAN_POINT('',(-2.025,-0.925,-2.004193992971));
#11255=AXIS2_PLACEMENT_3D('',#14683,#14684,#14685);
#11256=CARTESIAN_POINT('',(-2.025,-0.925,-1.249997982126));
#11257=CARTESIAN_POINT('',(-2.025,-0.925,-2.004193992971));
#11258=VECTOR('',#14686,0.754196010845);
#11259=CARTESIAN_POINT('',(-2.175,-0.925,-1.099997982126));
#11260=AXIS2_PLACEMENT_3D('',#14687,#14688,#14689);
#11261=CARTESIAN_POINT('',(-2.575,-0.925,-1.099997982126));
#11262=CARTESIAN_POINT('',(-2.175,-0.925,-1.099997982126));
#11263=VECTOR('',#14690,0.4);
#11264=CARTESIAN_POINT('',(-2.725,-0.925,-1.249997982126));
#11265=AXIS2_PLACEMENT_3D('',#14691,#14692,#14693);
#11266=CARTESIAN_POINT('',(-2.725,-0.925,-2.004193992971));
#11267=CARTESIAN_POINT('',(-2.725,-0.925,-1.249997982126));
#11268=VECTOR('',#14694,0.754196010845);
#11269=CARTESIAN_POINT('',(-2.850000000019,-0.925,-2.152095987555));
#11270=AXIS2_PLACEMENT_3D('',#14695,#14696,#14697);
#11271=CARTESIAN_POINT('',(-2.975,-0.925,-2.299997982126));
#11272=AXIS2_PLACEMENT_3D('',#14698,#14699,#14700);
#11273=CARTESIAN_POINT('',(-2.975,-0.925,-2.399997982126));
#11274=CARTESIAN_POINT('',(-2.975,-0.925,-2.299997982126));
#11275=VECTOR('',#14701,0.1);
#11276=CARTESIAN_POINT('',(-2.825,-0.925,-2.549997982126));
#11277=AXIS2_PLACEMENT_3D('',#14702,#14703,#14704);
#11278=CARTESIAN_POINT('',(-2.725,-0.925,-2.549997982126));
#11279=CARTESIAN_POINT('',(-2.825,-0.925,-2.549997982126));
#11280=VECTOR('',#14705,0.1);
#11281=CARTESIAN_POINT('',(-2.725,-0.9255632004513,-2.950470377591));
#11282=CARTESIAN_POINT('',(-2.725,-0.925,-2.549997982126));
#11283=VECTOR('',#14706,0.4004727914907);
#11284=CARTESIAN_POINT('',(-2.725,-0.925,-2.976997982126));
#11285=CARTESIAN_POINT('',(-2.725,-0.925,-2.976997982126));
#11286=CARTESIAN_POINT('',(-2.725,-0.925,-2.97400514949));
#11287=CARTESIAN_POINT('',(-2.725,-0.9250750933935,-2.968074814928));
#11288=CARTESIAN_POINT('',(-2.725,-0.9247371731227,-2.958871428101));
#11289=CARTESIAN_POINT('',(-2.725,-0.9255632004513,-2.953478334457));
#11290=CARTESIAN_POINT('',(-2.725,-0.9255632004513,-2.950470377591));
#11291=CARTESIAN_POINT('',(-2.625,-0.925,-2.976997982126));
#11292=CARTESIAN_POINT('',(-2.625,-0.925,-2.976997982126));
#11293=VECTOR('',#14707,0.1);
#11294=CARTESIAN_POINT('',(-2.625,-0.925,-2.976997982126));
#11295=VECTOR('',#14708,0.1750973235413);
#11296=CARTESIAN_POINT('',(-2.625,-1.075,-2.717190360991));
#11297=AXIS2_PLACEMENT_3D('',#14709,#14710,#14711);
#11298=CARTESIAN_POINT('',(-2.625,-1.075,-2.620248495719));
#11299=CARTESIAN_POINT('',(-2.625,-1.075,-2.717190360991));
#11300=VECTOR('',#14712,0.0969418652719);
#11301=CARTESIAN_POINT('',(-2.625,-1.055580675691,-2.42413236058));
#11302=AXIS2_PLACEMENT_3D('',#14713,#14714,#14715);
#11303=CARTESIAN_POINT('',(-2.625,-0.875,-1.521228982126));
#11304=CARTESIAN_POINT('',(-2.625,-1.055580675691,-2.42413236058));
#11305=VECTOR('',#14716,0.9207843891258);
#11306=CARTESIAN_POINT('',(-2.625,-0.875,-3.240681053042));
#11307=CARTESIAN_POINT('',(-2.625,-0.875,-1.521228982126));
#11308=VECTOR('',#14717,1.719452070916);
#11309=CARTESIAN_POINT('',(-2.625,-0.9107212390314,-3.16407660873));
#11310=AXIS2_PLACEMENT_3D('',#14718,#14719,#14720);
#11311=CARTESIAN_POINT('',(-2.625,-0.9107212390314,-3.16407660873));
#11312=VECTOR('',#14721,0.01863959865109);
#11313=CARTESIAN_POINT('',(-2.125,-0.9107212390314,-3.16407660873));
#11314=CARTESIAN_POINT('',(-2.125,-0.9107212390314,-3.16407660873));
#11315=VECTOR('',#14722,0.5);
#11316=CARTESIAN_POINT('',(-2.125,-0.925,-3.152095305667));
#11317=VECTOR('',#14723,0.01863959865109);
#11318=CARTESIAN_POINT('',(-2.125,-1.075,-2.717190360991));
#11319=AXIS2_PLACEMENT_3D('',#14724,#14725,#14726);
#11320=CARTESIAN_POINT('',(-2.125,-0.875,-3.240681053042));
#11321=AXIS2_PLACEMENT_3D('',#14727,#14728,#14729);
#11322=CARTESIAN_POINT('',(-2.125,-0.875,-1.521228982126));
#11323=CARTESIAN_POINT('',(-2.125,-0.875,-3.240681053042));
#11324=VECTOR('',#14730,1.719452070916);
#11325=CARTESIAN_POINT('',(-2.125,-1.055580675691,-2.424132360581));
#11326=CARTESIAN_POINT('',(-2.125,-0.875,-1.521228982126));
#11327=VECTOR('',#14731,0.9207843891258);
#11328=CARTESIAN_POINT('',(-2.125,-1.075,-2.620248495719));
#11329=AXIS2_PLACEMENT_3D('',#14732,#14733,#14734);
#11330=CARTESIAN_POINT('',(-2.125,-1.075,-2.620248495719));
#11331=VECTOR('',#14735,0.0969418652719);
#11332=CARTESIAN_POINT('',(-2.125,-1.075,-2.717190360991));
#11333=VECTOR('',#14736,0.5);
#11334=CARTESIAN_POINT('',(-2.625,-1.075,-2.620248495719));
#11335=VECTOR('',#14737,0.5);
#11336=CARTESIAN_POINT('',(-2.125,-1.055580675691,-2.42413236058));
#11337=VECTOR('',#14738,0.5);
#11338=CARTESIAN_POINT('',(-2.125,-0.875,-1.521228982126));
#11339=VECTOR('',#14739,0.5);
#11340=CARTESIAN_POINT('',(-3.2,-0.875,-4.900000017874));
#11341=VECTOR('',#14740,0.801);
#11342=CARTESIAN_POINT('',(-2.025,-0.875,-1.200000017874));
#11343=CARTESIAN_POINT('',(-2.025,-0.875,-4.099000017874));
#11344=VECTOR('',#14741,2.899);
#11345=CARTESIAN_POINT('',(-2.725,-0.875,-1.200000017874));
#11346=CARTESIAN_POINT('',(-2.025,-0.875,-1.200000017874));
#11347=VECTOR('',#14742,0.7);
#11348=CARTESIAN_POINT('',(-2.725,-0.875,-1.200000017874));
#11349=VECTOR('',#14743,2.899);
#11350=CARTESIAN_POINT('',(-2.625,-0.875,-3.240681053042));
#11351=VECTOR('',#14744,0.5);
#11352=CARTESIAN_POINT('',(-2.725,-0.675,-0.6000000178741));
#11353=CARTESIAN_POINT('',(-2.725,-0.875,-1.200000017874));
#11354=VECTOR('',#14745,0.6324555320337);
#11355=CARTESIAN_POINT('',(-2.725,-0.475,-0.6000000178741));
#11356=CARTESIAN_POINT('',(-2.725,-0.475,-0.6000000178741));
#11357=VECTOR('',#14746,0.2);
#11358=CARTESIAN_POINT('',(-2.725,-0.375,-0.7000000178741));
#11359=CARTESIAN_POINT('',(-2.725,-0.475,-0.6000000178741));
#11360=VECTOR('',#14747,0.1414213562373);
#11361=CARTESIAN_POINT('',(-2.725,-0.375,-3.949000017874));
#11362=CARTESIAN_POINT('',(-2.725,-0.375,-3.949000017874));
#11363=VECTOR('',#14748,3.249);
#11364=AXIS2_PLACEMENT_3D('',#14749,#14750,#14751);
#11365=CARTESIAN_POINT('',(-2.025,-0.375,-3.949000017874));
#11366=AXIS2_PLACEMENT_3D('',#14752,#14753,#14754);
#11367=CARTESIAN_POINT('',(-2.725,-0.375,-3.949000017874));
#11368=VECTOR('',#14755,0.7);
#11369=CARTESIAN_POINT('',(-2.025,-0.375,-0.7000000178741));
#11370=CARTESIAN_POINT('',(-2.725,-0.375,-0.7000000178741));
#11371=VECTOR('',#14756,0.7);
#11372=CARTESIAN_POINT('',(-2.025,-0.375,-0.7000000178741));
#11373=VECTOR('',#14757,3.249);
#11374=CARTESIAN_POINT('',(-2.025,-0.475,-0.6000000178741));
#11375=CARTESIAN_POINT('',(-2.025,-0.375,-0.7000000178741));
#11376=VECTOR('',#14758,0.1414213562373);
#11377=CARTESIAN_POINT('',(-2.025,-0.675,-0.6000000178741));
#11378=CARTESIAN_POINT('',(-2.025,-0.475,-0.6000000178741));
#11379=VECTOR('',#14759,0.2);
#11380=CARTESIAN_POINT('',(-2.025,-0.675,-0.6000000178741));
#11381=VECTOR('',#14760,0.6324555320337);
#11382=CARTESIAN_POINT('',(-2.725,-0.675,-0.6000000178741));
#11383=VECTOR('',#14761,0.7);
#11384=CARTESIAN_POINT('',(-2.725,-0.475,-0.6000000178741));
#11385=VECTOR('',#14762,0.7);
#11386=CARTESIAN_POINT('',(-4.0,-0.075,-4.099000017874));
#11387=VECTOR('',#14763,0.801);
#11388=CARTESIAN_POINT('',(-4.0,1.425,-4.900000017874));
#11389=VECTOR('',#14764,0.801);
#11390=CARTESIAN_POINT('',(-2.725,-1.119937785622,-2.695996325351));
#11391=CARTESIAN_POINT('',(-2.725,-1.119937785622,-2.695996325351));
#11392=CARTESIAN_POINT('',(-2.725,-1.09848609333,-2.704016784448));
#11393=CARTESIAN_POINT('',(-2.725,-1.058616494031,-2.724362050341));
#11394=CARTESIAN_POINT('',(-2.725,-1.006423820926,-2.767855649087));
#11395=CARTESIAN_POINT('',(-2.725,-0.9653486752275,-2.821574060995));
#11396=CARTESIAN_POINT('',(-2.725,-0.9375968281348,-2.883583323191));
#11397=CARTESIAN_POINT('',(-2.725,-0.9276702442168,-2.927058784172));
#11398=CARTESIAN_POINT('',(-2.725,-0.9255632004513,-2.950470377591));
#11399=CARTESIAN_POINT('',(-2.025,-1.119937785622,-2.695996325351));
#11400=CARTESIAN_POINT('',(-2.725,-1.119937785622,-2.695996325351));
#11401=VECTOR('',#14765,0.7);
#11402=CARTESIAN_POINT('',(-2.025,-0.9255631988779,-2.950452265439));
#11403=CARTESIAN_POINT('',(-2.025,-0.9276704044847,-2.927038869807));
#11404=CARTESIAN_POINT('',(-2.025,-0.9375980401138,-2.883587245681));
#11405=CARTESIAN_POINT('',(-2.025,-0.96535210236,-2.821565918829));
#11406=CARTESIAN_POINT('',(-2.025,-1.006428591757,-2.767851391262));
#11407=CARTESIAN_POINT('',(-2.025,-1.058620497698,-2.7243595214));
#11408=CARTESIAN_POINT('',(-2.025,-1.09848778632,-2.704016151465));
#11409=CARTESIAN_POINT('',(-2.025,-1.119937785622,-2.695996325351));
#11410=CARTESIAN_POINT('',(-2.025,-1.225,-2.656715173003));
#11411=CARTESIAN_POINT('',(-2.025,-1.119937785622,-2.695996325351));
#11412=VECTOR('',#14766,0.1121654038453);
#11413=CARTESIAN_POINT('',(-2.025,-1.225,-2.549997982126));
#11414=CARTESIAN_POINT('',(-2.025,-1.225,-2.549997982126));
#11415=VECTOR('',#14767,0.1067171908769);
#11416=CARTESIAN_POINT('',(-2.025,-0.925,-2.549997982126));
#11417=VECTOR('',#14768,0.3);
#11418=CARTESIAN_POINT('',(-1.925,-1.225,-2.549997982126));
#11419=CARTESIAN_POINT('',(-1.925,-1.225,-2.549997982126));
#11420=VECTOR('',#14769,0.1);
#11421=CARTESIAN_POINT('',(-1.925,-0.925,-2.549997982126));
#11422=VECTOR('',#14770,0.3);
#11423=CARTESIAN_POINT('',(-1.775,-1.225,-2.399997982126));
#11424=AXIS2_PLACEMENT_3D('',#14771,#14772,#14773);
#11425=CARTESIAN_POINT('',(-1.775,-1.225,-2.399997982126));
#11426=VECTOR('',#14774,0.3);
#11427=CARTESIAN_POINT('',(-1.775,-1.225,-2.299997982126));
#11428=CARTESIAN_POINT('',(-1.775,-1.225,-2.299997982126));
#11429=VECTOR('',#14775,0.1);
#11430=CARTESIAN_POINT('',(-1.775,-0.925,-2.299997982126));
#11431=VECTOR('',#14776,0.3);
#11432=CARTESIAN_POINT('',(-1.899999999981,-1.225,-2.152095987555));
#11433=AXIS2_PLACEMENT_3D('',#14777,#14778,#14779);
#11434=CARTESIAN_POINT('',(-1.900000000019,-0.925,-2.152095987542));
#11435=VECTOR('',#14780,0.3);
#11436=CARTESIAN_POINT('',(-2.025,-1.225,-2.004193992971));
#11437=AXIS2_PLACEMENT_3D('',#14781,#14782,#14783);
#11438=CARTESIAN_POINT('',(-2.025,-1.225,-2.004193992971));
#11439=VECTOR('',#14784,0.3);
#11440=CARTESIAN_POINT('',(-2.025,-1.225,-1.249997982126));
#11441=CARTESIAN_POINT('',(-2.025,-1.225,-1.249997982126));
#11442=VECTOR('',#14785,0.754196010845);
#11443=CARTESIAN_POINT('',(-2.025,-0.925,-1.249997982126));
#11444=VECTOR('',#14786,0.3);
#11445=CARTESIAN_POINT('',(-2.175,-1.225,-1.099997982126));
#11446=AXIS2_PLACEMENT_3D('',#14787,#14788,#14789);
#11447=CARTESIAN_POINT('',(-2.175,-1.225,-1.099997982126));
#11448=VECTOR('',#14790,0.3);
#11449=CARTESIAN_POINT('',(-2.575,-1.225,-1.099997982126));
#11450=CARTESIAN_POINT('',(-2.575,-1.225,-1.099997982126));
#11451=VECTOR('',#14791,0.4);
#11452=CARTESIAN_POINT('',(-2.575,-0.925,-1.099997982126));
#11453=VECTOR('',#14792,0.3);
#11454=CARTESIAN_POINT('',(-2.725,-1.225,-1.249997982126));
#11455=AXIS2_PLACEMENT_3D('',#14793,#14794,#14795);
#11456=CARTESIAN_POINT('',(-2.725,-1.225,-1.249997982126));
#11457=VECTOR('',#14796,0.3);
#11458=CARTESIAN_POINT('',(-2.725,-1.225,-2.004193992971));
#11459=CARTESIAN_POINT('',(-2.725,-1.225,-2.004193992971));
#11460=VECTOR('',#14797,0.754196010845);
#11461=CARTESIAN_POINT('',(-2.725,-0.925,-2.004193992971));
#11462=VECTOR('',#14798,0.3);
#11463=CARTESIAN_POINT('',(-2.84999999994,-1.225,-2.152095987538));
#11464=AXIS2_PLACEMENT_3D('',#14799,#14800,#14801);
#11465=CARTESIAN_POINT('',(-2.850000000019,-0.925,-2.152095987555));
#11466=VECTOR('',#14802,0.3);
#11467=CARTESIAN_POINT('',(-2.975,-1.225,-2.299997982126));
#11468=AXIS2_PLACEMENT_3D('',#14803,#14804,#14805);
#11469=CARTESIAN_POINT('',(-2.975,-1.225,-2.299997982126));
#11470=VECTOR('',#14806,0.3);
#11471=CARTESIAN_POINT('',(-2.975,-1.225,-2.399997982126));
#11472=CARTESIAN_POINT('',(-2.975,-1.225,-2.399997982126));
#11473=VECTOR('',#14807,0.1);
#11474=CARTESIAN_POINT('',(-2.975,-0.925,-2.399997982126));
#11475=VECTOR('',#14808,0.3);
#11476=CARTESIAN_POINT('',(-2.825,-1.225,-2.549997982126));
#11477=AXIS2_PLACEMENT_3D('',#14809,#14810,#14811);
#11478=CARTESIAN_POINT('',(-2.825,-1.225,-2.549997982126));
#11479=VECTOR('',#14812,0.3);
#11480=CARTESIAN_POINT('',(-2.725,-1.225,-2.549997982126));
#11481=CARTESIAN_POINT('',(-2.725,-1.225,-2.549997982126));
#11482=VECTOR('',#14813,0.1);
#11483=CARTESIAN_POINT('',(-2.725,-0.925,-2.549997982126));
#11484=VECTOR('',#14814,0.3);
#11485=CARTESIAN_POINT('',(-2.725,-1.225,-2.656715173003));
#11486=CARTESIAN_POINT('',(-2.725,-1.225,-2.656715173003));
#11487=VECTOR('',#14815,0.1067171908769);
#11488=CARTESIAN_POINT('',(-2.725,-1.225,-2.656715173003));
#11489=VECTOR('',#14816,0.1121654038453);
#11490=CARTESIAN_POINT('',(-2.725,-1.367448154685,-2.603455990345));
#11491=CARTESIAN_POINT('',(-2.725,-1.367448154685,-2.603455990345));
#11492=VECTOR('',#14817,0.1520789837899);
#11493=CARTESIAN_POINT('',(-2.025,-1.367448154685,-2.603455990345));
#11494=CARTESIAN_POINT('',(-2.025,-1.367448154685,-2.603455990345));
#11495=VECTOR('',#14818,0.7);
#11496=CARTESIAN_POINT('',(-2.025,-1.225,-2.656715173003));
#11497=VECTOR('',#14819,0.1520789837899);
#11498=CARTESIAN_POINT('',(-2.025,-1.455,-2.837624037657));
#11499=CARTESIAN_POINT('',(-2.025,-1.367448154685,-2.603455990345));
#11500=VECTOR('',#14820,0.2499999999996);
#11501=CARTESIAN_POINT('',(-2.025,-1.4256767596,-2.901968016182));
#11502=CARTESIAN_POINT('',(-2.025,-1.455,-2.837624037657));
#11503=VECTOR('',#14821,0.07071067811864);
#11504=CARTESIAN_POINT('',(-2.025,-1.225,-2.976997982126));
#11505=CARTESIAN_POINT('',(-2.025,-1.4256767596,-2.901968016182));
#11506=VECTOR('',#14822,0.2142443876352);
#11507=CARTESIAN_POINT('',(-2.025,-1.225,-2.976997982126));
#11508=VECTOR('',#14823,0.3202828091227);
#11509=CARTESIAN_POINT('',(-3.2,-1.225,4.000000017874));
#11510=CARTESIAN_POINT('',(-3.2,-1.225,2.649039982126));
#11511=CARTESIAN_POINT('',(-3.2,-1.225,4.000000017874));
#11512=VECTOR('',#14824,1.350960035748);
#11513=CARTESIAN_POINT('',(-3.2,-1.225,-3.549997982126));
#11514=CARTESIAN_POINT('',(-3.2,-1.225,-3.549997982126));
#11515=VECTOR('',#14825,6.199037964252);
#11516=CARTESIAN_POINT('',(-3.2,-1.225,-3.669037982126));
#11517=CARTESIAN_POINT('',(-3.2,-1.225,-3.549997982126));
#11518=VECTOR('',#14826,0.11904);
#11519=CARTESIAN_POINT('',(3.2,-1.225,-3.669037982126));
#11520=CARTESIAN_POINT('',(-3.2,-1.225,-3.669037982126));
#11521=VECTOR('',#14827,6.4);
#11522=CARTESIAN_POINT('',(3.2,-1.225,-3.549997982126));
#11523=CARTESIAN_POINT('',(3.2,-1.225,-3.549997982126));
#11524=VECTOR('',#14828,0.11904);
#11525=CARTESIAN_POINT('',(3.2,-1.225,2.649040331147));
#11526=CARTESIAN_POINT('',(3.2,-1.225,2.649040331147));
#11527=VECTOR('',#14829,6.199038313273);
#11528=CARTESIAN_POINT('',(3.2,-1.225,4.000000017874));
#11529=CARTESIAN_POINT('',(3.2,-1.225,4.000000017874));
#11530=VECTOR('',#14830,1.350959686727);
#11531=CARTESIAN_POINT('',(3.05,-1.225,4.300000017874));
#11532=CARTESIAN_POINT('',(3.2,-1.225,4.000000017874));
#11533=VECTOR('',#14831,0.335410196625);
#11534=CARTESIAN_POINT('',(2.55,-1.225,4.300000017874));
#11535=CARTESIAN_POINT('',(2.55,-1.225,4.300000017874));
#11536=VECTOR('',#14832,0.5);
#11537=CARTESIAN_POINT('',(2.4,-1.225,4.000000017874));
#11538=CARTESIAN_POINT('',(2.55,-1.225,4.300000017874));
#11539=VECTOR('',#14833,0.335410196625);
#11540=CARTESIAN_POINT('',(2.4,-1.225,2.269040017874));
#11541=CARTESIAN_POINT('',(2.4,-1.225,4.000000017874));
#11542=VECTOR('',#14834,1.73096);
#11543=CARTESIAN_POINT('',(2.2,-1.225,2.069040017874));
#11544=AXIS2_PLACEMENT_3D('',#14835,#14836,#14837);
#11545=CARTESIAN_POINT('',(-2.2,-1.225,2.069040017874));
#11546=CARTESIAN_POINT('',(2.2,-1.225,2.069040017874));
#11547=VECTOR('',#14838,4.4);
#11548=CARTESIAN_POINT('',(-2.4,-1.225,2.269040017874));
#11549=AXIS2_PLACEMENT_3D('',#14839,#14840,#14841);
#11550=CARTESIAN_POINT('',(-2.4,-1.225,4.000000017874));
#11551=CARTESIAN_POINT('',(-2.4,-1.225,2.269040017874));
#11552=VECTOR('',#14842,1.73096);
#11553=CARTESIAN_POINT('',(-2.55,-1.225,4.300000017874));
#11554=CARTESIAN_POINT('',(-2.4,-1.225,4.000000017874));
#11555=VECTOR('',#14843,0.335410196625);
#11556=CARTESIAN_POINT('',(-3.05,-1.225,4.300000017874));
#11557=CARTESIAN_POINT('',(-3.05,-1.225,4.300000017874));
#11558=VECTOR('',#14844,0.5);
#11559=CARTESIAN_POINT('',(-3.05,-1.225,4.300000017874));
#11560=VECTOR('',#14845,0.335410196625);
#11561=CARTESIAN_POINT('',(1.0,-1.225,0.3995210178741));
#11562=CARTESIAN_POINT('',(0.85,-1.225,0.2495210178741));
#11563=AXIS2_PLACEMENT_3D('',#14846,#14847,#14848);
#11564=CARTESIAN_POINT('',(-0.85,-1.225,0.2495210178741));
#11565=CARTESIAN_POINT('',(0.85,-1.225,0.2495210178741));
#11566=VECTOR('',#14849,1.7);
#11567=CARTESIAN_POINT('',(-1.0,-1.225,0.3995210178741));
#11568=AXIS2_PLACEMENT_3D('',#14850,#14851,#14852);
#11569=CARTESIAN_POINT('',(-0.98,-1.225,0.4743541656096));
#11570=AXIS2_PLACEMENT_3D('',#14853,#14854,#14855);
#11571=CARTESIAN_POINT('',(-0.98,-1.225,1.224687870139));
#11572=CARTESIAN_POINT('',(-0.98,-1.225,1.224687870139));
#11573=VECTOR('',#14856,0.750333704529);
#11574=CARTESIAN_POINT('',(-1.0,-1.225,1.299521017874));
#11575=AXIS2_PLACEMENT_3D('',#14857,#14858,#14859);
#11576=CARTESIAN_POINT('',(-0.85,-1.225,1.449521017874));
#11577=AXIS2_PLACEMENT_3D('',#14860,#14861,#14862);
#11578=CARTESIAN_POINT('',(0.85,-1.225,1.449521017874));
#11579=CARTESIAN_POINT('',(-0.85,-1.225,1.449521017874));
#11580=VECTOR('',#14863,1.7);
#11581=CARTESIAN_POINT('',(1.0,-1.225,1.299521017874));
#11582=AXIS2_PLACEMENT_3D('',#14864,#14865,#14866);
#11583=CARTESIAN_POINT('',(0.98,-1.225,1.224687870139));
#11584=AXIS2_PLACEMENT_3D('',#14867,#14868,#14869);
#11585=CARTESIAN_POINT('',(0.98,-1.225,0.4743541656096));
#11586=CARTESIAN_POINT('',(0.98,-1.225,0.4743541656096));
#11587=VECTOR('',#14870,0.750333704529);
#11588=AXIS2_PLACEMENT_3D('',#14871,#14872,#14873);
#11589=CARTESIAN_POINT('',(2.575,-1.225,-1.099997982126));
#11590=CARTESIAN_POINT('',(2.725,-1.225,-1.249997982126));
#11591=AXIS2_PLACEMENT_3D('',#14874,#14875,#14876);
#11592=CARTESIAN_POINT('',(2.725,-1.225,-2.004193992971));
#11593=CARTESIAN_POINT('',(2.725,-1.225,-1.249997982126));
#11594=VECTOR('',#14877,0.754196010845);
#11595=CARTESIAN_POINT('',(2.850000000023,-1.225,-2.152095987556));
#11596=AXIS2_PLACEMENT_3D('',#14878,#14879,#14880);
#11597=CARTESIAN_POINT('',(2.975,-1.225,-2.299997982126));
#11598=AXIS2_PLACEMENT_3D('',#14881,#14882,#14883);
#11599=CARTESIAN_POINT('',(2.975,-1.225,-2.399997982126));
#11600=CARTESIAN_POINT('',(2.975,-1.225,-2.299997982126));
#11601=VECTOR('',#14884,0.1);
#11602=CARTESIAN_POINT('',(2.825,-1.225,-2.549997982126));
#11603=AXIS2_PLACEMENT_3D('',#14885,#14886,#14887);
#11604=CARTESIAN_POINT('',(2.725,-1.225,-2.549997982126));
#11605=CARTESIAN_POINT('',(2.825,-1.225,-2.549997982126));
#11606=VECTOR('',#14888,0.1);
#11607=CARTESIAN_POINT('',(2.725,-1.225,-2.656715173003));
#11608=CARTESIAN_POINT('',(2.725,-1.225,-2.549997982126));
#11609=VECTOR('',#14889,0.1067171908769);
#11610=CARTESIAN_POINT('',(2.725,-1.225,-2.976997982126));
#11611=CARTESIAN_POINT('',(2.725,-1.225,-2.976997982126));
#11612=VECTOR('',#14890,0.3202828091227);
#11613=CARTESIAN_POINT('',(2.025,-1.225,-2.976997982126));
#11614=CARTESIAN_POINT('',(2.725,-1.225,-2.976997982126));
#11615=VECTOR('',#14891,0.7);
#11616=CARTESIAN_POINT('',(2.025,-1.225,-2.656715173003));
#11617=CARTESIAN_POINT('',(2.025,-1.225,-2.656715173003));
#11618=VECTOR('',#14892,0.3202828091227);
#11619=CARTESIAN_POINT('',(2.025,-1.225,-2.549997982126));
#11620=CARTESIAN_POINT('',(2.025,-1.225,-2.656715173003));
#11621=VECTOR('',#14893,0.1067171908769);
#11622=CARTESIAN_POINT('',(1.925,-1.225,-2.549997982126));
#11623=CARTESIAN_POINT('',(2.025,-1.225,-2.549997982126));
#11624=VECTOR('',#14894,0.1);
#11625=CARTESIAN_POINT('',(1.775,-1.225,-2.399997982126));
#11626=AXIS2_PLACEMENT_3D('',#14895,#14896,#14897);
#11627=CARTESIAN_POINT('',(1.775,-1.225,-2.299997982126));
#11628=CARTESIAN_POINT('',(1.775,-1.225,-2.399997982126));
#11629=VECTOR('',#14898,0.1);
#11630=CARTESIAN_POINT('',(1.90000000006,-1.225,-2.152095987538));
#11631=AXIS2_PLACEMENT_3D('',#14899,#14900,#14901);
#11632=CARTESIAN_POINT('',(2.025,-1.225,-2.004193992971));
#11633=AXIS2_PLACEMENT_3D('',#14902,#14903,#14904);
#11634=CARTESIAN_POINT('',(2.025,-1.225,-1.249997982126));
#11635=CARTESIAN_POINT('',(2.025,-1.225,-2.004193992971));
#11636=VECTOR('',#14905,0.754196010845);
#11637=CARTESIAN_POINT('',(2.175,-1.225,-1.099997982126));
#11638=AXIS2_PLACEMENT_3D('',#14906,#14907,#14908);
#11639=CARTESIAN_POINT('',(2.175,-1.225,-1.099997982126));
#11640=VECTOR('',#14909,0.4);
#11641=CARTESIAN_POINT('',(-2.725,-1.225,-2.976997982126));
#11642=CARTESIAN_POINT('',(-2.025,-1.225,-2.976997982126));
#11643=VECTOR('',#14910,0.7);
#11644=CARTESIAN_POINT('',(-2.725,-1.225,-2.656715173003));
#11645=VECTOR('',#14911,0.3202828091227);
#11646=CARTESIAN_POINT('',(-3.05,-1.225,3.550000017874));
#11647=CARTESIAN_POINT('',(-2.55,-1.225,3.550000017874));
#11648=AXIS2_PLACEMENT_3D('',#14912,#14913,#14914);
#11649=CARTESIAN_POINT('',(-2.55,-1.225,2.450000017874));
#11650=CARTESIAN_POINT('',(-2.55,-1.225,2.450000017874));
#11651=VECTOR('',#14915,1.1);
#11652=CARTESIAN_POINT('',(-3.05,-1.225,2.450000017874));
#11653=AXIS2_PLACEMENT_3D('',#14916,#14917,#14918);
#11654=CARTESIAN_POINT('',(-3.05,-1.225,3.550000017874));
#11655=VECTOR('',#14919,1.1);
#11656=CARTESIAN_POINT('',(2.55,-1.225,3.550000017874));
#11657=CARTESIAN_POINT('',(3.05,-1.225,3.550000017874));
#11658=AXIS2_PLACEMENT_3D('',#14920,#14921,#14922);
#11659=CARTESIAN_POINT('',(3.05,-1.225,2.450000017874));
#11660=CARTESIAN_POINT('',(3.05,-1.225,2.450000017874));
#11661=VECTOR('',#14923,1.1);
#11662=CARTESIAN_POINT('',(2.55,-1.225,2.450000017874));
#11663=AXIS2_PLACEMENT_3D('',#14924,#14925,#14926);
#11664=CARTESIAN_POINT('',(2.55,-1.225,3.550000017874));
#11665=VECTOR('',#14927,1.1);
#11666=CARTESIAN_POINT('',(2.636602540378,-1.275,3.550000017874));
#11667=AXIS2_PLACEMENT_3D('',#14928,#14929,#14930);
#11668=CARTESIAN_POINT('',(2.636602540378,-1.275,2.450000017874));
#11669=AXIS2_PLACEMENT_3D('',#14931,#14932,#14933);
#11670=CARTESIAN_POINT('',(2.636602540378,-1.275,2.450000017874));
#11671=VECTOR('',#14934,1.1);
#11672=CARTESIAN_POINT('',(2.723205080757,-1.325,2.450000017874));
#11673=AXIS2_PLACEMENT_3D('',#14935,#14936,#14937);
#11674=CARTESIAN_POINT('',(2.723205080757,-1.325,3.550000017874));
#11675=CARTESIAN_POINT('',(2.723205080757,-1.325,2.450000017874));
#11676=VECTOR('',#14938,1.1);
#11677=AXIS2_PLACEMENT_3D('',#14939,#14940,#14941);
#11678=CARTESIAN_POINT('',(2.876794919243,-1.325,3.550000017874));
#11679=AXIS2_PLACEMENT_3D('',#14942,#14943,#14944);
#11680=CARTESIAN_POINT('',(2.963397459622,-1.275,3.550000017874));
#11681=AXIS2_PLACEMENT_3D('',#14945,#14946,#14947);
#11682=AXIS2_PLACEMENT_3D('',#14948,#14949,#14950);
#11683=AXIS2_PLACEMENT_3D('',#14951,#14952,#14953);
#11684=CARTESIAN_POINT('',(2.963397459622,-1.275,2.450000017874));
#11685=AXIS2_PLACEMENT_3D('',#14954,#14955,#14956);
#11686=CARTESIAN_POINT('',(2.963397459622,-1.275,3.550000017874));
#11687=VECTOR('',#14957,1.1);
#11688=CARTESIAN_POINT('',(2.876794919243,-1.325,2.450000017874));
#11689=CARTESIAN_POINT('',(2.876794919243,-1.325,3.550000017874));
#11690=VECTOR('',#14958,1.1);
#11691=AXIS2_PLACEMENT_3D('',#14959,#14960,#14961);
#11692=AXIS2_PLACEMENT_3D('',#14962,#14963,#14964);
#11693=AXIS2_PLACEMENT_3D('',#14965,#14966,#14967);
#11694=CARTESIAN_POINT('',(0.9211551406373,-0.91,0.5315700464994));
#11695=CARTESIAN_POINT('',(0.85,-0.91,0.5495210178741));
#11696=AXIS2_PLACEMENT_3D('',#14968,#14969,#14970);
#11697=CARTESIAN_POINT('',(0.9457979856674,-0.9189692620786,0.5149452178586));
#11698=CARTESIAN_POINT('',(0.9457979856674,-0.9189692620786,0.5149452178586));
#11699=CARTESIAN_POINT('',(0.9380927368006,-0.9161647808435,0.5213403006975));
#11700=CARTESIAN_POINT('',(0.9298728328486,-0.9131729804764,0.5268724836185));
#11701=CARTESIAN_POINT('',(0.9211551406373,-0.91,0.5315700464994));
#11702=CARTESIAN_POINT('',(0.98,-0.925,0.4743541656096));
#11703=CARTESIAN_POINT('',(0.9767192230301,-0.925,0.4800535250378));
#11704=CARTESIAN_POINT('',(0.9696580889041,-0.9246778243217,0.4906025747047));
#11705=CARTESIAN_POINT('',(0.9579196438553,-0.9227899869052,0.5041731544206));
#11706=CARTESIAN_POINT('',(0.949845644592,-0.9204424894456,0.5115858047396));
#11707=CARTESIAN_POINT('',(0.9457979856723,-0.9189692620804,0.5149452178552));
#11708=CARTESIAN_POINT('',(1.0,-0.925,0.3995210178741));
#11709=VECTOR('',#14971,0.3);
#11710=CARTESIAN_POINT('',(0.85,-1.203285606388,0.5495210178741));
#11711=CARTESIAN_POINT('',(0.98,-1.225,0.4743541656096));
#11712=CARTESIAN_POINT('',(0.9732972785855,-1.225,0.4859981203308));
#11713=CARTESIAN_POINT('',(0.9568377640491,-1.224661785787,0.5073017146791));
#11714=CARTESIAN_POINT('',(0.9251832677726,-1.221729641516,0.531295237476));
#11715=CARTESIAN_POINT('',(0.8887451956431,-1.215100123816,0.5461816699203));
#11716=CARTESIAN_POINT('',(0.862877390904,-1.207710995007,0.5495210178741));
#11717=CARTESIAN_POINT('',(0.85,-1.203285606388,0.5495210178741));
#11718=CARTESIAN_POINT('',(0.85,-1.203285606388,0.5495210178741));
#11719=VECTOR('',#14972,0.2932856063876);
#11720=CARTESIAN_POINT('',(0.8431919426696,-1.200877048314,0.5495210178741));
#11721=AXIS2_PLACEMENT_3D('',#14973,#14974,#14975);
#11722=CARTESIAN_POINT('',(0.1710100716628,-0.9562228552545,0.5495210178741));
#11723=CARTESIAN_POINT('',(0.8431919426696,-1.200877048314,0.5495210178741));
#11724=VECTOR('',#14976,0.7153210061867);
#11725=CARTESIAN_POINT('',(-0.1710100716628,-0.9562228552545,0.5495210178741));
#11726=AXIS2_PLACEMENT_3D('',#14977,#14978,#14979);
#11727=CARTESIAN_POINT('',(-0.8431919426689,-1.200877048314,0.5495210178741));
#11728=CARTESIAN_POINT('',(-0.1710100716628,-0.9562228552545,0.5495210178741));
#11729=VECTOR('',#14980,0.7153210061865);
#11730=CARTESIAN_POINT('',(-0.85,-1.203285606388,0.5495210178741));
#11731=AXIS2_PLACEMENT_3D('',#14981,#14982,#14983);
#11732=CARTESIAN_POINT('',(-0.85,-0.91,0.5495210178741));
#11733=CARTESIAN_POINT('',(-0.85,-0.91,0.5495210178741));
#11734=VECTOR('',#14984,0.2932856063876);
#11735=CARTESIAN_POINT('',(-0.85,-0.91,0.5495210178741));
#11736=VECTOR('',#14985,1.7);
#11737=CARTESIAN_POINT('',(3.08,-0.91,2.269040017874));
#11738=CARTESIAN_POINT('',(3.08,-0.91,-0.04999798212588));
#11739=CARTESIAN_POINT('',(3.08,-0.91,2.269040017874));
#11740=VECTOR('',#14986,2.319038);
#11741=CARTESIAN_POINT('',(1.75,-0.91,2.269040017874));
#11742=CARTESIAN_POINT('',(3.08,-0.91,2.269040017874));
#11743=VECTOR('',#14987,1.33);
#11744=CARTESIAN_POINT('',(1.75,-0.91,1.569040017874));
#11745=CARTESIAN_POINT('',(1.75,-0.91,2.269040017874));
#11746=VECTOR('',#14988,0.7);
#11747=CARTESIAN_POINT('',(-1.75,-0.91,1.569040017874));
#11748=CARTESIAN_POINT('',(1.75,-0.91,1.569040017874));
#11749=VECTOR('',#14989,3.5);
#11750=CARTESIAN_POINT('',(-1.75,-0.91,2.269040017874));
#11751=CARTESIAN_POINT('',(-1.75,-0.91,1.569040017874));
#11752=VECTOR('',#14990,0.7);
#11753=CARTESIAN_POINT('',(-3.08,-0.91,2.269040017874));
#11754=CARTESIAN_POINT('',(-1.75,-0.91,2.269040017874));
#11755=VECTOR('',#14991,1.33);
#11756=CARTESIAN_POINT('',(-3.08,-0.91,-0.04999798212589));
#11757=CARTESIAN_POINT('',(-3.08,-0.91,-0.04999798212589));
#11758=VECTOR('',#14992,2.319038);
#11759=CARTESIAN_POINT('',(-3.08,-0.91,-0.04999798212589));
#11760=VECTOR('',#14993,6.16);
#11761=CARTESIAN_POINT('',(-0.9211551406373,-0.91,1.167471989249));
#11762=CARTESIAN_POINT('',(-0.9211551406373,-0.91,0.5315700464994));
#11763=CARTESIAN_POINT('',(-0.9211551406373,-0.91,1.167471989249));
#11764=VECTOR('',#14994,0.6359019427494);
#11765=CARTESIAN_POINT('',(-0.85,-0.91,1.149521017874));
#11766=AXIS2_PLACEMENT_3D('',#14995,#14996,#14997);
#11767=CARTESIAN_POINT('',(0.85,-0.91,1.149521017874));
#11768=CARTESIAN_POINT('',(0.85,-0.91,1.149521017874));
#11769=VECTOR('',#14998,1.7);
#11770=CARTESIAN_POINT('',(0.9211551406373,-0.91,1.167471989249));
#11771=AXIS2_PLACEMENT_3D('',#14999,#15000,#15001);
#11772=CARTESIAN_POINT('',(0.9211551406373,-0.91,0.5315700464994));
#11773=VECTOR('',#15002,0.6359019427494);
#11774=AXIS2_PLACEMENT_3D('',#15003,#15004,#15005);
#11775=CARTESIAN_POINT('',(-0.85,-1.203285606388,0.5495210178741));
#11776=CARTESIAN_POINT('',(-0.8630029499217,-1.207754144078,0.5495210178741));
#11777=CARTESIAN_POINT('',(-0.8890266757906,-1.215164698369,0.5461063952066));
#11778=CARTESIAN_POINT('',(-0.9252295910861,-1.221726779924,0.5312351779647));
#11779=CARTESIAN_POINT('',(-0.9566967836876,-1.224653552836,0.5074310854854));
#11780=CARTESIAN_POINT('',(-0.9732518834153,-1.225,0.4860769807331));
#11781=CARTESIAN_POINT('',(-0.98,-1.225,0.4743541656096));
#11782=CARTESIAN_POINT('',(-1.0,-1.225,0.3995210178741));
#11783=VECTOR('',#15006,0.3);
#11784=CARTESIAN_POINT('',(-0.9457979856674,-0.9189692620786,0.5149452178586));
#11785=CARTESIAN_POINT('',(-0.9457979856763,-0.9189692620819,0.5149452178524));
#11786=CARTESIAN_POINT('',(-0.9498502881179,-0.9204441795509,0.5115819507779));
#11787=CARTESIAN_POINT('',(-0.9579293580263,-0.9227916126381,0.5041624677344));
#11788=CARTESIAN_POINT('',(-0.9696463012505,-0.9246762233366,0.4906169202922));
#11789=CARTESIAN_POINT('',(-0.976715222882,-0.925,0.4800604740872));
#11790=CARTESIAN_POINT('',(-0.9799999999997,-0.925,0.47435416561));
#11791=CARTESIAN_POINT('',(-0.9211551406373,-0.91,0.5315700464994));
#11792=CARTESIAN_POINT('',(-0.9298728328486,-0.9131729804764,0.5268724836185));
#11793=CARTESIAN_POINT('',(-0.9380927368006,-0.9161647808435,0.5213403006975));
#11794=CARTESIAN_POINT('',(-0.9457979856674,-0.9189692620786,0.5149452178586));
#11795=CARTESIAN_POINT('',(-0.9457979856674,-0.9189692620786,1.18409681789));
#11796=CARTESIAN_POINT('',(-0.9457979856718,-0.9189692620802,1.184096817893));
#11797=VECTOR('',#15007,0.6691516000404);
#11798=CARTESIAN_POINT('',(-0.9457979856674,-0.9189692620786,1.18409681789));
#11799=CARTESIAN_POINT('',(-0.9380927368006,-0.9161647808435,1.177701735051));
#11800=CARTESIAN_POINT('',(-0.9298728328486,-0.9131729804764,1.17216955213));
#11801=CARTESIAN_POINT('',(-0.9211551406373,-0.91,1.167471989249));
#11802=CARTESIAN_POINT('',(-0.98,-0.925,1.224687870139));
#11803=CARTESIAN_POINT('',(-0.97671922303,-0.925,1.21898851071));
#11804=CARTESIAN_POINT('',(-0.9696580889038,-0.9246778243217,1.208439461043));
#11805=CARTESIAN_POINT('',(-0.9579196438545,-0.922789986905,1.194868881327));
#11806=CARTESIAN_POINT('',(-0.9498456445911,-0.9204424894453,1.187456231008));
#11807=CARTESIAN_POINT('',(-0.9457979856718,-0.9189692620802,1.184096817893));
#11808=CARTESIAN_POINT('',(-1.0,-0.925,1.299521017874));
#11809=VECTOR('',#15008,0.3);
#11810=CARTESIAN_POINT('',(-0.85,-1.203285606388,1.149521017874));
#11811=CARTESIAN_POINT('',(-0.98,-1.225,1.224687870139));
#11812=CARTESIAN_POINT('',(-0.9732968962092,-1.225,1.213043251154));
#11813=CARTESIAN_POINT('',(-0.9568353899825,-1.224661428924,1.191739199607));
#11814=CARTESIAN_POINT('',(-0.9251911409691,-1.221730906908,1.167750717552));
#11815=CARTESIAN_POINT('',(-0.8887351235883,-1.215098114336,1.152856687532));
#11816=CARTESIAN_POINT('',(-0.8628730685404,-1.207709509602,1.149521017874));
#11817=CARTESIAN_POINT('',(-0.85,-1.203285606388,1.149521017874));
#11818=CARTESIAN_POINT('',(-0.85,-1.203285606388,1.149521017874));
#11819=VECTOR('',#15009,0.2932856063876);
#11820=CARTESIAN_POINT('',(-0.8431919426694,-1.200877048314,1.149521017874));
#11821=AXIS2_PLACEMENT_3D('',#15010,#15011,#15012);
#11822=CARTESIAN_POINT('',(-0.1710100716628,-0.9562228552545,1.149521017874));
#11823=CARTESIAN_POINT('',(-0.8431919426694,-1.200877048314,1.149521017874));
#11824=VECTOR('',#15013,0.7153210061864);
#11825=CARTESIAN_POINT('',(0.1710100716628,-0.9562228552545,1.149521017874));
#11826=AXIS2_PLACEMENT_3D('',#15014,#15015,#15016);
#11827=CARTESIAN_POINT('',(0.8431919426695,-1.200877048314,1.149521017874));
#11828=CARTESIAN_POINT('',(0.1710100716628,-0.9562228552545,1.149521017874));
#11829=VECTOR('',#15017,0.7153210061866);
#11830=CARTESIAN_POINT('',(0.85,-1.203285606388,1.149521017874));
#11831=AXIS2_PLACEMENT_3D('',#15018,#15019,#15020);
#11832=CARTESIAN_POINT('',(0.85,-0.91,1.149521017874));
#11833=VECTOR('',#15021,0.2932856063876);
#11834=CARTESIAN_POINT('',(0.85,-1.203285606388,1.149521017874));
#11835=CARTESIAN_POINT('',(0.8629983980113,-1.207752579788,1.149521017874));
#11836=CARTESIAN_POINT('',(0.8890132734773,-1.215161851654,1.152930224121));
#11837=CARTESIAN_POINT('',(0.9252369639002,-1.221727503192,1.167813485557));
#11838=CARTESIAN_POINT('',(0.9566600661752,-1.224650967663,1.191578064106));
#11839=CARTESIAN_POINT('',(0.9732415558555,-1.225,1.212947113998));
#11840=CARTESIAN_POINT('',(0.98,-1.225,1.224687870139));
#11841=CARTESIAN_POINT('',(1.0,-1.225,1.299521017874));
#11842=VECTOR('',#15022,0.3);
#11843=CARTESIAN_POINT('',(0.9457979856674,-0.9189692620786,1.18409681789));
#11844=CARTESIAN_POINT('',(0.9457979856763,-0.9189692620819,1.184096817896));
#11845=CARTESIAN_POINT('',(0.949850288118,-0.9204441795509,1.18746008497));
#11846=CARTESIAN_POINT('',(0.9579293580263,-0.9227916126381,1.194879568014));
#11847=CARTESIAN_POINT('',(0.9696463012505,-0.9246762233366,1.208425115456));
#11848=CARTESIAN_POINT('',(0.976715222882,-0.925,1.218981561661));
#11849=CARTESIAN_POINT('',(0.9799999999997,-0.925,1.224687870138));
#11850=CARTESIAN_POINT('',(0.9211551406373,-0.91,1.167471989249));
#11851=CARTESIAN_POINT('',(0.9298728328486,-0.9131729804764,1.17216955213));
#11852=CARTESIAN_POINT('',(0.9380927368006,-0.9161647808435,1.177701735051));
#11853=CARTESIAN_POINT('',(0.9457979856674,-0.9189692620786,1.18409681789));
#11854=CARTESIAN_POINT('',(0.9457979856723,-0.9189692620804,0.5149452178552));
#11855=VECTOR('',#15023,0.6691516000407);
#11856=CARTESIAN_POINT('',(0.85,-1.225,1.449521017874));
#11857=VECTOR('',#15024,0.3);
#11858=CARTESIAN_POINT('',(-0.85,-0.925,1.449521017874));
#11859=VECTOR('',#15025,0.3);
#11860=CARTESIAN_POINT('',(0.8431919426695,-1.200877048314,1.149521017874));
#11861=VECTOR('',#15026,0.6);
#11862=CARTESIAN_POINT('',(0.1710100716628,-0.9562228552545,0.5495210178741));
#11863=VECTOR('',#15027,0.6);
#11864=CARTESIAN_POINT('',(-0.1710100716628,-0.9562228552545,1.149521017874));
#11865=VECTOR('',#15028,0.6);
#11866=CARTESIAN_POINT('',(-0.8431919426694,-1.200877048314,0.5495210178741));
#11867=VECTOR('',#15029,0.6);
#11868=CARTESIAN_POINT('',(-0.85,-1.225,0.2495210178741));
#11869=VECTOR('',#15030,0.3);
#11870=CARTESIAN_POINT('',(0.85,-0.925,0.2495210178741));
#11871=VECTOR('',#15031,0.3);
#11872=CARTESIAN_POINT('',(-3.376776695297,0.2482232494652,-0.04999798212588));
#11873=CARTESIAN_POINT('',(-2.773223249465,0.851776695297,-0.04999798212588));
#11874=CARTESIAN_POINT('',(-3.376776695297,0.2482232494652,-0.04999798212588));
#11875=VECTOR('',#15032,0.8535534687124);
#11876=CARTESIAN_POINT('',(-2.596446554168,0.9250000000004,-0.04999798212588));
#11877=AXIS2_PLACEMENT_3D('',#15033,#15034,#15035);
#11878=CARTESIAN_POINT('',(-0.7,0.9250000000004,-0.04999798212588));
#11879=CARTESIAN_POINT('',(-2.596446554168,0.9250000000004,-0.04999798212588));
#11880=VECTOR('',#15036,1.896446554168);
#11881=CARTESIAN_POINT('',(-0.7,0.91,-0.04999798212588));
#11882=CARTESIAN_POINT('',(-0.7,0.9250000000004,-0.04999798212588));
#11883=VECTOR('',#15037,0.0150000000004);
#11884=CARTESIAN_POINT('',(0.7,0.91,-0.04999798212588));
#11885=CARTESIAN_POINT('',(-0.7,0.91,-0.04999798212588));
#11886=VECTOR('',#15038,1.4);
#11887=CARTESIAN_POINT('',(0.7,0.9249999999999,-0.04999798212588));
#11888=CARTESIAN_POINT('',(0.7,0.91,-0.04999798212588));
#11889=VECTOR('',#15039,0.01499999999988);
#11890=CARTESIAN_POINT('',(2.596446554166,0.9249999999999,-0.04999798212588));
#11891=CARTESIAN_POINT('',(0.7,0.9249999999999,-0.04999798212588));
#11892=VECTOR('',#15040,1.896446554166);
#11893=CARTESIAN_POINT('',(2.773223249462,0.8517766952965,-0.04999798212588));
#11894=AXIS2_PLACEMENT_3D('',#15041,#15042,#15043);
#11895=CARTESIAN_POINT('',(3.376776695296,0.248223249463,-0.04999798212588));
#11896=CARTESIAN_POINT('',(2.773223249462,0.8517766952965,-0.04999798212588));
#11897=VECTOR('',#15044,0.8535534687147);
#11898=CARTESIAN_POINT('',(3.43,0.1694261438762,-0.04999798212588));
#11899=AXIS2_PLACEMENT_3D('',#15045,#15046,#15047);
#11900=CARTESIAN_POINT('',(3.43,-0.56,-0.04999798212588));
#11901=CARTESIAN_POINT('',(3.43,-0.56,-0.04999798212588));
#11902=VECTOR('',#15048,0.7294261438762);
#11903=AXIS2_PLACEMENT_3D('',#15049,#15050,#15051);
#11904=CARTESIAN_POINT('',(-3.43,-0.56,-0.04999798212589));
#11905=AXIS2_PLACEMENT_3D('',#15052,#15053,#15054);
#11906=CARTESIAN_POINT('',(-3.43,0.1694261438798,-0.04999798212588));
#11907=CARTESIAN_POINT('',(-3.43,0.1694261438798,-0.04999798212588));
#11908=VECTOR('',#15055,0.7294261438798);
#11909=AXIS2_PLACEMENT_3D('',#15056,#15057,#15058);
#11910=CARTESIAN_POINT('',(-1.725,-0.445,-0.04999798212588));
#11911=CARTESIAN_POINT('',(-1.525,-0.645,-0.04999798212588));
#11912=AXIS2_PLACEMENT_3D('',#15059,#15060,#15061);
#11913=CARTESIAN_POINT('',(1.525,-0.645,-0.04999798212588));
#11914=CARTESIAN_POINT('',(-1.525,-0.645,-0.04999798212588));
#11915=VECTOR('',#15062,3.05);
#11916=CARTESIAN_POINT('',(1.725,-0.445,-0.04999798212588));
#11917=AXIS2_PLACEMENT_3D('',#15063,#15064,#15065);
#11918=CARTESIAN_POINT('',(1.725,-0.245,-0.04999798212588));
#11919=CARTESIAN_POINT('',(1.725,-0.445,-0.04999798212588));
#11920=VECTOR('',#15066,0.2);
#11921=CARTESIAN_POINT('',(1.525,-0.045,-0.04999798212588));
#11922=AXIS2_PLACEMENT_3D('',#15067,#15068,#15069);
#11923=CARTESIAN_POINT('',(1.4875,-0.045,-0.04999798212588));
#11924=CARTESIAN_POINT('',(1.525,-0.045,-0.04999798212588));
#11925=VECTOR('',#15070,0.0375);
#11926=CARTESIAN_POINT('',(1.4875,-0.1649996035159,-0.04999798212588));
#11927=CARTESIAN_POINT('',(1.4875,-0.1649996035159,-0.04999798212588));
#11928=VECTOR('',#15071,0.1199996035159);
#11929=CARTESIAN_POINT('',(1.1125,-0.1649996035159,-0.04999798212588));
#11930=CARTESIAN_POINT('',(1.4875,-0.1649996035159,-0.04999798212588));
#11931=VECTOR('',#15072,0.375);
#11932=CARTESIAN_POINT('',(1.1125,-0.045,-0.04999798212588));
#11933=CARTESIAN_POINT('',(1.1125,-0.045,-0.04999798212588));
#11934=VECTOR('',#15073,0.1199996035159);
#11935=CARTESIAN_POINT('',(0.8375,-0.045,-0.04999798212588));
#11936=CARTESIAN_POINT('',(1.1125,-0.045,-0.04999798212588));
#11937=VECTOR('',#15074,0.275);
#11938=CARTESIAN_POINT('',(0.8375,-0.1649996035159,-0.04999798212588));
#11939=CARTESIAN_POINT('',(0.8375,-0.1649996035159,-0.04999798212588));
#11940=VECTOR('',#15075,0.1199996035159);
#11941=CARTESIAN_POINT('',(0.46,-0.1649996035159,-0.04999798212588));
#11942=CARTESIAN_POINT('',(0.8375,-0.1649996035159,-0.04999798212588));
#11943=VECTOR('',#15076,0.3775);
#11944=CARTESIAN_POINT('',(0.46,-0.045,-0.04999798212588));
#11945=CARTESIAN_POINT('',(0.46,-0.045,-0.04999798212588));
#11946=VECTOR('',#15077,0.1199996035159);
#11947=CARTESIAN_POINT('',(0.1875,-0.045,-0.04999798212588));
#11948=CARTESIAN_POINT('',(0.46,-0.045,-0.04999798212588));
#11949=VECTOR('',#15078,0.2725);
#11950=CARTESIAN_POINT('',(0.1875,-0.1649996035159,-0.04999798212588));
#11951=CARTESIAN_POINT('',(0.1875,-0.1649996035159,-0.04999798212588));
#11952=VECTOR('',#15079,0.1199996035159);
#11953=CARTESIAN_POINT('',(-0.1875,-0.1649996035159,-0.04999798212588));
#11954=CARTESIAN_POINT('',(0.1875,-0.1649996035159,-0.04999798212588));
#11955=VECTOR('',#15080,0.375);
#11956=CARTESIAN_POINT('',(-0.1875,-0.045,-0.04999798212588));
#11957=CARTESIAN_POINT('',(-0.1875,-0.045,-0.04999798212588));
#11958=VECTOR('',#15081,0.1199996035159);
#11959=CARTESIAN_POINT('',(-0.4625,-0.045,-0.04999798212588));
#11960=CARTESIAN_POINT('',(-0.1875,-0.045,-0.04999798212588));
#11961=VECTOR('',#15082,0.275);
#11962=CARTESIAN_POINT('',(-0.4625,-0.1649996035159,-0.04999798212588));
#11963=CARTESIAN_POINT('',(-0.4625,-0.1649996035159,-0.04999798212588));
#11964=VECTOR('',#15083,0.1199996035159);
#11965=CARTESIAN_POINT('',(-0.8375,-0.1649996035159,-0.04999798212588));
#11966=CARTESIAN_POINT('',(-0.4625,-0.1649996035159,-0.04999798212588));
#11967=VECTOR('',#15084,0.375);
#11968=CARTESIAN_POINT('',(-0.8375,-0.045,-0.04999798212588));
#11969=CARTESIAN_POINT('',(-0.8375,-0.045,-0.04999798212588));
#11970=VECTOR('',#15085,0.1199996035159);
#11971=CARTESIAN_POINT('',(-1.11,-0.045,-0.04999798212588));
#11972=CARTESIAN_POINT('',(-0.8375,-0.045,-0.04999798212588));
#11973=VECTOR('',#15086,0.2725);
#11974=CARTESIAN_POINT('',(-1.11,-0.1649996035159,-0.04999798212588));
#11975=CARTESIAN_POINT('',(-1.11,-0.1649996035159,-0.04999798212588));
#11976=VECTOR('',#15087,0.1199996035159);
#11977=CARTESIAN_POINT('',(-1.49,-0.1649996035159,-0.04999798212588));
#11978=CARTESIAN_POINT('',(-1.11,-0.1649996035159,-0.04999798212588));
#11979=VECTOR('',#15088,0.38);
#11980=CARTESIAN_POINT('',(-1.49,-0.045,-0.04999798212588));
#11981=CARTESIAN_POINT('',(-1.49,-0.045,-0.04999798212588));
#11982=VECTOR('',#15089,0.1199996035159);
#11983=CARTESIAN_POINT('',(-1.525,-0.045,-0.04999798212588));
#11984=CARTESIAN_POINT('',(-1.49,-0.045,-0.04999798212588));
#11985=VECTOR('',#15090,0.035);
#11986=CARTESIAN_POINT('',(-1.725,-0.245,-0.04999798212588));
#11987=AXIS2_PLACEMENT_3D('',#15091,#15092,#15093);
#11988=CARTESIAN_POINT('',(-1.725,-0.245,-0.04999798212588));
#11989=VECTOR('',#15094,0.2);
#11990=CARTESIAN_POINT('',(-1.725,-0.245,-2.549997982126));
#11991=CARTESIAN_POINT('',(-1.725,-0.245,-2.549997982126));
#11992=VECTOR('',#15095,2.5);
#11993=CARTESIAN_POINT('',(-1.725,-0.445,-2.549997982126));
#11994=CARTESIAN_POINT('',(-1.725,-0.445,-2.549997982126));
#11995=VECTOR('',#15096,0.2);
#11996=CARTESIAN_POINT('',(-1.725,-0.445,-0.04999798212588));
#11997=VECTOR('',#15097,2.5);
#11998=CARTESIAN_POINT('',(-1.525,-0.645,-2.549997982126));
#11999=CARTESIAN_POINT('',(-1.525,-0.645,-2.549997982126));
#12000=VECTOR('',#15098,2.5);
#12001=AXIS2_PLACEMENT_3D('',#15099,#15100,#15101);
#12002=CARTESIAN_POINT('',(-1.525,-0.445,-2.749997982126));
#12003=AXIS2_PLACEMENT_3D('',#15102,#15103,#15104);
#12004=AXIS2_PLACEMENT_3D('',#15105,#15106,#15107);
#12005=CARTESIAN_POINT('',(1.525,-0.445,-2.749997982126));
#12006=CARTESIAN_POINT('',(-1.525,-0.445,-2.749997982126));
#12007=VECTOR('',#15108,3.05);
#12008=CARTESIAN_POINT('',(1.525,-0.645,-2.549997982126));
#12009=AXIS2_PLACEMENT_3D('',#15109,#15110,#15111);
#12010=CARTESIAN_POINT('',(1.525,-0.645,-2.549997982126));
#12011=VECTOR('',#15112,3.05);
#12012=CARTESIAN_POINT('',(1.525,-0.645,-0.04999798212588));
#12013=VECTOR('',#15113,2.5);
#12014=CARTESIAN_POINT('',(1.725,-0.445,-2.549997982126));
#12015=CARTESIAN_POINT('',(1.725,-0.445,-2.549997982126));
#12016=VECTOR('',#15114,2.5);
#12017=AXIS2_PLACEMENT_3D('',#15115,#15116,#15117);
#12018=AXIS2_PLACEMENT_3D('',#15118,#15119,#15120);
#12019=CARTESIAN_POINT('',(1.525,-0.045,-2.749997982126));
#12020=CARTESIAN_POINT('',(1.725,-0.245,-2.549997982126));
#12021=CARTESIAN_POINT('',(1.525,-0.045,-2.749997982126));
#12022=CARTESIAN_POINT('',(1.532665806166,-0.045,-2.749997982126));
#12023=CARTESIAN_POINT('',(1.548128184751,-0.04588871349896,-2.749109268627));
#12024=CARTESIAN_POINT('',(1.571192650438,-0.04992517919008,-2.745072802936));
#12025=CARTESIAN_POINT('',(1.594404305668,-0.05689055060908,-2.738107431517));
#12026=CARTESIAN_POINT('',(1.617417173787,-0.06701048801935,-2.727987494107));
#12027=CARTESIAN_POINT('',(1.640159904807,-0.08072456088445,-2.714273421241));
#12028=CARTESIAN_POINT('',(1.6620429213,-0.09837726512828,-2.696620716998));
#12029=CARTESIAN_POINT('',(1.682348849537,-0.1202758782831,-2.674722103843));
#12030=CARTESIAN_POINT('',(1.700074270451,-0.1465070961265,-2.648490885999));
#12031=CARTESIAN_POINT('',(1.714024595556,-0.1767708628683,-2.618227119258));
#12032=CARTESIAN_POINT('',(1.72293904878,-0.210076134009,-2.584921848117));
#12033=CARTESIAN_POINT('',(1.725,-0.2332153182113,-2.561782663915));
#12034=CARTESIAN_POINT('',(1.725,-0.245,-2.549997982126));
#12035=CARTESIAN_POINT('',(1.725,-0.245,-2.549997982126));
#12036=VECTOR('',#15121,0.2);
#12037=CARTESIAN_POINT('',(1.525,-0.445,-2.749997982126));
#12038=VECTOR('',#15122,0.4);
#12039=CARTESIAN_POINT('',(-1.11,-0.245,-2.749997982126));
#12040=CARTESIAN_POINT('',(-0.8375,-0.245,-2.749997982126));
#12041=CARTESIAN_POINT('',(-1.11,-0.245,-2.749997982126));
#12042=VECTOR('',#15123,0.2725);
#12043=CARTESIAN_POINT('',(-0.8375,-0.265,-2.749997982126));
#12044=CARTESIAN_POINT('',(-0.8375,-0.265,-2.749997982126));
#12045=VECTOR('',#15124,0.02);
#12046=CARTESIAN_POINT('',(-0.4625,-0.265,-2.749997982126));
#12047=CARTESIAN_POINT('',(-0.4625,-0.265,-2.749997982126));
#12048=VECTOR('',#15125,0.375);
#12049=CARTESIAN_POINT('',(-0.4625,-0.245,-2.749997982126));
#12050=CARTESIAN_POINT('',(-0.4625,-0.265,-2.749997982126));
#12051=VECTOR('',#15126,0.01999999999999);
#12052=CARTESIAN_POINT('',(-0.1875,-0.245,-2.749997982126));
#12053=CARTESIAN_POINT('',(-0.4625,-0.245,-2.749997982126));
#12054=VECTOR('',#15127,0.275);
#12055=CARTESIAN_POINT('',(-0.1875,-0.265,-2.749997982126));
#12056=CARTESIAN_POINT('',(-0.1875,-0.265,-2.749997982126));
#12057=VECTOR('',#15128,0.02);
#12058=CARTESIAN_POINT('',(0.1875,-0.265,-2.749997982126));
#12059=CARTESIAN_POINT('',(0.1875,-0.265,-2.749997982126));
#12060=VECTOR('',#15129,0.375);
#12061=CARTESIAN_POINT('',(0.1875,-0.245,-2.749997982126));
#12062=CARTESIAN_POINT('',(0.1875,-0.265,-2.749997982126));
#12063=VECTOR('',#15130,0.01999999999999);
#12064=CARTESIAN_POINT('',(0.46,-0.245,-2.749997982126));
#12065=CARTESIAN_POINT('',(0.1875,-0.245,-2.749997982126));
#12066=VECTOR('',#15131,0.2725);
#12067=CARTESIAN_POINT('',(0.46,-0.265,-2.749997982126));
#12068=CARTESIAN_POINT('',(0.46,-0.265,-2.749997982126));
#12069=VECTOR('',#15132,0.02);
#12070=CARTESIAN_POINT('',(0.8375,-0.265,-2.749997982126));
#12071=CARTESIAN_POINT('',(0.8375,-0.265,-2.749997982126));
#12072=VECTOR('',#15133,0.3775);
#12073=CARTESIAN_POINT('',(0.8375,-0.245,-2.749997982126));
#12074=CARTESIAN_POINT('',(0.8375,-0.265,-2.749997982126));
#12075=VECTOR('',#15134,0.01999999999999);
#12076=CARTESIAN_POINT('',(1.1125,-0.245,-2.749997982126));
#12077=CARTESIAN_POINT('',(0.8375,-0.245,-2.749997982126));
#12078=VECTOR('',#15135,0.275);
#12079=CARTESIAN_POINT('',(1.1125,-0.265,-2.749997982126));
#12080=CARTESIAN_POINT('',(1.1125,-0.265,-2.749997982126));
#12081=VECTOR('',#15136,0.02);
#12082=CARTESIAN_POINT('',(1.4875,-0.265,-2.749997982126));
#12083=CARTESIAN_POINT('',(1.4875,-0.265,-2.749997982126));
#12084=VECTOR('',#15137,0.375);
#12085=CARTESIAN_POINT('',(1.4875,-0.045,-2.749997982126));
#12086=CARTESIAN_POINT('',(1.4875,-0.265,-2.749997982126));
#12087=VECTOR('',#15138,0.22);
#12088=CARTESIAN_POINT('',(1.4875,-0.045,-2.749997982126));
#12089=VECTOR('',#15139,0.0375);
#12090=CARTESIAN_POINT('',(-1.525,-0.045,-2.749997982126));
#12091=CARTESIAN_POINT('',(-1.525,-0.045,-2.749997982126));
#12092=VECTOR('',#15140,0.4);
#12093=CARTESIAN_POINT('',(-1.49,-0.045,-2.749997982126));
#12094=CARTESIAN_POINT('',(-1.49,-0.045,-2.749997982126));
#12095=VECTOR('',#15141,0.035);
#12096=CARTESIAN_POINT('',(-1.49,-0.265,-2.749997982126));
#12097=CARTESIAN_POINT('',(-1.49,-0.265,-2.749997982126));
#12098=VECTOR('',#15142,0.22);
#12099=CARTESIAN_POINT('',(-1.11,-0.265,-2.749997982126));
#12100=CARTESIAN_POINT('',(-1.11,-0.265,-2.749997982126));
#12101=VECTOR('',#15143,0.38);
#12102=CARTESIAN_POINT('',(-1.11,-0.265,-2.749997982126));
#12103=VECTOR('',#15144,0.01999999999999);
#12104=CARTESIAN_POINT('',(-1.11,-0.045,-2.549997982126));
#12105=CARTESIAN_POINT('',(-1.11,-0.045,-2.549997982126));
#12106=VECTOR('',#15145,0.2828427124746);
#12107=CARTESIAN_POINT('',(-1.11,-0.265,-2.35377022689));
#12108=CARTESIAN_POINT('',(-1.11,-0.265,-2.749997982126));
#12109=VECTOR('',#15146,0.3962277552364);
#12110=CARTESIAN_POINT('',(-1.11,-0.1649996035159,-2.153769929527));
#12111=AXIS2_PLACEMENT_3D('',#15147,#15148,#15149);
#12112=CARTESIAN_POINT('',(-1.11,-0.1649996035159,-0.04999798212588));
#12113=VECTOR('',#15150,2.103771947401);
#12114=CARTESIAN_POINT('',(-1.11,-0.045,-0.04999798212588));
#12115=VECTOR('',#15151,2.5);
#12116=CARTESIAN_POINT('',(-0.8375,-0.045,-2.549997982126));
#12117=CARTESIAN_POINT('',(-0.8375,-0.045,-2.549997982126));
#12118=VECTOR('',#15152,2.5);
#12119=CARTESIAN_POINT('',(-0.8375,-0.045,-2.549997982126));
#12120=VECTOR('',#15153,0.2725);
#12121=CARTESIAN_POINT('',(-0.8375,-0.245,-2.749997982126));
#12122=VECTOR('',#15154,0.2828427124746);
#12123=CARTESIAN_POINT('',(-0.8375,-0.1649996035159,-2.153769929527));
#12124=CARTESIAN_POINT('',(-0.8375,-0.1649996035159,-2.153769929527));
#12125=VECTOR('',#15155,2.103771947401);
#12126=CARTESIAN_POINT('',(-0.8375,-0.265,-2.35377022689));
#12127=AXIS2_PLACEMENT_3D('',#15156,#15157,#15158);
#12128=CARTESIAN_POINT('',(-0.8375,-0.265,-2.35377022689));
#12129=VECTOR('',#15159,0.3962277552364);
#12130=CARTESIAN_POINT('',(-0.4625,-0.265,-2.35377022689));
#12131=CARTESIAN_POINT('',(-0.4625,-0.265,-2.35377022689));
#12132=VECTOR('',#15160,0.375);
#12133=CARTESIAN_POINT('',(-0.4625,-0.265,-2.749997982126));
#12134=VECTOR('',#15161,0.3962277552364);
#12135=CARTESIAN_POINT('',(-0.4625,-0.045,-2.549997982126));
#12136=CARTESIAN_POINT('',(-0.4625,-0.045,-2.549997982126));
#12137=VECTOR('',#15162,0.2828427124746);
#12138=CARTESIAN_POINT('',(-0.4625,-0.1649996035159,-2.153769929527));
#12139=AXIS2_PLACEMENT_3D('',#15163,#15164,#15165);
#12140=CARTESIAN_POINT('',(-0.4625,-0.1649996035159,-0.04999798212588));
#12141=VECTOR('',#15166,2.103771947401);
#12142=CARTESIAN_POINT('',(-0.4625,-0.045,-0.04999798212588));
#12143=VECTOR('',#15167,2.5);
#12144=CARTESIAN_POINT('',(-0.1875,-0.045,-2.549997982126));
#12145=CARTESIAN_POINT('',(-0.1875,-0.045,-2.549997982126));
#12146=VECTOR('',#15168,2.5);
#12147=CARTESIAN_POINT('',(-0.1875,-0.045,-2.549997982126));
#12148=VECTOR('',#15169,0.275);
#12149=CARTESIAN_POINT('',(-0.1875,-0.245,-2.749997982126));
#12150=VECTOR('',#15170,0.2828427124746);
#12151=CARTESIAN_POINT('',(-0.1875,-0.1649996035159,-2.153769929527));
#12152=CARTESIAN_POINT('',(-0.1875,-0.1649996035159,-2.153769929527));
#12153=VECTOR('',#15171,2.103771947401);
#12154=CARTESIAN_POINT('',(-0.1875,-0.265,-2.35377022689));
#12155=AXIS2_PLACEMENT_3D('',#15172,#15173,#15174);
#12156=CARTESIAN_POINT('',(-0.1875,-0.265,-2.35377022689));
#12157=VECTOR('',#15175,0.3962277552364);
#12158=CARTESIAN_POINT('',(0.1875,-0.265,-2.353770227233));
#12159=CARTESIAN_POINT('',(0.1875,-0.265,-2.353770227233));
#12160=VECTOR('',#15176,0.375);
#12161=CARTESIAN_POINT('',(0.1875,-0.265,-2.749997982126));
#12162=VECTOR('',#15177,0.3962277548925);
#12163=CARTESIAN_POINT('',(0.1875,-0.045,-2.549997982126));
#12164=CARTESIAN_POINT('',(0.1875,-0.045,-2.549997982126));
#12165=VECTOR('',#15178,0.2828427124746);
#12166=CARTESIAN_POINT('',(0.1875,-0.1649996035159,-2.153769929527));
#12167=AXIS2_PLACEMENT_3D('',#15179,#15180,#15181);
#12168=CARTESIAN_POINT('',(0.1875,-0.1649996035159,-0.04999798212588));
#12169=VECTOR('',#15182,2.103771947401);
#12170=CARTESIAN_POINT('',(0.1875,-0.045,-0.04999798212588));
#12171=VECTOR('',#15183,2.5);
#12172=CARTESIAN_POINT('',(0.46,-0.045,-2.549997982126));
#12173=CARTESIAN_POINT('',(0.46,-0.045,-2.549997982126));
#12174=VECTOR('',#15184,2.5);
#12175=CARTESIAN_POINT('',(0.46,-0.045,-2.549997982126));
#12176=VECTOR('',#15185,0.2725);
#12177=CARTESIAN_POINT('',(0.46,-0.245,-2.749997982126));
#12178=VECTOR('',#15186,0.2828427124746);
#12179=CARTESIAN_POINT('',(0.46,-0.1649996035159,-2.153769929527));
#12180=CARTESIAN_POINT('',(0.46,-0.1649996035159,-2.153769929527));
#12181=VECTOR('',#15187,2.103771947401);
#12182=CARTESIAN_POINT('',(0.46,-0.265,-2.35377022689));
#12183=AXIS2_PLACEMENT_3D('',#15188,#15189,#15190);
#12184=CARTESIAN_POINT('',(0.46,-0.265,-2.35377022689));
#12185=VECTOR('',#15191,0.3962277552364);
#12186=CARTESIAN_POINT('',(0.8375,-0.265,-2.353770227233));
#12187=CARTESIAN_POINT('',(0.8375,-0.265,-2.353770227233));
#12188=VECTOR('',#15192,0.3775);
#12189=CARTESIAN_POINT('',(0.8375,-0.265,-2.749997982126));
#12190=VECTOR('',#15193,0.3962277548925);
#12191=CARTESIAN_POINT('',(0.8375,-0.045,-2.549997982126));
#12192=CARTESIAN_POINT('',(0.8375,-0.045,-2.549997982126));
#12193=VECTOR('',#15194,0.2828427124746);
#12194=CARTESIAN_POINT('',(0.8375,-0.1649996035159,-2.153769929527));
#12195=AXIS2_PLACEMENT_3D('',#15195,#15196,#15197);
#12196=CARTESIAN_POINT('',(0.8375,-0.1649996035159,-0.04999798212588));
#12197=VECTOR('',#15198,2.103771947401);
#12198=CARTESIAN_POINT('',(0.8375,-0.045,-0.04999798212588));
#12199=VECTOR('',#15199,2.5);
#12200=CARTESIAN_POINT('',(1.1125,-0.045,-2.549997982126));
#12201=CARTESIAN_POINT('',(1.1125,-0.045,-2.549997982126));
#12202=VECTOR('',#15200,2.5);
#12203=CARTESIAN_POINT('',(1.1125,-0.045,-2.549997982126));
#12204=VECTOR('',#15201,0.275);
#12205=CARTESIAN_POINT('',(1.1125,-0.245,-2.749997982126));
#12206=VECTOR('',#15202,0.2828427124746);
#12207=CARTESIAN_POINT('',(1.1125,-0.1649996035159,-2.153769929527));
#12208=CARTESIAN_POINT('',(1.1125,-0.1649996035159,-2.153769929527));
#12209=VECTOR('',#15203,2.103771947401);
#12210=CARTESIAN_POINT('',(1.1125,-0.265,-2.353770227233));
#12211=AXIS2_PLACEMENT_3D('',#15204,#15205,#15206);
#12212=CARTESIAN_POINT('',(1.1125,-0.265,-2.353770227233));
#12213=VECTOR('',#15207,0.3962277548925);
#12214=CARTESIAN_POINT('',(1.4875,-0.265,-2.353770227233));
#12215=CARTESIAN_POINT('',(1.4875,-0.265,-2.353770227233));
#12216=VECTOR('',#15208,0.375);
#12217=CARTESIAN_POINT('',(1.4875,-0.265,-2.749997982126));
#12218=VECTOR('',#15209,0.3962277548925);
#12219=CARTESIAN_POINT('',(1.4875,-0.1649996035159,-2.153769929527));
#12220=AXIS2_PLACEMENT_3D('',#15210,#15211,#15212);
#12221=CARTESIAN_POINT('',(1.4875,-0.1649996035159,-0.04999798212588));
#12222=VECTOR('',#15213,2.103771947401);
#12223=CARTESIAN_POINT('',(1.4875,-0.045,-0.04999798212588));
#12224=VECTOR('',#15214,2.7);
#12225=CARTESIAN_POINT('',(1.525,-0.045,-2.749997982126));
#12226=VECTOR('',#15215,2.7);
#12227=CARTESIAN_POINT('',(1.725,-0.245,-0.04999798212588));
#12228=VECTOR('',#15216,2.5);
#12229=CARTESIAN_POINT('',(1.1125,-0.1649996035159,-2.153769929527));
#12230=VECTOR('',#15217,0.375);
#12231=CARTESIAN_POINT('',(0.46,-0.1649996035159,-2.153769929527));
#12232=VECTOR('',#15218,0.3775);
#12233=CARTESIAN_POINT('',(-0.1875,-0.1649996035159,-2.153769929527));
#12234=VECTOR('',#15219,0.375);
#12235=CARTESIAN_POINT('',(-0.8375,-0.1649996035159,-2.153769929527));
#12236=VECTOR('',#15220,0.375);
#12237=CARTESIAN_POINT('',(-1.49,-0.1649996035159,-2.153769929527));
#12238=CARTESIAN_POINT('',(-1.49,-0.1649996035159,-2.153769929527));
#12239=VECTOR('',#15221,0.38);
#12240=CARTESIAN_POINT('',(-1.49,-0.1649996035159,-2.153769929527));
#12241=VECTOR('',#15222,2.103771947401);
#12242=CARTESIAN_POINT('',(-1.49,-0.045,-2.749997982126));
#12243=VECTOR('',#15223,2.7);
#12244=CARTESIAN_POINT('',(-1.49,-0.265,-2.35377022689));
#12245=AXIS2_PLACEMENT_3D('',#15224,#15225,#15226);
#12246=CARTESIAN_POINT('',(-1.49,-0.265,-2.35377022689));
#12247=VECTOR('',#15227,0.3962277552364);
#12248=CARTESIAN_POINT('',(-1.11,-0.265,-2.35377022689));
#12249=VECTOR('',#15228,0.38);
#12250=CARTESIAN_POINT('',(-1.525,-0.045,-0.04999798212588));
#12251=VECTOR('',#15229,2.7);
#12252=CARTESIAN_POINT('',(-1.525,-0.045,-2.749997982126));
#12253=CARTESIAN_POINT('',(-1.532665806166,-0.045,-2.749997982126));
#12254=CARTESIAN_POINT('',(-1.548128184751,-0.04588871349896,-2.749109268627));
#12255=CARTESIAN_POINT('',(-1.571192650438,-0.04992517919008,-2.745072802936));
#12256=CARTESIAN_POINT('',(-1.594404305668,-0.05689055060908,-2.738107431517));
#12257=CARTESIAN_POINT('',(-1.617417173787,-0.06701048801935,-2.727987494107));
#12258=CARTESIAN_POINT('',(-1.640159904807,-0.08072456088445,-2.714273421241));
#12259=CARTESIAN_POINT('',(-1.6620429213,-0.09837726512828,-2.696620716998));
#12260=CARTESIAN_POINT('',(-1.682348849537,-0.1202758782831,-2.674722103843));
#12261=CARTESIAN_POINT('',(-1.700074270451,-0.1465070961265,-2.648490885999));
#12262=CARTESIAN_POINT('',(-1.714024595556,-0.1767708628683,-2.618227119258));
#12263=CARTESIAN_POINT('',(-1.72293904878,-0.210076134009,-2.584921848117));
#12264=CARTESIAN_POINT('',(-1.725,-0.2332153182113,-2.561782663915));
#12265=CARTESIAN_POINT('',(-1.725,-0.245,-2.549997982126));
#12266=CARTESIAN_POINT('',(-3.376776695297,0.2482232494652,-3.549997982126));
#12267=CARTESIAN_POINT('',(-3.45,0.07144655416846,-3.549997982126));
#12268=AXIS2_PLACEMENT_3D('',#15230,#15231,#15232);
#12269=CARTESIAN_POINT('',(-3.376776695297,0.2482232494652,-3.549997982126));
#12270=VECTOR('',#15233,3.5);
#12271=CARTESIAN_POINT('',(-3.444948974278,0.1214465541685,-0.04999798212588));
#12272=AXIS2_PLACEMENT_3D('',#15234,#15235,#15236);
#12273=CARTESIAN_POINT('',(-3.45,0.07144655416846,-0.04141933836319));
#12274=CARTESIAN_POINT('',(-3.444948974278,0.1214465541685,-0.04999798212588));
#12275=CARTESIAN_POINT('',(-3.448317288496,0.1049452519137,-0.04716680625261));
#12276=CARTESIAN_POINT('',(-3.45,0.0882784906465,-0.04430724210082));
#12277=CARTESIAN_POINT('',(-3.45,0.07144655416846,-0.04141933836319));
#12278=CARTESIAN_POINT('',(-3.45,0.07144655416846,-0.04141933836319));
#12279=VECTOR('',#15237,3.508578643763);
#12280=CARTESIAN_POINT('',(-3.45,0.11,1.300002017874));
#12281=CARTESIAN_POINT('',(-3.45,-0.39,1.300002017874));
#12282=AXIS2_PLACEMENT_3D('',#15238,#15239,#15240);
#12283=CARTESIAN_POINT('',(-3.45,-0.39,2.419039982126));
#12284=CARTESIAN_POINT('',(-3.45,-0.39,2.419039982126));
#12285=VECTOR('',#15241,1.119037964252);
#12286=CARTESIAN_POINT('',(-3.45,-0.49,2.519039982126));
#12287=CARTESIAN_POINT('',(-3.45,-0.39,2.419039982126));
#12288=VECTOR('',#15242,0.1414213562373);
#12289=CARTESIAN_POINT('',(-3.45,-0.675,2.519039982126));
#12290=CARTESIAN_POINT('',(-3.45,-0.49,2.519039982126));
#12291=VECTOR('',#15243,0.185);
#12292=CARTESIAN_POINT('',(-3.45,-0.675,-3.549997982126));
#12293=CARTESIAN_POINT('',(-3.45,-0.675,-3.549997982126));
#12294=VECTOR('',#15244,6.069037964252);
#12295=CARTESIAN_POINT('',(-3.45,-0.645,-3.549997982126));
#12296=CARTESIAN_POINT('',(-3.45,-0.645,-3.549997982126));
#12297=VECTOR('',#15245,0.03);
#12298=CARTESIAN_POINT('',(-3.45,-0.645,-3.669037982126));
#12299=CARTESIAN_POINT('',(-3.45,-0.645,-3.549997982126));
#12300=VECTOR('',#15246,0.1190400000003);
#12301=CARTESIAN_POINT('',(-3.45,0.005000000000033,-3.669037982126));
#12302=CARTESIAN_POINT('',(-3.45,0.005000000000033,-3.669037982126));
#12303=VECTOR('',#15247,0.65);
#12304=CARTESIAN_POINT('',(-3.45,0.005000000000033,-3.549997982126));
#12305=CARTESIAN_POINT('',(-3.45,0.005000000000033,-3.549997982126));
#12306=VECTOR('',#15248,0.1190400000003);
#12307=CARTESIAN_POINT('',(-3.45,0.07144655416846,-3.549997982126));
#12308=VECTOR('',#15249,0.06644655416842);
#12309=CARTESIAN_POINT('',(-3.45,-0.02855344583154,0.1000020178741));
#12310=AXIS2_PLACEMENT_3D('',#15250,#15251,#15252);
#12311=CARTESIAN_POINT('',(-3.45,0.1214465541685,0.2500020178741));
#12312=AXIS2_PLACEMENT_3D('',#15253,#15254,#15255);
#12313=CARTESIAN_POINT('',(-3.45,1.109999287528,0.2500020178741));
#12314=CARTESIAN_POINT('',(-3.45,1.109998488907,0.2500020178741));
#12315=VECTOR('',#15256,0.9885519347383);
#12316=CARTESIAN_POINT('',(-3.45,1.109998688561,2.419039982126));
#12317=CARTESIAN_POINT('',(-3.45,1.109998688561,2.419039982126));
#12318=VECTOR('',#15257,2.169037964252);
#12319=CARTESIAN_POINT('',(-3.45,0.11,2.419039982126));
#12320=CARTESIAN_POINT('',(-3.45,0.11,2.419039982126));
#12321=VECTOR('',#15258,0.9999986885608);
#12322=CARTESIAN_POINT('',(-3.45,0.11,1.300002017874));
#12323=VECTOR('',#15259,1.119037964252);
#12324=CARTESIAN_POINT('',(-3.45,0.0,0.8600020178741));
#12325=CARTESIAN_POINT('',(-3.45,0.0,0.4600020178741));
#12326=CARTESIAN_POINT('',(-3.45,0.0,0.8600020178741));
#12327=VECTOR('',#15260,0.4);
#12328=CARTESIAN_POINT('',(-3.45,0.3,0.8600020178741));
#12329=CARTESIAN_POINT('',(-3.45,0.3,0.8600020178741));
#12330=VECTOR('',#15261,0.3);
#12331=CARTESIAN_POINT('',(-3.45,0.3,0.4600020178741));
#12332=CARTESIAN_POINT('',(-3.45,0.3,0.4600020178741));
#12333=VECTOR('',#15262,0.4);
#12334=CARTESIAN_POINT('',(-3.45,0.3,0.4600020178741));
#12335=VECTOR('',#15263,0.3);
#12336=CARTESIAN_POINT('',(-3.75,0.11,2.599999982126));
#12337=CARTESIAN_POINT('',(-3.75,0.11,2.419039982126));
#12338=CARTESIAN_POINT('',(-3.75,0.11,2.599999982126));
#12339=VECTOR('',#15264,0.18096);
#12340=CARTESIAN_POINT('',(-3.43,0.11,2.599999982126));
#12341=CARTESIAN_POINT('',(-3.43,0.11,2.599999982126));
#12342=VECTOR('',#15265,0.32);
#12343=CARTESIAN_POINT('',(-3.43,0.11,1.300002017874));
#12344=CARTESIAN_POINT('',(-3.43,0.11,2.599999982126));
#12345=VECTOR('',#15266,1.299997964252);
#12346=CARTESIAN_POINT('',(-3.45,0.11,1.300002017874));
#12347=VECTOR('',#15267,0.02);
#12348=CARTESIAN_POINT('',(-3.45,0.11,2.419039982126));
#12349=VECTOR('',#15268,0.3);
#12350=CARTESIAN_POINT('',(-3.55,0.21,2.519039982126));
#12351=CARTESIAN_POINT('',(-3.45,0.11,2.419039982126));
#12352=VECTOR('',#15269,0.1732050807569);
#12353=CARTESIAN_POINT('',(-3.75,0.21,2.519039982126));
#12354=CARTESIAN_POINT('',(-3.55,0.21,2.519039982126));
#12355=VECTOR('',#15270,0.2);
#12356=CARTESIAN_POINT('',(-3.75,0.11,2.419039982126));
#12357=VECTOR('',#15271,0.1414213562373);
#12358=CARTESIAN_POINT('',(-3.75,-0.39,2.599999982126));
#12359=CARTESIAN_POINT('',(-3.75,-0.39,2.419039982126));
#12360=CARTESIAN_POINT('',(-3.75,-0.39,2.599999982126));
#12361=VECTOR('',#15272,0.18096);
#12362=CARTESIAN_POINT('',(-3.75,0.11,2.599999982126));
#12363=VECTOR('',#15273,0.5);
#12364=CARTESIAN_POINT('',(-3.749999999999,1.109998488906,2.519039982126));
#12365=CARTESIAN_POINT('',(-3.749999999998,1.109997690287,2.519039982126));
#12366=VECTOR('',#15274,0.8999976902866);
#12367=CARTESIAN_POINT('',(-3.749999999999,1.109998488906,0.2500020178741));
#12368=CARTESIAN_POINT('',(-3.749999999998,1.109997690287,0.2500020178741));
#12369=VECTOR('',#15275,2.269037964252);
#12370=CARTESIAN_POINT('',(-3.75,0.1214465541685,0.2500020178741));
#12371=CARTESIAN_POINT('',(-3.75,0.1214465541685,0.2500020178741));
#12372=VECTOR('',#15276,0.9885511361187);
#12373=CARTESIAN_POINT('',(-3.75,-0.02855344583154,0.1000020178741));
#12374=AXIS2_PLACEMENT_3D('',#15277,#15278,#15279);
#12375=CARTESIAN_POINT('',(-3.75,0.07144655416846,-0.04141933836319));
#12376=AXIS2_PLACEMENT_3D('',#15280,#15281,#15282);
#12377=CARTESIAN_POINT('',(-3.75,0.07144655416846,-3.549997982126));
#12378=CARTESIAN_POINT('',(-3.75,0.07144655416846,-3.549997982126));
#12379=VECTOR('',#15283,3.508578643763);
#12380=CARTESIAN_POINT('',(-3.75,0.005000000000033,-3.549997982126));
#12381=CARTESIAN_POINT('',(-3.75,0.07144655416846,-3.549997982126));
#12382=VECTOR('',#15284,0.06644655416842);
#12383=CARTESIAN_POINT('',(-3.75,0.005000000000033,-3.669037982126));
#12384=CARTESIAN_POINT('',(-3.75,0.005000000000033,-3.549997982126));
#12385=VECTOR('',#15285,0.1190400000003);
#12386=CARTESIAN_POINT('',(-3.75,-0.645,-3.669037982126));
#12387=CARTESIAN_POINT('',(-3.75,-0.645,-3.669037982126));
#12388=VECTOR('',#15286,0.65);
#12389=CARTESIAN_POINT('',(-3.75,-0.645,-3.549997982126));
#12390=CARTESIAN_POINT('',(-3.75,-0.645,-3.549997982126));
#12391=VECTOR('',#15287,0.1190400000003);
#12392=CARTESIAN_POINT('',(-3.75,-0.675,-3.549997982126));
#12393=CARTESIAN_POINT('',(-3.75,-0.645,-3.549997982126));
#12394=VECTOR('',#15288,0.03);
#12395=CARTESIAN_POINT('',(-3.75,-0.675,2.519039982126));
#12396=CARTESIAN_POINT('',(-3.75,-0.675,2.519039982126));
#12397=VECTOR('',#15289,6.069037964252);
#12398=CARTESIAN_POINT('',(-3.75,-0.49,2.519039982126));
#12399=CARTESIAN_POINT('',(-3.75,-0.49,2.519039982126));
#12400=VECTOR('',#15290,0.185);
#12401=CARTESIAN_POINT('',(-3.75,-0.49,2.519039982126));
#12402=VECTOR('',#15291,0.1414213562373);
#12403=CARTESIAN_POINT('',(-3.75,-0.49,2.519039982126));
#12404=VECTOR('',#15292,0.3);
#12405=CARTESIAN_POINT('',(-3.75,-0.39,2.419039982126));
#12406=VECTOR('',#15293,0.3);
#12407=CARTESIAN_POINT('',(-3.43,-0.39,1.300002017874));
#12408=CARTESIAN_POINT('',(-3.43,-0.39,1.300002017874));
#12409=VECTOR('',#15294,0.02);
#12410=CARTESIAN_POINT('',(-3.43,-0.39,2.269040017874));
#12411=CARTESIAN_POINT('',(-3.43,-0.39,2.269040017874));
#12412=VECTOR('',#15295,0.969038);
#12413=CARTESIAN_POINT('',(-2.23,-0.39,2.269040017874));
#12414=CARTESIAN_POINT('',(-3.43,-0.39,2.269040017874));
#12415=VECTOR('',#15296,1.2);
#12416=CARTESIAN_POINT('',(-2.560959964252,-0.39,2.599999982126));
#12417=CARTESIAN_POINT('',(-2.23,-0.39,2.269040017874));
#12418=VECTOR('',#15297,0.4680480700474);
#12419=CARTESIAN_POINT('',(-2.560959964252,-0.39,2.599999982126));
#12420=VECTOR('',#15298,1.189040035748);
#12421=CARTESIAN_POINT('',(-3.43,1.21,2.599999982126));
#12422=CARTESIAN_POINT('',(-3.43,1.21,2.599999982126));
#12423=VECTOR('',#15299,1.1);
#12424=CARTESIAN_POINT('',(-2.560959964252,1.21,2.599999982126));
#12425=CARTESIAN_POINT('',(-2.560959964252,-0.39,2.599999982126));
#12426=VECTOR('',#15300,1.6);
#12427=CARTESIAN_POINT('',(-3.43,1.21,2.599999982126));
#12428=VECTOR('',#15301,0.8690400357482);
#12429=CARTESIAN_POINT('',(-3.411802761614,1.21,2.419039982126));
#12430=CARTESIAN_POINT('',(-3.411802761614,1.21,0.2500020178741));
#12431=CARTESIAN_POINT('',(-3.411802761614,1.21,2.419039982126));
#12432=VECTOR('',#15302,2.169037964252);
#12433=CARTESIAN_POINT('',(-3.43,1.210000000002,2.433052611199));
#12434=CARTESIAN_POINT('',(-3.43,1.210000000002,2.433052611199));
#12435=CARTESIAN_POINT('',(-3.427947888763,1.210000000002,2.431426062913));
#12436=CARTESIAN_POINT('',(-3.423865110562,1.209999999999,2.42821768843));
#12437=CARTESIAN_POINT('',(-3.417799573465,1.21,2.4235457884));
#12438=CARTESIAN_POINT('',(-3.413795706364,1.21,2.420525426971));
#12439=CARTESIAN_POINT('',(-3.411802761614,1.21,2.419039982126));
#12440=CARTESIAN_POINT('',(-3.43,1.210000000002,2.433052611199));
#12441=VECTOR('',#15303,0.1669473709271);
#12442=CARTESIAN_POINT('',(-2.23,1.21,2.269040017874));
#12443=CARTESIAN_POINT('',(-2.560959964252,1.21,2.599999982126));
#12444=VECTOR('',#15304,0.4680480700474);
#12445=CARTESIAN_POINT('',(-0.7,1.21,2.269040017874));
#12446=CARTESIAN_POINT('',(-2.23,1.21,2.269040017874));
#12447=VECTOR('',#15305,1.53);
#12448=CARTESIAN_POINT('',(-0.7,1.21,-0.04999798212588));
#12449=CARTESIAN_POINT('',(-0.7,1.21,2.269040017874));
#12450=VECTOR('',#15306,2.319038);
#12451=CARTESIAN_POINT('',(-2.724020062391,1.21,-0.04999798212588));
#12452=CARTESIAN_POINT('',(-2.724020062391,1.21,-0.04999798212588));
#12453=VECTOR('',#15307,2.024020062391);
#12454=CARTESIAN_POINT('',(-3.43,1.21,-0.04999798212588));
#12455=CARTESIAN_POINT('',(-3.43,1.21,-0.04999798212588));
#12456=VECTOR('',#15308,0.7059799376085);
#12457=CARTESIAN_POINT('',(-3.43,1.21,0.2500020178741));
#12458=CARTESIAN_POINT('',(-3.43,1.21,-0.04999798212588));
#12459=VECTOR('',#15309,0.3);
#12460=CARTESIAN_POINT('',(-3.43,1.21,0.2500020178741));
#12461=VECTOR('',#15310,0.01819723838569);
#12462=CARTESIAN_POINT('',(-2.189942609407,1.21,1.059521017874));
#12463=CARTESIAN_POINT('',(-2.189942609407,1.21,1.659521017874));
#12464=CARTESIAN_POINT('',(-2.189942609407,1.21,1.059521017874));
#12465=VECTOR('',#15311,0.6);
#12466=CARTESIAN_POINT('',(-2.614206678119,1.21,1.659521017874));
#12467=CARTESIAN_POINT('',(-2.614206678119,1.21,1.659521017874));
#12468=VECTOR('',#15312,0.4242640687119);
#12469=CARTESIAN_POINT('',(-2.614206678119,1.21,1.059521017874));
#12470=CARTESIAN_POINT('',(-2.614206678119,1.21,1.659521017874));
#12471=VECTOR('',#15313,0.6);
#12472=CARTESIAN_POINT('',(-2.189942609407,1.21,1.059521017874));
#12473=VECTOR('',#15314,0.4242640687119);
#12474=CARTESIAN_POINT('',(-2.620271982822,1.216065304703,1.059521017874));
#12475=CARTESIAN_POINT('',(-2.614206678119,1.21,1.059521017874));
#12476=VECTOR('',#15315,0.008577636171409);
#12477=CARTESIAN_POINT('',(-2.726338,1.259999287525,1.059521017874));
#12478=AXIS2_PLACEMENT_3D('',#15316,#15317,#15318);
#12479=CARTESIAN_POINT('',(-2.75,1.259999287525,1.059521017874));
#12480=CARTESIAN_POINT('',(-2.726338,1.259999287525,1.059521017874));
#12481=VECTOR('',#15319,0.02366200000019);
#12482=CARTESIAN_POINT('',(-2.75,1.559999287525,1.059521017874));
#12483=CARTESIAN_POINT('',(-2.75,1.259999287525,1.059521017874));
#12484=VECTOR('',#15320,0.3);
#12485=CARTESIAN_POINT('',(-2.726338,1.559999287525,1.059521017874));
#12486=CARTESIAN_POINT('',(-2.75,1.559999287525,1.059521017874));
#12487=VECTOR('',#15321,0.02366200000019);
#12488=CARTESIAN_POINT('',(-2.408139948466,1.428197339059,1.059521017874));
#12489=AXIS2_PLACEMENT_3D('',#15322,#15323,#15324);
#12490=CARTESIAN_POINT('',(-2.408139948466,1.428197339059,1.059521017874));
#12491=VECTOR('',#15325,0.3085776361714);
#12492=CARTESIAN_POINT('',(-2.408139948466,1.428197339059,1.659521017874));
#12493=CARTESIAN_POINT('',(-2.408139948466,1.428197339059,1.659521017874));
#12494=VECTOR('',#15326,0.6);
#12495=CARTESIAN_POINT('',(-2.189942609407,1.21,1.659521017874));
#12496=VECTOR('',#15327,0.3085776361714);
#12497=CARTESIAN_POINT('',(-2.726338,1.559999287525,1.659521017874));
#12498=AXIS2_PLACEMENT_3D('',#15328,#15329,#15330);
#12499=CARTESIAN_POINT('',(-2.75,1.559999287525,1.659521017874));
#12500=CARTESIAN_POINT('',(-2.726338,1.559999287525,1.659521017874));
#12501=VECTOR('',#15331,0.0236620000002);
#12502=CARTESIAN_POINT('',(-2.75,1.259999287525,1.659521017874));
#12503=CARTESIAN_POINT('',(-2.75,1.259999287525,1.659521017874));
#12504=VECTOR('',#15332,0.3);
#12505=CARTESIAN_POINT('',(-2.726338,1.259999287525,1.659521017874));
#12506=CARTESIAN_POINT('',(-2.75,1.259999287525,1.659521017874));
#12507=VECTOR('',#15333,0.0236620000002);
#12508=CARTESIAN_POINT('',(-2.620271982822,1.216065304703,1.659521017874));
#12509=AXIS2_PLACEMENT_3D('',#15334,#15335,#15336);
#12510=CARTESIAN_POINT('',(-2.620271982822,1.216065304703,1.659521017874));
#12511=VECTOR('',#15337,0.008577636171409);
#12512=CARTESIAN_POINT('',(-2.620271982822,1.216065304703,1.059521017874));
#12513=VECTOR('',#15338,0.6);
#12514=CARTESIAN_POINT('',(-2.726338,1.259999287525,1.659521017874));
#12515=VECTOR('',#15339,0.6);
#12516=CARTESIAN_POINT('',(-2.85,1.259999287525,0.9595210178741));
#12517=AXIS2_PLACEMENT_3D('',#15340,#15341,#15342);
#12518=CARTESIAN_POINT('',(-2.85,1.259999287525,1.759521017874));
#12519=AXIS2_PLACEMENT_3D('',#15343,#15344,#15345);
#12520=CARTESIAN_POINT('',(-2.85,1.259999287525,2.419039982126));
#12521=CARTESIAN_POINT('',(-2.85,1.259999287525,2.419039982126));
#12522=VECTOR('',#15346,0.6595189642518);
#12523=CARTESIAN_POINT('',(-3.3,1.259999287525,2.419039982126));
#12524=CARTESIAN_POINT('',(-2.85,1.259999287525,2.419039982126));
#12525=VECTOR('',#15347,0.4499999999998);
#12526=CARTESIAN_POINT('',(-3.3,1.259999287525,0.2500020178741));
#12527=CARTESIAN_POINT('',(-3.3,1.259999287525,0.2500020178741));
#12528=VECTOR('',#15348,2.169037964252);
#12529=CARTESIAN_POINT('',(-2.95,1.259999287525,0.2500020178741));
#12530=CARTESIAN_POINT('',(-2.95,1.259999287525,0.2500020178741));
#12531=VECTOR('',#15349,0.3499999999999);
#12532=CARTESIAN_POINT('',(-2.85,1.259999287525,0.3500020178741));
#12533=AXIS2_PLACEMENT_3D('',#15350,#15351,#15352);
#12534=CARTESIAN_POINT('',(-2.85,1.259999287525,0.9595210178741));
#12535=VECTOR('',#15353,0.609519);
#12536=CARTESIAN_POINT('',(-2.85,1.559999287525,0.3500020178741));
#12537=CARTESIAN_POINT('',(-2.85,1.559999287525,0.3500020178741));
#12538=VECTOR('',#15354,0.3);
#12539=CARTESIAN_POINT('',(-2.85,1.559999287525,0.9595210178741));
#12540=CARTESIAN_POINT('',(-2.85,1.559999287525,0.3500020178741));
#12541=VECTOR('',#15355,0.609519);
#12542=CARTESIAN_POINT('',(-2.85,1.259999287525,0.9595210178741));
#12543=VECTOR('',#15356,0.3);
#12544=AXIS2_PLACEMENT_3D('',#15357,#15358,#15359);
#12545=CARTESIAN_POINT('',(-3.3,1.559999287525,2.519039982126));
#12546=CARTESIAN_POINT('',(-3.3,1.559999287525,0.2500020178741));
#12547=CARTESIAN_POINT('',(-3.3,1.559999287525,2.519039982126));
#12548=VECTOR('',#15360,2.269037964252);
#12549=CARTESIAN_POINT('',(-2.95,1.559999287525,2.519039982126));
#12550=CARTESIAN_POINT('',(-2.95,1.559999287525,2.519039982126));
#12551=VECTOR('',#15361,0.3499999999998);
#12552=CARTESIAN_POINT('',(-2.85,1.559999287525,2.419039982126));
#12553=AXIS2_PLACEMENT_3D('',#15362,#15363,#15364);
#12554=CARTESIAN_POINT('',(-2.85,1.559999287525,1.759521017874));
#12555=CARTESIAN_POINT('',(-2.85,1.559999287525,1.759521017874));
#12556=VECTOR('',#15365,0.6595189642518);
#12557=AXIS2_PLACEMENT_3D('',#15366,#15367,#15368);
#12558=CARTESIAN_POINT('',(-2.726338,1.559999287525,1.059521017874));
#12559=VECTOR('',#15369,0.6);
#12560=CARTESIAN_POINT('',(-2.95,1.559999287525,0.2500020178741));
#12561=AXIS2_PLACEMENT_3D('',#15370,#15371,#15372);
#12562=CARTESIAN_POINT('',(-3.3,1.559999287525,0.2500020178741));
#12563=VECTOR('',#15373,0.3499999999998);
#12564=CARTESIAN_POINT('',(-3.43,1.184832435261,0.2500020178741));
#12565=CARTESIAN_POINT('',(-3.43,1.21,0.2500020178741));
#12566=VECTOR('',#15374,0.025167564739);
#12567=AXIS2_PLACEMENT_3D('',#15375,#15376,#15377);
#12568=CARTESIAN_POINT('',(-3.75,0.1214465541685,0.2500020178741));
#12569=VECTOR('',#15378,0.3);
#12570=AXIS2_PLACEMENT_3D('',#15379,#15380,#15381);
#12571=CARTESIAN_POINT('',(-2.95,1.259999287525,0.2500020178741));
#12572=VECTOR('',#15382,0.3);
#12573=AXIS2_PLACEMENT_3D('',#15383,#15384,#15385);
#12574=AXIS2_PLACEMENT_3D('',#15386,#15387,#15388);
#12575=CARTESIAN_POINT('',(-3.3,1.359999287525,2.519039982126));
#12576=CARTESIAN_POINT('',(-3.3,1.259999287525,2.419039982126));
#12577=VECTOR('',#15389,0.1414213562373);
#12578=CARTESIAN_POINT('',(-3.55,1.109999287525,2.519039982126));
#12579=AXIS2_PLACEMENT_3D('',#15390,#15391,#15392);
#12580=CARTESIAN_POINT('',(-3.55,1.109999287525,2.519039982126));
#12581=VECTOR('',#15393,0.1414213562386);
#12582=CARTESIAN_POINT('',(-3.43,1.184832435261,2.419039982126));
#12583=AXIS2_PLACEMENT_3D('',#15394,#15395,#15396);
#12584=CARTESIAN_POINT('',(-3.43,1.210000000002,2.433052611199));
#12585=CARTESIAN_POINT('',(-3.43,1.207200678092,2.431345826867));
#12586=CARTESIAN_POINT('',(-3.43,1.201608272422,2.428024889105));
#12587=CARTESIAN_POINT('',(-3.43,1.193218670635,2.423340105513));
#12588=CARTESIAN_POINT('',(-3.43,1.18762899183,2.420435149664));
#12589=CARTESIAN_POINT('',(-3.43,1.184832435262,2.419039982125));
#12590=CARTESIAN_POINT('',(-3.43,0.6192640134737,-0.04999798212588));
#12591=CARTESIAN_POINT('',(-3.43,1.21,-0.04999798212588));
#12592=VECTOR('',#15397,0.5907359865263);
#12593=CARTESIAN_POINT('',(-3.43,0.6192640134737,-0.04999798212588));
#12594=VECTOR('',#15398,0.4498378695939);
#12595=CARTESIAN_POINT('',(-3.43,-0.56,2.269040017874));
#12596=CARTESIAN_POINT('',(-3.43,-0.56,2.269040017874));
#12597=VECTOR('',#15399,2.319038);
#12598=CARTESIAN_POINT('',(-3.43,-0.56,2.269040017874));
#12599=VECTOR('',#15400,0.17);
#12600=AXIS2_PLACEMENT_3D('',#15401,#15402,#15403);
#12601=CARTESIAN_POINT('',(-3.43,1.184832435261,0.2500020178741));
#12602=VECTOR('',#15404,2.169037964251);
#12603=CARTESIAN_POINT('',(-3.43,0.3,0.2600020178741));
#12604=CARTESIAN_POINT('',(-3.43,0.3,0.8600020178741));
#12605=CARTESIAN_POINT('',(-3.43,0.3,0.2600020178741));
#12606=VECTOR('',#15405,0.6);
#12607=CARTESIAN_POINT('',(-3.43,0.0,0.8600020178741));
#12608=CARTESIAN_POINT('',(-3.43,0.3,0.8600020178741));
#12609=VECTOR('',#15406,0.3);
#12610=CARTESIAN_POINT('',(-3.43,0.0,0.2600020178741));
#12611=CARTESIAN_POINT('',(-3.43,0.0,0.8600020178741));
#12612=VECTOR('',#15407,0.6);
#12613=CARTESIAN_POINT('',(-3.43,0.0,0.2600020178741));
#12614=VECTOR('',#15408,0.3);
#12615=CARTESIAN_POINT('',(1.75,-0.315,2.269040017874));
#12616=CARTESIAN_POINT('',(1.75,-0.91,2.269040017874));
#12617=VECTOR('',#15409,0.595);
#12618=CARTESIAN_POINT('',(3.43,-0.56,2.269040017874));
#12619=AXIS2_PLACEMENT_3D('',#15410,#15411,#15412);
#12620=CARTESIAN_POINT('',(3.43,-0.39,2.269040017874));
#12621=CARTESIAN_POINT('',(3.43,-0.56,2.269040017874));
#12622=VECTOR('',#15413,0.17);
#12623=CARTESIAN_POINT('',(2.23,-0.39,2.269040017874));
#12624=CARTESIAN_POINT('',(2.23,-0.39,2.269040017874));
#12625=VECTOR('',#15414,1.2);
#12626=CARTESIAN_POINT('',(2.23,1.21,2.269040017874));
#12627=CARTESIAN_POINT('',(2.23,1.21,2.269040017874));
#12628=VECTOR('',#15415,1.6);
#12629=CARTESIAN_POINT('',(0.7,1.21,2.269040017874));
#12630=CARTESIAN_POINT('',(0.7,1.21,2.269040017874));
#12631=VECTOR('',#15416,1.53);
#12632=CARTESIAN_POINT('',(0.7,0.91,2.269040017874));
#12633=CARTESIAN_POINT('',(0.7,1.21,2.269040017874));
#12634=VECTOR('',#15417,0.3);
#12635=CARTESIAN_POINT('',(-0.7,0.91,2.269040017874));
#12636=CARTESIAN_POINT('',(0.7,0.91,2.269040017874));
#12637=VECTOR('',#15418,1.4);
#12638=CARTESIAN_POINT('',(-0.7,0.91,2.269040017874));
#12639=VECTOR('',#15419,0.3);
#12640=CARTESIAN_POINT('',(-2.23,-0.39,2.269040017874));
#12641=VECTOR('',#15420,1.6);
#12642=AXIS2_PLACEMENT_3D('',#15421,#15422,#15423);
#12643=CARTESIAN_POINT('',(-1.75,-0.315,2.269040017874));
#12644=CARTESIAN_POINT('',(-1.75,-0.315,2.269040017874));
#12645=VECTOR('',#15424,0.595);
#12646=CARTESIAN_POINT('',(-1.424999606472,-0.3149998678386,2.269040017874));
#12647=CARTESIAN_POINT('',(-1.424999606472,-0.3149998678386,2.269040017874));
#12648=VECTOR('',#15425,0.3250003935279);
#12649=CARTESIAN_POINT('',(-1.424999606472,-0.1649996035159,2.269040017874));
#12650=CARTESIAN_POINT('',(-1.424999606472,-0.3149998678386,2.269040017874));
#12651=VECTOR('',#15426,0.1500002643227);
#12652=CARTESIAN_POINT('',(-1.174999606472,-0.1649996035159,2.269040017874));
#12653=CARTESIAN_POINT('',(-1.424999606472,-0.1649996035159,2.269040017874));
#12654=VECTOR('',#15427,0.25);
#12655=CARTESIAN_POINT('',(-1.174999606472,-0.3149998678386,2.269040017874));
#12656=CARTESIAN_POINT('',(-1.174999606472,-0.1649996035159,2.269040017874));
#12657=VECTOR('',#15428,0.1500002643227);
#12658=CARTESIAN_POINT('',(-0.7749996064722,-0.3149998678386,2.269040017874));
#12659=CARTESIAN_POINT('',(-0.7749996064722,-0.3149998678386,2.269040017874));
#12660=VECTOR('',#15429,0.4);
#12661=CARTESIAN_POINT('',(-0.7749996064722,-0.1649996035159,2.269040017874));
#12662=CARTESIAN_POINT('',(-0.7749996064722,-0.3149998678386,2.269040017874));
#12663=VECTOR('',#15430,0.1500002643227);
#12664=CARTESIAN_POINT('',(-0.5249996064722,-0.1649996035159,2.269040017874));
#12665=CARTESIAN_POINT('',(-0.7749996064722,-0.1649996035159,2.269040017874));
#12666=VECTOR('',#15431,0.25);
#12667=CARTESIAN_POINT('',(-0.5249996064722,-0.3149998678386,2.269040017874));
#12668=CARTESIAN_POINT('',(-0.5249996064722,-0.1649996035159,2.269040017874));
#12669=VECTOR('',#15432,0.1500002643227);
#12670=CARTESIAN_POINT('',(-0.1249996064721,-0.3149998678386,2.269040017874));
#12671=CARTESIAN_POINT('',(-0.1249996064721,-0.3149998678386,2.269040017874));
#12672=VECTOR('',#15433,0.4);
#12673=CARTESIAN_POINT('',(-0.1249996064721,-0.1649996035159,2.269040017874));
#12674=CARTESIAN_POINT('',(-0.1249996064721,-0.3149998678386,2.269040017874));
#12675=VECTOR('',#15434,0.1500002643227);
#12676=CARTESIAN_POINT('',(0.1250003935279,-0.1649996035159,2.269040017874));
#12677=CARTESIAN_POINT('',(-0.1249996064721,-0.1649996035159,2.269040017874));
#12678=VECTOR('',#15435,0.25);
#12679=CARTESIAN_POINT('',(0.1250003935278,-0.3149998678386,2.269040017874));
#12680=CARTESIAN_POINT('',(0.1250003935279,-0.1649996035159,2.269040017874));
#12681=VECTOR('',#15436,0.1500002643227);
#12682=CARTESIAN_POINT('',(0.5250003935278,-0.3149998678386,2.269040017874));
#12683=CARTESIAN_POINT('',(0.5250003935278,-0.3149998678386,2.269040017874));
#12684=VECTOR('',#15437,0.4);
#12685=CARTESIAN_POINT('',(0.5250003935278,-0.1649996035159,2.269040017874));
#12686=CARTESIAN_POINT('',(0.5250003935278,-0.3149998678386,2.269040017874));
#12687=VECTOR('',#15438,0.1500002643227);
#12688=CARTESIAN_POINT('',(0.7750003935278,-0.1649996035159,2.269040017874));
#12689=CARTESIAN_POINT('',(0.5250003935278,-0.1649996035159,2.269040017874));
#12690=VECTOR('',#15439,0.25);
#12691=CARTESIAN_POINT('',(0.7750003935278,-0.3149998678386,2.269040017874));
#12692=CARTESIAN_POINT('',(0.7750003935278,-0.1649996035159,2.269040017874));
#12693=VECTOR('',#15440,0.1500002643227);
#12694=CARTESIAN_POINT('',(1.175000393528,-0.3149998678386,2.269040017874));
#12695=CARTESIAN_POINT('',(1.175000393528,-0.3149998678386,2.269040017874));
#12696=VECTOR('',#15441,0.4);
#12697=CARTESIAN_POINT('',(1.175000393528,-0.1649996035159,2.269040017874));
#12698=CARTESIAN_POINT('',(1.175000393528,-0.3149998678386,2.269040017874));
#12699=VECTOR('',#15442,0.1500002643227);
#12700=CARTESIAN_POINT('',(1.425000393528,-0.1649996035159,2.269040017874));
#12701=CARTESIAN_POINT('',(1.175000393528,-0.1649996035159,2.269040017874));
#12702=VECTOR('',#15443,0.25);
#12703=CARTESIAN_POINT('',(1.425000393528,-0.3149998678386,2.269040017874));
#12704=CARTESIAN_POINT('',(1.425000393528,-0.1649996035159,2.269040017874));
#12705=VECTOR('',#15444,0.1500002643227);
#12706=CARTESIAN_POINT('',(1.75,-0.315,2.269040017874));
#12707=VECTOR('',#15445,0.3249996064722);
#12708=CARTESIAN_POINT('',(1.425000393528,-0.3149997356773,2.349999982126));
#12709=CARTESIAN_POINT('',(1.425000393528,-0.3149997356773,2.349999982126));
#12710=VECTOR('',#15446,0.08095996425188);
#12711=CARTESIAN_POINT('',(1.175000393528,-0.3149997356773,2.349999982126));
#12712=CARTESIAN_POINT('',(1.175000393528,-0.3149997356773,2.349999982126));
#12713=VECTOR('',#15447,0.25);
#12714=CARTESIAN_POINT('',(1.175000393528,-0.3149997356773,2.349999982126));
#12715=VECTOR('',#15448,0.08095996425188);
#12716=CARTESIAN_POINT('',(0.7750003935278,-0.3149997356773,2.349999982126));
#12717=CARTESIAN_POINT('',(0.7750003935278,-0.3149997356773,2.349999982126));
#12718=VECTOR('',#15449,0.08095996425188);
#12719=CARTESIAN_POINT('',(0.5250003935278,-0.3149997356773,2.349999982126));
#12720=CARTESIAN_POINT('',(0.5250003935278,-0.3149997356773,2.349999982126));
#12721=VECTOR('',#15450,0.25);
#12722=CARTESIAN_POINT('',(0.5250003935278,-0.3149997356773,2.349999982126));
#12723=VECTOR('',#15451,0.08095996425188);
#12724=CARTESIAN_POINT('',(0.1250003935278,-0.3149997356773,2.349999982126));
#12725=CARTESIAN_POINT('',(0.1250003935278,-0.3149997356773,2.349999982126));
#12726=VECTOR('',#15452,0.08095996425188);
#12727=CARTESIAN_POINT('',(-0.1249996064722,-0.3149997356773,2.349999982126));
#12728=CARTESIAN_POINT('',(-0.1249996064722,-0.3149997356773,2.349999982126));
#12729=VECTOR('',#15453,0.25);
#12730=CARTESIAN_POINT('',(-0.1249996064722,-0.3149997356773,2.349999982126));
#12731=VECTOR('',#15454,0.08095996425188);
#12732=CARTESIAN_POINT('',(-0.5249996064722,-0.3149997356773,2.349999982126));
#12733=CARTESIAN_POINT('',(-0.5249996064722,-0.3149997356773,2.349999982126));
#12734=VECTOR('',#15455,0.08095996425188);
#12735=CARTESIAN_POINT('',(-0.7749996064722,-0.3149997356773,2.349999982126));
#12736=CARTESIAN_POINT('',(-0.7749996064722,-0.3149997356773,2.349999982126));
#12737=VECTOR('',#15456,0.25);
#12738=CARTESIAN_POINT('',(-0.7749996064722,-0.3149997356773,2.349999982126));
#12739=VECTOR('',#15457,0.08095996425188);
#12740=CARTESIAN_POINT('',(-1.174999606472,-0.3149997356773,2.349999982126));
#12741=CARTESIAN_POINT('',(-1.174999606472,-0.3149997356773,2.349999982126));
#12742=VECTOR('',#15458,0.08095996425188);
#12743=CARTESIAN_POINT('',(-1.424999606472,-0.3149997356773,2.349999982126));
#12744=CARTESIAN_POINT('',(-1.424999606472,-0.3149997356773,2.349999982126));
#12745=VECTOR('',#15459,0.25);
#12746=CARTESIAN_POINT('',(-1.424999606472,-0.3149997356773,2.349999982126));
#12747=VECTOR('',#15460,0.08095996425188);
#12748=CARTESIAN_POINT('',(-1.75,-0.3149998678386,1.569040017874));
#12749=CARTESIAN_POINT('',(-1.75,-0.315,2.269040017874));
#12750=VECTOR('',#15461,0.7);
#12751=CARTESIAN_POINT('',(1.75,-0.3149998678386,1.569040017874));
#12752=CARTESIAN_POINT('',(1.75,-0.3149998678386,1.569040017874));
#12753=VECTOR('',#15462,3.5);
#12754=CARTESIAN_POINT('',(1.75,-0.3149998678386,1.569040017874));
#12755=VECTOR('',#15463,0.7);
#12756=CARTESIAN_POINT('',(1.75,-0.3149998678386,1.569040017874));
#12757=VECTOR('',#15464,0.5950001321614);
#12758=CARTESIAN_POINT('',(-1.75,-0.3149998678386,1.569040017874));
#12759=VECTOR('',#15465,0.5950001321614);
#12760=CARTESIAN_POINT('',(-1.424999606472,-0.4649996035158,2.499999982126));
#12761=AXIS2_PLACEMENT_3D('',#15466,#15467,#15468);
#12762=CARTESIAN_POINT('',(-1.424999606472,-1.364999603516,2.499999982126));
#12763=CARTESIAN_POINT('',(-1.424999606472,-1.364999603516,2.499999982126));
#12764=VECTOR('',#15469,0.9);
#12765=CARTESIAN_POINT('',(-1.424999606472,-1.364999603516,2.649999982126));
#12766=CARTESIAN_POINT('',(-1.424999606472,-1.364999603516,2.649999982126));
#12767=VECTOR('',#15470,0.15);
#12768=CARTESIAN_POINT('',(-1.424999606472,-0.4649996035159,2.649999982126));
#12769=CARTESIAN_POINT('',(-1.424999606472,-1.364999603516,2.649999982126));
#12770=VECTOR('',#15471,0.9);
#12771=CARTESIAN_POINT('',(-1.424999606472,-0.1649996035159,2.349999982126));
#12772=AXIS2_PLACEMENT_3D('',#15472,#15473,#15474);
#12773=CARTESIAN_POINT('',(-1.424999606472,-0.1649996035159,2.349999982126));
#12774=VECTOR('',#15475,0.08095996425177);
#12775=CARTESIAN_POINT('',(-1.174999606472,-0.1649996035159,2.349999982126));
#12776=CARTESIAN_POINT('',(-1.174999606472,-0.1649996035159,2.349999982126));
#12777=VECTOR('',#15476,0.25);
#12778=CARTESIAN_POINT('',(-1.174999606472,-0.1649996035159,2.349999982126));
#12779=VECTOR('',#15477,0.08095996425177);
#12780=CARTESIAN_POINT('',(-1.174999606472,-0.4649996035159,2.649999982126));
#12781=AXIS2_PLACEMENT_3D('',#15478,#15479,#15480);
#12782=CARTESIAN_POINT('',(-1.174999606472,-1.364999603516,2.649999982126));
#12783=CARTESIAN_POINT('',(-1.174999606472,-1.364999603516,2.649999982126));
#12784=VECTOR('',#15481,0.9);
#12785=CARTESIAN_POINT('',(-1.174999606472,-1.364999603516,2.499999982126));
#12786=CARTESIAN_POINT('',(-1.174999606472,-1.364999603516,2.499999982126));
#12787=VECTOR('',#15482,0.15);
#12788=CARTESIAN_POINT('',(-1.174999606472,-0.4649996035159,2.499999982126));
#12789=CARTESIAN_POINT('',(-1.174999606472,-1.364999603516,2.499999982126));
#12790=VECTOR('',#15483,0.9);
#12791=AXIS2_PLACEMENT_3D('',#15484,#15485,#15486);
#12792=CARTESIAN_POINT('',(-1.174999606472,-0.4649996035159,2.499999982126));
#12793=VECTOR('',#15487,0.25);
#12794=CARTESIAN_POINT('',(-1.424999606472,-1.364999603516,2.499999982126));
#12795=VECTOR('',#15488,0.25);
#12796=CARTESIAN_POINT('',(-1.174999606472,-1.364999603516,2.649999982126));
#12797=VECTOR('',#15489,0.25);
#12798=CARTESIAN_POINT('',(-1.424999606472,-0.4649996035159,2.649999982126));
#12799=VECTOR('',#15490,0.25);
#12800=CARTESIAN_POINT('',(-0.7749996064722,-0.4649996035158,2.499999982126));
#12801=AXIS2_PLACEMENT_3D('',#15491,#15492,#15493);
#12802=CARTESIAN_POINT('',(-0.7749996064722,-1.364999603516,2.499999982126));
#12803=CARTESIAN_POINT('',(-0.7749996064722,-1.364999603516,2.499999982126));
#12804=VECTOR('',#15494,0.9);
#12805=CARTESIAN_POINT('',(-0.7749996064722,-1.364999603516,2.649999982126));
#12806=CARTESIAN_POINT('',(-0.7749996064722,-1.364999603516,2.649999982126));
#12807=VECTOR('',#15495,0.15);
#12808=CARTESIAN_POINT('',(-0.7749996064722,-0.4649996035159,2.649999982126));
#12809=CARTESIAN_POINT('',(-0.7749996064722,-1.364999603516,2.649999982126));
#12810=VECTOR('',#15496,0.9);
#12811=CARTESIAN_POINT('',(-0.7749996064722,-0.1649996035159,2.349999982126));
#12812=AXIS2_PLACEMENT_3D('',#15497,#15498,#15499);
#12813=CARTESIAN_POINT('',(-0.7749996064722,-0.1649996035159,2.349999982126));
#12814=VECTOR('',#15500,0.08095996425177);
#12815=CARTESIAN_POINT('',(-0.5249996064722,-0.1649996035159,2.349999982126));
#12816=CARTESIAN_POINT('',(-0.5249996064722,-0.1649996035159,2.349999982126));
#12817=VECTOR('',#15501,0.25);
#12818=CARTESIAN_POINT('',(-0.5249996064722,-0.1649996035159,2.349999982126));
#12819=VECTOR('',#15502,0.08095996425177);
#12820=CARTESIAN_POINT('',(-0.5249996064722,-0.4649996035159,2.649999982126));
#12821=AXIS2_PLACEMENT_3D('',#15503,#15504,#15505);
#12822=CARTESIAN_POINT('',(-0.5249996064722,-1.364999603516,2.649999982126));
#12823=CARTESIAN_POINT('',(-0.5249996064722,-1.364999603516,2.649999982126));
#12824=VECTOR('',#15506,0.9);
#12825=CARTESIAN_POINT('',(-0.5249996064722,-1.364999603516,2.499999982126));
#12826=CARTESIAN_POINT('',(-0.5249996064722,-1.364999603516,2.499999982126));
#12827=VECTOR('',#15507,0.15);
#12828=CARTESIAN_POINT('',(-0.5249996064722,-0.4649996035159,2.499999982126));
#12829=CARTESIAN_POINT('',(-0.5249996064722,-1.364999603516,2.499999982126));
#12830=VECTOR('',#15508,0.9);
#12831=AXIS2_PLACEMENT_3D('',#15509,#15510,#15511);
#12832=CARTESIAN_POINT('',(-0.5249996064722,-0.4649996035159,2.499999982126));
#12833=VECTOR('',#15512,0.25);
#12834=CARTESIAN_POINT('',(-0.7749996064722,-1.364999603516,2.499999982126));
#12835=VECTOR('',#15513,0.25);
#12836=CARTESIAN_POINT('',(-0.5249996064722,-1.364999603516,2.649999982126));
#12837=VECTOR('',#15514,0.25);
#12838=CARTESIAN_POINT('',(-0.7749996064722,-0.4649996035159,2.649999982126));
#12839=VECTOR('',#15515,0.25);
#12840=CARTESIAN_POINT('',(-0.1249996064722,-0.4649996035158,2.499999982126));
#12841=AXIS2_PLACEMENT_3D('',#15516,#15517,#15518);
#12842=CARTESIAN_POINT('',(-0.1249996064721,-1.364999603516,2.499999982126));
#12843=CARTESIAN_POINT('',(-0.1249996064721,-1.364999603516,2.499999982126));
#12844=VECTOR('',#15519,0.9);
#12845=CARTESIAN_POINT('',(-0.1249996064721,-1.364999603516,2.649999982126));
#12846=CARTESIAN_POINT('',(-0.1249996064721,-1.364999603516,2.649999982126));
#12847=VECTOR('',#15520,0.15);
#12848=CARTESIAN_POINT('',(-0.1249996064721,-0.4649996035159,2.649999982126));
#12849=CARTESIAN_POINT('',(-0.1249996064721,-1.364999603516,2.649999982126));
#12850=VECTOR('',#15521,0.9);
#12851=CARTESIAN_POINT('',(-0.1249996064721,-0.1649996035159,2.349999982126));
#12852=AXIS2_PLACEMENT_3D('',#15522,#15523,#15524);
#12853=CARTESIAN_POINT('',(-0.1249996064721,-0.1649996035159,2.349999982126));
#12854=VECTOR('',#15525,0.08095996425177);
#12855=CARTESIAN_POINT('',(0.1250003935279,-0.1649996035159,2.349999982126));
#12856=CARTESIAN_POINT('',(0.1250003935279,-0.1649996035159,2.349999982126));
#12857=VECTOR('',#15526,0.25);
#12858=CARTESIAN_POINT('',(0.1250003935279,-0.1649996035159,2.349999982126));
#12859=VECTOR('',#15527,0.08095996425177);
#12860=CARTESIAN_POINT('',(0.1250003935279,-0.4649996035159,2.649999982126));
#12861=AXIS2_PLACEMENT_3D('',#15528,#15529,#15530);
#12862=CARTESIAN_POINT('',(0.1250003935279,-1.364999603516,2.649999982126));
#12863=CARTESIAN_POINT('',(0.1250003935279,-1.364999603516,2.649999982126));
#12864=VECTOR('',#15531,0.9);
#12865=CARTESIAN_POINT('',(0.1250003935279,-1.364999603516,2.499999982126));
#12866=CARTESIAN_POINT('',(0.1250003935279,-1.364999603516,2.499999982126));
#12867=VECTOR('',#15532,0.15);
#12868=CARTESIAN_POINT('',(0.1250003935278,-0.4649996035159,2.499999982126));
#12869=CARTESIAN_POINT('',(0.1250003935279,-1.364999603516,2.499999982126));
#12870=VECTOR('',#15533,0.9);
#12871=AXIS2_PLACEMENT_3D('',#15534,#15535,#15536);
#12872=CARTESIAN_POINT('',(0.1250003935278,-0.4649996035159,2.499999982126));
#12873=VECTOR('',#15537,0.25);
#12874=CARTESIAN_POINT('',(-0.1249996064721,-1.364999603516,2.499999982126));
#12875=VECTOR('',#15538,0.25);
#12876=CARTESIAN_POINT('',(0.1250003935279,-1.364999603516,2.649999982126));
#12877=VECTOR('',#15539,0.25);
#12878=CARTESIAN_POINT('',(-0.1249996064721,-0.4649996035159,2.649999982126));
#12879=VECTOR('',#15540,0.25);
#12880=CARTESIAN_POINT('',(0.5250003935278,-0.4649996035158,2.499999982126));
#12881=AXIS2_PLACEMENT_3D('',#15541,#15542,#15543);
#12882=CARTESIAN_POINT('',(0.5250003935278,-1.364999603516,2.499999982126));
#12883=CARTESIAN_POINT('',(0.5250003935278,-1.364999603516,2.499999982126));
#12884=VECTOR('',#15544,0.9);
#12885=CARTESIAN_POINT('',(0.5250003935278,-1.364999603516,2.649999982126));
#12886=CARTESIAN_POINT('',(0.5250003935278,-1.364999603516,2.649999982126));
#12887=VECTOR('',#15545,0.15);
#12888=CARTESIAN_POINT('',(0.5250003935278,-0.4649996035159,2.649999982126));
#12889=CARTESIAN_POINT('',(0.5250003935278,-1.364999603516,2.649999982126));
#12890=VECTOR('',#15546,0.9);
#12891=CARTESIAN_POINT('',(0.5250003935278,-0.1649996035159,2.349999982126));
#12892=AXIS2_PLACEMENT_3D('',#15547,#15548,#15549);
#12893=CARTESIAN_POINT('',(0.5250003935278,-0.1649996035159,2.349999982126));
#12894=VECTOR('',#15550,0.08095996425177);
#12895=CARTESIAN_POINT('',(0.7750003935278,-0.1649996035159,2.349999982126));
#12896=CARTESIAN_POINT('',(0.7750003935278,-0.1649996035159,2.349999982126));
#12897=VECTOR('',#15551,0.25);
#12898=CARTESIAN_POINT('',(0.7750003935278,-0.1649996035159,2.349999982126));
#12899=VECTOR('',#15552,0.08095996425177);
#12900=CARTESIAN_POINT('',(0.7750003935278,-0.4649996035159,2.649999982126));
#12901=AXIS2_PLACEMENT_3D('',#15553,#15554,#15555);
#12902=CARTESIAN_POINT('',(0.7750003935278,-1.364999603516,2.649999982126));
#12903=CARTESIAN_POINT('',(0.7750003935278,-1.364999603516,2.649999982126));
#12904=VECTOR('',#15556,0.9);
#12905=CARTESIAN_POINT('',(0.7750003935278,-1.364999603516,2.499999982126));
#12906=CARTESIAN_POINT('',(0.7750003935278,-1.364999603516,2.499999982126));
#12907=VECTOR('',#15557,0.15);
#12908=CARTESIAN_POINT('',(0.7750003935278,-0.4649996035159,2.499999982126));
#12909=CARTESIAN_POINT('',(0.7750003935278,-1.364999603516,2.499999982126));
#12910=VECTOR('',#15558,0.9);
#12911=AXIS2_PLACEMENT_3D('',#15559,#15560,#15561);
#12912=CARTESIAN_POINT('',(0.7750003935278,-0.4649996035159,2.499999982126));
#12913=VECTOR('',#15562,0.25);
#12914=CARTESIAN_POINT('',(0.5250003935278,-1.364999603516,2.499999982126));
#12915=VECTOR('',#15563,0.25);
#12916=CARTESIAN_POINT('',(0.7750003935278,-1.364999603516,2.649999982126));
#12917=VECTOR('',#15564,0.25);
#12918=CARTESIAN_POINT('',(0.5250003935278,-0.4649996035159,2.649999982126));
#12919=VECTOR('',#15565,0.25);
#12920=CARTESIAN_POINT('',(1.175000393528,-0.4649996035158,2.499999982126));
#12921=AXIS2_PLACEMENT_3D('',#15566,#15567,#15568);
#12922=CARTESIAN_POINT('',(1.175000393528,-1.364999603516,2.499999982126));
#12923=CARTESIAN_POINT('',(1.175000393528,-1.364999603516,2.499999982126));
#12924=VECTOR('',#15569,0.9);
#12925=CARTESIAN_POINT('',(1.175000393528,-1.364999603516,2.649999982126));
#12926=CARTESIAN_POINT('',(1.175000393528,-1.364999603516,2.649999982126));
#12927=VECTOR('',#15570,0.15);
#12928=CARTESIAN_POINT('',(1.175000393528,-0.4649996035159,2.649999982126));
#12929=CARTESIAN_POINT('',(1.175000393528,-1.364999603516,2.649999982126));
#12930=VECTOR('',#15571,0.9);
#12931=CARTESIAN_POINT('',(1.175000393528,-0.1649996035159,2.349999982126));
#12932=AXIS2_PLACEMENT_3D('',#15572,#15573,#15574);
#12933=CARTESIAN_POINT('',(1.175000393528,-0.1649996035159,2.349999982126));
#12934=VECTOR('',#15575,0.08095996425177);
#12935=CARTESIAN_POINT('',(1.425000393528,-0.1649996035159,2.349999982126));
#12936=CARTESIAN_POINT('',(1.425000393528,-0.1649996035159,2.349999982126));
#12937=VECTOR('',#15576,0.25);
#12938=CARTESIAN_POINT('',(1.425000393528,-0.1649996035159,2.349999982126));
#12939=VECTOR('',#15577,0.08095996425177);
#12940=CARTESIAN_POINT('',(1.425000393528,-0.4649996035159,2.649999982126));
#12941=AXIS2_PLACEMENT_3D('',#15578,#15579,#15580);
#12942=CARTESIAN_POINT('',(1.425000393528,-1.364999603516,2.649999982126));
#12943=CARTESIAN_POINT('',(1.425000393528,-1.364999603516,2.649999982126));
#12944=VECTOR('',#15581,0.9);
#12945=CARTESIAN_POINT('',(1.425000393528,-1.364999603516,2.499999982126));
#12946=CARTESIAN_POINT('',(1.425000393528,-1.364999603516,2.499999982126));
#12947=VECTOR('',#15582,0.15);
#12948=CARTESIAN_POINT('',(1.425000393528,-0.4649996035159,2.499999982126));
#12949=CARTESIAN_POINT('',(1.425000393528,-1.364999603516,2.499999982126));
#12950=VECTOR('',#15583,0.9);
#12951=AXIS2_PLACEMENT_3D('',#15584,#15585,#15586);
#12952=CARTESIAN_POINT('',(1.425000393528,-0.4649996035159,2.499999982126));
#12953=VECTOR('',#15587,0.25);
#12954=CARTESIAN_POINT('',(1.175000393528,-1.364999603516,2.499999982126));
#12955=VECTOR('',#15588,0.25);
#12956=CARTESIAN_POINT('',(1.425000393528,-1.364999603516,2.649999982126));
#12957=VECTOR('',#15589,0.25);
#12958=CARTESIAN_POINT('',(1.175000393528,-0.4649996035159,2.649999982126));
#12959=VECTOR('',#15590,0.25);
#12960=CARTESIAN_POINT('',(-0.7,1.21,-0.04999798212588));
#12961=VECTOR('',#15591,0.2849999999996);
#12962=CARTESIAN_POINT('',(-0.7,0.91,-0.04999798212588));
#12963=VECTOR('',#15592,2.319038);
#12964=CARTESIAN_POINT('',(0.7,0.91,2.269040017874));
#12965=VECTOR('',#15593,2.319038);
#12966=CARTESIAN_POINT('',(0.7,0.9249999999999,-0.04141933836323));
#12967=CARTESIAN_POINT('',(0.7,0.9249999999999,-0.04999798212588));
#12968=VECTOR('',#15594,0.008578643762655);
#12969=CARTESIAN_POINT('',(0.7,1.21,-0.04141933836323));
#12970=CARTESIAN_POINT('',(0.7,1.21,-0.04141933836323));
#12971=VECTOR('',#15595,2.310459356237);
#12972=CARTESIAN_POINT('',(0.7,0.9249999999999,-0.04141933836323));
#12973=VECTOR('',#15596,0.2850000000001);
#12974=CARTESIAN_POINT('',(0.7499999999999,1.21,-0.04999798212588));
#12975=AXIS2_PLACEMENT_3D('',#15597,#15598,#15599);
#12976=CARTESIAN_POINT('',(0.7499999999999,1.225,-0.04999798212588));
#12977=CARTESIAN_POINT('',(0.7499999999999,1.21,-0.04999798212588));
#12978=VECTOR('',#15600,0.01499999999987);
#12979=CARTESIAN_POINT('',(0.5999999999999,1.225,0.1000020178741));
#12980=AXIS2_PLACEMENT_3D('',#15601,#15602,#15603);
#12981=CARTESIAN_POINT('',(0.5999999999999,0.9249999999999,0.1000020178741));
#12982=CARTESIAN_POINT('',(0.5999999999999,1.225,0.1000020178741));
#12983=VECTOR('',#15604,0.3);
#12984=AXIS2_PLACEMENT_3D('',#15605,#15606,#15607);
#12985=CARTESIAN_POINT('',(-0.6000000000001,0.9249999999999,-1.118946804461));
#12986=CARTESIAN_POINT('',(-0.6000000000001,0.9249999999999,4.000000017874));
#12987=CARTESIAN_POINT('',(-0.6000000000001,0.9249999999999,-1.118946804461));
#12988=VECTOR('',#15608,5.118946822335);
#12989=CARTESIAN_POINT('',(-0.3000000000001,0.9249999999999,-1.292151885218));
#12990=AXIS2_PLACEMENT_3D('',#15609,#15610,#15611);
#12991=CARTESIAN_POINT('',(-0.1450000000001,0.9249999999999,-1.202662593493));
#12992=CARTESIAN_POINT('',(-0.3000000000001,0.9249999999999,-1.292151885218));
#12993=VECTOR('',#15612,0.1789785834488);
#12994=CARTESIAN_POINT('',(0.1999999999999,0.9249999999999,-1.401848436364));
#12995=AXIS2_PLACEMENT_3D('',#15613,#15614,#15615);
#12996=CARTESIAN_POINT('',(0.1999999999999,0.9249999999999,-2.198147527888));
#12997=CARTESIAN_POINT('',(0.1999999999999,0.9249999999999,-2.198147527888));
#12998=VECTOR('',#15616,0.7962990915245);
#12999=CARTESIAN_POINT('',(-0.1450000000001,0.9249999999999,-2.397333370759));
#13000=AXIS2_PLACEMENT_3D('',#15617,#15618,#15619);
#13001=CARTESIAN_POINT('',(-0.3000000000001,0.9249999999999,-2.307844079034));
#13002=CARTESIAN_POINT('',(-0.1450000000001,0.9249999999999,-2.397333370759));
#13003=VECTOR('',#15620,0.1789785834488);
#13004=CARTESIAN_POINT('',(-0.6000000000001,0.9249999999999,-2.481049159791));
#13005=AXIS2_PLACEMENT_3D('',#15621,#15622,#15623);
#13006=CARTESIAN_POINT('',(-0.6000000000001,0.9249999999999,-3.669037982126));
#13007=CARTESIAN_POINT('',(-0.6000000000001,0.9249999999999,-3.669037982126));
#13008=VECTOR('',#15624,1.187988822335);
#13009=CARTESIAN_POINT('',(1.408348486097,0.9249999999999,-3.669037982126));
#13010=CARTESIAN_POINT('',(1.408348486097,0.9249999999999,-3.669037982126));
#13011=VECTOR('',#15625,2.008348486097);
#13012=CARTESIAN_POINT('',(1.408348486097,0.9249999999999,-1.350000017873));
#13013=CARTESIAN_POINT('',(1.408348486097,0.9249999999999,-1.350000017873));
#13014=VECTOR('',#15626,2.319037964253);
#13015=CARTESIAN_POINT('',(1.5916515139,0.9249999999999,-1.350000017873));
#13016=CARTESIAN_POINT('',(1.408348486097,0.9249999999999,-1.350000017873));
#13017=VECTOR('',#15627,0.1833030278029);
#13018=CARTESIAN_POINT('',(1.591651513901,0.9249999999999,-3.669037982128));
#13019=CARTESIAN_POINT('',(1.591651513901,0.9249999999999,-3.669037982128));
#13020=VECTOR('',#15628,2.319037964255);
#13021=CARTESIAN_POINT('',(2.5,0.9249999999999,-3.669037982126));
#13022=CARTESIAN_POINT('',(2.5,0.9249999999999,-3.669037982126));
#13023=VECTOR('',#15629,0.9083484860994);
#13024=CARTESIAN_POINT('',(2.5,0.9249999999999,-3.549997982126));
#13025=CARTESIAN_POINT('',(2.5,0.9249999999999,-3.549997982126));
#13026=VECTOR('',#15630,0.11904);
#13027=CARTESIAN_POINT('',(2.596446554166,0.9249999999999,-3.549997982126));
#13028=CARTESIAN_POINT('',(2.5,0.9249999999999,-3.549997982126));
#13029=VECTOR('',#15631,0.09644655416594);
#13030=CARTESIAN_POINT('',(2.596446554166,0.9249999999999,-0.04999798212588));
#13031=VECTOR('',#15632,3.5);
#13032=CARTESIAN_POINT('',(0.5999999999999,0.9249999999999,4.000000017874));
#13033=CARTESIAN_POINT('',(0.5999999999999,0.9249999999999,4.000000017874));
#13034=VECTOR('',#15633,3.899998);
#13035=CARTESIAN_POINT('',(0.5999999999999,0.9249999999999,4.000000017874));
#13036=VECTOR('',#15634,1.2);
#13037=CARTESIAN_POINT('',(0.4499999999999,1.025,4.300000017874));
#13038=CARTESIAN_POINT('',(-0.4500000000001,1.025,4.300000017874));
#13039=CARTESIAN_POINT('',(0.4499999999999,1.025,4.300000017874));
#13040=VECTOR('',#15635,0.9);
#13041=CARTESIAN_POINT('',(-0.6000000000001,0.9249999999999,4.000000017874));
#13042=VECTOR('',#15636,0.35);
#13043=CARTESIAN_POINT('',(0.5999999999999,0.9249999999999,4.000000017874));
#13044=VECTOR('',#15637,0.35);
#13045=CARTESIAN_POINT('',(0.5999999999999,1.225,4.000000017874));
#13046=CARTESIAN_POINT('',(0.5999999999999,1.225,4.000000017874));
#13047=VECTOR('',#15638,0.3);
#13048=CARTESIAN_POINT('',(0.4499999999999,1.225,4.300000017874));
#13049=CARTESIAN_POINT('',(0.4499999999999,1.225,4.300000017874));
#13050=VECTOR('',#15639,0.335410196625);
#13051=CARTESIAN_POINT('',(0.4499999999999,1.225,4.300000017874));
#13052=VECTOR('',#15640,0.2);
#13053=CARTESIAN_POINT('',(-0.4500000000001,1.225,4.300000017874));
#13054=CARTESIAN_POINT('',(-0.4500000000001,1.025,4.300000017874));
#13055=VECTOR('',#15641,0.2);
#13056=CARTESIAN_POINT('',(0.4499999999999,1.225,4.300000017874));
#13057=VECTOR('',#15642,0.9);
#13058=CARTESIAN_POINT('',(-2.55,-1.025,4.300000017874));
#13059=CARTESIAN_POINT('',(-2.55,-1.025,4.300000017874));
#13060=VECTOR('',#15643,0.2);
#13061=CARTESIAN_POINT('',(-3.05,-1.025,4.300000017874));
#13062=CARTESIAN_POINT('',(-3.05,-1.025,4.300000017874));
#13063=VECTOR('',#15644,0.5);
#13064=CARTESIAN_POINT('',(-3.05,-1.225,4.300000017874));
#13065=VECTOR('',#15645,0.2);
#13066=CARTESIAN_POINT('',(3.05,-1.025,4.300000017874));
#13067=CARTESIAN_POINT('',(3.05,-1.025,4.300000017874));
#13068=VECTOR('',#15646,0.2);
#13069=CARTESIAN_POINT('',(2.55,-1.025,4.300000017874));
#13070=CARTESIAN_POINT('',(2.55,-1.025,4.300000017874));
#13071=VECTOR('',#15647,0.5);
#13072=CARTESIAN_POINT('',(2.55,-1.225,4.300000017874));
#13073=VECTOR('',#15648,0.2);
#13074=CARTESIAN_POINT('',(0.5999999999999,1.225,4.000000017874));
#13075=VECTOR('',#15649,3.899998);
#13076=CARTESIAN_POINT('',(2.596446554166,1.225,-0.04999798212588));
#13077=CARTESIAN_POINT('',(0.7499999999999,1.225,-0.04999798212588));
#13078=VECTOR('',#15650,1.846446554166);
#13079=CARTESIAN_POINT('',(2.596446554166,1.225,-3.549997982126));
#13080=CARTESIAN_POINT('',(2.596446554166,1.225,-3.549997982126));
#13081=VECTOR('',#15651,3.5);
#13082=CARTESIAN_POINT('',(2.5,1.225,-3.549997982126));
#13083=CARTESIAN_POINT('',(2.5,1.225,-3.549997982126));
#13084=VECTOR('',#15652,0.09644655416592);
#13085=CARTESIAN_POINT('',(2.5,1.225,-3.669037982126));
#13086=CARTESIAN_POINT('',(2.5,1.225,-3.549997982126));
#13087=VECTOR('',#15653,0.11904);
#13088=CARTESIAN_POINT('',(-0.6000000000001,1.225,-3.669037982126));
#13089=CARTESIAN_POINT('',(2.5,1.225,-3.669037982126));
#13090=VECTOR('',#15654,3.1);
#13091=CARTESIAN_POINT('',(-0.6000000000001,1.225,-2.527746186744));
#13092=CARTESIAN_POINT('',(-0.6000000000001,1.225,-3.669037982126));
#13093=VECTOR('',#15655,1.141291795382);
#13094=CARTESIAN_POINT('',(0.3999999999999,1.225,-2.527746186744));
#13095=CARTESIAN_POINT('',(-0.6000000000001,1.225,-2.527746186744));
#13096=VECTOR('',#15656,1.0);
#13097=CARTESIAN_POINT('',(0.3999999999999,1.225,-2.251142952768));
#13098=CARTESIAN_POINT('',(0.3999999999999,1.225,-2.527746186744));
#13099=VECTOR('',#15657,0.2766032339763);
#13100=CARTESIAN_POINT('',(0.1938112708104,1.225,-2.251142952768));
#13101=CARTESIAN_POINT('',(0.3999999999999,1.225,-2.251142952768));
#13102=VECTOR('',#15658,0.2061887291895);
#13103=CARTESIAN_POINT('',(0.1999999999999,1.225,-2.198147527888));
#13104=AXIS2_PLACEMENT_3D('',#15659,#15660,#15661);
#13105=CARTESIAN_POINT('',(0.1999999999999,1.225,-1.401848436364));
#13106=CARTESIAN_POINT('',(0.1999999999999,1.225,-2.198147527888));
#13107=VECTOR('',#15662,0.7962990915245);
#13108=CARTESIAN_POINT('',(0.1938319293753,1.225,-1.348940333089));
#13109=AXIS2_PLACEMENT_3D('',#15663,#15664,#15665);
#13110=CARTESIAN_POINT('',(0.3999999999999,1.225,-1.348940333089));
#13111=CARTESIAN_POINT('',(0.1938319293753,1.225,-1.348940333089));
#13112=VECTOR('',#15666,0.2061680706246);
#13113=CARTESIAN_POINT('',(0.3999999999999,1.225,-1.072337099113));
#13114=CARTESIAN_POINT('',(0.3999999999999,1.225,-1.348940333089));
#13115=VECTOR('',#15667,0.2766032339763);
#13116=CARTESIAN_POINT('',(-0.6000000000001,1.225,-1.072337099113));
#13117=CARTESIAN_POINT('',(0.3999999999999,1.225,-1.072337099113));
#13118=VECTOR('',#15668,1.0);
#13119=CARTESIAN_POINT('',(-0.6000000000001,1.225,4.000000017874));
#13120=CARTESIAN_POINT('',(-0.6000000000001,1.225,4.000000017874));
#13121=VECTOR('',#15669,5.072337116987);
#13122=CARTESIAN_POINT('',(-0.6000000000001,1.225,4.000000017874));
#13123=VECTOR('',#15670,0.335410196625);
#13124=CARTESIAN_POINT('',(0.2999999999999,1.225,3.500000017874));
#13125=CARTESIAN_POINT('',(-0.3000000000001,1.225,3.500000017874));
#13126=AXIS2_PLACEMENT_3D('',#15671,#15672,#15673);
#13127=CARTESIAN_POINT('',(-0.3000000000001,1.225,2.500000017874));
#13128=CARTESIAN_POINT('',(-0.3000000000001,1.225,2.500000017874));
#13129=VECTOR('',#15674,1.0);
#13130=CARTESIAN_POINT('',(0.2999999999999,1.225,2.500000017874));
#13131=AXIS2_PLACEMENT_3D('',#15675,#15676,#15677);
#13132=CARTESIAN_POINT('',(0.2999999999999,1.225,3.500000017874));
#13133=VECTOR('',#15678,1.0);
#13134=CARTESIAN_POINT('',(0.2133974596215,1.275,3.500000017874));
#13135=AXIS2_PLACEMENT_3D('',#15679,#15680,#15681);
#13136=CARTESIAN_POINT('',(0.2133974596215,1.275,2.500000017874));
#13137=AXIS2_PLACEMENT_3D('',#15682,#15683,#15684);
#13138=CARTESIAN_POINT('',(0.2133974596215,1.275,2.500000017874));
#13139=VECTOR('',#15685,1.0);
#13140=CARTESIAN_POINT('',(0.126794919243,1.325,2.500000017874));
#13141=AXIS2_PLACEMENT_3D('',#15686,#15687,#15688);
#13142=CARTESIAN_POINT('',(0.126794919243,1.325,3.500000017874));
#13143=CARTESIAN_POINT('',(0.126794919243,1.325,2.500000017874));
#13144=VECTOR('',#15689,1.0);
#13145=AXIS2_PLACEMENT_3D('',#15690,#15691,#15692);
#13146=CARTESIAN_POINT('',(-0.1267949192432,1.325,3.500000017874));
#13147=AXIS2_PLACEMENT_3D('',#15693,#15694,#15695);
#13148=CARTESIAN_POINT('',(-0.2133974596217,1.275,3.500000017874));
#13149=AXIS2_PLACEMENT_3D('',#15696,#15697,#15698);
#13150=AXIS2_PLACEMENT_3D('',#15699,#15700,#15701);
#13151=AXIS2_PLACEMENT_3D('',#15702,#15703,#15704);
#13152=CARTESIAN_POINT('',(-0.2133974596217,1.275,2.500000017874));
#13153=AXIS2_PLACEMENT_3D('',#15705,#15706,#15707);
#13154=CARTESIAN_POINT('',(-0.2133974596217,1.275,3.500000017874));
#13155=VECTOR('',#15708,1.0);
#13156=CARTESIAN_POINT('',(-0.1267949192432,1.325,2.500000017874));
#13157=CARTESIAN_POINT('',(-0.1267949192432,1.325,3.500000017874));
#13158=VECTOR('',#15709,1.0);
#13159=AXIS2_PLACEMENT_3D('',#15710,#15711,#15712);
#13160=AXIS2_PLACEMENT_3D('',#15713,#15714,#15715);
#13161=AXIS2_PLACEMENT_3D('',#15716,#15717,#15718);
#13162=CARTESIAN_POINT('',(-0.6000000000001,0.9249999999999,4.000000017874));
#13163=VECTOR('',#15719,0.3);
#13164=CARTESIAN_POINT('',(-0.6000000000001,1.175,-1.072337099113));
#13165=CARTESIAN_POINT('',(-0.6000000000001,1.175,-1.072337099113));
#13166=VECTOR('',#15720,0.05);
#13167=CARTESIAN_POINT('',(-0.6000000000001,1.175,-1.118946804461));
#13168=CARTESIAN_POINT('',(-0.6000000000001,1.175,-1.072337099113));
#13169=VECTOR('',#15721,0.0466097053477);
#13170=CARTESIAN_POINT('',(-0.6000000000001,0.9249999999999,-1.118946804461));
#13171=VECTOR('',#15722,0.25);
#13172=CARTESIAN_POINT('',(-0.3000000000001,1.175,-1.292151885218));
#13173=AXIS2_PLACEMENT_3D('',#15723,#15724,#15725);
#13174=CARTESIAN_POINT('',(-0.3000000000001,1.175,-1.292151885218));
#13175=VECTOR('',#15726,0.25);
#13176=CARTESIAN_POINT('',(-0.1450000000001,1.175,-1.202662593493));
#13177=CARTESIAN_POINT('',(-0.1450000000001,1.175,-1.202662593493));
#13178=VECTOR('',#15727,0.1789785834488);
#13179=CARTESIAN_POINT('',(-0.1450000000001,0.9249999999999,-1.202662593493));
#13180=VECTOR('',#15728,0.25);
#13181=CARTESIAN_POINT('',(0.1938319293753,1.175,-1.348940333089));
#13182=AXIS2_PLACEMENT_3D('',#15729,#15730,#15731);
#13183=CARTESIAN_POINT('',(0.1938319293753,1.175,-1.348940333089));
#13184=VECTOR('',#15732,0.05);
#13185=CARTESIAN_POINT('',(0.1999999999999,1.225,-1.401848436364));
#13186=VECTOR('',#15733,0.3);
#13187=CARTESIAN_POINT('',(0.1999999999999,0.9249999999999,-2.198147527888));
#13188=VECTOR('',#15734,0.3);
#13189=CARTESIAN_POINT('',(0.1938112708104,1.175,-2.251142952768));
#13190=CARTESIAN_POINT('',(0.1938112708104,1.225,-2.251142952768));
#13191=VECTOR('',#15735,0.05);
#13192=CARTESIAN_POINT('',(-0.1450000000001,1.175,-2.397333370759));
#13193=AXIS2_PLACEMENT_3D('',#15736,#15737,#15738);
#13194=CARTESIAN_POINT('',(-0.1450000000001,1.175,-2.397333370759));
#13195=VECTOR('',#15739,0.25);
#13196=CARTESIAN_POINT('',(-0.3000000000001,1.175,-2.307844079034));
#13197=CARTESIAN_POINT('',(-0.3000000000001,1.175,-2.307844079034));
#13198=VECTOR('',#15740,0.1789785834488);
#13199=CARTESIAN_POINT('',(-0.3000000000001,0.9249999999999,-2.307844079034));
#13200=VECTOR('',#15741,0.25);
#13201=CARTESIAN_POINT('',(-0.6000000000001,1.175,-2.481049159791));
#13202=AXIS2_PLACEMENT_3D('',#15742,#15743,#15744);
#13203=CARTESIAN_POINT('',(-0.6000000000001,1.175,-2.481049159791));
#13204=VECTOR('',#15745,0.25);
#13205=CARTESIAN_POINT('',(-0.5999999999523,1.125056473971,-3.974133180295));
#13206=CARTESIAN_POINT('',(-0.6000000000001,1.036203882685,-3.902181770563));
#13207=CARTESIAN_POINT('',(-0.6000000000002,1.125058745663,-3.974135019874));
#13208=VECTOR('',#15746,0.114334844913);
#13209=AXIS2_PLACEMENT_3D('',#15747,#15748,#15749);
#13210=CARTESIAN_POINT('',(-0.6000000000001,1.175,-2.527746186744));
#13211=CARTESIAN_POINT('',(-0.6000000000001,1.175,-2.481049159791));
#13212=VECTOR('',#15750,0.04669702695317);
#13213=CARTESIAN_POINT('',(-0.6000000000001,1.225,-2.527746186744));
#13214=VECTOR('',#15751,0.05);
#13215=CARTESIAN_POINT('',(-0.6000000000002,1.313854862969,-3.74099123143));
#13216=CARTESIAN_POINT('',(-0.6000000000001,1.225,-3.669037982126));
#13217=VECTOR('',#15752,0.1143348449013);
#13218=CARTESIAN_POINT('',(-0.6000000000002,1.313854862969,-3.74099123143));
#13219=VECTOR('',#15753,0.3);
#13220=AXIS2_PLACEMENT_3D('',#15754,#15755,#15756);
#13221=CARTESIAN_POINT('',(-0.4000012651564,1.469285191115,-3.866856229437));
#13222=AXIS2_PLACEMENT_3D('',#15757,#15758,#15759);
#13223=CARTESIAN_POINT('',(-0.4000012651564,1.469285191115,-3.866856229437));
#13224=VECTOR('',#15760,0.298713240437);
#13225=CARTESIAN_POINT('',(2.3,1.469285191115,-3.866856229437));
#13226=CARTESIAN_POINT('',(-0.4000012651564,1.469285191115,-3.866856229437));
#13227=VECTOR('',#15761,2.700001265157);
#13228=CARTESIAN_POINT('',(2.300000000003,1.281298857834,-4.099000017874));
#13229=VECTOR('',#15762,0.2987132404343);
#13230=CARTESIAN_POINT('',(2.5,1.313855998824,-3.740992151227));
#13231=AXIS2_PLACEMENT_3D('',#15763,#15764,#15765);
#13232=CARTESIAN_POINT('',(2.5,1.125059881509,-3.974135939664));
#13233=CARTESIAN_POINT('',(2.5,1.125059881509,-3.974135939664));
#13234=VECTOR('',#15766,0.3);
#13235=AXIS2_PLACEMENT_3D('',#15767,#15768,#15769);
#13236=CARTESIAN_POINT('',(2.5,1.036203882685,-3.902181770563));
#13237=CARTESIAN_POINT('',(2.5,1.036203882685,-3.902181770563));
#13238=VECTOR('',#15770,0.1143363064736);
#13239=CARTESIAN_POINT('',(-0.6000000000001,1.036203882685,-3.902181770563));
#13240=VECTOR('',#15771,3.1);
#13241=AXIS2_PLACEMENT_3D('',#15772,#15773,#15774);
#13242=CARTESIAN_POINT('',(1.591651513901,0.9249999999999,-3.669037982128));
#13243=CARTESIAN_POINT('',(1.591651513901,0.9249999999999,-3.677774969876));
#13244=CARTESIAN_POINT('',(1.588380967055,0.9257395016857,-3.694327082045));
#13245=CARTESIAN_POINT('',(1.573898359968,0.9286688278235,-3.717375144913));
#13246=CARTESIAN_POINT('',(1.550749423208,0.9322564098623,-3.735185093521));
#13247=CARTESIAN_POINT('',(1.518790067007,0.9350927309518,-3.746244619641));
#13248=CARTESIAN_POINT('',(1.481634645286,0.9351114237742,-3.746309566848));
#13249=CARTESIAN_POINT('',(1.449460574936,0.932291064253,-3.735339653439));
#13250=CARTESIAN_POINT('',(1.426194301122,0.9286832051151,-3.717464461892));
#13251=CARTESIAN_POINT('',(1.411648750202,0.9257502012465,-3.694456477571));
#13252=CARTESIAN_POINT('',(1.408348486097,0.9249999999999,-3.677825935775));
#13253=CARTESIAN_POINT('',(1.408348486097,0.9249999999999,-3.669037982126));
#13254=CARTESIAN_POINT('',(1.717715410569,0.8750000000004,-1.200000017874));
#13255=CARTESIAN_POINT('',(1.717715410569,0.8750000000004,-1.200000017874));
#13256=CARTESIAN_POINT('',(1.701496845996,0.8846740587539,-1.229022194135));
#13257=CARTESIAN_POINT('',(1.665729126195,0.9030903464472,-1.284271057214));
#13258=CARTESIAN_POINT('',(1.62003931263,0.9187306392049,-1.331191935488));
#13259=CARTESIAN_POINT('',(1.5916515139,0.9249999999999,-1.350000017873));
#13260=CARTESIAN_POINT('',(1.717715410569,0.8750000000004,-3.949000017874));
#13261=CARTESIAN_POINT('',(1.717715410569,0.8750000000004,-1.200000017874));
#13262=VECTOR('',#15775,2.749);
#13263=CARTESIAN_POINT('',(1.282284589428,0.8750000000004,-3.949000017874));
#13264=CARTESIAN_POINT('',(1.282284589428,0.8750000000004,-3.949000017874));
#13265=CARTESIAN_POINT('',(1.282284589428,0.8750000000004,-3.959205338505));
#13266=CARTESIAN_POINT('',(1.28562360556,0.8770246393604,-3.979433318328));
#13267=CARTESIAN_POINT('',(1.302333045485,0.886510625767,-4.009187877814));
#13268=CARTESIAN_POINT('',(1.330358488115,0.9002316856421,-4.033575270247));
#13269=CARTESIAN_POINT('',(1.368493131052,0.914975355931,-4.051623176991));
#13270=CARTESIAN_POINT('',(1.415079834608,0.9274842459484,-4.063234379165));
#13271=CARTESIAN_POINT('',(1.469108868402,0.9352029778914,-4.069171759068));
#13272=CARTESIAN_POINT('',(1.527459671207,0.9354100432506,-4.06931507575));
#13273=CARTESIAN_POINT('',(1.582415768195,0.9280806089972,-4.063732755608));
#13274=CARTESIAN_POINT('',(1.630146123272,0.9154260727515,-4.052115434477));
#13275=CARTESIAN_POINT('',(1.668958163655,0.900551530913,-4.034050642796));
#13276=CARTESIAN_POINT('',(1.697322635212,0.8866961580893,-4.009640231871));
#13277=CARTESIAN_POINT('',(1.714333622414,0.8770583320879,-3.979683877014));
#13278=CARTESIAN_POINT('',(1.717715410569,0.8750000000004,-3.959294710718));
#13279=CARTESIAN_POINT('',(1.717715410569,0.8750000000004,-3.949000017874));
#13280=CARTESIAN_POINT('',(1.282284589428,0.8750000000004,-1.200000017874));
#13281=CARTESIAN_POINT('',(1.282284589428,0.8750000000004,-3.949000017874));
#13282=VECTOR('',#15776,2.749);
#13283=CARTESIAN_POINT('',(1.408348486097,0.9249999999999,-1.350000017873));
#13284=CARTESIAN_POINT('',(1.379960687367,0.9187306392049,-1.331191935488));
#13285=CARTESIAN_POINT('',(1.334270873802,0.9030903464472,-1.284271057214));
#13286=CARTESIAN_POINT('',(1.298503154002,0.8846740587539,-1.229022194135));
#13287=CARTESIAN_POINT('',(1.282284589428,0.8750000000004,-1.200000017874));
#13288=CARTESIAN_POINT('',(-1.282284589431,0.8750000000004,-1.200000017874));
#13289=CARTESIAN_POINT('',(1.282284589428,0.8750000000004,-1.200000017874));
#13290=VECTOR('',#15777,2.564569178858);
#13291=CARTESIAN_POINT('',(-1.408348486102,0.9250000000004,-1.350000017874));
#13292=CARTESIAN_POINT('',(-1.282284589431,0.8750000000004,-1.200000017874));
#13293=CARTESIAN_POINT('',(-1.298503154005,0.8846740587541,-1.229022194135));
#13294=CARTESIAN_POINT('',(-1.334270873806,0.9030903464476,-1.284271057216));
#13295=CARTESIAN_POINT('',(-1.379960687372,0.9187306392054,-1.331191935489));
#13296=CARTESIAN_POINT('',(-1.408348486102,0.9250000000004,-1.350000017874));
#13297=CARTESIAN_POINT('',(-1.5916515139,0.9250000000004,-1.350000017874));
#13298=CARTESIAN_POINT('',(-1.5916515139,0.9250000000004,-1.350000017874));
#13299=VECTOR('',#15778,0.1833030277982);
#13300=CARTESIAN_POINT('',(-1.717715410572,0.8750000000004,-1.200000017874));
#13301=CARTESIAN_POINT('',(-1.5916515139,0.9250000000004,-1.350000017874));
#13302=CARTESIAN_POINT('',(-1.620039312631,0.9187306392054,-1.331191935489));
#13303=CARTESIAN_POINT('',(-1.665729126197,0.9030903464476,-1.284271057216));
#13304=CARTESIAN_POINT('',(-1.701496845998,0.8846740587541,-1.229022194135));
#13305=CARTESIAN_POINT('',(-1.717715410572,0.8750000000004,-1.200000017874));
#13306=CARTESIAN_POINT('',(-2.3,0.8750000000004,-1.200000017874));
#13307=CARTESIAN_POINT('',(-1.717715410572,0.8750000000004,-1.200000017874));
#13308=VECTOR('',#15779,0.5822845894279);
#13309=CARTESIAN_POINT('',(-2.3,0.6750000000004,-0.6000000178741));
#13310=CARTESIAN_POINT('',(-2.3,0.6750000000004,-0.6000000178741));
#13311=VECTOR('',#15780,0.6324555320337);
#13312=CARTESIAN_POINT('',(2.3,0.6750000000004,-0.6000000178741));
#13313=CARTESIAN_POINT('',(2.3,0.6750000000004,-0.6000000178741));
#13314=VECTOR('',#15781,4.6);
#13315=CARTESIAN_POINT('',(2.3,0.8750000000004,-1.200000017874));
#13316=CARTESIAN_POINT('',(2.3,0.8750000000004,-1.200000017874));
#13317=VECTOR('',#15782,0.6324555320337);
#13318=CARTESIAN_POINT('',(2.3,0.8750000000004,-1.200000017874));
#13319=VECTOR('',#15783,0.5822845894306);
#13320=CARTESIAN_POINT('',(2.3,0.8750000000004,-3.949000017874));
#13321=CARTESIAN_POINT('',(2.3,0.8750000000004,-1.200000017874));
#13322=VECTOR('',#15784,2.749);
#13323=CARTESIAN_POINT('',(1.717715410569,0.8750000000004,-3.949000017874));
#13324=VECTOR('',#15785,0.5822845894306);
#13325=CARTESIAN_POINT('',(-2.3,0.8750000000004,-3.949000017874));
#13326=AXIS2_PLACEMENT_3D('',#15786,#15787,#15788);
#13327=CARTESIAN_POINT('',(-1.717715410572,0.8750000000004,-3.949000017874));
#13328=CARTESIAN_POINT('',(-2.3,0.8750000000004,-3.949000017874));
#13329=VECTOR('',#15789,0.5822845894279);
#13330=CARTESIAN_POINT('',(-1.282284589431,0.8750000000004,-3.949000017874));
#13331=CARTESIAN_POINT('',(-1.717715410572,0.8750000000004,-3.949000017874));
#13332=CARTESIAN_POINT('',(-1.717715410572,0.8750000000004,-3.959205338505));
#13333=CARTESIAN_POINT('',(-1.71437639444,0.8770246393604,-3.979433318328));
#13334=CARTESIAN_POINT('',(-1.697666954515,0.886510625767,-4.009187877814));
#13335=CARTESIAN_POINT('',(-1.669641511885,0.900231685642,-4.033575270247));
#13336=CARTESIAN_POINT('',(-1.631506868948,0.914975355931,-4.051623176991));
#13337=CARTESIAN_POINT('',(-1.584920165392,0.9274842459484,-4.063234379165));
#13338=CARTESIAN_POINT('',(-1.530891131598,0.9352029778914,-4.069171759068));
#13339=CARTESIAN_POINT('',(-1.472540328793,0.9354100432506,-4.06931507575));
#13340=CARTESIAN_POINT('',(-1.417584231805,0.9280806089972,-4.063732755608));
#13341=CARTESIAN_POINT('',(-1.369853876728,0.9154260727515,-4.052115434477));
#13342=CARTESIAN_POINT('',(-1.331041836345,0.900551530913,-4.034050642796));
#13343=CARTESIAN_POINT('',(-1.302677364788,0.8866961580893,-4.009640231871));
#13344=CARTESIAN_POINT('',(-1.285666377586,0.8770583320879,-3.979683877014));
#13345=CARTESIAN_POINT('',(-1.282284589431,0.8750000000004,-3.959294710718));
#13346=CARTESIAN_POINT('',(-1.282284589431,0.8750000000004,-3.949000017874));
#13347=CARTESIAN_POINT('',(-1.282284589431,0.8750000000004,-3.949000017874));
#13348=VECTOR('',#15790,2.564569178858);
#13349=AXIS2_PLACEMENT_3D('',#15791,#15792,#15793);
#13350=CARTESIAN_POINT('',(2.3,0.3750000000004,-3.949000017874));
#13351=CARTESIAN_POINT('',(2.3,0.3750000000004,-0.7000000178741));
#13352=CARTESIAN_POINT('',(2.3,0.3750000000004,-3.949000017874));
#13353=VECTOR('',#15794,3.249);
#13354=AXIS2_PLACEMENT_3D('',#15795,#15796,#15797);
#13355=CARTESIAN_POINT('',(2.3,0.4750000000004,-0.6000000178741));
#13356=CARTESIAN_POINT('',(2.3,0.6750000000004,-0.6000000178741));
#13357=VECTOR('',#15798,0.2);
#13358=CARTESIAN_POINT('',(2.3,0.4750000000004,-0.6000000178741));
#13359=VECTOR('',#15799,0.1414213562373);
#13360=CARTESIAN_POINT('',(-2.3,0.4750000000004,-0.6000000178741));
#13361=CARTESIAN_POINT('',(-2.3,0.4750000000004,-0.6000000178741));
#13362=VECTOR('',#15800,4.6);
#13363=CARTESIAN_POINT('',(-2.3,0.3750000000004,-0.7000000178741));
#13364=CARTESIAN_POINT('',(-2.3,0.3750000000004,-0.7000000178741));
#13365=VECTOR('',#15801,0.1414213562373);
#13366=CARTESIAN_POINT('',(-2.3,0.3750000000004,-0.7000000178741));
#13367=VECTOR('',#15802,4.6);
#13368=CARTESIAN_POINT('',(-2.3,0.3750000000004,-3.949000017874));
#13369=CARTESIAN_POINT('',(-2.3,0.3750000000004,-0.7000000178741));
#13370=VECTOR('',#15803,3.249);
#13371=CARTESIAN_POINT('',(2.3,0.3750000000004,-3.949000017874));
#13372=VECTOR('',#15804,4.6);
#13373=AXIS2_PLACEMENT_3D('',#15805,#15806,#15807);
#13374=CARTESIAN_POINT('',(-2.3,0.8750000000004,-3.949000017874));
#13375=VECTOR('',#15808,2.749);
#13376=CARTESIAN_POINT('',(-2.3,0.4750000000004,-0.6000000178741));
#13377=VECTOR('',#15809,0.2);
#13378=CARTESIAN_POINT('',(-1.717715410572,0.8750000000004,-3.949000017874));
#13379=VECTOR('',#15810,2.749);
#13380=CARTESIAN_POINT('',(-1.408348486102,0.9250000000004,-3.669037982128));
#13381=CARTESIAN_POINT('',(-1.5916515139,0.9250000000004,-3.669037982126));
#13382=CARTESIAN_POINT('',(-1.408348486102,0.9250000000004,-3.669037982128));
#13383=CARTESIAN_POINT('',(-1.408348486102,0.9250000000004,-3.677774969876));
#13384=CARTESIAN_POINT('',(-1.411619032947,0.9257395016862,-3.694327082044));
#13385=CARTESIAN_POINT('',(-1.426101640034,0.9286688278239,-3.717375144912));
#13386=CARTESIAN_POINT('',(-1.449250576793,0.9322564098624,-3.73518509352));
#13387=CARTESIAN_POINT('',(-1.481209932994,0.9350927309518,-3.746244619639));
#13388=CARTESIAN_POINT('',(-1.518365354714,0.9351114237742,-3.746309566846));
#13389=CARTESIAN_POINT('',(-1.550539425062,0.9322910642532,-3.735339653438));
#13390=CARTESIAN_POINT('',(-1.573805698876,0.9286832051155,-3.71746446189));
#13391=CARTESIAN_POINT('',(-1.588351249795,0.925750201247,-3.69445647757));
#13392=CARTESIAN_POINT('',(-1.5916515139,0.9250000000004,-3.677825935774));
#13393=CARTESIAN_POINT('',(-1.5916515139,0.9250000000004,-3.669037982126));
#13394=CARTESIAN_POINT('',(-1.408348486102,0.9250000000004,-3.669037982128));
#13395=VECTOR('',#15811,2.319037964254);
#13396=CARTESIAN_POINT('',(-1.282284589431,0.8750000000004,-1.200000017874));
#13397=VECTOR('',#15812,2.749);
#13398=CARTESIAN_POINT('',(-1.5916515139,0.9250000000004,-1.350000017874));
#13399=VECTOR('',#15813,2.319037964252);
#13400=CARTESIAN_POINT('',(-0.6300000000003,0.9250000000004,-3.669037982126));
#13401=CARTESIAN_POINT('',(-0.6300000000003,0.9250000000004,-3.669037982126));
#13402=VECTOR('',#15814,0.7783484861015);
#13403=CARTESIAN_POINT('',(-0.6300000000003,0.9250000000004,-2.481049159791));
#13404=CARTESIAN_POINT('',(-0.6300000000003,0.9250000000004,-2.481049159791));
#13405=VECTOR('',#15815,1.187988822335);
#13406=CARTESIAN_POINT('',(-0.2850000000004,0.9250000000004,-2.281863316921));
#13407=AXIS2_PLACEMENT_3D('',#15816,#15817,#15818);
#13408=CARTESIAN_POINT('',(-0.1300000000003,0.9250000000004,-2.371352608645));
#13409=CARTESIAN_POINT('',(-0.2850000000003,0.9250000000004,-2.281863316921));
#13410=VECTOR('',#15819,0.1789785834488);
#13411=CARTESIAN_POINT('',(0.1699999999997,0.9250000000004,-2.198147527888));
#13412=AXIS2_PLACEMENT_3D('',#15820,#15821,#15822);
#13413=CARTESIAN_POINT('',(0.1699999999997,0.9250000000004,-1.401848436364));
#13414=CARTESIAN_POINT('',(0.1699999999997,0.9250000000004,-1.401848436364));
#13415=VECTOR('',#15823,0.7962990915245);
#13416=CARTESIAN_POINT('',(-0.1300000000003,0.9250000000004,-1.228643355607));
#13417=AXIS2_PLACEMENT_3D('',#15824,#15825,#15826);
#13418=CARTESIAN_POINT('',(-0.2850000000003,0.9250000000004,-1.318132647331));
#13419=CARTESIAN_POINT('',(-0.1300000000003,0.9250000000004,-1.228643355607));
#13420=VECTOR('',#15827,0.1789785834488);
#13421=CARTESIAN_POINT('',(-0.6300000000003,0.9250000000004,-1.118946804461));
#13422=AXIS2_PLACEMENT_3D('',#15828,#15829,#15830);
#13423=CARTESIAN_POINT('',(-0.6300000000003,0.9250000000004,-0.04999798212588));
#13424=CARTESIAN_POINT('',(-0.6300000000003,0.9250000000004,-0.04999798212588));
#13425=VECTOR('',#15831,1.068948822335);
#13426=CARTESIAN_POINT('',(-0.7,0.9250000000004,-0.04999798212588));
#13427=VECTOR('',#15832,0.06999999999967);
#13428=CARTESIAN_POINT('',(-2.596446554168,0.9250000000004,-3.549997982126));
#13429=CARTESIAN_POINT('',(-2.596446554168,0.9250000000004,-3.549997982126));
#13430=VECTOR('',#15833,3.5);
#13431=CARTESIAN_POINT('',(-2.5,0.9250000000004,-3.549997982126));
#13432=CARTESIAN_POINT('',(-2.596446554168,0.9250000000004,-3.549997982126));
#13433=VECTOR('',#15834,0.09644655416789);
#13434=CARTESIAN_POINT('',(-2.5,0.9250000000004,-3.669037982126));
#13435=CARTESIAN_POINT('',(-2.5,0.9250000000004,-3.549997982126));
#13436=VECTOR('',#15835,0.11904);
#13437=CARTESIAN_POINT('',(-1.5916515139,0.9250000000004,-3.669037982126));
#13438=VECTOR('',#15836,0.9083484860998);
#13439=CARTESIAN_POINT('',(-2.5,1.036203882686,-3.902181770563));
#13440=AXIS2_PLACEMENT_3D('',#15837,#15838,#15839);
#13441=CARTESIAN_POINT('',(-0.6300000000003,1.036203882686,-3.902181770563));
#13442=CARTESIAN_POINT('',(-2.5,1.036203882686,-3.902181770563));
#13443=VECTOR('',#15840,1.87);
#13444=AXIS2_PLACEMENT_3D('',#15841,#15842,#15843);
#13445=CARTESIAN_POINT('',(-0.6300000000483,1.313852605852,-3.740989403652));
#13446=CARTESIAN_POINT('',(-0.6300000000003,1.225,-3.669037982126));
#13447=CARTESIAN_POINT('',(-0.6300000000004,1.313854867833,-3.740991235369));
#13448=VECTOR('',#15844,0.1143348511601);
#13449=CARTESIAN_POINT('',(-0.6300000000003,1.225,-2.527746186744));
#13450=CARTESIAN_POINT('',(-0.6300000000003,1.225,-2.527746186744));
#13451=VECTOR('',#15845,1.141291795382);
#13452=CARTESIAN_POINT('',(-0.6300000000003,1.175,-2.527746186744));
#13453=CARTESIAN_POINT('',(-0.6300000000003,1.175,-2.527746186744));
#13454=VECTOR('',#15846,0.05000000000053);
#13455=CARTESIAN_POINT('',(-0.6300000000003,1.175,-2.481049159791));
#13456=CARTESIAN_POINT('',(-0.6300000000003,1.175,-2.527746186744));
#13457=VECTOR('',#15847,0.04669702695317);
#13458=CARTESIAN_POINT('',(-0.6300000000003,0.9250000000004,-2.481049159791));
#13459=VECTOR('',#15848,0.2499999999995);
#13460=CARTESIAN_POINT('',(-0.6300000000483,1.125056488565,-3.974133192112));
#13461=CARTESIAN_POINT('',(-0.6300000000003,1.036203882686,-3.902181770563));
#13462=VECTOR('',#15849,0.1143348511722);
#13463=CARTESIAN_POINT('',(-0.6300000000004,1.125058750528,-3.974135023813));
#13464=VECTOR('',#15850,0.3);
#13465=CARTESIAN_POINT('',(-0.8299989895322,1.469285191115,-3.866856229437));
#13466=CARTESIAN_POINT('',(-0.8300000000007,1.281298857834,-4.099000017874));
#13467=VECTOR('',#15851,0.298713240436);
#13468=AXIS2_PLACEMENT_3D('',#15852,#15853,#15854);
#13469=AXIS2_PLACEMENT_3D('',#15855,#15856,#15857);
#13470=CARTESIAN_POINT('',(-2.5,1.12505988151,-3.974135939664));
#13471=CARTESIAN_POINT('',(-2.5,1.12505988151,-3.974135939664));
#13472=VECTOR('',#15858,0.1143363064736);
#13473=AXIS2_PLACEMENT_3D('',#15859,#15860,#15861);
#13474=CARTESIAN_POINT('',(-2.5,1.313855998824,-3.740992151227));
#13475=CARTESIAN_POINT('',(-2.5,1.313855998824,-3.740992151227));
#13476=VECTOR('',#15862,0.3);
#13477=CARTESIAN_POINT('',(-2.300000000001,1.469285191116,-3.866856229437));
#13478=AXIS2_PLACEMENT_3D('',#15863,#15864,#15865);
#13479=CARTESIAN_POINT('',(-2.300000000001,1.469285191116,-3.866856229437));
#13480=VECTOR('',#15866,0.2987132404343);
#13481=CARTESIAN_POINT('',(-0.8299989895322,1.469285191115,-3.866856229437));
#13482=VECTOR('',#15867,1.470001010469);
#13483=CARTESIAN_POINT('',(-2.5,1.225,-3.669037982126));
#13484=CARTESIAN_POINT('',(-2.5,1.225,-3.669037982126));
#13485=VECTOR('',#15868,0.1143363064733);
#13486=CARTESIAN_POINT('',(-2.5,1.225,-3.669037982126));
#13487=VECTOR('',#15869,1.87);
#13488=CARTESIAN_POINT('',(0.1699999999997,1.225,-2.198147527888));
#13489=CARTESIAN_POINT('',(0.1628509396961,1.225,-2.251142952768));
#13490=AXIS2_PLACEMENT_3D('',#15870,#15871,#15872);
#13491=CARTESIAN_POINT('',(-0.8300000000003,1.225,-2.251142952768));
#13492=CARTESIAN_POINT('',(0.1628509396961,1.225,-2.251142952768));
#13493=VECTOR('',#15873,0.9928509396965);
#13494=CARTESIAN_POINT('',(-0.8300000000003,1.225,-2.527746186744));
#13495=CARTESIAN_POINT('',(-0.8300000000003,1.225,-2.251142952768));
#13496=VECTOR('',#15874,0.2766032339763);
#13497=CARTESIAN_POINT('',(-0.8300000000003,1.225,-2.527746186744));
#13498=VECTOR('',#15875,0.2);
#13499=CARTESIAN_POINT('',(-2.5,1.225,-3.549997982126));
#13500=CARTESIAN_POINT('',(-2.5,1.225,-3.549997982126));
#13501=VECTOR('',#15876,0.11904);
#13502=CARTESIAN_POINT('',(-2.596446554168,1.225,-3.549997982126));
#13503=CARTESIAN_POINT('',(-2.596446554168,1.225,-3.549997982126));
#13504=VECTOR('',#15877,0.09644655416792);
#13505=CARTESIAN_POINT('',(-2.596446554168,1.225,-0.04999798212588));
#13506=CARTESIAN_POINT('',(-2.596446554168,1.225,-0.04999798212588));
#13507=VECTOR('',#15878,3.5);
#13508=CARTESIAN_POINT('',(-0.6300000000003,1.225,-0.04999798212588));
#13509=CARTESIAN_POINT('',(-2.596446554168,1.225,-0.04999798212588));
#13510=VECTOR('',#15879,1.966446554168);
#13511=CARTESIAN_POINT('',(-0.6300000000003,1.225,-1.072337099113));
#13512=CARTESIAN_POINT('',(-0.6300000000003,1.225,-0.04999798212588));
#13513=VECTOR('',#15880,1.022339116987);
#13514=CARTESIAN_POINT('',(-0.8300000000003,1.225,-1.072337099113));
#13515=CARTESIAN_POINT('',(-0.6300000000003,1.225,-1.072337099113));
#13516=VECTOR('',#15881,0.2);
#13517=CARTESIAN_POINT('',(-0.8300000000003,1.225,-1.348940333089));
#13518=CARTESIAN_POINT('',(-0.8300000000003,1.225,-1.072337099113));
#13519=VECTOR('',#15882,0.2766032339763);
#13520=CARTESIAN_POINT('',(0.1628749144077,1.225,-1.348940333089));
#13521=CARTESIAN_POINT('',(-0.8300000000003,1.225,-1.348940333089));
#13522=VECTOR('',#15883,0.9928749144081);
#13523=CARTESIAN_POINT('',(0.1699999999997,1.225,-1.401848436364));
#13524=AXIS2_PLACEMENT_3D('',#15884,#15885,#15886);
#13525=CARTESIAN_POINT('',(0.1699999999997,1.225,-1.401848436364));
#13526=VECTOR('',#15887,0.7962990915245);
#13527=CARTESIAN_POINT('',(0.1699999999997,1.225,-2.198147527888));
#13528=VECTOR('',#15888,0.3);
#13529=CARTESIAN_POINT('',(0.1699999999997,0.9250000000004,-1.401848436364));
#13530=VECTOR('',#15889,0.3);
#13531=CARTESIAN_POINT('',(0.1628749144077,1.175,-1.348940333089));
#13532=CARTESIAN_POINT('',(0.1628749144077,1.225,-1.348940333089));
#13533=VECTOR('',#15890,0.05000000000053);
#13534=CARTESIAN_POINT('',(-0.1300000000003,1.175,-1.228643355607));
#13535=AXIS2_PLACEMENT_3D('',#15891,#15892,#15893);
#13536=CARTESIAN_POINT('',(-0.1300000000003,1.175,-1.228643355607));
#13537=VECTOR('',#15894,0.2499999999995);
#13538=CARTESIAN_POINT('',(-0.2850000000003,1.175,-1.318132647331));
#13539=CARTESIAN_POINT('',(-0.2850000000003,1.175,-1.318132647331));
#13540=VECTOR('',#15895,0.1789785834488);
#13541=CARTESIAN_POINT('',(-0.2850000000003,0.9250000000004,-1.318132647331));
#13542=VECTOR('',#15896,0.2499999999995);
#13543=CARTESIAN_POINT('',(-0.3999260304287,1.175,-1.348946792566));
#13544=AXIS2_PLACEMENT_3D('',#15897,#15898,#15899);
#13545=CARTESIAN_POINT('',(-0.6300000000003,1.175,-1.118946804461));
#13546=AXIS2_PLACEMENT_3D('',#15900,#15901,#15902);
#13547=CARTESIAN_POINT('',(-0.6300000000003,1.175,-1.118946804461));
#13548=VECTOR('',#15903,0.2499999999995);
#13549=CARTESIAN_POINT('',(-0.6300000000003,1.175,-1.072337099113));
#13550=CARTESIAN_POINT('',(-0.6300000000003,1.175,-1.118946804461));
#13551=VECTOR('',#15904,0.0466097053477);
#13552=CARTESIAN_POINT('',(-0.6300000000003,1.225,-1.072337099113));
#13553=VECTOR('',#15905,0.05000000000053);
#13554=CARTESIAN_POINT('',(-0.6300000000003,1.225,-0.04999798212588));
#13555=VECTOR('',#15906,0.3);
#13556=AXIS2_PLACEMENT_3D('',#15907,#15908,#15909);
#13557=CARTESIAN_POINT('',(-2.985355283821,1.063908729653,-3.549997982126));
#13558=AXIS2_PLACEMENT_3D('',#15910,#15911,#15912);
#13559=CARTESIAN_POINT('',(-2.985355283821,1.063908729653,-0.04999798212588));
#13560=CARTESIAN_POINT('',(-2.985355283821,1.063908729653,-3.549997982126));
#13561=VECTOR('',#15913,3.5);
#13562=AXIS2_PLACEMENT_3D('',#15914,#15915,#15916);
#13563=CARTESIAN_POINT('',(-2.985355283821,1.063908729653,-0.04999798212588));
#13564=VECTOR('',#15917,0.6288225880583);
#13565=CARTESIAN_POINT('',(-3.588908729652,0.4603552838212,-3.549997982126));
#13566=CARTESIAN_POINT('',(-3.588908729652,0.4603552838212,-3.549997982126));
#13567=VECTOR('',#15918,0.8535534687124);
#13568=CARTESIAN_POINT('',(-3.588908729652,0.4603552838212,-0.04999798212588));
#13569=CARTESIAN_POINT('',(-3.588908729652,0.4603552838212,-0.04999798212588));
#13570=VECTOR('',#15919,3.5);
#13571=CARTESIAN_POINT('',(-3.43,0.6192640134737,-0.04999798212588));
#13572=VECTOR('',#15920,0.224730880654);
#13573=CARTESIAN_POINT('',(-3.747722557505,0.1214465541685,-0.04999798212588));
#13574=AXIS2_PLACEMENT_3D('',#15921,#15922,#15923);
#13575=CARTESIAN_POINT('',(-3.747722557505,0.1214465541685,-0.04999798212588));
#13576=VECTOR('',#15924,0.3027735832268);
#13577=CARTESIAN_POINT('',(-3.747722557505,0.1214465541685,-0.04999798212588));
#13578=CARTESIAN_POINT('',(-3.749240942221,0.1048134829732,-0.04714419827661));
#13579=CARTESIAN_POINT('',(-3.75,0.08814681233652,-0.04428464967457));
#13580=CARTESIAN_POINT('',(-3.75,0.07144655416846,-0.04141933836319));
#13581=CARTESIAN_POINT('',(-3.45,0.07144655416846,-0.04141933836319));
#13582=VECTOR('',#15925,0.3);
#13583=CARTESIAN_POINT('',(-3.75,-0.02855344583154,0.1000020178741));
#13584=VECTOR('',#15926,0.3);
#13585=AXIS2_PLACEMENT_3D('',#15927,#15928,#15929);
#13586=CARTESIAN_POINT('',(-2.5,1.225,-3.549997982126));
#13587=VECTOR('',#15930,0.3);
#13588=CARTESIAN_POINT('',(-2.773223249465,0.851776695297,-3.549997982126));
#13589=AXIS2_PLACEMENT_3D('',#15931,#15932,#15933);
#13590=CARTESIAN_POINT('',(-2.773223249465,0.851776695297,-3.549997982126));
#13591=VECTOR('',#15934,0.8535534687124);
#13592=CARTESIAN_POINT('',(-3.75,0.005000000000033,-3.549997982126));
#13593=VECTOR('',#15935,0.3);
#13594=CARTESIAN_POINT('',(-3.561203882685,0.005000000000033,-3.902181770563));
#13595=AXIS2_PLACEMENT_3D('',#15936,#15937,#15938);
#13596=CARTESIAN_POINT('',(-3.650059881509,0.005,-3.974135939664));
#13597=CARTESIAN_POINT('',(-3.561203882685,0.005000000000033,-3.902181770563));
#13598=VECTOR('',#15939,0.1143363064734);
#13599=CARTESIAN_POINT('',(-3.838855998823,0.005,-3.740992151227));
#13600=CARTESIAN_POINT('',(-3.650059881509,0.005000000000022,-3.974135939664));
#13601=VECTOR('',#15940,0.2999999999999);
#13602=CARTESIAN_POINT('',(-3.838855998823,0.005000000000022,-3.740992151227));
#13603=VECTOR('',#15941,0.1143363064726);
#13604=CARTESIAN_POINT('',(-3.994285191115,-0.195,-3.866856229437));
#13605=AXIS2_PLACEMENT_3D('',#15942,#15943,#15944);
#13606=CARTESIAN_POINT('',(-3.994285191115,-0.445,-3.866856229437));
#13607=CARTESIAN_POINT('',(-3.994285191115,-0.445,-3.866856229437));
#13608=VECTOR('',#15945,0.25);
#13609=CARTESIAN_POINT('',(-3.838855998823,-0.645,-3.740992151227));
#13610=AXIS2_PLACEMENT_3D('',#15946,#15947,#15948);
#13611=CARTESIAN_POINT('',(-3.75,-0.645,-3.669037982126));
#13612=VECTOR('',#15949,0.1143363064727);
#13613=CARTESIAN_POINT('',(-3.650059881509,-0.645,-3.974135939664));
#13614=CARTESIAN_POINT('',(-3.561203882685,-0.645,-3.902181770563));
#13615=CARTESIAN_POINT('',(-3.650059881509,-0.645,-3.974135939664));
#13616=VECTOR('',#15950,0.1143363064735);
#13617=AXIS2_PLACEMENT_3D('',#15951,#15952,#15953);
#13618=CARTESIAN_POINT('',(-3.45,-0.645,-3.549997982126));
#13619=VECTOR('',#15954,0.3);
#13620=CARTESIAN_POINT('',(-3.838855998823,-0.645,-3.740992151227));
#13621=VECTOR('',#15955,0.2999999999999);
#13622=AXIS2_PLACEMENT_3D('',#15956,#15957,#15958);
#13623=CARTESIAN_POINT('',(-3.994285191115,-0.445,-3.866856229437));
#13624=VECTOR('',#15959,0.2987132404339);
#13625=CARTESIAN_POINT('',(-3.806298857834,-0.1949999999999,-4.099000017874));
#13626=VECTOR('',#15960,0.2987132404339);
#13627=AXIS2_PLACEMENT_3D('',#15961,#15962,#15963);
#13628=CARTESIAN_POINT('',(-3.561203882685,-0.645,-3.902181770563));
#13629=VECTOR('',#15964,0.65);
#13630=AXIS2_PLACEMENT_3D('',#15965,#15966,#15967);
#13631=CARTESIAN_POINT('',(-3.2,-1.225,-3.549997982126));
#13632=VECTOR('',#15968,0.3);
#13633=AXIS2_PLACEMENT_3D('',#15969,#15970,#15971);
#13634=CARTESIAN_POINT('',(-3.33,-1.209415568635,2.519039982126));
#13635=CARTESIAN_POINT('',(-3.33,-1.209415568635,2.519039982126));
#13636=CARTESIAN_POINT('',(-3.316487667414,-1.212702529831,2.519039982126));
#13637=CARTESIAN_POINT('',(-3.28943107844,-1.218149520635,2.523283796161));
#13638=CARTESIAN_POINT('',(-3.25266612359,-1.222824329396,2.541896321549));
#13639=CARTESIAN_POINT('',(-3.223445552313,-1.224667213044,2.570879470111));
#13640=CARTESIAN_POINT('',(-3.20443728976,-1.225037364402,2.607723641155));
#13641=CARTESIAN_POINT('',(-3.2,-1.225,2.635230389954));
#13642=CARTESIAN_POINT('',(-3.2,-1.225,2.649039982126));
#13643=AXIS2_PLACEMENT_3D('',#15972,#15973,#15974);
#13644=CARTESIAN_POINT('',(-3.33,-0.8885415650406,2.519039982126));
#13645=AXIS2_PLACEMENT_3D('',#15975,#15976,#15977);
#13646=CARTESIAN_POINT('',(-3.33,-0.8885415650406,2.519039982126));
#13647=VECTOR('',#15978,0.3208740035949);
#13648=CARTESIAN_POINT('',(-3.2,-1.225,2.649039982126));
#13649=VECTOR('',#15979,0.2999999994781);
#13650=CARTESIAN_POINT('',(-3.33,-0.8885415650406,2.519039982126));
#13651=CARTESIAN_POINT('',(-3.317363752207,-0.8962342697969,2.519039982126));
#13652=CARTESIAN_POINT('',(-3.292182177544,-0.908558608375,2.522603687518));
#13653=CARTESIAN_POINT('',(-3.255287509546,-0.9196505664386,2.540056584683));
#13654=CARTESIAN_POINT('',(-3.225085507948,-0.9241650458157,2.568534425296));
#13655=CARTESIAN_POINT('',(-3.204975139231,-0.9250665119529,2.605968400717));
#13656=CARTESIAN_POINT('',(-3.2,-0.9250000005222,2.63400585775));
#13657=CARTESIAN_POINT('',(-3.2,-0.9250000005222,2.649039533714));
#13658=CARTESIAN_POINT('',(-3.2,-1.225,4.000000017874));
#13659=VECTOR('',#15980,0.3);
#13660=CARTESIAN_POINT('',(-3.2,-0.925,4.000000017874));
#13661=VECTOR('',#15981,0.35);
#13662=CARTESIAN_POINT('',(-2.4,-0.925,4.000000017874));
#13663=VECTOR('',#15982,0.35);
#13664=CARTESIAN_POINT('',(-2.4,-0.925,4.000000017874));
#13665=VECTOR('',#15983,0.3);
#13666=CARTESIAN_POINT('',(-2.4,-0.925,2.269040017874));
#13667=VECTOR('',#15984,0.3);
#13668=CARTESIAN_POINT('',(-2.2,-1.225,2.069040017874));
#13669=VECTOR('',#15985,0.3);
#13670=CARTESIAN_POINT('',(2.2,-0.925,2.069040017874));
#13671=VECTOR('',#15986,0.3);
#13672=CARTESIAN_POINT('',(2.4,-1.225,2.269040017874));
#13673=VECTOR('',#15987,0.3);
#13674=CARTESIAN_POINT('',(2.4,-1.225,4.000000017874));
#13675=VECTOR('',#15988,0.3);
#13676=CARTESIAN_POINT('',(2.4,-0.925,4.000000017874));
#13677=VECTOR('',#15989,0.35);
#13678=CARTESIAN_POINT('',(3.2,-0.925,4.000000017874));
#13679=VECTOR('',#15990,0.35);
#13680=CARTESIAN_POINT('',(3.2,-0.925,4.000000017874));
#13681=VECTOR('',#15991,0.3);
#13682=CARTESIAN_POINT('',(3.2,-0.925,2.649039982126));
#13683=VECTOR('',#15992,0.3000000000002);
#13684=CARTESIAN_POINT('',(3.33,-0.8885415650406,2.519039982126));
#13685=CARTESIAN_POINT('',(3.2,-0.925,2.649039982126));
#13686=CARTESIAN_POINT('',(3.2,-0.925,2.634019805348));
#13687=CARTESIAN_POINT('',(3.204953317235,-0.9250666593743,2.605997410209));
#13688=CARTESIAN_POINT('',(3.225065382313,-0.9241672627582,2.568572374632));
#13689=CARTESIAN_POINT('',(3.255300089208,-0.9196512130364,2.540020113086));
#13690=CARTESIAN_POINT('',(3.292260731696,-0.9085286168212,2.522582320219));
#13691=CARTESIAN_POINT('',(3.317395245984,-0.896215096991,2.519039982126));
#13692=CARTESIAN_POINT('',(3.33,-0.8885415650406,2.519039982126));
#13693=CARTESIAN_POINT('',(3.33,-1.209415568635,2.519039982126));
#13694=CARTESIAN_POINT('',(3.2,-1.225,2.649040331147));
#13695=CARTESIAN_POINT('',(3.2,-1.225,2.635227699234));
#13696=CARTESIAN_POINT('',(3.204442289797,-1.225032664574,2.60772025524));
#13697=CARTESIAN_POINT('',(3.223420380716,-1.224673090544,2.570918705809));
#13698=CARTESIAN_POINT('',(3.252638853906,-1.222818057352,2.541910569282));
#13699=CARTESIAN_POINT('',(3.28943778316,-1.21816308019,2.523279636721));
#13700=CARTESIAN_POINT('',(3.316490843769,-1.212701757162,2.519039982126));
#13701=CARTESIAN_POINT('',(3.33,-1.209415568635,2.519039982126));
#13702=CARTESIAN_POINT('',(3.33,-1.209415568635,2.519039982126));
#13703=VECTOR('',#15993,0.3208740035949);
#13704=CARTESIAN_POINT('',(3.75,-0.675,2.519039982126));
#13705=AXIS2_PLACEMENT_3D('',#15994,#15995,#15996);
#13706=CARTESIAN_POINT('',(3.75,-0.49,2.519039982126));
#13707=CARTESIAN_POINT('',(3.75,-0.675,2.519039982126));
#13708=VECTOR('',#15997,0.185);
#13709=CARTESIAN_POINT('',(3.45,-0.49,2.519039982126));
#13710=CARTESIAN_POINT('',(3.45,-0.49,2.519039982126));
#13711=VECTOR('',#15998,0.3);
#13712=CARTESIAN_POINT('',(3.45,-0.675,2.519039982126));
#13713=CARTESIAN_POINT('',(3.45,-0.49,2.519039982126));
#13714=VECTOR('',#15999,0.185);
#13715=AXIS2_PLACEMENT_3D('',#16000,#16001,#16002);
#13716=CARTESIAN_POINT('',(3.45,-0.675000000003,-3.549997982126));
#13717=CARTESIAN_POINT('',(3.45,-0.675,2.519039982126));
#13718=VECTOR('',#16003,6.069037964252);
#13719=AXIS2_PLACEMENT_3D('',#16004,#16005,#16006);
#13720=CARTESIAN_POINT('',(3.75,-0.645,-3.549997982126));
#13721=CARTESIAN_POINT('',(3.45,-0.645,-3.549997982126));
#13722=CARTESIAN_POINT('',(3.75,-0.645,-3.549997982126));
#13723=VECTOR('',#16007,0.3000000000004);
#13724=CARTESIAN_POINT('',(3.75,-0.675,-3.549997982126));
#13725=CARTESIAN_POINT('',(3.75,-0.645,-3.549997982126));
#13726=VECTOR('',#16008,0.03);
#13727=AXIS2_PLACEMENT_3D('',#16009,#16010,#16011);
#13728=CARTESIAN_POINT('',(3.2,-1.225,-3.549997982126));
#13729=VECTOR('',#16012,0.3);
#13730=CARTESIAN_POINT('',(3.45,-0.675000000003,-3.549997982126));
#13731=VECTOR('',#16013,0.03000000000302);
#13732=CARTESIAN_POINT('',(3.45,1.109999287525,0.2500020178741));
#13733=CARTESIAN_POINT('',(3.45,1.109999287525,2.419039982126));
#13734=CARTESIAN_POINT('',(3.45,1.109999287525,0.2500020178741));
#13735=VECTOR('',#16014,2.169037964252);
#13736=CARTESIAN_POINT('',(3.45,0.1214465541685,0.2500020178741));
#13737=CARTESIAN_POINT('',(3.45,0.1214465541685,0.2500020178741));
#13738=VECTOR('',#16015,0.9885527333569);
#13739=CARTESIAN_POINT('',(3.45,-0.02855344583154,0.1000020178741));
#13740=AXIS2_PLACEMENT_3D('',#16016,#16017,#16018);
#13741=CARTESIAN_POINT('',(3.45,0.07144655416633,-0.04141933836244));
#13742=AXIS2_PLACEMENT_3D('',#16019,#16020,#16021);
#13743=CARTESIAN_POINT('',(3.449999999999,0.07144655416667,-3.549997982126));
#13744=CARTESIAN_POINT('',(3.449999999999,0.07144655416667,-3.549997982126));
#13745=VECTOR('',#16022,3.508578643763);
#13746=CARTESIAN_POINT('',(3.45,0.005000000000033,-3.549997982126));
#13747=CARTESIAN_POINT('',(3.45,0.005000000000033,-3.549997982126));
#13748=VECTOR('',#16023,0.06644655416664);
#13749=CARTESIAN_POINT('',(3.45,0.005000000000033,-3.669037982126));
#13750=CARTESIAN_POINT('',(3.45,0.005000000000033,-3.549997982126));
#13751=VECTOR('',#16024,0.1190400000001);
#13752=CARTESIAN_POINT('',(3.45,-0.645,-3.669037982126));
#13753=CARTESIAN_POINT('',(3.45,-0.645,-3.669037982126));
#13754=VECTOR('',#16025,0.65);
#13755=CARTESIAN_POINT('',(3.45,-0.645,-3.549997982126));
#13756=VECTOR('',#16026,0.1190400000001);
#13757=CARTESIAN_POINT('',(3.45,-0.39,2.419039982126));
#13758=CARTESIAN_POINT('',(3.45,-0.49,2.519039982126));
#13759=VECTOR('',#16027,0.1414213562373);
#13760=CARTESIAN_POINT('',(3.45,-0.39,2.419039982126));
#13761=VECTOR('',#16028,1.119037964252);
#13762=CARTESIAN_POINT('',(3.45,0.11,1.300002017874));
#13763=AXIS2_PLACEMENT_3D('',#16029,#16030,#16031);
#13764=CARTESIAN_POINT('',(3.45,0.11,2.419039982126));
#13765=CARTESIAN_POINT('',(3.45,0.11,1.300002017874));
#13766=VECTOR('',#16032,1.119037964252);
#13767=CARTESIAN_POINT('',(3.45,0.11,2.419039982126));
#13768=VECTOR('',#16033,0.9999992875254);
#13769=CARTESIAN_POINT('',(3.45,0.0,0.4600020178741));
#13770=CARTESIAN_POINT('',(3.45,0.0,0.8600020178741));
#13771=CARTESIAN_POINT('',(3.45,0.0,0.4600020178741));
#13772=VECTOR('',#16034,0.4);
#13773=CARTESIAN_POINT('',(3.45,0.3,0.4600020178741));
#13774=CARTESIAN_POINT('',(3.45,0.3,0.4600020178741));
#13775=VECTOR('',#16035,0.3);
#13776=CARTESIAN_POINT('',(3.45,0.3,0.8600020178741));
#13777=CARTESIAN_POINT('',(3.45,0.3,0.8600020178741));
#13778=VECTOR('',#16036,0.4);
#13779=CARTESIAN_POINT('',(3.45,0.0,0.8600020178741));
#13780=VECTOR('',#16037,0.3);
#13781=CARTESIAN_POINT('',(3.55,1.109999287525,2.519039982126));
#13782=CARTESIAN_POINT('',(3.45,1.109999287525,2.419039982126));
#13783=VECTOR('',#16038,0.1414213562373);
#13784=CARTESIAN_POINT('',(3.55,0.21,2.519039982126));
#13785=CARTESIAN_POINT('',(3.45,0.11,2.419039982126));
#13786=VECTOR('',#16039,0.1732050807569);
#13787=CARTESIAN_POINT('',(3.55,0.21,2.519039982126));
#13788=VECTOR('',#16040,0.8999992875254);
#13789=CARTESIAN_POINT('',(3.3,1.359999287525,2.519039982126));
#13790=CARTESIAN_POINT('',(2.95,1.359999287525,2.519039982126));
#13791=CARTESIAN_POINT('',(3.3,1.359999287525,2.519039982126));
#13792=VECTOR('',#16041,0.35);
#13793=AXIS2_PLACEMENT_3D('',#16042,#16043,#16044);
#13794=CARTESIAN_POINT('',(3.75,0.21,2.519039982126));
#13795=CARTESIAN_POINT('',(3.75,0.21,2.519039982126));
#13796=VECTOR('',#16045,0.2);
#13797=CARTESIAN_POINT('',(3.749999999999,1.109998488906,2.519039982126));
#13798=CARTESIAN_POINT('',(3.75,0.21,2.519039982126));
#13799=VECTOR('',#16046,0.8999976902866);
#13800=CARTESIAN_POINT('',(3.3,1.559999287525,2.519039982126));
#13801=AXIS2_PLACEMENT_3D('',#16047,#16048,#16049);
#13802=CARTESIAN_POINT('',(2.95,1.559999287525,2.519039982126));
#13803=CARTESIAN_POINT('',(3.3,1.559999287525,2.519039982126));
#13804=VECTOR('',#16050,0.35);
#13805=CARTESIAN_POINT('',(2.95,1.359999287525,2.519039982126));
#13806=VECTOR('',#16051,0.2);
#13807=CARTESIAN_POINT('',(2.85,1.559999287525,2.419039982126));
#13808=AXIS2_PLACEMENT_3D('',#16052,#16053,#16054);
#13809=CARTESIAN_POINT('',(2.85,1.259999287525,2.419039982126));
#13810=CARTESIAN_POINT('',(2.85,1.559999287525,2.419039982126));
#13811=VECTOR('',#16055,0.3);
#13812=CARTESIAN_POINT('',(2.95,1.359999287525,2.519039982126));
#13813=CARTESIAN_POINT('',(2.929881553647,1.359999287525,2.519039982126));
#13814=CARTESIAN_POINT('',(2.902878298763,1.350641692482,2.509682387082));
#13815=CARTESIAN_POINT('',(2.864784490666,1.320674523135,2.479715217736));
#13816=CARTESIAN_POINT('',(2.85,1.288451067212,2.447491761812));
#13817=CARTESIAN_POINT('',(2.85,1.259999287525,2.419039982126));
#13818=CARTESIAN_POINT('',(3.3,1.259999287525,2.419039982126));
#13819=CARTESIAN_POINT('',(3.3,1.259999287525,2.419039982126));
#13820=VECTOR('',#16056,0.45);
#13821=CARTESIAN_POINT('',(3.3,1.359999287525,2.519039982126));
#13822=VECTOR('',#16057,0.1414213562373);
#13823=CARTESIAN_POINT('',(3.43,1.184832435261,2.419039982126));
#13824=CARTESIAN_POINT('',(3.43,1.21,2.433052611199));
#13825=CARTESIAN_POINT('',(3.43,1.184832435261,2.419039982126));
#13826=CARTESIAN_POINT('',(3.43,1.187628996296,2.420435151893));
#13827=CARTESIAN_POINT('',(3.43,1.193218716882,2.423340048682));
#13828=CARTESIAN_POINT('',(3.43,1.201608189937,2.428025471741));
#13829=CARTESIAN_POINT('',(3.43,1.207200764346,2.431345879459));
#13830=CARTESIAN_POINT('',(3.43,1.21,2.433052611199));
#13831=AXIS2_PLACEMENT_3D('',#16058,#16059,#16060);
#13832=CARTESIAN_POINT('',(3.411802761614,1.21,2.419039982126));
#13833=AXIS2_PLACEMENT_3D('',#16061,#16062,#16063);
#13834=CARTESIAN_POINT('',(3.411802761614,1.21,2.419039982126));
#13835=CARTESIAN_POINT('',(3.413795706364,1.21,2.420525426971));
#13836=CARTESIAN_POINT('',(3.417799573465,1.21,2.423545788399));
#13837=CARTESIAN_POINT('',(3.423865110563,1.21,2.428217688427));
#13838=CARTESIAN_POINT('',(3.427947888764,1.21,2.431426062913));
#13839=CARTESIAN_POINT('',(3.43,1.21,2.433052611199));
#13840=CARTESIAN_POINT('',(2.560959964252,1.21,2.599999982126));
#13841=CARTESIAN_POINT('',(2.23,1.21,2.269040017874));
#13842=VECTOR('',#16064,0.4680480700474);
#13843=CARTESIAN_POINT('',(3.43,1.21,2.599999982126));
#13844=CARTESIAN_POINT('',(2.560959964252,1.21,2.599999982126));
#13845=VECTOR('',#16065,0.8690400357482);
#13846=CARTESIAN_POINT('',(3.43,1.21,2.599999982126));
#13847=VECTOR('',#16066,0.166947370927);
#13848=CARTESIAN_POINT('',(3.411802761614,1.21,0.2500020178741));
#13849=CARTESIAN_POINT('',(3.411802761614,1.21,0.2500020178741));
#13850=VECTOR('',#16067,2.169037964252);
#13851=CARTESIAN_POINT('',(3.43,1.21,0.2500020178741));
#13852=CARTESIAN_POINT('',(3.411802761614,1.21,0.2500020178741));
#13853=VECTOR('',#16068,0.01819723838577);
#13854=CARTESIAN_POINT('',(3.43,1.21,-0.04999798212588));
#13855=CARTESIAN_POINT('',(3.43,1.21,0.2500020178741));
#13856=VECTOR('',#16069,0.3);
#13857=CARTESIAN_POINT('',(2.724020062387,1.21,-0.04999798212588));
#13858=CARTESIAN_POINT('',(2.724020062387,1.21,-0.04999798212588));
#13859=VECTOR('',#16070,0.7059799376129);
#13860=CARTESIAN_POINT('',(0.7499999999999,1.21,-0.04999798212588));
#13861=VECTOR('',#16071,1.974020062387);
#13862=CARTESIAN_POINT('',(2.614206678119,1.21,1.059521017874));
#13863=CARTESIAN_POINT('',(2.189942609407,1.21,1.059521017874));
#13864=CARTESIAN_POINT('',(2.614206678119,1.21,1.059521017874));
#13865=VECTOR('',#16072,0.4242640687119);
#13866=CARTESIAN_POINT('',(2.614206678119,1.21,1.659521017874));
#13867=CARTESIAN_POINT('',(2.614206678119,1.21,1.059521017874));
#13868=VECTOR('',#16073,0.6);
#13869=CARTESIAN_POINT('',(2.189942609407,1.21,1.659521017874));
#13870=CARTESIAN_POINT('',(2.614206678119,1.21,1.659521017874));
#13871=VECTOR('',#16074,0.4242640687119);
#13872=CARTESIAN_POINT('',(2.189942609407,1.21,1.659521017874));
#13873=VECTOR('',#16075,0.6);
#13874=CARTESIAN_POINT('',(2.408139948466,1.428197339059,1.659521017874));
#13875=CARTESIAN_POINT('',(2.408139948466,1.428197339059,1.659521017874));
#13876=VECTOR('',#16076,0.3085776361714);
#13877=CARTESIAN_POINT('',(2.408139948466,1.428197339059,1.059521017874));
#13878=CARTESIAN_POINT('',(2.408139948466,1.428197339059,1.059521017874));
#13879=VECTOR('',#16077,0.6);
#13880=CARTESIAN_POINT('',(2.408139948466,1.428197339059,1.059521017874));
#13881=VECTOR('',#16078,0.3085776361714);
#13882=CARTESIAN_POINT('',(2.726338,1.559999287525,1.059521017874));
#13883=AXIS2_PLACEMENT_3D('',#16079,#16080,#16081);
#13884=CARTESIAN_POINT('',(2.75,1.559999287525,1.059521017874));
#13885=CARTESIAN_POINT('',(2.726338,1.559999287525,1.059521017874));
#13886=VECTOR('',#16082,0.02366199999999);
#13887=CARTESIAN_POINT('',(2.75,1.259999287525,1.059521017874));
#13888=CARTESIAN_POINT('',(2.75,1.559999287525,1.059521017874));
#13889=VECTOR('',#16083,0.3);
#13890=CARTESIAN_POINT('',(2.726338,1.259999287525,1.059521017874));
#13891=CARTESIAN_POINT('',(2.75,1.259999287525,1.059521017874));
#13892=VECTOR('',#16084,0.02366199999999);
#13893=CARTESIAN_POINT('',(2.620271982822,1.216065304703,1.059521017874));
#13894=AXIS2_PLACEMENT_3D('',#16085,#16086,#16087);
#13895=CARTESIAN_POINT('',(2.614206678119,1.21,1.059521017874));
#13896=VECTOR('',#16088,0.008577636171417);
#13897=CARTESIAN_POINT('',(2.620271982822,1.216065304703,1.659521017874));
#13898=CARTESIAN_POINT('',(2.620271982822,1.216065304703,1.659521017874));
#13899=VECTOR('',#16089,0.6);
#13900=CARTESIAN_POINT('',(2.614206678119,1.21,1.659521017874));
#13901=VECTOR('',#16090,0.008577636171419);
#13902=CARTESIAN_POINT('',(2.726338,1.259999287525,1.659521017874));
#13903=AXIS2_PLACEMENT_3D('',#16091,#16092,#16093);
#13904=CARTESIAN_POINT('',(2.75,1.259999287525,1.659521017874));
#13905=CARTESIAN_POINT('',(2.75,1.259999287525,1.659521017874));
#13906=VECTOR('',#16094,0.023662);
#13907=CARTESIAN_POINT('',(2.75,1.559999287525,1.659521017874));
#13908=CARTESIAN_POINT('',(2.75,1.559999287525,1.659521017874));
#13909=VECTOR('',#16095,0.3);
#13910=CARTESIAN_POINT('',(2.726338,1.559999287525,1.659521017874));
#13911=CARTESIAN_POINT('',(2.726338,1.559999287525,1.659521017874));
#13912=VECTOR('',#16096,0.023662);
#13913=AXIS2_PLACEMENT_3D('',#16097,#16098,#16099);
#13914=CARTESIAN_POINT('',(2.726338,1.559999287525,1.659521017874));
#13915=VECTOR('',#16100,0.6);
#13916=CARTESIAN_POINT('',(2.85,1.559999287525,0.9595210178741));
#13917=AXIS2_PLACEMENT_3D('',#16101,#16102,#16103);
#13918=CARTESIAN_POINT('',(2.85,1.559999287525,1.759521017874));
#13919=AXIS2_PLACEMENT_3D('',#16104,#16105,#16106);
#13920=CARTESIAN_POINT('',(2.85,1.559999287525,2.419039982126));
#13921=VECTOR('',#16107,0.6595189642518);
#13922=CARTESIAN_POINT('',(3.3,1.559999287525,0.2500020178741));
#13923=CARTESIAN_POINT('',(3.3,1.559999287525,0.2500020178741));
#13924=VECTOR('',#16108,2.269037964252);
#13925=CARTESIAN_POINT('',(2.95,1.559999287525,0.2500020178741));
#13926=CARTESIAN_POINT('',(3.3,1.559999287525,0.2500020178741));
#13927=VECTOR('',#16109,0.35);
#13928=CARTESIAN_POINT('',(2.85,1.559999287525,0.3500020178741));
#13929=AXIS2_PLACEMENT_3D('',#16110,#16111,#16112);
#13930=CARTESIAN_POINT('',(2.85,1.559999287525,0.9595210178741));
#13931=VECTOR('',#16113,0.609519);
#13932=CARTESIAN_POINT('',(2.85,1.259999287525,0.3500020178741));
#13933=CARTESIAN_POINT('',(2.85,1.259999287525,0.3500020178741));
#13934=VECTOR('',#16114,0.3);
#13935=CARTESIAN_POINT('',(2.85,1.259999287525,0.9595210178741));
#13936=CARTESIAN_POINT('',(2.85,1.259999287525,0.3500020178741));
#13937=VECTOR('',#16115,0.609519);
#13938=CARTESIAN_POINT('',(2.85,1.559999287525,0.9595210178741));
#13939=VECTOR('',#16116,0.3);
#13940=AXIS2_PLACEMENT_3D('',#16117,#16118,#16119);
#13941=CARTESIAN_POINT('',(3.3,1.259999287525,0.2500020178741));
#13942=CARTESIAN_POINT('',(3.3,1.259999287525,2.419039982126));
#13943=VECTOR('',#16120,2.169037964252);
#13944=CARTESIAN_POINT('',(2.85,1.259999287525,1.759521017874));
#13945=CARTESIAN_POINT('',(2.85,1.259999287525,1.759521017874));
#13946=VECTOR('',#16121,0.6595189642518);
#13947=AXIS2_PLACEMENT_3D('',#16122,#16123,#16124);
#13948=CARTESIAN_POINT('',(2.726338,1.259999287525,1.059521017874));
#13949=VECTOR('',#16125,0.6);
#13950=CARTESIAN_POINT('',(2.95,1.259999287525,0.2500020178741));
#13951=AXIS2_PLACEMENT_3D('',#16126,#16127,#16128);
#13952=CARTESIAN_POINT('',(2.95,1.259999287525,0.2500020178741));
#13953=VECTOR('',#16129,0.35);
#13954=AXIS2_PLACEMENT_3D('',#16130,#16131,#16132);
#13955=CARTESIAN_POINT('',(2.95,1.559999287525,0.2500020178741));
#13956=VECTOR('',#16133,0.3);
#13957=CARTESIAN_POINT('',(3.75,1.109999287525,0.2500020178741));
#13958=AXIS2_PLACEMENT_3D('',#16134,#16135,#16136);
#13959=CARTESIAN_POINT('',(3.75,0.1214465541685,0.2500020178741));
#13960=CARTESIAN_POINT('',(3.749999999998,1.109997690287,0.2500020178741));
#13961=VECTOR('',#16137,0.9885511361181);
#13962=CARTESIAN_POINT('',(3.45,0.1214465541685,0.2500020178741));
#13963=VECTOR('',#16138,0.3);
#13964=CARTESIAN_POINT('',(3.43,1.184832435261,0.2500020178741));
#13965=AXIS2_PLACEMENT_3D('',#16139,#16140,#16141);
#13966=CARTESIAN_POINT('',(3.43,1.184832435261,0.2500020178741));
#13967=VECTOR('',#16142,0.02516756473914);
#13968=CARTESIAN_POINT('',(3.43,0.11,2.599999982126));
#13969=CARTESIAN_POINT('',(3.43,1.21,2.599999982126));
#13970=VECTOR('',#16143,1.1);
#13971=CARTESIAN_POINT('',(3.43,0.11,1.300002017874));
#13972=CARTESIAN_POINT('',(3.43,0.11,1.300002017874));
#13973=VECTOR('',#16144,1.299997964252);
#13974=AXIS2_PLACEMENT_3D('',#16145,#16146,#16147);
#13975=CARTESIAN_POINT('',(3.43,-0.39,2.269040017874));
#13976=VECTOR('',#16148,0.969038);
#13977=CARTESIAN_POINT('',(3.43,-0.56,-0.04999798212588));
#13978=VECTOR('',#16149,2.319038);
#13979=CARTESIAN_POINT('',(3.43,0.6192640134709,-0.04999798212588));
#13980=CARTESIAN_POINT('',(3.43,0.1694261438762,-0.04999798212588));
#13981=VECTOR('',#16150,0.4498378695948);
#13982=CARTESIAN_POINT('',(3.43,0.6192640134709,-0.04999798212588));
#13983=VECTOR('',#16151,0.5907359865291);
#13984=CARTESIAN_POINT('',(3.43,1.184832435261,2.419039982126));
#13985=VECTOR('',#16152,2.169037964252);
#13986=CARTESIAN_POINT('',(3.43,0.0,0.2600020178741));
#13987=CARTESIAN_POINT('',(3.43,0.3,0.2600020178741));
#13988=CARTESIAN_POINT('',(3.43,0.0,0.2600020178741));
#13989=VECTOR('',#16153,0.3);
#13990=CARTESIAN_POINT('',(3.43,0.0,0.8600020178741));
#13991=CARTESIAN_POINT('',(3.43,0.0,0.8600020178741));
#13992=VECTOR('',#16154,0.6);
#13993=CARTESIAN_POINT('',(3.43,0.3,0.8600020178741));
#13994=CARTESIAN_POINT('',(3.43,0.3,0.8600020178741));
#13995=VECTOR('',#16155,0.3);
#13996=CARTESIAN_POINT('',(3.43,0.3,0.2600020178741));
#13997=VECTOR('',#16156,0.6);
#13998=CARTESIAN_POINT('',(3.44,0.3,0.2600020178741));
#13999=CARTESIAN_POINT('',(3.45,0.3,0.4600020178741));
#14000=VECTOR('',#16157,0.200249843945);
#14001=CARTESIAN_POINT('',(3.44,0.3,0.2600020178741));
#14002=VECTOR('',#16158,0.01);
#14003=CARTESIAN_POINT('',(3.45,0.3,0.8600020178741));
#14004=VECTOR('',#16159,0.02);
#14005=CARTESIAN_POINT('',(3.45,0.0,0.8600020178741));
#14006=VECTOR('',#16160,0.02);
#14007=CARTESIAN_POINT('',(3.44,0.0,0.2600020178741));
#14008=CARTESIAN_POINT('',(3.44,0.0,0.2600020178741));
#14009=VECTOR('',#16161,0.01);
#14010=CARTESIAN_POINT('',(3.44,0.0,0.2600020178741));
#14011=VECTOR('',#16162,0.200249843945);
#14012=CARTESIAN_POINT('',(3.44,0.0,0.2600020178741));
#14013=VECTOR('',#16163,0.3);
#14014=CARTESIAN_POINT('',(2.985355283818,1.063908729652,-0.04999798212588));
#14015=CARTESIAN_POINT('',(3.43,0.6192640134709,-0.04999798212588));
#14016=VECTOR('',#16164,0.6288225880615);
#14017=AXIS2_PLACEMENT_3D('',#16165,#16166,#16167);
#14018=CARTESIAN_POINT('',(2.985355283818,1.063908729653,-3.549997982126));
#14019=CARTESIAN_POINT('',(2.985355283818,1.063908729652,-0.04999798212588));
#14020=VECTOR('',#16168,3.5);
#14021=AXIS2_PLACEMENT_3D('',#16169,#16170,#16171);
#14022=AXIS2_PLACEMENT_3D('',#16172,#16173,#16174);
#14023=CARTESIAN_POINT('',(2.5,1.225,-3.549997982126));
#14024=VECTOR('',#16175,0.3);
#14025=CARTESIAN_POINT('',(3.588908729652,0.4603552838193,-3.549997982126));
#14026=CARTESIAN_POINT('',(2.985355283818,1.063908729652,-3.549997982126));
#14027=VECTOR('',#16176,0.8535534687154);
#14028=CARTESIAN_POINT('',(3.75,0.07144655416401,-3.549997982126));
#14029=AXIS2_PLACEMENT_3D('',#16177,#16178,#16179);
#14030=CARTESIAN_POINT('',(3.75,0.005000000000033,-3.549997982126));
#14031=CARTESIAN_POINT('',(3.75,0.07144655416401,-3.549997982126));
#14032=VECTOR('',#16180,0.06644655416397);
#14033=CARTESIAN_POINT('',(3.45,0.005000000000033,-3.549997982126));
#14034=VECTOR('',#16181,0.3000000000003);
#14035=CARTESIAN_POINT('',(3.376776695296,0.248223249463,-3.549997982126));
#14036=AXIS2_PLACEMENT_3D('',#16182,#16183,#16184);
#14037=CARTESIAN_POINT('',(2.773223249462,0.8517766952965,-3.549997982126));
#14038=CARTESIAN_POINT('',(3.376776695296,0.2482232494631,-3.549997982126));
#14039=VECTOR('',#16185,0.8535534687147);
#14040=AXIS2_PLACEMENT_3D('',#16186,#16187,#16188);
#14041=CARTESIAN_POINT('',(2.773223249462,0.8517766952965,-3.549997982126));
#14042=VECTOR('',#16189,3.5);
#14043=CARTESIAN_POINT('',(3.376776695296,0.2482232494631,-0.04999798212588));
#14044=VECTOR('',#16190,3.5);
#14045=CARTESIAN_POINT('',(3.444948974277,0.1214465541685,-0.04999798212588));
#14046=CARTESIAN_POINT('',(3.449999999999,0.07144655416633,-0.04141933836244));
#14047=CARTESIAN_POINT('',(3.449999999999,0.0882784906451,-0.04430724210033));
#14048=CARTESIAN_POINT('',(3.448317288495,0.104945251913,-0.04716680625236));
#14049=CARTESIAN_POINT('',(3.444948974277,0.1214465541685,-0.04999798212588));
#14050=AXIS2_PLACEMENT_3D('',#16191,#16192,#16193);
#14051=CARTESIAN_POINT('',(3.747722557505,0.1214465541685,-0.04999798212588));
#14052=CARTESIAN_POINT('',(3.444948974277,0.1214465541685,-0.04999798212588));
#14053=VECTOR('',#16194,0.3027735832274);
#14054=CARTESIAN_POINT('',(3.588908729652,0.4603552838186,-0.04999798212588));
#14055=AXIS2_PLACEMENT_3D('',#16195,#16196,#16197);
#14056=CARTESIAN_POINT('',(3.588908729652,0.4603552838186,-0.04999798212588));
#14057=VECTOR('',#16198,0.2247308806539);
#14058=CARTESIAN_POINT('',(3.588908729652,0.4603552838186,-3.549997982126));
#14059=VECTOR('',#16199,3.5);
#14060=CARTESIAN_POINT('',(3.75,0.07144655416618,-0.04141933836236));
#14061=CARTESIAN_POINT('',(3.75,0.07144655416633,-0.04141933836244));
#14062=CARTESIAN_POINT('',(3.75,0.08814681233511,-0.04428464967407));
#14063=CARTESIAN_POINT('',(3.74924094222,0.1048134829725,-0.04714419827636));
#14064=CARTESIAN_POINT('',(3.747722557505,0.1214465541685,-0.04999798212588));
#14065=CARTESIAN_POINT('',(3.75,0.07144655416618,-0.04141933836236));
#14066=VECTOR('',#16200,3.508578643764);
#14067=CARTESIAN_POINT('',(3.75,0.11,2.419039982126));
#14068=CARTESIAN_POINT('',(3.75,0.21,2.519039982126));
#14069=VECTOR('',#16201,0.1414213562373);
#14070=CARTESIAN_POINT('',(3.75,0.11,2.599999982126));
#14071=CARTESIAN_POINT('',(3.75,0.11,2.599999982126));
#14072=VECTOR('',#16202,0.18096);
#14073=CARTESIAN_POINT('',(3.75,-0.39,2.599999982126));
#14074=CARTESIAN_POINT('',(3.75,-0.39,2.599999982126));
#14075=VECTOR('',#16203,0.5);
#14076=CARTESIAN_POINT('',(3.75,-0.39,2.419039982126));
#14077=CARTESIAN_POINT('',(3.75,-0.39,2.599999982126));
#14078=VECTOR('',#16204,0.18096);
#14079=CARTESIAN_POINT('',(3.75,-0.39,2.419039982126));
#14080=VECTOR('',#16205,0.1414213562373);
#14081=CARTESIAN_POINT('',(3.75,-0.675,-3.549997982126));
#14082=VECTOR('',#16206,6.069037964252);
#14083=CARTESIAN_POINT('',(3.75,-0.645,-3.669037982126));
#14084=CARTESIAN_POINT('',(3.75,-0.645,-3.549997982126));
#14085=VECTOR('',#16207,0.1190400000003);
#14086=CARTESIAN_POINT('',(3.75,0.005000000000033,-3.669037982126));
#14087=CARTESIAN_POINT('',(3.75,-0.645,-3.669037982126));
#14088=VECTOR('',#16208,0.65);
#14089=CARTESIAN_POINT('',(3.75,0.005000000000033,-3.549997982126));
#14090=VECTOR('',#16209,0.1190400000003);
#14091=CARTESIAN_POINT('',(3.75,-0.02855344583154,0.1000020178741));
#14092=AXIS2_PLACEMENT_3D('',#16210,#16211,#16212);
#14093=AXIS2_PLACEMENT_3D('',#16213,#16214,#16215);
#14094=CARTESIAN_POINT('',(3.749999999998,1.109997690287,2.519039982126));
#14095=VECTOR('',#16216,2.269037964252);
#14096=CARTESIAN_POINT('',(3.75,-0.02855344583154,0.1000020178741));
#14097=VECTOR('',#16217,0.3);
#14098=CARTESIAN_POINT('',(3.75,0.07144655416618,-0.04141933836236));
#14099=VECTOR('',#16218,0.3000000000002);
#14100=CARTESIAN_POINT('',(3.838855998823,0.005000000000022,-3.740992151227));
#14101=CARTESIAN_POINT('',(3.75,0.005000000000033,-3.669037982126));
#14102=VECTOR('',#16219,0.1143363064726);
#14103=CARTESIAN_POINT('',(3.650059881509,0.005,-3.974135939664));
#14104=CARTESIAN_POINT('',(3.838855998823,0.005000000000022,-3.740992151227));
#14105=VECTOR('',#16220,0.2999999999999);
#14106=CARTESIAN_POINT('',(3.561203882685,0.005000000000033,-3.902181770563));
#14107=CARTESIAN_POINT('',(3.650059881509,0.005000000000022,-3.974135939664));
#14108=VECTOR('',#16221,0.1143363064735);
#14109=AXIS2_PLACEMENT_3D('',#16222,#16223,#16224);
#14110=CARTESIAN_POINT('',(3.561203882685,-0.645,-3.902181770563));
#14111=CARTESIAN_POINT('',(3.561203882685,0.005000000000033,-3.902181770563));
#14112=VECTOR('',#16225,0.65);
#14113=AXIS2_PLACEMENT_3D('',#16226,#16227,#16228);
#14114=CARTESIAN_POINT('',(3.838855998823,-0.645,-3.740992151227));
#14115=CARTESIAN_POINT('',(3.838855998823,-0.645,-3.740992151227));
#14116=VECTOR('',#16229,0.1143363064727);
#14117=CARTESIAN_POINT('',(3.650059881509,-0.645,-3.974135939664));
#14118=CARTESIAN_POINT('',(3.561203882685,-0.645,-3.902181770563));
#14119=VECTOR('',#16230,0.1143363064736);
#14120=CARTESIAN_POINT('',(3.650059881509,-0.645,-3.974135939664));
#14121=VECTOR('',#16231,0.2999999999999);
#14122=CARTESIAN_POINT('',(3.994285191115,-0.445,-3.866856229437));
#14123=CARTESIAN_POINT('',(3.806298857834,-0.4450000000001,-4.099000017874));
#14124=VECTOR('',#16232,0.2987132404339);
#14125=AXIS2_PLACEMENT_3D('',#16233,#16234,#16235);
#14126=AXIS2_PLACEMENT_3D('',#16236,#16237,#16238);
#14127=AXIS2_PLACEMENT_3D('',#16239,#16240,#16241);
#14128=CARTESIAN_POINT('',(3.994285191115,-0.195,-3.866856229437));
#14129=AXIS2_PLACEMENT_3D('',#16242,#16243,#16244);
#14130=CARTESIAN_POINT('',(3.994285191115,-0.195,-3.866856229437));
#14131=VECTOR('',#16245,0.2987132404339);
#14132=CARTESIAN_POINT('',(3.994285191115,-0.195,-3.866856229437));
#14133=VECTOR('',#16246,0.25);
#14134=CARTESIAN_POINT('',(3.45,-0.39,2.419039982126));
#14135=VECTOR('',#16247,0.3);
#14136=CARTESIAN_POINT('',(2.560959964252,-0.39,2.599999982126));
#14137=CARTESIAN_POINT('',(2.560959964252,-0.39,2.599999982126));
#14138=VECTOR('',#16248,1.189040035748);
#14139=CARTESIAN_POINT('',(2.560959964252,-0.39,2.599999982126));
#14140=VECTOR('',#16249,0.4680480700474);
#14141=CARTESIAN_POINT('',(3.43,0.11,1.300002017874));
#14142=VECTOR('',#16250,0.02);
#14143=CARTESIAN_POINT('',(3.75,0.11,2.599999982126));
#14144=VECTOR('',#16251,0.32);
#14145=CARTESIAN_POINT('',(3.75,0.11,2.419039982126));
#14146=VECTOR('',#16252,0.3);
#14147=CARTESIAN_POINT('',(2.560959964252,1.21,2.599999982126));
#14148=VECTOR('',#16253,1.6);
#14149=CARTESIAN_POINT('',(2.5,1.313855998824,-3.740992151227));
#14150=VECTOR('',#16254,0.1143363064733);
#14151=CARTESIAN_POINT('',(2.85,1.259999287525,1.759521017874));
#14152=VECTOR('',#16255,0.3);
#14153=AXIS2_PLACEMENT_3D('',#16256,#16257,#16258);
#14154=CARTESIAN_POINT('',(3.2,-1.313855998824,-3.740992151227));
#14155=CARTESIAN_POINT('',(3.2,-1.225,-3.669037982126));
#14156=VECTOR('',#16259,0.1143363064733);
#14157=CARTESIAN_POINT('',(3.2,-1.313855998824,-3.740992151227));
#14158=VECTOR('',#16260,0.3);
#14159=AXIS2_PLACEMENT_3D('',#16261,#16262,#16263);
#14160=CARTESIAN_POINT('',(-3.2,-1.313855998824,-3.740992151227));
#14161=CARTESIAN_POINT('',(-3.2,-1.313855998824,-3.740992151227));
#14162=VECTOR('',#16264,0.1143363064733);
#14163=AXIS2_PLACEMENT_3D('',#16265,#16266,#16267);
#14164=CARTESIAN_POINT('',(-3.2,-1.125059881509,-3.974135939664));
#14165=VECTOR('',#16268,0.3);
#14166=AXIS2_PLACEMENT_3D('',#16269,#16270,#16271);
#14167=CARTESIAN_POINT('',(-2.773223249465,0.851776695297,-0.04999798212588));
#14168=VECTOR('',#16272,3.5);
#14169=CARTESIAN_POINT('',(-0.8300000000003,1.175,-1.072337099113));
#14170=CARTESIAN_POINT('',(-0.8300000000003,1.175,-1.072337099113));
#14171=VECTOR('',#16273,0.2);
#14172=CARTESIAN_POINT('',(-0.8300000000003,1.175,-1.072337099113));
#14173=VECTOR('',#16274,0.05000000000053);
#14174=CARTESIAN_POINT('',(-0.8300000000003,1.175,-1.348940333089));
#14175=CARTESIAN_POINT('',(-0.8300000000003,1.175,-1.348940333089));
#14176=VECTOR('',#16275,0.2766032339763);
#14177=CARTESIAN_POINT('',(-0.8300000000003,1.175,-1.348940333089));
#14178=VECTOR('',#16276,0.05000000000053);
#14179=CARTESIAN_POINT('',(-0.3999937616531,1.175,-1.348941950932));
#14180=VECTOR('',#16277,0.4300062383503);
#14181=CARTESIAN_POINT('',(0.1628749144077,1.175,-1.348940333089));
#14182=VECTOR('',#16278,0.5628686760631);
#14183=CARTESIAN_POINT('',(-0.1300000000003,1.175,-2.371352608645));
#14184=CARTESIAN_POINT('',(-0.1300000000003,0.9250000000004,-2.371352608645));
#14185=VECTOR('',#16279,0.2499999999995);
#14186=CARTESIAN_POINT('',(0.1628509396961,1.175,-2.251142952768));
#14187=AXIS2_PLACEMENT_3D('',#16280,#16281,#16282);
#14188=CARTESIAN_POINT('',(0.1628509396961,1.175,-2.251142952768));
#14189=VECTOR('',#16283,0.05000000000053);
#14190=CARTESIAN_POINT('',(-0.8300000000003,1.175,-2.251142952768));
#14191=CARTESIAN_POINT('',(-0.4065398247534,1.175,-2.251142155348));
#14192=CARTESIAN_POINT('',(-0.8300000000003,1.175,-2.251142952768));
#14193=VECTOR('',#16284,0.4234642854202);
#14194=CARTESIAN_POINT('',(-0.8300000000003,1.175,-2.251142952768));
#14195=VECTOR('',#16285,0.05000000000053);
#14196=CARTESIAN_POINT('',(-0.3996426501149,1.175,-2.251111688442));
#14197=CARTESIAN_POINT('',(-0.3996426501149,1.175,-2.251111688442));
#14198=VECTOR('',#16286,0.5624935906799);
#14199=CARTESIAN_POINT('',(-0.4065357145802,1.175,-2.251142628638));
#14200=CARTESIAN_POINT('',(-0.4058099247935,1.175,-2.251142628638));
#14201=CARTESIAN_POINT('',(-0.4043075838695,1.175,-2.251138935452));
#14202=CARTESIAN_POINT('',(-0.4023452060577,1.175,-2.251157499569));
#14203=CARTESIAN_POINT('',(-0.4003687329208,1.175,-2.251111688442));
#14204=CARTESIAN_POINT('',(-0.3996426501149,1.175,-2.251111688442));
#14205=AXIS2_PLACEMENT_3D('',#16287,#16288,#16289);
#14206=CARTESIAN_POINT('',(-0.2850000000003,1.175,-2.281863316921));
#14207=CARTESIAN_POINT('',(-0.2850000000003,1.175,-2.281863316921));
#14208=CARTESIAN_POINT('',(-0.2967037431868,1.175,-2.275106157641));
#14209=CARTESIAN_POINT('',(-0.3208843888985,1.175,-2.263860316708));
#14210=CARTESIAN_POINT('',(-0.3598547965399,1.175,-2.253351988275));
#14211=CARTESIAN_POINT('',(-0.386664334623,1.175,-2.251111688442));
#14212=CARTESIAN_POINT('',(-0.3996426501149,1.175,-2.251111688442));
#14213=CARTESIAN_POINT('',(-0.2850000000003,1.175,-2.281863316921));
#14214=VECTOR('',#16290,0.2499999999995);
#14215=CARTESIAN_POINT('',(-0.1300000000003,1.175,-2.371352608645));
#14216=VECTOR('',#16291,0.1789785834488);
#14217=CARTESIAN_POINT('',(-0.8300000000003,1.175,-2.527746186744));
#14218=CARTESIAN_POINT('',(-0.6300000000003,1.175,-2.527746186744));
#14219=VECTOR('',#16292,0.2);
#14220=CARTESIAN_POINT('',(-0.8300000000003,1.175,-2.527746186744));
#14221=VECTOR('',#16293,0.2766032339763);
#14222=CARTESIAN_POINT('',(-0.8300000000003,1.175,-2.527746186744));
#14223=VECTOR('',#16294,0.05000000000053);
#14224=CARTESIAN_POINT('',(0.3999999999999,1.175,-2.527746186744));
#14225=CARTESIAN_POINT('',(0.3999999999999,1.175,-2.527746186744));
#14226=VECTOR('',#16295,1.0);
#14227=CARTESIAN_POINT('',(0.3999999999999,1.175,-2.527746186744));
#14228=VECTOR('',#16296,0.05);
#14229=CARTESIAN_POINT('',(0.3999999999999,1.175,-2.251142952768));
#14230=CARTESIAN_POINT('',(0.3999999999999,1.175,-2.251142952768));
#14231=VECTOR('',#16297,0.2766032339763);
#14232=CARTESIAN_POINT('',(0.3999999999999,1.175,-2.251142952768));
#14233=VECTOR('',#16298,0.05);
#14234=CARTESIAN_POINT('',(0.1938112708104,1.175,-2.251142952768));
#14235=VECTOR('',#16299,0.2061887291895);
#14236=CARTESIAN_POINT('',(0.3999999999999,1.175,-1.348940333089));
#14237=CARTESIAN_POINT('',(0.3999999999999,1.175,-1.348940333089));
#14238=VECTOR('',#16300,0.2061680706246);
#14239=CARTESIAN_POINT('',(0.3999999999999,1.175,-1.348940333089));
#14240=VECTOR('',#16301,0.05);
#14241=CARTESIAN_POINT('',(0.3999999999999,1.175,-1.072337099113));
#14242=CARTESIAN_POINT('',(0.3999999999999,1.175,-1.072337099113));
#14243=VECTOR('',#16302,0.2766032339763);
#14244=CARTESIAN_POINT('',(0.3999999999999,1.175,-1.072337099113));
#14245=VECTOR('',#16303,0.05);
#14246=CARTESIAN_POINT('',(-0.6000000000001,1.175,-1.072337099113));
#14247=VECTOR('',#16304,1.0);
#14248=CARTESIAN_POINT('',(-3.44,0.0,0.2600020178741));
#14249=CARTESIAN_POINT('',(-3.44,0.0,0.2600020178741));
#14250=VECTOR('',#16305,0.01);
#14251=CARTESIAN_POINT('',(-3.44,0.3,0.2600020178741));
#14252=CARTESIAN_POINT('',(-3.44,0.3,0.2600020178741));
#14253=VECTOR('',#16306,0.3);
#14254=CARTESIAN_POINT('',(-3.44,0.3,0.2600020178741));
#14255=VECTOR('',#16307,0.009999999999999);
#14256=CARTESIAN_POINT('',(-3.45,0.3,0.8600020178741));
#14257=VECTOR('',#16308,0.02);
#14258=CARTESIAN_POINT('',(-3.44,0.3,0.2600020178741));
#14259=VECTOR('',#16309,0.200249843945);
#14260=CARTESIAN_POINT('',(-3.45,0.0,0.4600020178741));
#14261=VECTOR('',#16310,0.200249843945);
#14262=CARTESIAN_POINT('',(-3.45,0.0,0.8600020178741));
#14263=VECTOR('',#16311,0.02);
#14264=CARTESIAN_POINT('',(-3.55,0.21,2.519039982126));
#14265=VECTOR('',#16312,0.8999992875254);
#14266=CARTESIAN_POINT('',(-2.95,1.359999287525,2.519039982126));
#14267=CARTESIAN_POINT('',(-2.95,1.559999287525,2.519039982126));
#14268=VECTOR('',#16313,0.2);
#14269=AXIS2_PLACEMENT_3D('',#16314,#16315,#16316);
#14270=CARTESIAN_POINT('',(-2.95,1.359999287525,2.519039982126));
#14271=VECTOR('',#16317,0.3499999999998);
#14272=CARTESIAN_POINT('',(-2.95,1.359999287525,2.519039982126));
#14273=CARTESIAN_POINT('',(-2.929881553647,1.359999287525,2.519039982126));
#14274=CARTESIAN_POINT('',(-2.902878298763,1.350641692482,2.509682387082));
#14275=CARTESIAN_POINT('',(-2.864784490666,1.320674523135,2.479715217736));
#14276=CARTESIAN_POINT('',(-2.85,1.288451067212,2.447491761812));
#14277=CARTESIAN_POINT('',(-2.85,1.259999287525,2.419039982126));
#14278=CARTESIAN_POINT('',(-2.85,1.259999287525,2.419039982126));
#14279=VECTOR('',#16318,0.3);
#14280=CARTESIAN_POINT('',(-2.85,1.559999287525,1.759521017874));
#14281=VECTOR('',#16319,0.3);
#14282=CARTESIAN_POINT('',(2.575,-1.225,-1.099997982126));
#14283=VECTOR('',#16320,0.3);
#14284=CARTESIAN_POINT('',(2.175,-0.925,-1.099997982126));
#14285=VECTOR('',#16321,0.3);
#14286=CARTESIAN_POINT('',(2.025,-1.225,-1.249997982126));
#14287=VECTOR('',#16322,0.3);
#14288=CARTESIAN_POINT('',(2.025,-0.925,-2.004193992971));
#14289=VECTOR('',#16323,0.3);
#14290=CARTESIAN_POINT('',(1.899999999981,-0.925,-2.152095987555));
#14291=VECTOR('',#16324,0.3);
#14292=CARTESIAN_POINT('',(1.775,-1.225,-2.299997982126));
#14293=VECTOR('',#16325,0.3);
#14294=CARTESIAN_POINT('',(1.775,-0.925,-2.399997982126));
#14295=VECTOR('',#16326,0.3);
#14296=CARTESIAN_POINT('',(1.925,-1.225,-2.549997982126));
#14297=VECTOR('',#16327,0.3);
#14298=CARTESIAN_POINT('',(2.025,-0.925,-2.549997982126));
#14299=VECTOR('',#16328,0.3);
#14300=CARTESIAN_POINT('',(2.025,-1.119937785622,-2.695996325351));
#14301=CARTESIAN_POINT('',(2.025,-1.225,-2.656715173003));
#14302=VECTOR('',#16329,0.1121654038453);
#14303=CARTESIAN_POINT('',(2.025,-1.119937785622,-2.695996325351));
#14304=CARTESIAN_POINT('',(2.025,-1.098493300948,-2.70401408963));
#14305=CARTESIAN_POINT('',(2.025,-1.058635719951,-2.724351378839));
#14306=CARTESIAN_POINT('',(2.025,-1.00645561273,-2.767824600944));
#14307=CARTESIAN_POINT('',(2.025,-0.9653836297762,-2.821519479834));
#14308=CARTESIAN_POINT('',(2.025,-0.9376268252605,-2.883495848591));
#14309=CARTESIAN_POINT('',(2.025,-0.9276849817306,-2.926967638649));
#14310=CARTESIAN_POINT('',(2.025,-0.9255677049964,-2.950397464521));
#14311=CARTESIAN_POINT('',(2.625,-1.075,-2.717190360991));
#14312=CARTESIAN_POINT('',(2.125,-1.075,-2.717190360991));
#14313=CARTESIAN_POINT('',(2.625,-1.075,-2.717190360991));
#14314=VECTOR('',#16330,0.5);
#14315=AXIS2_PLACEMENT_3D('',#16331,#16332,#16333);
#14316=CARTESIAN_POINT('',(2.725,-1.119937785622,-2.695996325351));
#14317=CARTESIAN_POINT('',(2.025,-1.119937785622,-2.695996325351));
#14318=VECTOR('',#16334,0.7);
#14319=CARTESIAN_POINT('',(2.725,-0.9255631988779,-2.950452265439));
#14320=CARTESIAN_POINT('',(2.725,-0.9276704044847,-2.927038869807));
#14321=CARTESIAN_POINT('',(2.725,-0.9375980401138,-2.883587245681));
#14322=CARTESIAN_POINT('',(2.725,-0.96535210236,-2.821565918829));
#14323=CARTESIAN_POINT('',(2.725,-1.006428591757,-2.767851391262));
#14324=CARTESIAN_POINT('',(2.725,-1.058620497698,-2.7243595214));
#14325=CARTESIAN_POINT('',(2.725,-1.09848778632,-2.704016151465));
#14326=CARTESIAN_POINT('',(2.725,-1.119937785622,-2.695996325351));
#14327=AXIS2_PLACEMENT_3D('',#16335,#16336,#16337);
#14328=CARTESIAN_POINT('',(2.625,-1.055580675691,-2.424132360581));
#14329=CARTESIAN_POINT('',(2.625,-0.875,-1.521228982126));
#14330=VECTOR('',#16338,0.9207843891258);
#14331=CARTESIAN_POINT('',(2.625,-1.075,-2.620248495719));
#14332=AXIS2_PLACEMENT_3D('',#16339,#16340,#16341);
#14333=CARTESIAN_POINT('',(2.625,-1.075,-2.620248495719));
#14334=VECTOR('',#16342,0.0969418652719);
#14335=CARTESIAN_POINT('',(2.125,-1.075,-2.620248495719));
#14336=CARTESIAN_POINT('',(2.125,-1.075,-2.620248495719));
#14337=VECTOR('',#16343,0.5);
#14338=CARTESIAN_POINT('',(2.125,-1.075,-2.717190360991));
#14339=VECTOR('',#16344,0.0969418652719);
#14340=CARTESIAN_POINT('',(2.125,-1.055580675691,-2.42413236058));
#14341=AXIS2_PLACEMENT_3D('',#16345,#16346,#16347);
#14342=CARTESIAN_POINT('',(2.125,-1.055580675691,-2.42413236058));
#14343=VECTOR('',#16348,0.9207843891258);
#14344=CARTESIAN_POINT('',(2.625,-1.055580675691,-2.42413236058));
#14345=VECTOR('',#16349,0.5);
#14346=CARTESIAN_POINT('',(2.725,-1.119937785622,-2.695996325351));
#14347=VECTOR('',#16350,0.1121654038453);
#14348=CARTESIAN_POINT('',(2.725,-1.225,-2.549997982126));
#14349=VECTOR('',#16351,0.3);
#14350=CARTESIAN_POINT('',(2.825,-0.925,-2.549997982126));
#14351=VECTOR('',#16352,0.3);
#14352=CARTESIAN_POINT('',(2.975,-1.225,-2.399997982126));
#14353=VECTOR('',#16353,0.3);
#14354=CARTESIAN_POINT('',(2.975,-0.925,-2.299997982126));
#14355=VECTOR('',#16354,0.3);
#14356=CARTESIAN_POINT('',(2.849999999977,-0.925,-2.152095987541));
#14357=VECTOR('',#16355,0.3);
#14358=CARTESIAN_POINT('',(2.725,-1.225,-2.004193992971));
#14359=VECTOR('',#16356,0.3);
#14360=CARTESIAN_POINT('',(2.725,-0.925,-1.249997982126));
#14361=VECTOR('',#16357,0.3);
#14362=CARTESIAN_POINT('',(2.025,-1.367448154685,-2.603455990345));
#14363=CARTESIAN_POINT('',(2.725,-1.367448154685,-2.603455990345));
#14364=CARTESIAN_POINT('',(2.025,-1.367448154685,-2.603455990345));
#14365=VECTOR('',#16358,0.7);
#14366=CARTESIAN_POINT('',(2.725,-1.225,-2.656715173003));
#14367=VECTOR('',#16359,0.1520789837899);
#14368=CARTESIAN_POINT('',(2.025,-1.367448154685,-2.603455990345));
#14369=VECTOR('',#16360,0.1520789837899);
#14370=CARTESIAN_POINT('',(2.025,-1.4256767596,-2.901968016182));
#14371=CARTESIAN_POINT('',(2.025,-1.225,-2.976997982126));
#14372=VECTOR('',#16361,0.2142443876352);
#14373=CARTESIAN_POINT('',(2.025,-1.455,-2.837624037657));
#14374=CARTESIAN_POINT('',(2.025,-1.4256767596,-2.901968016182));
#14375=VECTOR('',#16362,0.07071067811864);
#14376=CARTESIAN_POINT('',(2.025,-1.455,-2.837624037657));
#14377=VECTOR('',#16363,0.2499999999996);
#14378=CARTESIAN_POINT('',(2.725,-1.455,-2.837624037657));
#14379=CARTESIAN_POINT('',(2.725,-1.367448154685,-2.603455990345));
#14380=VECTOR('',#16364,0.2499999999996);
#14381=CARTESIAN_POINT('',(2.025,-1.455,-2.837624037657));
#14382=VECTOR('',#16365,0.7);
#14383=CARTESIAN_POINT('',(2.725,-1.4256767596,-2.901968016182));
#14384=CARTESIAN_POINT('',(2.725,-1.4256767596,-2.901968016182));
#14385=VECTOR('',#16366,0.7);
#14386=CARTESIAN_POINT('',(2.725,-1.455,-2.837624037657));
#14387=VECTOR('',#16367,0.07071067811864);
#14388=CARTESIAN_POINT('',(2.725,-1.4256767596,-2.901968016182));
#14389=VECTOR('',#16368,0.2142443876352);
#14390=CARTESIAN_POINT('',(-2.725,-1.4256767596,-2.901968016182));
#14391=CARTESIAN_POINT('',(-2.725,-1.225,-2.976997982126));
#14392=VECTOR('',#16369,0.2142443876352);
#14393=CARTESIAN_POINT('',(-2.725,-1.455,-2.837624037657));
#14394=CARTESIAN_POINT('',(-2.725,-1.4256767596,-2.901968016182));
#14395=VECTOR('',#16370,0.07071067811864);
#14396=CARTESIAN_POINT('',(-2.725,-1.455,-2.837624037657));
#14397=VECTOR('',#16371,0.2499999999996);
#14398=CARTESIAN_POINT('',(-2.725,-1.455,-2.837624037657));
#14399=VECTOR('',#16372,0.7);
#14400=CARTESIAN_POINT('',(-2.025,-1.4256767596,-2.901968016182));
#14401=VECTOR('',#16373,0.7);
#14402=CARTESIAN_POINT('',(-2.963397459622,-1.275,3.550000017874));
#14403=AXIS2_PLACEMENT_3D('',#16374,#16375,#16376);
#14404=CARTESIAN_POINT('',(-2.963397459622,-1.275,2.450000017874));
#14405=AXIS2_PLACEMENT_3D('',#16377,#16378,#16379);
#14406=CARTESIAN_POINT('',(-2.963397459622,-1.275,2.450000017874));
#14407=VECTOR('',#16380,1.1);
#14408=CARTESIAN_POINT('',(-2.876794919243,-1.325,2.450000017874));
#14409=AXIS2_PLACEMENT_3D('',#16381,#16382,#16383);
#14410=CARTESIAN_POINT('',(-2.876794919243,-1.325,3.550000017874));
#14411=CARTESIAN_POINT('',(-2.876794919243,-1.325,2.450000017874));
#14412=VECTOR('',#16384,1.1);
#14413=AXIS2_PLACEMENT_3D('',#16385,#16386,#16387);
#14414=CARTESIAN_POINT('',(-2.723205080757,-1.325,3.550000017874));
#14415=AXIS2_PLACEMENT_3D('',#16388,#16389,#16390);
#14416=CARTESIAN_POINT('',(-2.636602540378,-1.275,3.550000017874));
#14417=AXIS2_PLACEMENT_3D('',#16391,#16392,#16393);
#14418=AXIS2_PLACEMENT_3D('',#16394,#16395,#16396);
#14419=AXIS2_PLACEMENT_3D('',#16397,#16398,#16399);
#14420=CARTESIAN_POINT('',(-2.636602540378,-1.275,2.450000017874));
#14421=AXIS2_PLACEMENT_3D('',#16400,#16401,#16402);
#14422=CARTESIAN_POINT('',(-2.636602540378,-1.275,3.550000017874));
#14423=VECTOR('',#16403,1.1);
#14424=CARTESIAN_POINT('',(-2.723205080757,-1.325,2.450000017874));
#14425=CARTESIAN_POINT('',(-2.723205080757,-1.325,3.550000017874));
#14426=VECTOR('',#16404,1.1);
#14427=AXIS2_PLACEMENT_3D('',#16405,#16406,#16407);
#14428=AXIS2_PLACEMENT_3D('',#16408,#16409,#16410);
#14429=AXIS2_PLACEMENT_3D('',#16411,#16412,#16413);
#14430=CARTESIAN_POINT('',(2.025,-0.675,-0.6000000178741));
#14431=CARTESIAN_POINT('',(2.025,-0.875,-1.200000017874));
#14432=VECTOR('',#16414,0.6324555320337);
#14433=CARTESIAN_POINT('',(2.025,-0.475,-0.6000000178741));
#14434=CARTESIAN_POINT('',(2.025,-0.675,-0.6000000178741));
#14435=VECTOR('',#16415,0.2);
#14436=CARTESIAN_POINT('',(2.025,-0.375,-0.7000000178741));
#14437=CARTESIAN_POINT('',(2.025,-0.475,-0.6000000178741));
#14438=VECTOR('',#16416,0.1414213562373);
#14439=CARTESIAN_POINT('',(2.025,-0.375,-3.949000017874));
#14440=CARTESIAN_POINT('',(2.025,-0.375,-3.949000017874));
#14441=VECTOR('',#16417,3.249);
#14442=AXIS2_PLACEMENT_3D('',#16418,#16419,#16420);
#14443=CARTESIAN_POINT('',(2.725,-0.375,-3.949000017874));
#14444=AXIS2_PLACEMENT_3D('',#16421,#16422,#16423);
#14445=CARTESIAN_POINT('',(2.025,-0.375,-3.949000017874));
#14446=VECTOR('',#16424,0.7);
#14447=CARTESIAN_POINT('',(2.725,-0.375,-0.7000000178741));
#14448=CARTESIAN_POINT('',(2.025,-0.375,-0.7000000178741));
#14449=VECTOR('',#16425,0.7);
#14450=CARTESIAN_POINT('',(2.725,-0.375,-0.7000000178741));
#14451=VECTOR('',#16426,3.249);
#14452=CARTESIAN_POINT('',(2.725,-0.475,-0.6000000178741));
#14453=CARTESIAN_POINT('',(2.725,-0.375,-0.7000000178741));
#14454=VECTOR('',#16427,0.1414213562373);
#14455=CARTESIAN_POINT('',(2.725,-0.675,-0.6000000178741));
#14456=CARTESIAN_POINT('',(2.725,-0.675,-0.6000000178741));
#14457=VECTOR('',#16428,0.2);
#14458=CARTESIAN_POINT('',(2.725,-0.675,-0.6000000178741));
#14459=VECTOR('',#16429,0.6324555320337);
#14460=CARTESIAN_POINT('',(2.025,-0.675,-0.6000000178741));
#14461=VECTOR('',#16430,0.7);
#14462=CARTESIAN_POINT('',(2.025,-0.475,-0.6000000178741));
#14463=VECTOR('',#16431,0.7);
#14464=DIRECTION('',(-1.0,0.0,0.0));
#14465=CARTESIAN_POINT('',(3.45,-0.14,1.300002017874));
#14466=DIRECTION('',(1.0,0.0,0.0));
#14467=DIRECTION('',(0.0,-1.0,0.0));
#14468=DIRECTION('',(-1.0,0.0,0.0));
#14469=CARTESIAN_POINT('',(3.43,-0.14,1.300002017874));
#14470=DIRECTION('',(-1.0,0.0,0.0));
#14471=DIRECTION('',(0.0,1.0,0.0));
#14472=DIRECTION('',(1.0,0.0,0.0));
#14473=DIRECTION('',(0.999999782281441,-0.000415273772717217,0.000512820401114121));
#14474=CARTESIAN_POINT('',(-3.0,-1.125059881509,-3.974135939664));
#14475=DIRECTION('',(4.93038065763132E-30,0.629320391048477,-0.777145961458072));
#14476=DIRECTION('',(-4.66293670342583E-14,-0.777145961458072,-0.629320391048477));
#14477=DIRECTION('',(0.0,-0.777145961457404,-0.629320391049303));
#14478=DIRECTION('',(-1.0,0.0,0.0));
#14479=DIRECTION('',(0.0,0.777145961457404,0.629320391049303));
#14480=CARTESIAN_POINT('',(3.0,-1.125059881509,-3.974135939664));
#14481=DIRECTION('',(-8.15881789703121E-16,0.629320391048477,-0.777145961458072));
#14482=DIRECTION('',(1.0,-2.886579864025E-14,-2.442490654175E-14));
#14483=DIRECTION('',(0.999999811344166,0.000124242945534496,-0.00060156073825668));
#14484=DIRECTION('',(0.0,0.629320391048477,-0.777145961458072));
#14485=DIRECTION('',(1.0,0.0,0.0));
#14486=DIRECTION('',(0.0,-0.629320391048477,0.777145961458072));
#14487=DIRECTION('',(-0.999999997317391,-7.00629928497494E-05,-2.13634148823198E-05));
#14488=DIRECTION('',(0.0,-0.999993980758629,0.0034696464531891));
#14489=CARTESIAN_POINT('',(-1.225,-1.425,-4.099000017874));
#14490=DIRECTION('',(0.0,0.0,1.0));
#14491=DIRECTION('',(-1.0,0.0,0.0));
#14492=DIRECTION('',(-1.0,0.0,0.0));
#14493=CARTESIAN_POINT('',(1.225,-1.425,-4.099000017874));
#14494=DIRECTION('',(0.0,0.0,1.0));
#14495=DIRECTION('',(0.0,-1.0,0.0));
#14496=DIRECTION('',(0.0,-0.999995899851958,0.00286361297548188));
#14497=DIRECTION('',(0.0,0.0,1.0));
#14498=DIRECTION('',(0.0,-1.0,0.0));
#14499=DIRECTION('',(0.0,0.0,-1.0));
#14500=DIRECTION('',(0.0,-1.0,0.0));
#14501=DIRECTION('',(0.0,-1.0,0.0));
#14502=DIRECTION('',(-1.0,0.0,0.0));
#14503=DIRECTION('',(0.0,1.0,0.0));
#14504=DIRECTION('',(1.0,0.0,0.0));
#14505=CARTESIAN_POINT('',(3.2,-0.075,-4.099000017874));
#14506=DIRECTION('',(0.0,0.0,1.0));
#14507=DIRECTION('',(0.0,-1.0,0.0));
#14508=DIRECTION('',(0.0,-1.0,0.0));
#14509=CARTESIAN_POINT('',(3.2,1.425,-4.099000017874));
#14510=DIRECTION('',(0.0,0.0,1.0));
#14511=DIRECTION('',(1.0,0.0,0.0));
#14512=DIRECTION('',(-1.0,0.0,0.0));
#14513=CARTESIAN_POINT('',(-3.2,1.425,-4.099000017874));
#14514=DIRECTION('',(0.0,-0.0,1.0));
#14515=DIRECTION('',(0.0,1.0,0.0));
#14516=DIRECTION('',(0.0,1.0,0.0));
#14517=CARTESIAN_POINT('',(-3.2,-0.075,-4.099000017874));
#14518=DIRECTION('',(0.0,0.0,1.0));
#14519=DIRECTION('',(-1.0,0.0,0.0));
#14520=DIRECTION('',(1.0,0.0,0.0));
#14521=DIRECTION('',(0.0,1.0,0.0));
#14522=DIRECTION('',(-1.0,0.0,0.0));
#14523=DIRECTION('',(0.0,-1.0,0.0));
#14524=DIRECTION('',(0.0,-1.0,0.0));
#14525=DIRECTION('',(0.0,-1.0,0.0));
#14526=DIRECTION('',(2.085638127317E-06,0.999999999996399,-1.688916453973E-06));
#14527=DIRECTION('',(1.0,-5.936294539821E-14,0.0));
#14528=DIRECTION('',(-1.0,3.884957040216E-14,0.0));
#14529=DIRECTION('',(-0.999999999999957,-2.2775154993749E-07,1.84429548640292E-07));
#14530=DIRECTION('',(1.0,3.256654205563E-14,0.0));
#14531=DIRECTION('',(2.085647650871E-06,-0.999999999996399,1.68892416922E-06));
#14532=DIRECTION('',(0.0,1.0,0.0));
#14533=DIRECTION('',(1.0,0.0,0.0));
#14534=DIRECTION('',(0.0,1.0,0.0));
#14535=DIRECTION('',(-1.0,0.0,0.0));
#14536=DIRECTION('',(0.0,-1.0,0.0));
#14537=DIRECTION('',(0.0,0.0,-1.0));
#14538=DIRECTION('',(0.0,1.0,0.0));
#14539=DIRECTION('',(0.0,0.0,-1.0));
#14540=CARTESIAN_POINT('',(-1.225,-1.425,-4.900000017874));
#14541=DIRECTION('',(0.0,0.0,-1.0));
#14542=DIRECTION('',(0.0,-1.0,0.0));
#14543=DIRECTION('',(0.0,0.0,1.0));
#14544=DIRECTION('',(1.0,0.0,0.0));
#14545=DIRECTION('',(0.0,0.0,-1.0));
#14546=CARTESIAN_POINT('',(1.225,-1.425,-4.900000017874));
#14547=DIRECTION('',(0.0,0.0,-1.0));
#14548=DIRECTION('',(1.0,0.0,0.0));
#14549=CARTESIAN_POINT('',(3.2,1.425,-4.900000017874));
#14550=DIRECTION('',(0.0,0.0,-1.0));
#14551=DIRECTION('',(0.0,1.0,0.0));
#14552=DIRECTION('',(0.0,1.0,0.0));
#14553=CARTESIAN_POINT('',(3.2,-0.075,-4.900000017874));
#14554=DIRECTION('',(0.0,0.0,-1.0));
#14555=DIRECTION('',(1.0,0.0,0.0));
#14556=DIRECTION('',(-1.0,0.0,0.0));
#14557=DIRECTION('',(-1.0,0.0,0.0));
#14558=CARTESIAN_POINT('',(-3.2,-0.075,-4.900000017874));
#14559=DIRECTION('',(0.0,0.0,-1.0));
#14560=DIRECTION('',(0.0,-1.0,0.0));
#14561=DIRECTION('',(0.0,-1.0,0.0));
#14562=CARTESIAN_POINT('',(-3.2,1.425,-4.900000017874));
#14563=DIRECTION('',(0.0,0.0,-1.0));
#14564=DIRECTION('',(-1.0,0.0,0.0));
#14565=DIRECTION('',(1.0,0.0,0.0));
#14566=DIRECTION('',(0.0,0.0,-1.0));
#14567=DIRECTION('',(0.0,0.0,1.0));
#14568=DIRECTION('',(0.0,0.0,-1.0));
#14569=DIRECTION('',(0.0,0.0,1.0));
#14570=DIRECTION('',(0.0,0.0,-1.0));
#14571=DIRECTION('',(0.0,0.0,1.0));
#14572=DIRECTION('',(-1.0,0.0,0.0));
#14573=DIRECTION('',(0.0,0.0,-1.0));
#14574=DIRECTION('',(0.0,0.0,-1.0));
#14575=DIRECTION('',(-1.0,0.0,0.0));
#14576=DIRECTION('',(0.0,0.0,1.0));
#14577=DIRECTION('',(1.0,0.0,0.0));
#14578=CARTESIAN_POINT('',(2.125,-0.975,-3.240681053042));
#14579=DIRECTION('',(1.0,0.0,0.0));
#14580=DIRECTION('',(0.0,1.0,0.0));
#14581=CARTESIAN_POINT('',(2.625,-0.975,-3.240681053042));
#14582=DIRECTION('',(-1.0,0.0,0.0));
#14583=DIRECTION('',(0.0,0.642787609686015,0.766044443119418));
#14584=DIRECTION('',(-1.0,0.0,0.0));
#14585=DIRECTION('',(-2.38250414165405E-14,-0.766044443118916,0.642787609686613));
#14586=DIRECTION('',(2.38250414165505E-14,0.766044443118916,-0.642787609686613));
#14587=DIRECTION('',(-1.0,0.0,0.0));
#14588=DIRECTION('',(0.0,0.0,-1.0));
#14589=CARTESIAN_POINT('',(-2.2,-0.925,2.269040017874));
#14590=DIRECTION('',(0.0,-1.0,-0.0));
#14591=DIRECTION('',(-1.0,0.0,-3.330669073875E-14));
#14592=DIRECTION('',(1.0,0.0,0.0));
#14593=CARTESIAN_POINT('',(2.2,-0.925,2.269040017874));
#14594=DIRECTION('',(0.0,-1.0,0.0));
#14595=DIRECTION('',(1.998401444325E-14,0.0,-1.0));
#14596=DIRECTION('',(0.0,0.0,1.0));
#14597=DIRECTION('',(1.0,0.0,0.0));
#14598=DIRECTION('',(0.0,0.0,-1.0));
#14599=DIRECTION('',(0.0,0.0,1.0));
#14600=DIRECTION('',(0.0,0.0,-1.0));
#14601=DIRECTION('',(1.0,0.0,0.0));
#14602=DIRECTION('',(0.0,0.0,-1.0));
#14603=DIRECTION('',(0.0,8.42447678291E-11,-1.0));
#14604=DIRECTION('',(0.0,-3.865668036991E-10,-1.0));
#14605=DIRECTION('',(1.0,0.0,0.0));
#14606=DIRECTION('',(-1.0,0.0,-3.10862446895E-14));
#14607=DIRECTION('',(0.0,0.00140639854375597,0.999999011021079));
#14608=DIRECTION('',(1.0,0.0,-3.10862446895E-14));
#14609=CARTESIAN_POINT('',(2.825,-0.925,-2.399997982126));
#14610=DIRECTION('',(0.0,-1.0,0.0));
#14611=DIRECTION('',(4.115226677944E-13,0.0,-1.0));
#14612=DIRECTION('',(0.0,0.0,1.0));
#14613=CARTESIAN_POINT('',(2.825,-0.925,-2.299997982126));
#14614=DIRECTION('',(0.0,-1.0,0.0));
#14615=DIRECTION('',(1.0,0.0,0.0));
#14616=CARTESIAN_POINT('',(2.875,-0.925,-2.004193992971));
#14617=DIRECTION('',(0.0,1.0,0.0));
#14618=DIRECTION('',(-0.166666667127901,0.0,-0.986013297105306));
#14619=DIRECTION('',(0.0,0.0,1.0));
#14620=CARTESIAN_POINT('',(2.575,-0.925,-1.249997982126));
#14621=DIRECTION('',(0.0,-1.0,0.0));
#14622=DIRECTION('',(1.0,0.0,0.0));
#14623=DIRECTION('',(-1.0,0.0,0.0));
#14624=CARTESIAN_POINT('',(2.175,-0.925,-1.249997982126));
#14625=DIRECTION('',(0.0,-1.0,0.0));
#14626=DIRECTION('',(-4.292862361884E-13,0.0,1.0));
#14627=DIRECTION('',(0.0,0.0,-1.0));
#14628=CARTESIAN_POINT('',(1.875,-0.925,-2.004193992971));
#14629=DIRECTION('',(-0.0,1.0,0.0));
#14630=DIRECTION('',(1.0,0.0,0.0));
#14631=CARTESIAN_POINT('',(1.925,-0.925,-2.299997982126));
#14632=DIRECTION('',(0.0,-1.0,0.0));
#14633=DIRECTION('',(-0.166666667064504,0.0,0.986013297116023));
#14634=DIRECTION('',(0.0,0.0,-1.0));
#14635=CARTESIAN_POINT('',(1.925,-0.925,-2.399997982126));
#14636=DIRECTION('',(0.0,-1.0,0.0));
#14637=DIRECTION('',(-1.0,0.0,1.480297366167E-14));
#14638=DIRECTION('',(1.0,0.0,3.10862446895E-14));
#14639=DIRECTION('',(0.0,-0.00141784505400899,-0.999998994857196));
#14640=DIRECTION('',(-1.0,0.0,3.10862446895E-14));
#14641=DIRECTION('',(0.0,0.0,-1.0));
#14642=DIRECTION('',(0.0,0.0,1.0));
#14643=CARTESIAN_POINT('',(0.85,-0.925,1.299521017874));
#14644=DIRECTION('',(0.0,-1.0,0.0));
#14645=DIRECTION('',(0.8666666666667,0.0,-0.4988876515698));
#14646=CARTESIAN_POINT('',(0.85,-0.925,1.299521017874));
#14647=DIRECTION('',(0.0,-1.0,0.0));
#14648=DIRECTION('',(1.0,0.0,0.0));
#14649=DIRECTION('',(-1.0,0.0,0.0));
#14650=CARTESIAN_POINT('',(-0.85,-0.925,1.299521017874));
#14651=DIRECTION('',(0.0,-1.0,0.0));
#14652=DIRECTION('',(-3.10862446895E-14,0.0,1.0));
#14653=CARTESIAN_POINT('',(-0.85,-0.925,1.299521017874));
#14654=DIRECTION('',(0.0,-1.0,0.0));
#14655=DIRECTION('',(-1.0,0.0,0.0));
#14656=DIRECTION('',(-3.503785191103E-13,0.0,1.0));
#14657=CARTESIAN_POINT('',(-0.85,-0.925,0.3995210178741));
#14658=DIRECTION('',(0.0,-1.0,0.0));
#14659=DIRECTION('',(-0.866666666666657,0.0,0.498887651569875));
#14660=CARTESIAN_POINT('',(-0.85,-0.925,0.3995210178741));
#14661=DIRECTION('',(0.0,-1.0,0.0));
#14662=DIRECTION('',(-1.0,0.0,0.0));
#14663=DIRECTION('',(1.0,0.0,0.0));
#14664=CARTESIAN_POINT('',(0.85,-0.925,0.3995210178741));
#14665=DIRECTION('',(0.0,-1.0,0.0));
#14666=DIRECTION('',(0.0,0.0,-1.0));
#14667=CARTESIAN_POINT('',(0.85,-0.925,0.3995210178741));
#14668=DIRECTION('',(0.0,-1.0,0.0));
#14669=DIRECTION('',(1.0,0.0,1.702341971092E-14));
#14670=DIRECTION('',(3.484549883888E-13,0.0,-1.0));
#14671=DIRECTION('',(-1.0,0.0,0.0));
#14672=DIRECTION('',(0.0,0.0,1.0));
#14673=DIRECTION('',(-1.0,0.0,-3.10862446895E-14));
#14674=DIRECTION('',(0.0,0.00140639854375597,0.999999011021079));
#14675=DIRECTION('',(1.0,0.0,-3.10862446895E-14));
#14676=CARTESIAN_POINT('',(-1.925,-0.925,-2.399997982126));
#14677=DIRECTION('',(0.0,-1.0,0.0));
#14678=DIRECTION('',(4.056014783297E-13,0.0,-1.0));
#14679=DIRECTION('',(0.0,0.0,1.0));
#14680=CARTESIAN_POINT('',(-1.925,-0.925,-2.299997982126));
#14681=DIRECTION('',(0.0,-1.0,0.0));
#14682=DIRECTION('',(1.0,0.0,0.0));
#14683=CARTESIAN_POINT('',(-1.875,-0.925,-2.004193992971));
#14684=DIRECTION('',(0.0,1.0,0.0));
#14685=DIRECTION('',(-0.166666667064504,0.0,-0.986013297116023));
#14686=DIRECTION('',(0.0,0.0,1.0));
#14687=CARTESIAN_POINT('',(-2.175,-0.925,-1.249997982126));
#14688=DIRECTION('',(0.0,-1.0,0.0));
#14689=DIRECTION('',(1.0,0.0,0.0));
#14690=DIRECTION('',(-1.0,0.0,0.0));
#14691=CARTESIAN_POINT('',(-2.575,-0.925,-1.249997982126));
#14692=DIRECTION('',(0.0,-1.0,0.0));
#14693=DIRECTION('',(-4.263256414561E-13,0.0,1.0));
#14694=DIRECTION('',(0.0,0.0,-1.0));
#14695=CARTESIAN_POINT('',(-2.875,-0.925,-2.004193992971));
#14696=DIRECTION('',(-0.0,1.0,0.0));
#14697=DIRECTION('',(1.0,0.0,0.0));
#14698=CARTESIAN_POINT('',(-2.825,-0.925,-2.299997982126));
#14699=DIRECTION('',(0.0,-1.0,0.0));
#14700=DIRECTION('',(-0.166666667064504,0.0,0.986013297116023));
#14701=DIRECTION('',(0.0,0.0,-1.0));
#14702=CARTESIAN_POINT('',(-2.825,-0.925,-2.399997982126));
#14703=DIRECTION('',(0.0,-1.0,0.0));
#14704=DIRECTION('',(-1.0,0.0,0.0));
#14705=DIRECTION('',(1.0,0.0,3.10862446895E-14));
#14706=DIRECTION('',(0.0,-0.00140633886560301,-0.999999011105009));
#14707=DIRECTION('',(-1.0,0.0,3.10862446895E-14));
#14708=DIRECTION('',(0.0,0.0,-1.0));
#14709=CARTESIAN_POINT('',(-2.625,-1.225,-2.976997982126));
#14710=DIRECTION('',(1.0,0.0,0.0));
#14711=DIRECTION('',(0.0,1.0,-2.812564995717E-14));
#14712=DIRECTION('',(0.0,1.145246196276E-14,1.0));
#14713=CARTESIAN_POINT('',(-2.625,-0.075,-2.620248495719));
#14714=DIRECTION('',(-1.0,0.0,0.0));
#14715=DIRECTION('',(0.0,-1.0,0.0));
#14716=DIRECTION('',(0.0,0.196116135138203,0.980580675690916));
#14717=DIRECTION('',(0.0,0.0,-1.0));
#14718=CARTESIAN_POINT('',(-2.625,-0.975,-3.240681053042));
#14719=DIRECTION('',(1.0,0.0,0.0));
#14720=DIRECTION('',(0.0,1.0,0.0));
#14721=DIRECTION('',(-4.7650082833091E-14,-0.766044443118916,0.642787609686613));
#14722=DIRECTION('',(-1.0,0.0,0.0));
#14723=DIRECTION('',(4.7650082833091E-14,0.766044443118916,-0.642787609686613));
#14724=CARTESIAN_POINT('',(-2.125,-1.225,-2.976997982126));
#14725=DIRECTION('',(-1.0,0.0,0.0));
#14726=DIRECTION('',(0.0,0.500000000000017,0.866025403784429));
#14727=CARTESIAN_POINT('',(-2.125,-0.975,-3.240681053042));
#14728=DIRECTION('',(-1.0,0.0,0.0));
#14729=DIRECTION('',(0.0,0.642787609686015,0.766044443119418));
#14730=DIRECTION('',(0.0,0.0,1.0));
#14731=DIRECTION('',(0.0,-0.196116135138203,-0.980580675690916));
#14732=CARTESIAN_POINT('',(-2.125,-0.075,-2.620248495719));
#14733=DIRECTION('',(1.0,0.0,0.0));
#14734=DIRECTION('',(0.0,-0.980580675690916,0.196116135138203));
#14735=DIRECTION('',(0.0,-1.374295435531E-14,-1.0));
#14736=DIRECTION('',(-1.0,0.0,0.0));
#14737=DIRECTION('',(1.0,0.0,0.0));
#14738=DIRECTION('',(-1.0,0.0,0.0));
#14739=DIRECTION('',(-1.0,0.0,0.0));
#14740=DIRECTION('',(0.0,0.0,1.0));
#14741=DIRECTION('',(0.0,0.0,1.0));
#14742=DIRECTION('',(-1.0,0.0,0.0));
#14743=DIRECTION('',(0.0,0.0,-1.0));
#14744=DIRECTION('',(1.0,0.0,0.0));
#14745=DIRECTION('',(0.0,0.316227766016808,0.948683298050524));
#14746=DIRECTION('',(0.0,-1.0,0.0));
#14747=DIRECTION('',(0.0,0.707106781186548,-0.707106781186548));
#14748=DIRECTION('',(0.0,0.0,1.0));
#14749=CARTESIAN_POINT('',(-2.725,-0.225,-3.949000017874));
#14750=DIRECTION('',(1.0,0.0,0.0));
#14751=DIRECTION('',(0.0,-1.0,0.0));
#14752=CARTESIAN_POINT('',(-2.025,-0.225,-3.949000017874));
#14753=DIRECTION('',(-1.0,0.0,0.0));
#14754=DIRECTION('',(0.0,0.0,-1.0));
#14755=DIRECTION('',(1.0,0.0,0.0));
#14756=DIRECTION('',(1.0,0.0,0.0));
#14757=DIRECTION('',(0.0,0.0,-1.0));
#14758=DIRECTION('',(0.0,-0.707106781186498,0.707106781186597));
#14759=DIRECTION('',(0.0,-1.0,0.0));
#14760=DIRECTION('',(0.0,-0.316227766016808,-0.948683298050524));
#14761=DIRECTION('',(1.0,0.0,0.0));
#14762=DIRECTION('',(1.0,0.0,0.0));
#14763=DIRECTION('',(0.0,0.0,-1.0));
#14764=DIRECTION('',(0.0,0.0,1.0));
#14765=DIRECTION('',(1.0,0.0,0.0));
#14766=DIRECTION('',(0.0,-0.936672189248498,0.350207381259199));
#14767=DIRECTION('',(0.0,0.0,-1.0));
#14768=DIRECTION('',(0.0,-1.0,0.0));
#14769=DIRECTION('',(-1.0,0.0,3.10862446895E-14));
#14770=DIRECTION('',(0.0,-1.0,0.0));
#14771=CARTESIAN_POINT('',(-1.925,-1.225,-2.399997982126));
#14772=DIRECTION('',(-0.0,1.0,0.0));
#14773=DIRECTION('',(1.0,0.0,3.848773152034E-14));
#14774=DIRECTION('',(0.0,1.0,0.0));
#14775=DIRECTION('',(0.0,0.0,-1.0));
#14776=DIRECTION('',(0.0,-1.0,0.0));
#14777=CARTESIAN_POINT('',(-1.925,-1.225,-2.299997982126));
#14778=DIRECTION('',(-0.0,1.0,0.0));
#14779=DIRECTION('',(0.166666667064504,0.0,0.986013297116023));
#14780=DIRECTION('',(1.294446031845E-10,-1.0,-4.120407718725E-11));
#14781=CARTESIAN_POINT('',(-1.875,-1.225,-2.004193992971));
#14782=DIRECTION('',(0.0,-1.0,0.0));
#14783=DIRECTION('',(-1.0,0.0,0.0));
#14784=DIRECTION('',(0.0,1.0,0.0));
#14785=DIRECTION('',(0.0,0.0,-1.0));
#14786=DIRECTION('',(0.0,-1.0,0.0));
#14787=CARTESIAN_POINT('',(-2.175,-1.225,-1.249997982126));
#14788=DIRECTION('',(-0.0,1.0,0.0));
#14789=DIRECTION('',(4.233650467237E-13,0.0,1.0));
#14790=DIRECTION('',(0.0,1.0,0.0));
#14791=DIRECTION('',(1.0,0.0,0.0));
#14792=DIRECTION('',(0.0,-1.0,0.0));
#14793=CARTESIAN_POINT('',(-2.575,-1.225,-1.249997982126));
#14794=DIRECTION('',(0.0,1.0,0.0));
#14795=DIRECTION('',(-1.0,0.0,0.0));
#14796=DIRECTION('',(0.0,1.0,0.0));
#14797=DIRECTION('',(0.0,0.0,1.0));
#14798=DIRECTION('',(0.0,-1.0,0.0));
#14799=CARTESIAN_POINT('',(-2.875,-1.225,-2.004193992971));
#14800=DIRECTION('',(0.0,-1.0,0.0));
#14801=DIRECTION('',(0.166666667064504,0.0,-0.986013297116023));
#14802=DIRECTION('',(1.294431228871E-10,-1.0,4.120407718725E-11));
#14803=CARTESIAN_POINT('',(-2.825,-1.225,-2.299997982126));
#14804=DIRECTION('',(0.0,1.0,0.0));
#14805=DIRECTION('',(-1.0,0.0,0.0));
#14806=DIRECTION('',(0.0,1.0,0.0));
#14807=DIRECTION('',(0.0,0.0,1.0));
#14808=DIRECTION('',(0.0,-1.0,0.0));
#14809=CARTESIAN_POINT('',(-2.825,-1.225,-2.399997982126));
#14810=DIRECTION('',(0.0,1.0,0.0));
#14811=DIRECTION('',(-4.144832625267E-13,0.0,-1.0));
#14812=DIRECTION('',(0.0,1.0,0.0));
#14813=DIRECTION('',(-1.0,0.0,-3.10862446895E-14));
#14814=DIRECTION('',(0.0,-1.0,0.0));
#14815=DIRECTION('',(0.0,0.0,1.0));
#14816=DIRECTION('',(0.0,0.936672189248498,-0.350207381259199));
#14817=DIRECTION('',(0.0,0.936672189248498,-0.350207381259199));
#14818=DIRECTION('',(-1.0,0.0,0.0));
#14819=DIRECTION('',(0.0,-0.936672189248498,0.350207381259199));
#14820=DIRECTION('',(0.0,-0.350207381259495,-0.936672189248387));
#14821=DIRECTION('',(0.0,0.414693242656306,-0.909961270876513));
#14822=DIRECTION('',(0.0,0.936672189248465,-0.350207381259287));
#14823=DIRECTION('',(0.0,0.0,1.0));
#14824=DIRECTION('',(0.0,0.0,-1.0));
#14825=DIRECTION('',(0.0,0.0,1.0));
#14826=DIRECTION('',(0.0,0.0,-1.0));
#14827=DIRECTION('',(1.0,0.0,0.0));
#14828=DIRECTION('',(0.0,0.0,-1.0));
#14829=DIRECTION('',(0.0,0.0,-1.0));
#14830=DIRECTION('',(0.0,0.0,-1.0));
#14831=DIRECTION('',(-0.447213595499998,0.0,0.894427190999896));
#14832=DIRECTION('',(1.0,0.0,0.0));
#14833=DIRECTION('',(-0.447213595499998,0.0,-0.894427190999896));
#14834=DIRECTION('',(0.0,0.0,-1.0));
#14835=CARTESIAN_POINT('',(2.2,-1.225,2.269040017874));
#14836=DIRECTION('',(0.0,1.0,0.0));
#14837=DIRECTION('',(1.0,0.0,-1.7763568394E-14));
#14838=DIRECTION('',(-1.0,0.0,0.0));
#14839=CARTESIAN_POINT('',(-2.2,-1.225,2.269040017874));
#14840=DIRECTION('',(0.0,1.0,0.0));
#14841=DIRECTION('',(0.0,0.0,-1.0));
#14842=DIRECTION('',(0.0,0.0,1.0));
#14843=DIRECTION('',(-0.447213595499998,0.0,0.894427190999896));
#14844=DIRECTION('',(1.0,0.0,0.0));
#14845=DIRECTION('',(-0.447213595499998,0.0,-0.894427190999896));
#14846=CARTESIAN_POINT('',(0.85,-1.225,0.3995210178741));
#14847=DIRECTION('',(-0.0,1.0,0.0));
#14848=DIRECTION('',(1.0,0.0,0.0));
#14849=DIRECTION('',(-1.0,0.0,0.0));
#14850=CARTESIAN_POINT('',(-0.85,-1.225,0.3995210178741));
#14851=DIRECTION('',(0.0,1.0,0.0));
#14852=DIRECTION('',(0.0,0.0,-1.0));
#14853=CARTESIAN_POINT('',(-0.85,-1.225,0.3995210178741));
#14854=DIRECTION('',(0.0,1.0,0.0));
#14855=DIRECTION('',(-1.0,0.0,1.702341971092E-14));
#14856=DIRECTION('',(0.0,0.0,-1.0));
#14857=CARTESIAN_POINT('',(-0.85,-1.225,1.299521017874));
#14858=DIRECTION('',(0.0,1.0,0.0));
#14859=DIRECTION('',(-0.866666666666657,0.0,-0.498887651569875));
#14860=CARTESIAN_POINT('',(-0.85,-1.225,1.299521017874));
#14861=DIRECTION('',(0.0,1.0,0.0));
#14862=DIRECTION('',(-1.0,0.0,0.0));
#14863=DIRECTION('',(1.0,0.0,0.0));
#14864=CARTESIAN_POINT('',(0.85,-1.225,1.299521017874));
#14865=DIRECTION('',(0.0,1.0,0.0));
#14866=DIRECTION('',(-3.256654205567E-14,0.0,1.0));
#14867=CARTESIAN_POINT('',(0.85,-1.225,1.299521017874));
#14868=DIRECTION('',(-0.0,1.0,0.0));
#14869=DIRECTION('',(1.0,0.0,0.0));
#14870=DIRECTION('',(0.0,0.0,1.0));
#14871=CARTESIAN_POINT('',(0.85,-1.225,0.3995210178741));
#14872=DIRECTION('',(-0.0,1.0,0.0));
#14873=DIRECTION('',(0.866666666666657,0.0,0.498887651569875));
#14874=CARTESIAN_POINT('',(2.575,-1.225,-1.249997982126));
#14875=DIRECTION('',(-0.0,1.0,0.0));
#14876=DIRECTION('',(4.292862361884E-13,0.0,1.0));
#14877=DIRECTION('',(0.0,0.0,-1.0));
#14878=CARTESIAN_POINT('',(2.875,-1.225,-2.004193992971));
#14879=DIRECTION('',(0.0,-1.0,0.0));
#14880=DIRECTION('',(-1.0,0.0,0.0));
#14881=CARTESIAN_POINT('',(2.825,-1.225,-2.299997982126));
#14882=DIRECTION('',(-0.0,1.0,0.0));
#14883=DIRECTION('',(0.166666667127804,0.0,0.986013297105323));
#14884=DIRECTION('',(0.0,0.0,-1.0));
#14885=CARTESIAN_POINT('',(2.825,-1.225,-2.399997982126));
#14886=DIRECTION('',(-0.0,1.0,0.0));
#14887=DIRECTION('',(1.0,0.0,0.0));
#14888=DIRECTION('',(-1.0,0.0,3.10862446895E-14));
#14889=DIRECTION('',(0.0,0.0,-1.0));
#14890=DIRECTION('',(0.0,0.0,1.0));
#14891=DIRECTION('',(-1.0,0.0,0.0));
#14892=DIRECTION('',(0.0,0.0,-1.0));
#14893=DIRECTION('',(0.0,0.0,1.0));
#14894=DIRECTION('',(-1.0,0.0,-3.10862446895E-14));
#14895=CARTESIAN_POINT('',(1.925,-1.225,-2.399997982126));
#14896=DIRECTION('',(0.0,1.0,0.0));
#14897=DIRECTION('',(-4.115226677944E-13,0.0,-1.0));
#14898=DIRECTION('',(0.0,0.0,1.0));
#14899=CARTESIAN_POINT('',(1.925,-1.225,-2.299997982126));
#14900=DIRECTION('',(0.0,1.0,0.0));
#14901=DIRECTION('',(-1.0,0.0,0.0));
#14902=CARTESIAN_POINT('',(1.875,-1.225,-2.004193992971));
#14903=DIRECTION('',(0.0,-1.0,0.0));
#14904=DIRECTION('',(0.166666667064504,0.0,-0.986013297116023));
#14905=DIRECTION('',(0.0,0.0,1.0));
#14906=CARTESIAN_POINT('',(2.175,-1.225,-1.249997982126));
#14907=DIRECTION('',(0.0,1.0,0.0));
#14908=DIRECTION('',(-1.0,0.0,0.0));
#14909=DIRECTION('',(1.0,0.0,0.0));
#14910=DIRECTION('',(-1.0,0.0,0.0));
#14911=DIRECTION('',(0.0,0.0,-1.0));
#14912=CARTESIAN_POINT('',(-2.8,-1.225,3.550000017874));
#14913=DIRECTION('',(0.0,1.0,0.0));
#14914=DIRECTION('',(-1.0,0.0,0.0));
#14915=DIRECTION('',(0.0,0.0,1.0));
#14916=CARTESIAN_POINT('',(-2.8,-1.225,2.450000017874));
#14917=DIRECTION('',(-0.0,1.0,0.0));
#14918=DIRECTION('',(1.0,0.0,0.0));
#14919=DIRECTION('',(0.0,0.0,-1.0));
#14920=CARTESIAN_POINT('',(2.8,-1.225,3.550000017874));
#14921=DIRECTION('',(0.0,1.0,0.0));
#14922=DIRECTION('',(-1.0,0.0,0.0));
#14923=DIRECTION('',(0.0,0.0,1.0));
#14924=CARTESIAN_POINT('',(2.8,-1.225,2.450000017874));
#14925=DIRECTION('',(-0.0,1.0,0.0));
#14926=DIRECTION('',(1.0,0.0,0.0));
#14927=DIRECTION('',(0.0,0.0,-1.0));
#14928=CARTESIAN_POINT('',(2.55,-1.325,3.550000017874));
#14929=DIRECTION('',(0.0,0.0,-1.0));
#14930=DIRECTION('',(0.0,1.0,0.0));
#14931=CARTESIAN_POINT('',(2.55,-1.325,2.450000017874));
#14932=DIRECTION('',(0.0,-0.0,1.0));
#14933=DIRECTION('',(0.866025403784454,0.499999999999974,0.0));
#14934=DIRECTION('',(0.0,0.0,1.0));
#14935=CARTESIAN_POINT('',(2.723205080757,-1.225,2.450000017874));
#14936=DIRECTION('',(0.0,0.0,-1.0));
#14937=DIRECTION('',(1.199040866595E-13,-1.0,0.0));
#14938=DIRECTION('',(0.0,0.0,1.0));
#14939=CARTESIAN_POINT('',(2.723205080757,-1.225,3.550000017874));
#14940=DIRECTION('',(3.59387346558564E-14,-1.06656635368627E-13,1.0));
#14941=DIRECTION('',(-0.866025403784317,-0.50000000000021,-2.22044604925004E-14));
#14942=CARTESIAN_POINT('',(2.8,-1.325,3.550000017874));
#14943=DIRECTION('',(2.46535342596844E-26,-1.0,-1.06581410364E-13));
#14944=DIRECTION('',(1.0,-4.67130391440957E-42,2.313117660527E-13));
#14945=CARTESIAN_POINT('',(2.876794919243,-1.225,3.550000017874));
#14946=DIRECTION('',(-2.472483171845E-14,-1.06581410363999E-13,1.0));
#14947=DIRECTION('',(-3.99680288865E-14,-1.0,-1.06581410364E-13));
#14948=CARTESIAN_POINT('',(2.8,-1.275,3.550000017874));
#14949=DIRECTION('',(0.0,-1.0,-1.06581410364E-13));
#14950=DIRECTION('',(1.0,0.0,0.0));
#14951=CARTESIAN_POINT('',(3.05,-1.325,3.550000017874));
#14952=DIRECTION('',(0.0,0.0,-1.0));
#14953=DIRECTION('',(-0.866025403784429,0.500000000000017,0.0));
#14954=CARTESIAN_POINT('',(3.05,-1.325,2.450000017874));
#14955=DIRECTION('',(0.0,-0.0,1.0));
#14956=DIRECTION('',(0.0,1.0,0.0));
#14957=DIRECTION('',(0.0,0.0,-1.0));
#14958=DIRECTION('',(0.0,0.0,-1.0));
#14959=CARTESIAN_POINT('',(2.876794919243,-1.225,2.450000017874));
#14960=DIRECTION('',(0.0,0.0,-1.0));
#14961=DIRECTION('',(0.866025403784497,-0.499999999999898,0.0));
#14962=CARTESIAN_POINT('',(2.8,-1.325,2.450000017874));
#14963=DIRECTION('',(0.0,-1.0,-0.0));
#14964=DIRECTION('',(-1.0,0.0,-1.908322069935E-13));
#14965=CARTESIAN_POINT('',(2.8,-1.275,2.450000017874));
#14966=DIRECTION('',(0.0,-1.0,0.0));
#14967=DIRECTION('',(-1.0,0.0,0.0));
#14968=CARTESIAN_POINT('',(0.85,-0.91,0.3995210178741));
#14969=DIRECTION('',(0.0,-1.0,0.0));
#14970=DIRECTION('',(0.474367604248897,0.0,0.880326857501895));
#14971=DIRECTION('',(0.0,-1.0,0.0));
#14972=DIRECTION('',(0.0,1.0,0.0));
#14973=CARTESIAN_POINT('',(0.98,-0.825,0.5495210178741));
#14974=DIRECTION('',(-0.0,0.0,-1.0));
#14975=DIRECTION('',(-0.324999999999996,-0.945714015968888,0.0));
#14976=DIRECTION('',(-0.939692620785897,0.342020143325699,0.0));
#14977=CARTESIAN_POINT('',(0.0,-1.426069165647,0.5495210178741));
#14978=DIRECTION('',(0.0,-0.0,1.0));
#14979=DIRECTION('',(0.342020143325611,0.93969262078593,0.0));
#14980=DIRECTION('',(-0.939692620785897,-0.342020143325699,0.0));
#14981=CARTESIAN_POINT('',(-0.98,-0.825,0.5495210178741));
#14982=DIRECTION('',(0.0,0.0,-1.0));
#14983=DIRECTION('',(0.34202014332781,-0.939692620785129,0.0));
#14984=DIRECTION('',(0.0,-1.0,0.0));
#14985=DIRECTION('',(1.0,0.0,0.0));
#14986=DIRECTION('',(0.0,0.0,-1.0));
#14987=DIRECTION('',(-1.0,0.0,0.0));
#14988=DIRECTION('',(0.0,0.0,-1.0));
#14989=DIRECTION('',(-1.0,0.0,0.0));
#14990=DIRECTION('',(0.0,0.0,1.0));
#14991=DIRECTION('',(-1.0,0.0,0.0));
#14992=DIRECTION('',(0.0,0.0,1.0));
#14993=DIRECTION('',(1.0,0.0,0.0));
#14994=DIRECTION('',(0.0,0.0,-1.0));
#14995=CARTESIAN_POINT('',(-0.85,-0.91,1.299521017874));
#14996=DIRECTION('',(0.0,-1.0,-0.0));
#14997=DIRECTION('',(-0.474367604248778,0.0,-0.880326857501959));
#14998=DIRECTION('',(-1.0,0.0,0.0));
#14999=CARTESIAN_POINT('',(0.85,-0.91,1.299521017874));
#15000=DIRECTION('',(0.0,-1.0,-0.0));
#15001=DIRECTION('',(-1.7763568394E-14,0.0,-1.0));
#15002=DIRECTION('',(0.0,0.0,1.0));
#15003=CARTESIAN_POINT('',(-0.85,-0.91,0.3995210178741));
#15004=DIRECTION('',(0.0,-1.0,0.0));
#15005=DIRECTION('',(0.0,0.0,1.0));
#15006=DIRECTION('',(0.0,1.0,0.0));
#15007=DIRECTION('',(-6.653524213472E-12,-2.480927324424E-12,-1.0));
#15008=DIRECTION('',(0.0,-1.0,0.0));
#15009=DIRECTION('',(0.0,1.0,0.0));
#15010=CARTESIAN_POINT('',(-0.98,-0.825,1.149521017874));
#15011=DIRECTION('',(0.0,0.0,1.0));
#15012=DIRECTION('',(0.324999999999996,-0.945714015968888,0.0));
#15013=DIRECTION('',(0.939692620785897,0.342020143325699,0.0));
#15014=CARTESIAN_POINT('',(0.0,-1.426069165647,1.149521017874));
#15015=DIRECTION('',(0.0,0.0,-1.0));
#15016=DIRECTION('',(-0.342020143325611,0.93969262078593,0.0));
#15017=DIRECTION('',(0.939692620785897,-0.342020143325699,0.0));
#15018=CARTESIAN_POINT('',(0.98,-0.825,1.149521017874));
#15019=DIRECTION('',(0.0,0.0,1.0));
#15020=DIRECTION('',(-0.342020143327216,-0.939692620785345,0.0));
#15021=DIRECTION('',(0.0,-1.0,0.0));
#15022=DIRECTION('',(0.0,1.0,0.0));
#15023=DIRECTION('',(6.073817126494E-12,-2.269717501378E-12,1.0));
#15024=DIRECTION('',(0.0,1.0,0.0));
#15025=DIRECTION('',(0.0,-1.0,0.0));
#15026=DIRECTION('',(1.976196983833E-13,-7.105427357601E-14,-1.0));
#15027=DIRECTION('',(0.0,0.0,1.0));
#15028=DIRECTION('',(0.0,0.0,-1.0));
#15029=DIRECTION('',(1.221245327088E-13,4.403884664346E-14,1.0));
#15030=DIRECTION('',(0.0,1.0,0.0));
#15031=DIRECTION('',(0.0,-1.0,0.0));
#15032=DIRECTION('',(0.707106781186548,0.707106781186548,0.0));
#15033=CARTESIAN_POINT('',(-2.596446554168,0.6750000000004,-0.04999798212588));
#15034=DIRECTION('',(0.0,0.0,-1.0));
#15035=DIRECTION('',(-0.707106781186698,0.707106781186398,0.0));
#15036=DIRECTION('',(1.0,0.0,0.0));
#15037=DIRECTION('',(1.480297366127E-14,-1.0,0.0));
#15038=DIRECTION('',(1.0,0.0,0.0));
#15039=DIRECTION('',(0.0,1.0,0.0));
#15040=DIRECTION('',(1.0,0.0,0.0));
#15041=CARTESIAN_POINT('',(2.596446554166,0.6749999999999,-0.04999798212588));
#15042=DIRECTION('',(0.0,0.0,-1.0));
#15043=DIRECTION('',(4.263256414561E-14,1.0,0.0));
#15044=DIRECTION('',(0.707106781186498,-0.707106781186598,0.0));
#15045=CARTESIAN_POINT('',(3.199999999999,0.07144655416633,-0.04999798212588));
#15046=DIRECTION('',(0.0,0.0,-1.0));
#15047=DIRECTION('',(0.707106781186498,0.707106781186598,0.0));
#15048=DIRECTION('',(-3.409391884345E-14,1.0,0.0));
#15049=CARTESIAN_POINT('',(3.08,-0.56,-0.04999798212588));
#15050=DIRECTION('',(0.0,0.0,-1.0));
#15051=DIRECTION('',(1.0,0.0,0.0));
#15052=CARTESIAN_POINT('',(-3.08,-0.56,-0.04999798212589));
#15053=DIRECTION('',(0.0,0.0,-1.0));
#15054=DIRECTION('',(0.0,-1.0,0.0));
#15055=DIRECTION('',(0.0,-1.0,0.0));
#15056=CARTESIAN_POINT('',(-3.2,0.07144655416846,-0.04999798212588));
#15057=DIRECTION('',(0.0,0.0,-1.0));
#15058=DIRECTION('',(-0.920000000000003,0.391918358845301,0.0));
#15059=CARTESIAN_POINT('',(-1.525,-0.445,-0.04999798212588));
#15060=DIRECTION('',(0.0,0.0,1.0));
#15061=DIRECTION('',(-1.0,0.0,0.0));
#15062=DIRECTION('',(1.0,0.0,0.0));
#15063=CARTESIAN_POINT('',(1.525,-0.445,-0.04999798212588));
#15064=DIRECTION('',(0.0,0.0,1.0));
#15065=DIRECTION('',(0.0,-1.0,0.0));
#15066=DIRECTION('',(0.0,1.0,0.0));
#15067=CARTESIAN_POINT('',(1.525,-0.245,-0.04999798212588));
#15068=DIRECTION('',(0.0,0.0,1.0));
#15069=DIRECTION('',(1.0,0.0,0.0));
#15070=DIRECTION('',(-1.0,0.0,0.0));
#15071=DIRECTION('',(0.0,1.0,0.0));
#15072=DIRECTION('',(-1.0,0.0,0.0));
#15073=DIRECTION('',(0.0,-1.0,0.0));
#15074=DIRECTION('',(-1.0,0.0,0.0));
#15075=DIRECTION('',(0.0,1.0,0.0));
#15076=DIRECTION('',(-1.0,0.0,0.0));
#15077=DIRECTION('',(0.0,-1.0,0.0));
#15078=DIRECTION('',(-1.0,0.0,0.0));
#15079=DIRECTION('',(0.0,1.0,0.0));
#15080=DIRECTION('',(-1.0,0.0,0.0));
#15081=DIRECTION('',(0.0,-1.0,0.0));
#15082=DIRECTION('',(-1.0,0.0,0.0));
#15083=DIRECTION('',(0.0,1.0,0.0));
#15084=DIRECTION('',(-1.0,0.0,0.0));
#15085=DIRECTION('',(0.0,-1.0,0.0));
#15086=DIRECTION('',(-1.0,0.0,0.0));
#15087=DIRECTION('',(0.0,1.0,0.0));
#15088=DIRECTION('',(-1.0,0.0,0.0));
#15089=DIRECTION('',(0.0,-1.0,0.0));
#15090=DIRECTION('',(-1.0,0.0,0.0));
#15091=CARTESIAN_POINT('',(-1.525,-0.245,-0.04999798212588));
#15092=DIRECTION('',(0.0,-0.0,1.0));
#15093=DIRECTION('',(0.0,1.0,0.0));
#15094=DIRECTION('',(0.0,-1.0,0.0));
#15095=DIRECTION('',(0.0,0.0,1.0));
#15096=DIRECTION('',(0.0,1.0,0.0));
#15097=DIRECTION('',(0.0,0.0,-1.0));
#15098=DIRECTION('',(0.0,0.0,1.0));
#15099=CARTESIAN_POINT('',(-1.525,-0.445,-2.549997982126));
#15100=DIRECTION('',(0.0,0.0,-1.0));
#15101=DIRECTION('',(0.0,-1.0,0.0));
#15102=CARTESIAN_POINT('',(-1.525,-0.445,-2.549997982126));
#15103=DIRECTION('',(0.0,-1.0,0.0));
#15104=DIRECTION('',(-1.0,0.0,0.0));
#15105=CARTESIAN_POINT('',(-1.525,-0.445,-2.549997982126));
#15106=DIRECTION('',(-1.0,0.0,0.0));
#15107=DIRECTION('',(0.0,0.0,-1.0));
#15108=DIRECTION('',(1.0,0.0,0.0));
#15109=CARTESIAN_POINT('',(1.525,-0.445,-2.549997982126));
#15110=DIRECTION('',(1.0,0.0,0.0));
#15111=DIRECTION('',(0.0,-1.0,0.0));
#15112=DIRECTION('',(-1.0,0.0,0.0));
#15113=DIRECTION('',(0.0,0.0,-1.0));
#15114=DIRECTION('',(0.0,0.0,1.0));
#15115=CARTESIAN_POINT('',(1.525,-0.445,-2.549997982126));
#15116=DIRECTION('',(0.0,0.0,-1.0));
#15117=DIRECTION('',(1.0,0.0,0.0));
#15118=CARTESIAN_POINT('',(1.525,-0.445,-2.549997982126));
#15119=DIRECTION('',(0.0,-1.0,0.0));
#15120=DIRECTION('',(0.0,0.0,-1.0));
#15121=DIRECTION('',(0.0,-1.0,0.0));
#15122=DIRECTION('',(0.0,1.0,0.0));
#15123=DIRECTION('',(1.0,0.0,0.0));
#15124=DIRECTION('',(0.0,1.0,8.881784197003E-14));
#15125=DIRECTION('',(-1.0,0.0,0.0));
#15126=DIRECTION('',(0.0,1.0,8.881784197004E-14));
#15127=DIRECTION('',(1.0,0.0,0.0));
#15128=DIRECTION('',(0.0,1.0,8.881784197003E-14));
#15129=DIRECTION('',(-1.0,0.0,0.0));
#15130=DIRECTION('',(0.0,1.0,8.881784197004E-14));
#15131=DIRECTION('',(1.0,1.171336218641E-14,0.0));
#15132=DIRECTION('',(0.0,1.0,8.881784197002E-14));
#15133=DIRECTION('',(-1.0,0.0,0.0));
#15134=DIRECTION('',(0.0,1.0,8.881784197004E-14));
#15135=DIRECTION('',(1.0,1.826821522338E-14,1.1304088978E-14));
#15136=DIRECTION('',(0.0,1.0,6.661338147751E-14));
#15137=DIRECTION('',(-1.0,0.0,0.0));
#15138=DIRECTION('',(0.0,1.0,0.0));
#15139=DIRECTION('',(1.0,0.0,1.184237892933E-13));
#15140=DIRECTION('',(0.0,-1.0,0.0));
#15141=DIRECTION('',(-1.0,0.0,1.268826313857E-13));
#15142=DIRECTION('',(0.0,1.0,0.0));
#15143=DIRECTION('',(-1.0,0.0,0.0));
#15144=DIRECTION('',(-1.110223024625E-14,1.0,8.881784197004E-14));
#15145=DIRECTION('',(0.0,-0.707106781186498,-0.707106781186597));
#15146=DIRECTION('',(0.0,0.0,1.0));
#15147=CARTESIAN_POINT('',(-1.11,-0.4149996035159,-2.153769929527));
#15148=DIRECTION('',(1.0,0.0,0.0));
#15149=DIRECTION('',(0.0,0.599998414063509,-0.800001189449912));
#15150=DIRECTION('',(0.0,0.0,-1.0));
#15151=DIRECTION('',(0.0,0.0,-1.0));
#15152=DIRECTION('',(0.0,0.0,1.0));
#15153=DIRECTION('',(-1.0,0.0,0.0));
#15154=DIRECTION('',(0.0,0.707106781186498,0.707106781186597));
#15155=DIRECTION('',(0.0,0.0,1.0));
#15156=CARTESIAN_POINT('',(-0.8375,-0.4149996035159,-2.153769929527));
#15157=DIRECTION('',(-1.0,0.0,0.0));
#15158=DIRECTION('',(0.0,1.0,0.0));
#15159=DIRECTION('',(0.0,0.0,-1.0));
#15160=DIRECTION('',(-1.0,0.0,0.0));
#15161=DIRECTION('',(0.0,0.0,1.0));
#15162=DIRECTION('',(0.0,-0.707106781186498,-0.707106781186597));
#15163=CARTESIAN_POINT('',(-0.4625,-0.4149996035159,-2.153769929527));
#15164=DIRECTION('',(1.0,0.0,0.0));
#15165=DIRECTION('',(0.0,0.599998414063509,-0.800001189449912));
#15166=DIRECTION('',(0.0,0.0,-1.0));
#15167=DIRECTION('',(0.0,0.0,-1.0));
#15168=DIRECTION('',(0.0,0.0,1.0));
#15169=DIRECTION('',(-1.0,0.0,0.0));
#15170=DIRECTION('',(0.0,0.707106781186498,0.707106781186597));
#15171=DIRECTION('',(0.0,0.0,1.0));
#15172=CARTESIAN_POINT('',(-0.1875,-0.4149996035159,-2.153769929527));
#15173=DIRECTION('',(-1.0,0.0,0.0));
#15174=DIRECTION('',(0.0,1.0,0.0));
#15175=DIRECTION('',(0.0,0.0,-1.0));
#15176=DIRECTION('',(-1.0,0.0,9.168559245154E-10));
#15177=DIRECTION('',(0.0,0.0,1.0));
#15178=DIRECTION('',(0.0,-0.707106781186498,-0.707106781186597));
#15179=CARTESIAN_POINT('',(0.1875,-0.4149996035159,-2.153769929527));
#15180=DIRECTION('',(1.0,0.0,0.0));
#15181=DIRECTION('',(0.0,0.599998412083106,-0.800001190935208));
#15182=DIRECTION('',(0.0,0.0,-1.0));
#15183=DIRECTION('',(0.0,0.0,-1.0));
#15184=DIRECTION('',(0.0,0.0,1.0));
#15185=DIRECTION('',(-1.0,0.0,1.140779621633E-14));
#15186=DIRECTION('',(0.0,0.707106781186498,0.707106781186597));
#15187=DIRECTION('',(0.0,0.0,1.0));
#15188=CARTESIAN_POINT('',(0.46,-0.4149996035159,-2.153769929527));
#15189=DIRECTION('',(-1.0,0.0,0.0));
#15190=DIRECTION('',(0.0,1.0,0.0));
#15191=DIRECTION('',(0.0,0.0,-1.0));
#15192=DIRECTION('',(-1.0,0.0,9.107840309756E-10));
#15193=DIRECTION('',(0.0,0.0,1.0));
#15194=DIRECTION('',(0.0,-0.707106781186498,-0.707106781186597));
#15195=CARTESIAN_POINT('',(0.8375,-0.4149996035159,-2.153769929527));
#15196=DIRECTION('',(1.0,0.0,0.0));
#15197=DIRECTION('',(0.0,0.599998412083106,-0.800001190935208));
#15198=DIRECTION('',(0.0,0.0,-1.0));
#15199=DIRECTION('',(0.0,0.0,-1.0));
#15200=DIRECTION('',(0.0,0.0,1.0));
#15201=DIRECTION('',(-1.0,0.0,0.0));
#15202=DIRECTION('',(0.0,0.707106781186498,0.707106781186597));
#15203=DIRECTION('',(0.0,0.0,1.0));
#15204=CARTESIAN_POINT('',(1.1125,-0.4149996035159,-2.153769929527));
#15205=DIRECTION('',(-1.0,0.0,0.0));
#15206=DIRECTION('',(0.0,1.0,0.0));
#15207=DIRECTION('',(0.0,0.0,-1.0));
#15208=DIRECTION('',(-1.0,0.0,0.0));
#15209=DIRECTION('',(0.0,0.0,1.0));
#15210=CARTESIAN_POINT('',(1.4875,-0.4149996035159,-2.153769929527));
#15211=DIRECTION('',(1.0,0.0,0.0));
#15212=DIRECTION('',(0.0,0.599998412083106,-0.800001190935208));
#15213=DIRECTION('',(0.0,0.0,-1.0));
#15214=DIRECTION('',(0.0,0.0,-1.0));
#15215=DIRECTION('',(0.0,0.0,1.0));
#15216=DIRECTION('',(0.0,0.0,-1.0));
#15217=DIRECTION('',(1.0,0.0,0.0));
#15218=DIRECTION('',(1.0,0.0,0.0));
#15219=DIRECTION('',(1.0,0.0,0.0));
#15220=DIRECTION('',(1.0,0.0,0.0));
#15221=DIRECTION('',(1.0,0.0,0.0));
#15222=DIRECTION('',(0.0,0.0,1.0));
#15223=DIRECTION('',(0.0,0.0,1.0));
#15224=CARTESIAN_POINT('',(-1.49,-0.4149996035159,-2.153769929527));
#15225=DIRECTION('',(-1.0,0.0,0.0));
#15226=DIRECTION('',(0.0,1.0,0.0));
#15227=DIRECTION('',(0.0,0.0,-1.0));
#15228=DIRECTION('',(-1.0,0.0,0.0));
#15229=DIRECTION('',(0.0,0.0,-1.0));
#15230=CARTESIAN_POINT('',(-3.2,0.07144655416846,-3.549997982126));
#15231=DIRECTION('',(0.0,0.0,1.0));
#15232=DIRECTION('',(-0.707106781186098,0.707106781186998,0.0));
#15233=DIRECTION('',(0.0,0.0,1.0));
#15234=CARTESIAN_POINT('',(-3.2,0.07144655416846,-0.04999798212588));
#15235=DIRECTION('',(0.0,0.0,-1.0));
#15236=DIRECTION('',(-0.979795897113273,0.199999999999994,0.0));
#15237=DIRECTION('',(0.0,0.0,-1.0));
#15238=CARTESIAN_POINT('',(-3.45,-0.14,1.300002017874));
#15239=DIRECTION('',(-1.0,0.0,0.0));
#15240=DIRECTION('',(0.0,1.0,0.0));
#15241=DIRECTION('',(0.0,0.0,-1.0));
#15242=DIRECTION('',(0.0,-0.707106781186597,0.707106781186498));
#15243=DIRECTION('',(0.0,-1.0,0.0));
#15244=DIRECTION('',(0.0,0.0,1.0));
#15245=DIRECTION('',(0.0,-1.0,-2.960594732334E-14));
#15246=DIRECTION('',(0.0,0.0,-1.0));
#15247=DIRECTION('',(0.0,-1.0,0.0));
#15248=DIRECTION('',(0.0,0.0,-1.0));
#15249=DIRECTION('',(0.0,-1.0,-1.33668093224E-14));
#15250=CARTESIAN_POINT('',(-3.45,0.1214465541685,0.1000020178741));
#15251=DIRECTION('',(-1.0,-0.0,0.0));
#15252=DIRECTION('',(0.0,-0.333333333333381,-0.942809041582046));
#15253=CARTESIAN_POINT('',(-3.45,0.1214465541685,0.1000020178741));
#15254=DIRECTION('',(-1.0,0.0,0.0));
#15255=DIRECTION('',(0.0,-1.0,0.0));
#15256=DIRECTION('',(0.0,-1.0,0.0));
#15257=DIRECTION('',(0.0,-9.20472828784496E-08,-0.999999999999996));
#15258=DIRECTION('',(0.0,1.0,0.0));
#15259=DIRECTION('',(0.0,0.0,1.0));
#15260=DIRECTION('',(0.0,0.0,-1.0));
#15261=DIRECTION('',(0.0,-1.0,0.0));
#15262=DIRECTION('',(0.0,0.0,1.0));
#15263=DIRECTION('',(0.0,-1.0,0.0));
#15264=DIRECTION('',(0.0,0.0,-1.0));
#15265=DIRECTION('',(-1.0,0.0,0.0));
#15266=DIRECTION('',(0.0,0.0,-1.0));
#15267=DIRECTION('',(1.0,0.0,0.0));
#15268=DIRECTION('',(-1.0,0.0,0.0));
#15269=DIRECTION('',(-0.577350269189626,0.577350269189626,0.577350269189626));
#15270=DIRECTION('',(-1.0,0.0,0.0));
#15271=DIRECTION('',(0.0,0.707106781186597,0.707106781186498));
#15272=DIRECTION('',(0.0,0.0,-1.0));
#15273=DIRECTION('',(0.0,-1.0,0.0));
#15274=DIRECTION('',(-2.362067225834E-12,-1.0,0.0));
#15275=DIRECTION('',(0.0,-2.725358651811E-13,1.0));
#15276=DIRECTION('',(2.150475549397E-12,1.0,0.0));
#15277=CARTESIAN_POINT('',(-3.75,0.1214465541685,0.1000020178741));
#15278=DIRECTION('',(1.0,0.0,-0.0));
#15279=DIRECTION('',(0.0,0.0,1.0));
#15280=CARTESIAN_POINT('',(-3.75,0.1214465541685,0.1000020178741));
#15281=DIRECTION('',(1.0,0.0,0.0));
#15282=DIRECTION('',(0.0,-1.0,0.0));
#15283=DIRECTION('',(0.0,0.0,1.0));
#15284=DIRECTION('',(0.0,-1.0,-1.33668093224E-14));
#15285=DIRECTION('',(0.0,0.0,-1.0));
#15286=DIRECTION('',(0.0,1.0,0.0));
#15287=DIRECTION('',(0.0,0.0,-1.0));
#15288=DIRECTION('',(0.0,-1.0,-2.960594732334E-14));
#15289=DIRECTION('',(0.0,0.0,-1.0));
#15290=DIRECTION('',(0.0,-1.0,0.0));
#15291=DIRECTION('',(0.0,0.707106781186597,-0.707106781186498));
#15292=DIRECTION('',(1.0,0.0,0.0));
#15293=DIRECTION('',(1.0,0.0,0.0));
#15294=DIRECTION('',(-1.0,0.0,0.0));
#15295=DIRECTION('',(0.0,0.0,-1.0));
#15296=DIRECTION('',(1.0,0.0,0.0));
#15297=DIRECTION('',(-0.707106781186548,0.0,0.707106781186548));
#15298=DIRECTION('',(-1.0,0.0,0.0));
#15299=DIRECTION('',(0.0,-1.0,0.0));
#15300=DIRECTION('',(0.0,1.0,0.0));
#15301=DIRECTION('',(1.0,0.0,0.0));
#15302=DIRECTION('',(-3.644375094217E-14,0.0,-1.0));
#15303=DIRECTION('',(-2.606854023733E-12,-1.073332243445E-11,1.0));
#15304=DIRECTION('',(0.707106781186548,0.0,-0.707106781186548));
#15305=DIRECTION('',(1.0,0.0,0.0));
#15306=DIRECTION('',(0.0,0.0,-1.0));
#15307=DIRECTION('',(1.0,0.0,0.0));
#15308=DIRECTION('',(1.0,0.0,0.0));
#15309=DIRECTION('',(0.0,0.0,1.0));
#15310=DIRECTION('',(1.0,0.0,0.0));
#15311=DIRECTION('',(0.0,0.0,1.0));
#15312=DIRECTION('',(1.0,0.0,0.0));
#15313=DIRECTION('',(0.0,0.0,-1.0));
#15314=DIRECTION('',(-1.0,0.0,0.0));
#15315=DIRECTION('',(-0.707106781186697,0.707106781186397,0.0));
#15316=CARTESIAN_POINT('',(-2.726338,1.109999287525,1.059521017874));
#15317=DIRECTION('',(0.0,-0.0,1.0));
#15318=DIRECTION('',(0.707106781186698,0.707106781186398,0.0));
#15319=DIRECTION('',(-1.0,0.0,-7.50721341977E-14));
#15320=DIRECTION('',(0.0,1.0,0.0));
#15321=DIRECTION('',(1.0,0.0,7.507213419769E-14));
#15322=CARTESIAN_POINT('',(-2.726338,1.109999287525,1.059521017874));
#15323=DIRECTION('',(0.0,0.0,-1.0));
#15324=DIRECTION('',(1.973729821556E-14,1.0,0.0));
#15325=DIRECTION('',(0.707106781186548,-0.707106781186548,0.0));
#15326=DIRECTION('',(0.0,0.0,-1.0));
#15327=DIRECTION('',(-0.707106781186548,0.707106781186548,0.0));
#15328=CARTESIAN_POINT('',(-2.726338,1.109999287525,1.659521017874));
#15329=DIRECTION('',(0.0,-0.0,1.0));
#15330=DIRECTION('',(0.707106781186597,0.707106781186498,0.0));
#15331=DIRECTION('',(-1.0,0.0,0.0));
#15332=DIRECTION('',(0.0,1.0,0.0));
#15333=DIRECTION('',(1.0,0.0,0.0));
#15334=CARTESIAN_POINT('',(-2.726338,1.109999287525,1.659521017874));
#15335=DIRECTION('',(0.0,0.0,-1.0));
#15336=DIRECTION('',(-1.184237892934E-14,1.0,0.0));
#15337=DIRECTION('',(0.707106781186697,-0.707106781186397,0.0));
#15338=DIRECTION('',(0.0,0.0,1.0));
#15339=DIRECTION('',(0.0,0.0,-1.0));
#15340=CARTESIAN_POINT('',(-2.75,1.259999287525,0.9595210178741));
#15341=DIRECTION('',(0.0,1.0,0.0));
#15342=DIRECTION('',(-1.0,0.0,0.0));
#15343=CARTESIAN_POINT('',(-2.75,1.259999287525,1.759521017874));
#15344=DIRECTION('',(0.0,1.0,0.0));
#15345=DIRECTION('',(0.0,0.0,-1.0));
#15346=DIRECTION('',(0.0,0.0,-1.0));
#15347=DIRECTION('',(-1.0,0.0,0.0));
#15348=DIRECTION('',(3.214420729169E-14,0.0,1.0));
#15349=DIRECTION('',(-1.0,0.0,0.0));
#15350=CARTESIAN_POINT('',(-2.95,1.259999287525,0.3500020178741));
#15351=DIRECTION('',(0.0,-1.0,0.0));
#15352=DIRECTION('',(0.0,0.0,-1.0));
#15353=DIRECTION('',(0.0,0.0,-1.0));
#15354=DIRECTION('',(0.0,-1.0,0.0));
#15355=DIRECTION('',(0.0,0.0,1.0));
#15356=DIRECTION('',(0.0,1.0,0.0));
#15357=CARTESIAN_POINT('',(-2.75,1.559999287525,0.9595210178741));
#15358=DIRECTION('',(0.0,-1.0,0.0));
#15359=DIRECTION('',(3.064215547965E-13,0.0,1.0));
#15360=DIRECTION('',(0.0,0.0,-1.0));
#15361=DIRECTION('',(-1.0,0.0,0.0));
#15362=CARTESIAN_POINT('',(-2.95,1.559999287525,2.419039982126));
#15363=DIRECTION('',(-0.0,1.0,0.0));
#15364=DIRECTION('',(6.439293542826E-13,0.0,1.0));
#15365=DIRECTION('',(0.0,0.0,1.0));
#15366=CARTESIAN_POINT('',(-2.75,1.559999287525,1.759521017874));
#15367=DIRECTION('',(0.0,-1.0,0.0));
#15368=DIRECTION('',(-1.0,0.0,0.0));
#15369=DIRECTION('',(0.0,0.0,1.0));
#15370=CARTESIAN_POINT('',(-2.95,1.559999287525,0.3500020178741));
#15371=DIRECTION('',(-0.0,1.0,0.0));
#15372=DIRECTION('',(1.0,0.0,0.0));
#15373=DIRECTION('',(1.0,0.0,0.0));
#15374=DIRECTION('',(1.764529919583E-14,-1.0,0.0));
#15375=CARTESIAN_POINT('',(-3.3,1.109999287525,0.2500020178741));
#15376=DIRECTION('',(0.0,0.0,1.0));
#15377=DIRECTION('',(-0.866666666665426,0.498887651572015,0.0));
#15378=DIRECTION('',(1.0,0.0,0.0));
#15379=CARTESIAN_POINT('',(-3.3,1.109999287525,0.2500020178741));
#15380=DIRECTION('',(0.0,0.0,-1.0));
#15381=DIRECTION('',(-1.0,4.122134732319E-12,0.0));
#15382=DIRECTION('',(0.0,1.0,0.0));
#15383=CARTESIAN_POINT('',(-3.3,1.109999287525,0.2500020178741));
#15384=DIRECTION('',(0.0,0.0,1.0));
#15385=DIRECTION('',(-1.391479524197E-12,1.0,0.0));
#15386=CARTESIAN_POINT('',(-3.3,1.109999287525,2.419039982126));
#15387=DIRECTION('',(0.0,0.0,-1.0));
#15388=DIRECTION('',(-0.745351744094866,0.666671416497469,0.0));
#15389=DIRECTION('',(0.0,0.707106781186597,0.707106781186498));
#15390=CARTESIAN_POINT('',(-3.3,1.109999287525,2.519039982126));
#15391=DIRECTION('',(0.0,0.0,-1.0));
#15392=DIRECTION('',(-1.0,0.0,0.0));
#15393=DIRECTION('',(0.707106781180206,-4.23531898259203E-06,-0.707106781180206));
#15394=CARTESIAN_POINT('',(-3.3,1.109999287525,2.419039982126));
#15395=DIRECTION('',(0.0,0.0,-1.0));
#15396=DIRECTION('',(-1.0,0.0,0.0));
#15397=DIRECTION('',(0.0,-1.0,0.0));
#15398=DIRECTION('',(0.0,-1.0,0.0));
#15399=DIRECTION('',(0.0,0.0,-1.0));
#15400=DIRECTION('',(0.0,1.0,0.0));
#15401=CARTESIAN_POINT('',(-3.43,-0.14,1.300002017874));
#15402=DIRECTION('',(1.0,0.0,0.0));
#15403=DIRECTION('',(0.0,-1.0,0.0));
#15404=DIRECTION('',(1.930699839241E-13,2.708712499805E-13,1.0));
#15405=DIRECTION('',(0.0,0.0,1.0));
#15406=DIRECTION('',(0.0,-1.0,0.0));
#15407=DIRECTION('',(0.0,0.0,-1.0));
#15408=DIRECTION('',(0.0,1.0,0.0));
#15409=DIRECTION('',(0.0,1.0,0.0));
#15410=CARTESIAN_POINT('',(3.08,-0.56,2.269040017874));
#15411=DIRECTION('',(0.0,0.0,1.0));
#15412=DIRECTION('',(0.0,-1.0,0.0));
#15413=DIRECTION('',(0.0,1.0,0.0));
#15414=DIRECTION('',(1.0,0.0,0.0));
#15415=DIRECTION('',(0.0,-1.0,0.0));
#15416=DIRECTION('',(1.0,0.0,0.0));
#15417=DIRECTION('',(0.0,-1.0,0.0));
#15418=DIRECTION('',(-1.0,0.0,0.0));
#15419=DIRECTION('',(0.0,1.0,0.0));
#15420=DIRECTION('',(0.0,1.0,0.0));
#15421=CARTESIAN_POINT('',(-3.08,-0.56,2.269040017874));
#15422=DIRECTION('',(0.0,0.0,1.0));
#15423=DIRECTION('',(-1.0,0.0,0.0));
#15424=DIRECTION('',(0.0,-1.0,0.0));
#15425=DIRECTION('',(-0.999999999999917,-4.06649892253607E-07,0.0));
#15426=DIRECTION('',(0.0,1.0,0.0));
#15427=DIRECTION('',(1.0,0.0,0.0));
#15428=DIRECTION('',(0.0,-1.0,0.0));
#15429=DIRECTION('',(-1.0,0.0,0.0));
#15430=DIRECTION('',(0.0,1.0,0.0));
#15431=DIRECTION('',(1.0,0.0,0.0));
#15432=DIRECTION('',(0.0,-1.0,0.0));
#15433=DIRECTION('',(-1.0,0.0,0.0));
#15434=DIRECTION('',(0.0,1.0,0.0));
#15435=DIRECTION('',(1.0,0.0,0.0));
#15436=DIRECTION('',(0.0,-1.0,0.0));
#15437=DIRECTION('',(-1.0,0.0,0.0));
#15438=DIRECTION('',(0.0,1.0,0.0));
#15439=DIRECTION('',(1.0,0.0,0.0));
#15440=DIRECTION('',(0.0,-1.0,0.0));
#15441=DIRECTION('',(-1.0,0.0,0.0));
#15442=DIRECTION('',(0.0,1.0,0.0));
#15443=DIRECTION('',(1.0,0.0,0.0));
#15444=DIRECTION('',(0.0,-1.0,0.0));
#15445=DIRECTION('',(-0.999999999999917,4.06650876872007E-07,0.0));
#15446=DIRECTION('',(0.0,-1.63242877182195E-06,-0.999999999998668));
#15447=DIRECTION('',(1.0,0.0,0.0));
#15448=DIRECTION('',(0.0,-1.63242877182195E-06,-0.999999999998668));
#15449=DIRECTION('',(0.0,-1.63242877182195E-06,-0.999999999998668));
#15450=DIRECTION('',(1.0,0.0,0.0));
#15451=DIRECTION('',(0.0,-1.63242877182195E-06,-0.999999999998668));
#15452=DIRECTION('',(0.0,-1.63242877182195E-06,-0.999999999998668));
#15453=DIRECTION('',(1.0,0.0,0.0));
#15454=DIRECTION('',(0.0,-1.63242877182195E-06,-0.999999999998668));
#15455=DIRECTION('',(0.0,-1.63242877182195E-06,-0.999999999998668));
#15456=DIRECTION('',(1.0,0.0,0.0));
#15457=DIRECTION('',(0.0,-1.63242877182195E-06,-0.999999999998668));
#15458=DIRECTION('',(0.0,-1.63242877182195E-06,-0.999999999998668));
#15459=DIRECTION('',(1.0,0.0,0.0));
#15460=DIRECTION('',(0.0,-1.63242877182195E-06,-0.999999999998668));
#15461=DIRECTION('',(0.0,1.88801964221397E-07,-0.999999999999982));
#15462=DIRECTION('',(-1.0,0.0,0.0));
#15463=DIRECTION('',(0.0,-1.88801964221397E-07,0.999999999999982));
#15464=DIRECTION('',(0.0,-1.0,0.0));
#15465=DIRECTION('',(0.0,-1.0,0.0));
#15466=CARTESIAN_POINT('',(-1.424999606472,-0.4649996035159,2.349999982126));
#15467=DIRECTION('',(1.0,0.0,0.0));
#15468=DIRECTION('',(0.0,1.0,0.0));
#15469=DIRECTION('',(0.0,1.0,0.0));
#15470=DIRECTION('',(0.0,0.0,-1.0));
#15471=DIRECTION('',(0.0,1.0,0.0));
#15472=CARTESIAN_POINT('',(-1.424999606472,-0.4649996035159,2.349999982126));
#15473=DIRECTION('',(-1.0,0.0,0.0));
#15474=DIRECTION('',(0.0,-1.147230458779E-14,1.0));
#15475=DIRECTION('',(0.0,0.0,-1.0));
#15476=DIRECTION('',(-1.0,0.0,0.0));
#15477=DIRECTION('',(0.0,0.0,-1.0));
#15478=CARTESIAN_POINT('',(-1.174999606472,-0.4649996035159,2.349999982126));
#15479=DIRECTION('',(1.0,0.0,0.0));
#15480=DIRECTION('',(0.0,1.0,0.0));
#15481=DIRECTION('',(0.0,1.0,0.0));
#15482=DIRECTION('',(0.0,0.0,1.0));
#15483=DIRECTION('',(0.0,1.0,0.0));
#15484=CARTESIAN_POINT('',(-1.174999606472,-0.4649996035159,2.349999982126));
#15485=DIRECTION('',(-1.0,0.0,0.0));
#15486=DIRECTION('',(0.0,4.100423704282E-13,1.0));
#15487=DIRECTION('',(-1.0,0.0,0.0));
#15488=DIRECTION('',(1.0,0.0,0.0));
#15489=DIRECTION('',(-1.0,0.0,0.0));
#15490=DIRECTION('',(1.0,0.0,0.0));
#15491=CARTESIAN_POINT('',(-0.7749996064722,-0.4649996035159,2.349999982126));
#15492=DIRECTION('',(1.0,0.0,0.0));
#15493=DIRECTION('',(0.0,1.0,0.0));
#15494=DIRECTION('',(0.0,1.0,0.0));
#15495=DIRECTION('',(0.0,0.0,-1.0));
#15496=DIRECTION('',(0.0,1.0,0.0));
#15497=CARTESIAN_POINT('',(-0.7749996064722,-0.4649996035159,2.349999982126));
#15498=DIRECTION('',(-1.0,0.0,0.0));
#15499=DIRECTION('',(0.0,-1.147230458779E-14,1.0));
#15500=DIRECTION('',(0.0,0.0,-1.0));
#15501=DIRECTION('',(-1.0,0.0,0.0));
#15502=DIRECTION('',(0.0,0.0,-1.0));
#15503=CARTESIAN_POINT('',(-0.5249996064722,-0.4649996035159,2.349999982126));
#15504=DIRECTION('',(1.0,0.0,0.0));
#15505=DIRECTION('',(0.0,1.0,0.0));
#15506=DIRECTION('',(0.0,1.0,0.0));
#15507=DIRECTION('',(0.0,0.0,1.0));
#15508=DIRECTION('',(0.0,1.0,0.0));
#15509=CARTESIAN_POINT('',(-0.5249996064722,-0.4649996035159,2.349999982126));
#15510=DIRECTION('',(-1.0,0.0,0.0));
#15511=DIRECTION('',(0.0,4.100423704282E-13,1.0));
#15512=DIRECTION('',(-1.0,0.0,0.0));
#15513=DIRECTION('',(1.0,0.0,0.0));
#15514=DIRECTION('',(-1.0,0.0,0.0));
#15515=DIRECTION('',(1.0,0.0,0.0));
#15516=CARTESIAN_POINT('',(-0.1249996064722,-0.4649996035159,2.349999982126));
#15517=DIRECTION('',(1.0,0.0,0.0));
#15518=DIRECTION('',(0.0,1.0,0.0));
#15519=DIRECTION('',(0.0,1.0,0.0));
#15520=DIRECTION('',(0.0,0.0,-1.0));
#15521=DIRECTION('',(0.0,1.0,0.0));
#15522=CARTESIAN_POINT('',(-0.1249996064721,-0.4649996035159,2.349999982126));
#15523=DIRECTION('',(-1.0,0.0,0.0));
#15524=DIRECTION('',(0.0,-1.147230458779E-14,1.0));
#15525=DIRECTION('',(0.0,0.0,-1.0));
#15526=DIRECTION('',(-1.0,0.0,0.0));
#15527=DIRECTION('',(0.0,0.0,-1.0));
#15528=CARTESIAN_POINT('',(0.1250003935279,-0.4649996035159,2.349999982126));
#15529=DIRECTION('',(1.0,0.0,0.0));
#15530=DIRECTION('',(0.0,1.0,0.0));
#15531=DIRECTION('',(0.0,1.0,0.0));
#15532=DIRECTION('',(0.0,0.0,1.0));
#15533=DIRECTION('',(0.0,1.0,0.0));
#15534=CARTESIAN_POINT('',(0.1250003935278,-0.4649996035159,2.349999982126));
#15535=DIRECTION('',(-1.0,0.0,0.0));
#15536=DIRECTION('',(0.0,4.100423704282E-13,1.0));
#15537=DIRECTION('',(-1.0,0.0,0.0));
#15538=DIRECTION('',(1.0,0.0,0.0));
#15539=DIRECTION('',(-1.0,0.0,0.0));
#15540=DIRECTION('',(1.0,0.0,0.0));
#15541=CARTESIAN_POINT('',(0.5250003935278,-0.4649996035159,2.349999982126));
#15542=DIRECTION('',(1.0,0.0,0.0));
#15543=DIRECTION('',(0.0,1.0,0.0));
#15544=DIRECTION('',(0.0,1.0,0.0));
#15545=DIRECTION('',(0.0,0.0,-1.0));
#15546=DIRECTION('',(0.0,1.0,0.0));
#15547=CARTESIAN_POINT('',(0.5250003935278,-0.4649996035159,2.349999982126));
#15548=DIRECTION('',(-1.0,0.0,0.0));
#15549=DIRECTION('',(0.0,-1.147230458779E-14,1.0));
#15550=DIRECTION('',(0.0,0.0,-1.0));
#15551=DIRECTION('',(-1.0,0.0,0.0));
#15552=DIRECTION('',(0.0,0.0,-1.0));
#15553=CARTESIAN_POINT('',(0.7750003935278,-0.4649996035159,2.349999982126));
#15554=DIRECTION('',(1.0,0.0,0.0));
#15555=DIRECTION('',(0.0,1.0,0.0));
#15556=DIRECTION('',(0.0,1.0,0.0));
#15557=DIRECTION('',(0.0,0.0,1.0));
#15558=DIRECTION('',(0.0,1.0,0.0));
#15559=CARTESIAN_POINT('',(0.7750003935278,-0.4649996035159,2.349999982126));
#15560=DIRECTION('',(-1.0,0.0,0.0));
#15561=DIRECTION('',(0.0,4.100423704282E-13,1.0));
#15562=DIRECTION('',(-1.0,0.0,0.0));
#15563=DIRECTION('',(1.0,0.0,0.0));
#15564=DIRECTION('',(-1.0,0.0,0.0));
#15565=DIRECTION('',(1.0,0.0,0.0));
#15566=CARTESIAN_POINT('',(1.175000393528,-0.4649996035159,2.349999982126));
#15567=DIRECTION('',(1.0,0.0,0.0));
#15568=DIRECTION('',(0.0,1.0,0.0));
#15569=DIRECTION('',(0.0,1.0,0.0));
#15570=DIRECTION('',(0.0,0.0,-1.0));
#15571=DIRECTION('',(0.0,1.0,0.0));
#15572=CARTESIAN_POINT('',(1.175000393528,-0.4649996035159,2.349999982126));
#15573=DIRECTION('',(-1.0,0.0,0.0));
#15574=DIRECTION('',(0.0,-1.147230458779E-14,1.0));
#15575=DIRECTION('',(0.0,0.0,-1.0));
#15576=DIRECTION('',(-1.0,0.0,0.0));
#15577=DIRECTION('',(0.0,0.0,-1.0));
#15578=CARTESIAN_POINT('',(1.425000393528,-0.4649996035159,2.349999982126));
#15579=DIRECTION('',(1.0,0.0,0.0));
#15580=DIRECTION('',(0.0,1.0,0.0));
#15581=DIRECTION('',(0.0,1.0,0.0));
#15582=DIRECTION('',(0.0,0.0,1.0));
#15583=DIRECTION('',(0.0,1.0,0.0));
#15584=CARTESIAN_POINT('',(1.425000393528,-0.4649996035159,2.349999982126));
#15585=DIRECTION('',(-1.0,0.0,0.0));
#15586=DIRECTION('',(0.0,4.100423704282E-13,1.0));
#15587=DIRECTION('',(-1.0,0.0,0.0));
#15588=DIRECTION('',(1.0,0.0,0.0));
#15589=DIRECTION('',(-1.0,0.0,0.0));
#15590=DIRECTION('',(1.0,0.0,0.0));
#15591=DIRECTION('',(0.0,-1.0,0.0));
#15592=DIRECTION('',(0.0,0.0,1.0));
#15593=DIRECTION('',(0.0,0.0,-1.0));
#15594=DIRECTION('',(0.0,4.141346554413E-13,1.0));
#15595=DIRECTION('',(0.0,0.0,1.0));
#15596=DIRECTION('',(0.0,1.0,0.0));
#15597=CARTESIAN_POINT('',(0.7499999999999,1.21,0.1000020178741));
#15598=DIRECTION('',(0.0,1.0,0.0));
#15599=DIRECTION('',(0.0,0.0,-1.0));
#15600=DIRECTION('',(-1.480297366179E-14,1.0,0.0));
#15601=CARTESIAN_POINT('',(0.7499999999999,1.225,0.1000020178741));
#15602=DIRECTION('',(0.0,-1.0,-0.0));
#15603=DIRECTION('',(-1.0,0.0,-9.251858538543E-14));
#15604=DIRECTION('',(0.0,-1.0,2.974472520142E-14));
#15605=CARTESIAN_POINT('',(0.7499999999999,0.9249999999999,0.1000020178741));
#15606=DIRECTION('',(0.0,1.0,0.0));
#15607=DIRECTION('',(-0.333333333332696,0.0,-0.942809041582289));
#15608=DIRECTION('',(0.0,0.0,1.0));
#15609=CARTESIAN_POINT('',(-0.4000000000001,0.9249999999999,-1.118946804461));
#15610=DIRECTION('',(0.0,-1.0,0.0));
#15611=DIRECTION('',(-1.0,0.0,2.886579864025E-14));
#15612=DIRECTION('',(0.866025403784429,1.79890057758506E-14,0.500000000000017));
#15613=CARTESIAN_POINT('',(-0.0300000000001,0.9249999999999,-1.401848436364));
#15614=DIRECTION('',(0.0,1.0,0.0));
#15615=DIRECTION('',(-0.50000000000021,0.0,0.866025403784317));
#15616=DIRECTION('',(0.0,0.0,1.0));
#15617=CARTESIAN_POINT('',(-0.0300000000001,0.9249999999999,-2.198147527888));
#15618=DIRECTION('',(0.0,1.0,0.0));
#15619=DIRECTION('',(1.0,0.0,-1.544658121218E-14));
#15620=DIRECTION('',(-0.866025403784429,-1.79890057758506E-14,0.500000000000017));
#15621=CARTESIAN_POINT('',(-0.4000000000001,0.9249999999999,-2.481049159791));
#15622=DIRECTION('',(0.0,-1.0,0.0));
#15623=DIRECTION('',(0.500000000000017,0.0,0.866025403784429));
#15624=DIRECTION('',(0.0,0.0,1.0));
#15625=DIRECTION('',(-1.0,0.0,0.0));
#15626=DIRECTION('',(0.0,0.0,-1.0));
#15627=DIRECTION('',(1.0,0.0,0.0));
#15628=DIRECTION('',(-1.836457870939E-13,0.0,1.0));
#15629=DIRECTION('',(-1.0,0.0,-2.279728559271E-12));
#15630=DIRECTION('',(0.0,2.797941090284E-14,-1.0));
#15631=DIRECTION('',(1.0,0.0,0.0));
#15632=DIRECTION('',(0.0,0.0,-1.0));
#15633=DIRECTION('',(0.0,0.0,-1.0));
#15634=DIRECTION('',(-1.0,0.0,0.0));
#15635=DIRECTION('',(-1.0,0.0,0.0));
#15636=DIRECTION('',(0.428571428571388,0.285714285714292,0.857142857142876));
#15637=DIRECTION('',(-0.428571428571388,0.285714285714292,0.857142857142876));
#15638=DIRECTION('',(0.0,-1.0,0.0));
#15639=DIRECTION('',(0.447213595499998,0.0,-0.894427190999896));
#15640=DIRECTION('',(0.0,-1.0,0.0));
#15641=DIRECTION('',(0.0,1.0,0.0));
#15642=DIRECTION('',(-1.0,0.0,0.0));
#15643=DIRECTION('',(0.0,-1.0,0.0));
#15644=DIRECTION('',(1.0,0.0,0.0));
#15645=DIRECTION('',(0.0,1.0,0.0));
#15646=DIRECTION('',(0.0,-1.0,0.0));
#15647=DIRECTION('',(1.0,0.0,0.0));
#15648=DIRECTION('',(0.0,1.0,0.0));
#15649=DIRECTION('',(0.0,0.0,-1.0));
#15650=DIRECTION('',(1.0,0.0,0.0));
#15651=DIRECTION('',(0.0,0.0,1.0));
#15652=DIRECTION('',(1.0,4.144059809306E-14,0.0));
#15653=DIRECTION('',(0.0,-2.611411684266E-14,-1.0));
#15654=DIRECTION('',(-1.0,0.0,0.0));
#15655=DIRECTION('',(0.0,0.0,1.0));
#15656=DIRECTION('',(1.0,0.0,0.0));
#15657=DIRECTION('',(0.0,0.0,1.0));
#15658=DIRECTION('',(-1.0,0.0,0.0));
#15659=CARTESIAN_POINT('',(-0.0300000000001,1.225,-2.198147527888));
#15660=DIRECTION('',(0.0,-1.0,0.0));
#15661=DIRECTION('',(0.973092481784801,0.0,-0.2304148907816));
#15662=DIRECTION('',(0.0,0.0,1.0));
#15663=CARTESIAN_POINT('',(-0.0300000000001,1.225,-1.401848436364));
#15664=DIRECTION('',(0.0,-1.0,0.0));
#15665=DIRECTION('',(1.0,0.0,-5.020138893957E-14));
#15666=DIRECTION('',(1.0,0.0,0.0));
#15667=DIRECTION('',(0.0,0.0,1.0));
#15668=DIRECTION('',(-1.0,0.0,0.0));
#15669=DIRECTION('',(0.0,0.0,-1.0));
#15670=DIRECTION('',(0.447213595499998,0.0,0.894427190999896));
#15671=CARTESIAN_POINT('',(-1.016964290557E-13,1.225,3.500000017874));
#15672=DIRECTION('',(0.0,-1.0,0.0));
#15673=DIRECTION('',(1.0,0.0,-2.368475785867E-14));
#15674=DIRECTION('',(0.0,0.0,1.0));
#15675=CARTESIAN_POINT('',(-1.016964290557E-13,1.225,2.500000017874));
#15676=DIRECTION('',(0.0,-1.0,0.0));
#15677=DIRECTION('',(-1.0,0.0,0.0));
#15678=DIRECTION('',(0.0,0.0,-1.0));
#15679=CARTESIAN_POINT('',(0.2999999999999,1.325,3.500000017874));
#15680=DIRECTION('',(0.0,0.0,-1.0));
#15681=DIRECTION('',(0.0,-1.0,0.0));
#15682=CARTESIAN_POINT('',(0.2999999999999,1.325,2.500000017874));
#15683=DIRECTION('',(0.0,0.0,1.0));
#15684=DIRECTION('',(-0.866025403784429,-0.500000000000017,0.0));
#15685=DIRECTION('',(0.0,0.0,1.0));
#15686=CARTESIAN_POINT('',(0.126794919243,1.225,2.500000017874));
#15687=DIRECTION('',(0.0,0.0,-1.0));
#15688=DIRECTION('',(0.0,1.0,0.0));
#15689=DIRECTION('',(0.0,0.0,1.0));
#15690=CARTESIAN_POINT('',(0.126794919243,1.225,3.500000017874));
#15691=DIRECTION('',(0.0,-0.0,1.0));
#15692=DIRECTION('',(0.866025403784429,0.500000000000017,0.0));
#15693=CARTESIAN_POINT('',(-1.016964290557E-13,1.325,3.500000017874));
#15694=DIRECTION('',(0.0,1.0,0.0));
#15695=DIRECTION('',(-1.0,0.0,-1.400968469402E-14));
#15696=CARTESIAN_POINT('',(-0.1267949192432,1.225,3.500000017874));
#15697=DIRECTION('',(0.0,-0.0,1.0));
#15698=DIRECTION('',(0.0,1.0,0.0));
#15699=CARTESIAN_POINT('',(-1.016964290557E-13,1.275,3.500000017874));
#15700=DIRECTION('',(0.0,-1.0,0.0));
#15701=DIRECTION('',(1.0,0.0,0.0));
#15702=CARTESIAN_POINT('',(-0.3000000000001,1.325,3.500000017874));
#15703=DIRECTION('',(0.0,0.0,-1.0));
#15704=DIRECTION('',(0.866025403784429,-0.500000000000017,0.0));
#15705=CARTESIAN_POINT('',(-0.3000000000001,1.325,2.500000017874));
#15706=DIRECTION('',(0.0,0.0,1.0));
#15707=DIRECTION('',(0.0,-1.0,0.0));
#15708=DIRECTION('',(0.0,0.0,-1.0));
#15709=DIRECTION('',(0.0,0.0,-1.0));
#15710=CARTESIAN_POINT('',(-0.1267949192432,1.225,2.500000017874));
#15711=DIRECTION('',(0.0,0.0,-1.0));
#15712=DIRECTION('',(-0.866025403784429,0.500000000000017,0.0));
#15713=CARTESIAN_POINT('',(-1.016964290557E-13,1.325,2.500000017874));
#15714=DIRECTION('',(-0.0,1.0,0.0));
#15715=DIRECTION('',(1.0,0.0,3.502421173506E-14));
#15716=CARTESIAN_POINT('',(-1.016964290557E-13,1.275,2.500000017874));
#15717=DIRECTION('',(0.0,-1.0,0.0));
#15718=DIRECTION('',(-1.0,0.0,0.0));
#15719=DIRECTION('',(0.0,1.0,0.0));
#15720=DIRECTION('',(0.0,1.0,0.0));
#15721=DIRECTION('',(0.0,0.0,-1.0));
#15722=DIRECTION('',(0.0,1.0,-1.68753899743E-14));
#15723=CARTESIAN_POINT('',(-0.4000000000001,1.175,-1.118946804461));
#15724=DIRECTION('',(0.0,1.0,0.0));
#15725=DIRECTION('',(0.499999999999898,0.0,-0.866025403784497));
#15726=DIRECTION('',(1.265654248073E-14,-1.0,0.0));
#15727=DIRECTION('',(-0.866025403784429,0.0,-0.500000000000017));
#15728=DIRECTION('',(0.0,1.0,0.0));
#15729=CARTESIAN_POINT('',(-0.0300000000001,1.175,-1.401848436364));
#15730=DIRECTION('',(0.0,-1.0,0.0));
#15731=DIRECTION('',(0.973182301632191,0.0,0.230035231627398));
#15732=DIRECTION('',(0.0,1.0,0.0));
#15733=DIRECTION('',(0.0,-1.0,1.702341971092E-14));
#15734=DIRECTION('',(0.0,1.0,1.628327102784E-14));
#15735=DIRECTION('',(0.0,-1.0,0.0));
#15736=CARTESIAN_POINT('',(-0.0300000000001,1.175,-2.198147527888));
#15737=DIRECTION('',(0.0,-1.0,-0.0));
#15738=DIRECTION('',(-0.500000000000017,0.0,-0.866025403784429));
#15739=DIRECTION('',(0.0,-1.0,0.0));
#15740=DIRECTION('',(0.866025403784429,0.0,-0.500000000000017));
#15741=DIRECTION('',(0.0,1.0,0.0));
#15742=CARTESIAN_POINT('',(-0.4000000000001,1.175,-2.481049159791));
#15743=DIRECTION('',(0.0,1.0,0.0));
#15744=DIRECTION('',(-1.0,0.0,2.886579864025E-14));
#15745=DIRECTION('',(0.0,-1.0,-1.42108547152E-14));
#15746=DIRECTION('',(9.06939879779644E-13,-0.777145961457138,0.629320391049631));
#15747=CARTESIAN_POINT('',(-0.6000000000001,1.225,-3.669037982126));
#15748=DIRECTION('',(-1.0,-0.0,0.0));
#15749=DIRECTION('',(0.0,-0.629320391048975,-0.777145961457669));
#15750=DIRECTION('',(1.188751294315E-14,0.0,-1.0));
#15751=DIRECTION('',(0.0,-1.0,0.0));
#15752=DIRECTION('',(-9.01113713620644E-13,0.777145961457138,-0.629320391049631));
#15753=DIRECTION('',(0.0,-0.629320391018863,-0.777145961482054));
#15754=CARTESIAN_POINT('',(-0.4000000000004,1.125059881509,-3.974135939664));
#15755=DIRECTION('',(-7.43639341152112E-16,-0.629320391048477,-0.777145961458072));
#15756=DIRECTION('',(-0.999999999759682,-1.70376869423897E-05,1.37968468494298E-05));
#15757=CARTESIAN_POINT('',(-0.4000000000004,1.313855998823,-3.740992151227));
#15758=DIRECTION('',(1.64112633530521E-18,0.62932039104841,0.777145961458127));
#15759=DIRECTION('',(-1.89773392927897E-05,0.777145961318186,-0.629320390935089));
#15760=DIRECTION('',(4.23535305103409E-06,-0.629320391042814,-0.777145961451117));
#15761=DIRECTION('',(1.0,3.034608178696E-14,0.0));
#15762=DIRECTION('',(-9.10439161373567E-12,0.629320391048477,0.777145961458072));
#15763=CARTESIAN_POINT('',(2.3,1.313855998824,-3.740992151227));
#15764=DIRECTION('',(4.4543450548606E-16,0.629320391048477,0.777145961458072));
#15765=DIRECTION('',(1.0,3.219646771413E-14,-2.6645352591E-14));
#15766=DIRECTION('',(0.0,0.629320391048477,0.777145961458072));
#15767=CARTESIAN_POINT('',(2.3,1.125059881509,-3.974135939664));
#15768=DIRECTION('',(-2.05998412772246E-16,-0.629320391048479,-0.777145961458071));
#15769=DIRECTION('',(0.125805536507697,0.770971475675382,-0.624320391048486));
#15770=DIRECTION('',(0.0,0.777145961457355,-0.629320391049363));
#15771=DIRECTION('',(1.0,0.0,0.0));
#15772=CARTESIAN_POINT('',(2.5,1.225,-3.669037982126));
#15773=DIRECTION('',(1.0,0.0,0.0));
#15774=DIRECTION('',(0.0,-1.0,-3.005003653319E-13));
#15775=DIRECTION('',(0.0,0.0,-1.0));
#15776=DIRECTION('',(0.0,0.0,1.0));
#15777=DIRECTION('',(-1.0,0.0,0.0));
#15778=DIRECTION('',(1.0,0.0,0.0));
#15779=DIRECTION('',(-1.0,0.0,0.0));
#15780=DIRECTION('',(0.0,0.316227766016808,-0.948683298050524));
#15781=DIRECTION('',(-1.0,0.0,0.0));
#15782=DIRECTION('',(0.0,-0.316227766016808,0.948683298050524));
#15783=DIRECTION('',(-1.0,0.0,0.0));
#15784=DIRECTION('',(0.0,0.0,-1.0));
#15785=DIRECTION('',(1.0,0.0,0.0));
#15786=CARTESIAN_POINT('',(-2.3,1.025,-3.949000017874));
#15787=DIRECTION('',(1.0,0.0,0.0));
#15788=DIRECTION('',(0.0,-1.0,0.0));
#15789=DIRECTION('',(1.0,0.0,0.0));
#15790=DIRECTION('',(1.0,0.0,0.0));
#15791=CARTESIAN_POINT('',(2.3,1.025,-3.949000017874));
#15792=DIRECTION('',(-1.0,0.0,0.0));
#15793=DIRECTION('',(0.0,0.0,-1.0));
#15794=DIRECTION('',(0.0,0.0,1.0));
#15795=CARTESIAN_POINT('',(2.3,0.2250000000004,-3.949000017874));
#15796=DIRECTION('',(-1.0,0.0,0.0));
#15797=DIRECTION('',(0.0,1.0,0.0));
#15798=DIRECTION('',(0.0,-1.0,0.0));
#15799=DIRECTION('',(0.0,-0.707106781186548,-0.707106781186548));
#15800=DIRECTION('',(1.0,0.0,0.0));
#15801=DIRECTION('',(0.0,0.707106781186548,0.707106781186548));
#15802=DIRECTION('',(1.0,0.0,0.0));
#15803=DIRECTION('',(0.0,0.0,-1.0));
#15804=DIRECTION('',(-1.0,0.0,0.0));
#15805=CARTESIAN_POINT('',(-2.3,0.2250000000004,-3.949000017874));
#15806=DIRECTION('',(1.0,0.0,0.0));
#15807=DIRECTION('',(0.0,0.0,-1.0));
#15808=DIRECTION('',(0.0,0.0,1.0));
#15809=DIRECTION('',(0.0,1.0,0.0));
#15810=DIRECTION('',(0.0,0.0,1.0));
#15811=DIRECTION('',(-1.83645787094E-13,0.0,1.0));
#15812=DIRECTION('',(0.0,0.0,-1.0));
#15813=DIRECTION('',(0.0,0.0,-1.0));
#15814=DIRECTION('',(-1.0,0.0,-2.699287130786E-12));
#15815=DIRECTION('',(0.0,0.0,-1.0));
#15816=CARTESIAN_POINT('',(-0.4000000000003,0.9250000000004,-2.481049159791));
#15817=DIRECTION('',(0.0,1.0,0.0));
#15818=DIRECTION('',(-1.0,0.0,3.668563037892E-14));
#15819=DIRECTION('',(0.866025403784429,0.0,-0.500000000000017));
#15820=CARTESIAN_POINT('',(-0.03000000000033,0.9250000000004,-2.198147527888));
#15821=DIRECTION('',(0.0,-1.0,-0.0));
#15822=DIRECTION('',(-0.50000000000021,0.0,-0.866025403784317));
#15823=DIRECTION('',(0.0,0.0,-1.0));
#15824=CARTESIAN_POINT('',(-0.03000000000033,0.9250000000004,-1.401848436364));
#15825=DIRECTION('',(0.0,-1.0,0.0));
#15826=DIRECTION('',(1.0,0.0,0.0));
#15827=DIRECTION('',(-0.866025403784429,0.0,-0.500000000000017));
#15828=CARTESIAN_POINT('',(-0.4000000000003,0.9250000000004,-1.118946804461));
#15829=DIRECTION('',(0.0,1.0,0.0));
#15830=DIRECTION('',(0.500000000000092,0.0,-0.866025403784386));
#15831=DIRECTION('',(0.0,0.0,-1.0));
#15832=DIRECTION('',(1.0,0.0,0.0));
#15833=DIRECTION('',(0.0,0.0,1.0));
#15834=DIRECTION('',(1.0,0.0,1.841804359654E-14));
#15835=DIRECTION('',(0.0,0.0,-1.0));
#15836=DIRECTION('',(-1.0,0.0,0.0));
#15837=CARTESIAN_POINT('',(-2.5,1.225,-3.669037982126));
#15838=DIRECTION('',(-1.0,-0.0,0.0));
#15839=DIRECTION('',(0.0,-0.629320391049024,-0.77714596145763));
#15840=DIRECTION('',(1.0,0.0,0.0));
#15841=CARTESIAN_POINT('',(-0.6300000000003,1.225,-3.669037982126));
#15842=DIRECTION('',(1.0,0.0,0.0));
#15843=DIRECTION('',(0.0,-1.0,0.0));
#15844=DIRECTION('',(8.94316470703744E-13,-0.777145961457138,0.629320391049631));
#15845=DIRECTION('',(0.0,0.0,-1.0));
#15846=DIRECTION('',(0.0,1.0,0.0));
#15847=DIRECTION('',(0.0,0.0,1.0));
#15848=DIRECTION('',(0.0,1.0,-1.421085471523E-14));
#15849=DIRECTION('',(-8.99171608886344E-13,0.777145961457138,-0.629320391049631));
#15850=DIRECTION('',(0.0,0.629320391017977,0.777145961482771));
#15851=DIRECTION('',(3.38273772280702E-06,0.629320391044903,0.777145961453604));
#15852=CARTESIAN_POINT('',(-0.8300000000006,1.313855998824,-3.740992151227));
#15853=DIRECTION('',(5.86349293313929E-16,0.629320391048477,0.777145961458072));
#15854=DIRECTION('',(0.999999999761732,-1.69648592762705E-05,1.37378721665204E-05));
#15855=CARTESIAN_POINT('',(-0.8300000000006,1.125059881509,-3.974135939664));
#15856=DIRECTION('',(4.48859699408999E-15,-0.62932039104845,-0.777145961458094));
#15857=DIRECTION('',(0.125805536499502,0.770971475676213,-0.624320391049111));
#15858=DIRECTION('',(0.0,-0.777145961457404,0.629320391049303));
#15859=CARTESIAN_POINT('',(-2.3,1.12505988151,-3.974135939664));
#15860=DIRECTION('',(1.17195801691947E-16,-0.629320391048477,-0.777145961458072));
#15861=DIRECTION('',(-1.0,2.997602166488E-14,-2.442490654175E-14));
#15862=DIRECTION('',(0.0,-0.629320391048417,-0.777145961458121));
#15863=CARTESIAN_POINT('',(-2.3,1.313855998824,-3.740992151227));
#15864=DIRECTION('',(0.0,0.629320391048477,0.777145961458072));
#15865=DIRECTION('',(-7.58282325818973E-12,0.777145961458072,-0.629320391048477));
#15866=DIRECTION('',(-9.21737883820367E-12,-0.629320391048477,-0.777145961458072));
#15867=DIRECTION('',(-1.0,5.452928386245E-14,0.0));
#15868=DIRECTION('',(0.0,0.777145961457404,-0.629320391049303));
#15869=DIRECTION('',(1.0,0.0,0.0));
#15870=CARTESIAN_POINT('',(-0.03000000000033,1.225,-2.198147527888));
#15871=DIRECTION('',(-0.0,1.0,0.0));
#15872=DIRECTION('',(1.0,0.0,0.0));
#15873=DIRECTION('',(-1.0,0.0,0.0));
#15874=DIRECTION('',(0.0,0.0,-1.0));
#15875=DIRECTION('',(1.0,0.0,0.0));
#15876=DIRECTION('',(0.0,-1.492235248152E-14,-1.0));
#15877=DIRECTION('',(1.0,0.0,1.841804359653E-14));
#15878=DIRECTION('',(0.0,0.0,-1.0));
#15879=DIRECTION('',(1.0,0.0,0.0));
#15880=DIRECTION('',(0.0,0.0,-1.0));
#15881=DIRECTION('',(-1.0,0.0,0.0));
#15882=DIRECTION('',(0.0,0.0,-1.0));
#15883=DIRECTION('',(1.0,0.0,0.0));
#15884=CARTESIAN_POINT('',(-0.03000000000033,1.225,-1.401848436364));
#15885=DIRECTION('',(-0.0,1.0,0.0));
#15886=DIRECTION('',(0.964374572040269,0.0,0.264540516371591));
#15887=DIRECTION('',(0.0,0.0,-1.0));
#15888=DIRECTION('',(0.0,-1.0,0.0));
#15889=DIRECTION('',(0.0,1.0,0.0));
#15890=DIRECTION('',(0.0,-1.0,0.0));
#15891=CARTESIAN_POINT('',(-0.03000000000033,1.175,-1.401848436364));
#15892=DIRECTION('',(0.0,1.0,0.0));
#15893=DIRECTION('',(-0.500000000000092,0.0,0.866025403784386));
#15894=DIRECTION('',(1.565414464725E-14,-1.0,0.0));
#15895=DIRECTION('',(0.866025403784429,0.0,0.500000000000017));
#15896=DIRECTION('',(-2.908784324524E-14,1.0,-1.243449787583E-14));
#15897=CARTESIAN_POINT('',(-0.4000000000003,1.175,-1.118946804461));
#15898=DIRECTION('',(0.0,-1.0,0.0));
#15899=DIRECTION('',(0.000321606833257807,0.0,-0.999999948284521));
#15900=CARTESIAN_POINT('',(-0.4000000000003,1.175,-1.118946804461));
#15901=DIRECTION('',(0.0,-1.0,0.0));
#15902=DIRECTION('',(-1.0,0.0,0.0));
#15903=DIRECTION('',(0.0,-1.0,-1.065814103642E-14));
#15904=DIRECTION('',(0.0,0.0,1.0));
#15905=DIRECTION('',(0.0,-1.0,0.0));
#15906=DIRECTION('',(0.0,-1.0,0.0));
#15907=CARTESIAN_POINT('',(-2.596446554168,0.6750000000004,-0.04999798212588));
#15908=DIRECTION('',(0.0,0.0,1.0));
#15909=DIRECTION('',(-4.505486892661E-13,1.0,0.0));
#15910=CARTESIAN_POINT('',(-2.596446554168,0.6750000000004,-3.549997982126));
#15911=DIRECTION('',(0.0,0.0,-1.0));
#15912=DIRECTION('',(-0.707106781186597,0.707106781186498,0.0));
#15913=DIRECTION('',(0.0,0.0,1.0));
#15914=CARTESIAN_POINT('',(-2.596446554168,0.6750000000004,-0.04999798212588));
#15915=DIRECTION('',(0.0,0.0,1.0));
#15916=DIRECTION('',(-0.231951833133509,0.972727272726536,0.0));
#15917=DIRECTION('',(-0.707106781186598,-0.707106781186498,0.0));
#15918=DIRECTION('',(0.707106781186548,0.707106781186548,0.0));
#15919=DIRECTION('',(0.0,0.0,-1.0));
#15920=DIRECTION('',(-0.707106781186548,-0.707106781186548,0.0));
#15921=CARTESIAN_POINT('',(-3.2,0.07144655416846,-0.04999798212588));
#15922=DIRECTION('',(0.0,0.0,1.0));
#15923=DIRECTION('',(-0.707106781186297,0.707106781186797,0.0));
#15924=DIRECTION('',(1.0,0.0,0.0));
#15925=DIRECTION('',(-1.0,0.0,0.0));
#15926=DIRECTION('',(1.0,0.0,0.0));
#15927=CARTESIAN_POINT('',(-3.2,0.07144655416846,-3.549997982126));
#15928=DIRECTION('',(0.0,0.0,-1.0));
#15929=DIRECTION('',(-1.0,0.0,0.0));
#15930=DIRECTION('',(0.0,-1.0,0.0));
#15931=CARTESIAN_POINT('',(-2.596446554168,0.6750000000004,-3.549997982126));
#15932=DIRECTION('',(0.0,0.0,1.0));
#15933=DIRECTION('',(-6.732392421327E-13,1.0,0.0));
#15934=DIRECTION('',(-0.707106781186548,-0.707106781186548,0.0));
#15935=DIRECTION('',(1.0,0.0,0.0));
#15936=CARTESIAN_POINT('',(-3.75,0.005000000000033,-3.669037982126));
#15937=DIRECTION('',(-0.0,1.0,0.0));
#15938=DIRECTION('',(1.0,0.0,0.0));
#15939=DIRECTION('',(-0.777145961457315,-9.62139609211719E-14,-0.629320391049412));
#15940=DIRECTION('',(-0.629320391047203,0.0,0.777145961459104));
#15941=DIRECTION('',(0.777145961456952,9.6213960921864E-14,0.629320391049861));
#15942=CARTESIAN_POINT('',(-3.838855998823,-0.195,-3.740992151227));
#15943=DIRECTION('',(-0.629320391047203,-5.42865839683507E-16,0.777145961459104));
#15944=DIRECTION('',(9.725553695716E-13,1.0,7.882583474839E-13));
#15945=DIRECTION('',(0.0,1.0,0.0));
#15946=CARTESIAN_POINT('',(-3.838855998823,-0.445,-3.740992151227));
#15947=DIRECTION('',(-0.629320391047203,0.0,0.777145961459104));
#15948=DIRECTION('',(-0.777145961459104,-5.27355936696903E-14,-0.629320391047203));
#15949=DIRECTION('',(-0.777145961456952,0.0,-0.629320391049861));
#15950=DIRECTION('',(0.777145961457315,0.0,0.629320391049412));
#15951=CARTESIAN_POINT('',(-3.75,-0.645,-3.669037982126));
#15952=DIRECTION('',(0.0,-1.0,0.0));
#15953=DIRECTION('',(0.629320391049303,0.0,-0.777145961457404));
#15954=DIRECTION('',(-1.0,0.0,0.0));
#15955=DIRECTION('',(0.629320391047203,0.0,-0.777145961459104));
#15956=CARTESIAN_POINT('',(-3.650059881509,-0.445,-3.974135939664));
#15957=DIRECTION('',(0.629320391047203,-6.98685988006614E-15,-0.777145961459104));
#15958=DIRECTION('',(-1.110223024625E-14,-1.0,0.0));
#15959=DIRECTION('',(0.629320391047203,-3.20006579826802E-13,-0.777145961459104));
#15960=DIRECTION('',(-0.629320391047203,-3.18148237319102E-13,0.777145961459104));
#15961=CARTESIAN_POINT('',(-3.650059881509,-0.195,-3.974135939664));
#15962=DIRECTION('',(0.629320391047249,-7.45931094670027E-15,-0.777145961459067));
#15963=DIRECTION('',(-0.770971475675324,0.125805536518304,-0.62432039104642));
#15964=DIRECTION('',(0.0,1.0,0.0));
#15965=CARTESIAN_POINT('',(-3.2,-0.675,-3.549997982126));
#15966=DIRECTION('',(0.0,0.0,1.0));
#15967=DIRECTION('',(-1.0,0.0,0.0));
#15968=DIRECTION('',(0.0,1.0,0.0));
#15969=CARTESIAN_POINT('',(-3.2,-0.675,-3.549997982126));
#15970=DIRECTION('',(0.0,0.0,-1.0));
#15971=DIRECTION('',(0.0,-1.0,0.0));
#15972=CARTESIAN_POINT('',(-3.2,-0.675,2.519039982126));
#15973=DIRECTION('',(0.0,0.0,1.0));
#15974=DIRECTION('',(-1.0,0.0,0.0));
#15975=CARTESIAN_POINT('',(-3.2,-0.675,2.519039982126));
#15976=DIRECTION('',(-0.0,0.0,-1.0));
#15977=DIRECTION('',(-0.520000000000002,-0.854166260162504,0.0));
#15978=DIRECTION('',(0.0,-1.0,0.0));
#15979=DIRECTION('',(0.0,0.999999999998883,-1.49470788599097E-06));
#15980=DIRECTION('',(0.0,1.0,0.0));
#15981=DIRECTION('',(0.428571428571388,-0.285714285714292,0.857142857142876));
#15982=DIRECTION('',(-0.428571428571388,-0.285714285714292,0.857142857142876));
#15983=DIRECTION('',(0.0,-1.0,0.0));
#15984=DIRECTION('',(0.0,-1.0,0.0));
#15985=DIRECTION('',(0.0,1.0,0.0));
#15986=DIRECTION('',(0.0,-1.0,0.0));
#15987=DIRECTION('',(0.0,1.0,0.0));
#15988=DIRECTION('',(0.0,1.0,0.0));
#15989=DIRECTION('',(0.428571428571388,-0.285714285714292,0.857142857142876));
#15990=DIRECTION('',(-0.428571428571388,-0.285714285714292,0.857142857142876));
#15991=DIRECTION('',(0.0,-1.0,0.0));
#15992=DIRECTION('',(0.0,-0.999999999999323,1.16340357347803E-06));
#15993=DIRECTION('',(0.0,1.0,0.0));
#15994=CARTESIAN_POINT('',(3.2,-0.675,2.519039982126));
#15995=DIRECTION('',(0.0,0.0,1.0));
#15996=DIRECTION('',(0.236363636363592,-0.971664670246366,0.0));
#15997=DIRECTION('',(0.0,1.0,0.0));
#15998=DIRECTION('',(1.0,0.0,0.0));
#15999=DIRECTION('',(0.0,-1.0,0.0));
#16000=CARTESIAN_POINT('',(3.2,-0.675,2.519039982126));
#16001=DIRECTION('',(0.0,0.0,-1.0));
#16002=DIRECTION('',(1.0,0.0,0.0));
#16003=DIRECTION('',(-6.578245217888E-14,-4.980514580151E-13,-1.0));
#16004=CARTESIAN_POINT('',(3.2,-0.675,-3.549997982126));
#16005=DIRECTION('',(0.0,0.0,1.0));
#16006=DIRECTION('',(0.0,-1.0,0.0));
#16007=DIRECTION('',(-1.0,0.0,0.0));
#16008=DIRECTION('',(0.0,-1.0,0.0));
#16009=CARTESIAN_POINT('',(3.2,-0.675,-3.549997982126));
#16010=DIRECTION('',(0.0,0.0,-1.0));
#16011=DIRECTION('',(1.0,0.0,0.0));
#16012=DIRECTION('',(0.0,1.0,0.0));
#16013=DIRECTION('',(0.0,1.0,0.0));
#16014=DIRECTION('',(0.0,0.0,1.0));
#16015=DIRECTION('',(0.0,1.0,0.0));
#16016=CARTESIAN_POINT('',(3.45,0.1214465541685,0.1000020178741));
#16017=DIRECTION('',(1.0,0.0,-0.0));
#16018=DIRECTION('',(0.0,0.0,1.0));
#16019=CARTESIAN_POINT('',(3.45,0.1214465541685,0.1000020178741));
#16020=DIRECTION('',(1.0,0.0,0.0));
#16021=DIRECTION('',(0.0,-1.0,0.0));
#16022=DIRECTION('',(3.771857437785E-14,-9.708102868392E-14,1.0));
#16023=DIRECTION('',(-3.715972991728E-12,1.0,1.336680932276E-14));
#16024=DIRECTION('',(2.148818757337E-12,0.0,-1.0));
#16025=DIRECTION('',(0.0,1.0,0.0));
#16026=DIRECTION('',(3.353798720219E-12,0.0,-1.0));
#16027=DIRECTION('',(0.0,0.707106781186597,-0.707106781186498));
#16028=DIRECTION('',(0.0,0.0,-1.0));
#16029=CARTESIAN_POINT('',(3.45,-0.14,1.300002017874));
#16030=DIRECTION('',(1.0,0.0,0.0));
#16031=DIRECTION('',(0.0,-1.0,0.0));
#16032=DIRECTION('',(0.0,0.0,1.0));
#16033=DIRECTION('',(0.0,1.0,0.0));
#16034=DIRECTION('',(0.0,0.0,1.0));
#16035=DIRECTION('',(0.0,-1.0,0.0));
#16036=DIRECTION('',(0.0,0.0,-1.0));
#16037=DIRECTION('',(0.0,1.0,0.0));
#16038=DIRECTION('',(0.707106781186597,1.57009245868399E-14,0.707106781186498));
#16039=DIRECTION('',(0.577350269189626,0.577350269189626,0.577350269189626));
#16040=DIRECTION('',(0.0,1.0,0.0));
#16041=DIRECTION('',(-1.0,0.0,0.0));
#16042=CARTESIAN_POINT('',(3.3,1.109999287525,2.519039982126));
#16043=DIRECTION('',(0.0,0.0,-1.0));
#16044=DIRECTION('',(0.0,1.0,0.0));
#16045=DIRECTION('',(-1.0,0.0,0.0));
#16046=DIRECTION('',(-2.362067225834E-12,1.0,0.0));
#16047=CARTESIAN_POINT('',(3.3,1.109999287525,2.519039982126));
#16048=DIRECTION('',(0.0,0.0,1.0));
#16049=DIRECTION('',(1.0,0.0,0.0));
#16050=DIRECTION('',(-1.0,0.0,0.0));
#16051=DIRECTION('',(1.998401444325E-14,1.0,0.0));
#16052=CARTESIAN_POINT('',(2.95,1.559999287525,2.419039982126));
#16053=DIRECTION('',(0.0,1.0,0.0));
#16054=DIRECTION('',(-1.0,0.0,0.0));
#16055=DIRECTION('',(0.0,-1.0,0.0));
#16056=DIRECTION('',(-1.0,0.0,0.0));
#16057=DIRECTION('',(0.0,-0.707106781186597,-0.707106781186498));
#16058=CARTESIAN_POINT('',(3.3,1.109999287525,2.419039982126));
#16059=DIRECTION('',(0.0,0.0,-1.0));
#16060=DIRECTION('',(0.866666666666657,0.498887651569875,0.0));
#16061=CARTESIAN_POINT('',(3.3,1.109999287525,2.419039982126));
#16062=DIRECTION('',(0.0,0.0,-1.0));
#16063=DIRECTION('',(0.0,1.0,0.0));
#16064=DIRECTION('',(0.707106781186548,0.0,0.707106781186548));
#16065=DIRECTION('',(1.0,0.0,0.0));
#16066=DIRECTION('',(0.0,0.0,-1.0));
#16067=DIRECTION('',(0.0,0.0,1.0));
#16068=DIRECTION('',(1.0,0.0,0.0));
#16069=DIRECTION('',(0.0,0.0,-1.0));
#16070=DIRECTION('',(1.0,0.0,0.0));
#16071=DIRECTION('',(1.0,0.0,0.0));
#16072=DIRECTION('',(-1.0,0.0,0.0));
#16073=DIRECTION('',(0.0,0.0,1.0));
#16074=DIRECTION('',(-1.0,0.0,0.0));
#16075=DIRECTION('',(0.0,0.0,-1.0));
#16076=DIRECTION('',(-0.707106781186598,-0.707106781186498,0.0));
#16077=DIRECTION('',(0.0,0.0,1.0));
#16078=DIRECTION('',(-0.707106781186598,-0.707106781186498,0.0));
#16079=CARTESIAN_POINT('',(2.726338,1.109999287525,1.059521017874));
#16080=DIRECTION('',(0.0,0.0,-1.0));
#16081=DIRECTION('',(-0.707106781186597,0.707106781186498,0.0));
#16082=DIRECTION('',(1.0,0.0,-7.507213419834E-14));
#16083=DIRECTION('',(0.0,-1.0,0.0));
#16084=DIRECTION('',(-1.0,0.0,7.507213419834E-14));
#16085=CARTESIAN_POINT('',(2.726338,1.109999287525,1.059521017874));
#16086=DIRECTION('',(0.0,-0.0,1.0));
#16087=DIRECTION('',(1.480297366167E-14,1.0,0.0));
#16088=DIRECTION('',(0.707106781186697,0.707106781186397,0.0));
#16089=DIRECTION('',(0.0,0.0,-1.0));
#16090=DIRECTION('',(0.707106781186698,0.707106781186398,0.0));
#16091=CARTESIAN_POINT('',(2.726338,1.109999287525,1.659521017874));
#16092=DIRECTION('',(0.0,0.0,-1.0));
#16093=DIRECTION('',(-0.707106781186498,0.707106781186598,0.0));
#16094=DIRECTION('',(-1.0,0.0,0.0));
#16095=DIRECTION('',(0.0,-1.0,0.0));
#16096=DIRECTION('',(1.0,0.0,0.0));
#16097=CARTESIAN_POINT('',(2.726338,1.109999287525,1.659521017874));
#16098=DIRECTION('',(0.0,-0.0,1.0));
#16099=DIRECTION('',(0.0,1.0,0.0));
#16100=DIRECTION('',(0.0,0.0,-1.0));
#16101=CARTESIAN_POINT('',(2.75,1.559999287525,0.9595210178741));
#16102=DIRECTION('',(0.0,-1.0,0.0));
#16103=DIRECTION('',(1.0,0.0,0.0));
#16104=CARTESIAN_POINT('',(2.75,1.559999287525,1.759521017874));
#16105=DIRECTION('',(0.0,-1.0,0.0));
#16106=DIRECTION('',(0.0,0.0,-1.0));
#16107=DIRECTION('',(0.0,0.0,-1.0));
#16108=DIRECTION('',(0.0,0.0,1.0));
#16109=DIRECTION('',(-1.0,0.0,0.0));
#16110=CARTESIAN_POINT('',(2.95,1.559999287525,0.3500020178741));
#16111=DIRECTION('',(0.0,1.0,0.0));
#16112=DIRECTION('',(0.0,0.0,-1.0));
#16113=DIRECTION('',(0.0,0.0,-1.0));
#16114=DIRECTION('',(0.0,1.0,0.0));
#16115=DIRECTION('',(0.0,0.0,1.0));
#16116=DIRECTION('',(0.0,-1.0,0.0));
#16117=CARTESIAN_POINT('',(2.75,1.259999287525,0.9595210178741));
#16118=DIRECTION('',(0.0,1.0,0.0));
#16119=DIRECTION('',(-3.10862446895E-13,0.0,1.0));
#16120=DIRECTION('',(0.0,0.0,-1.0));
#16121=DIRECTION('',(0.0,0.0,1.0));
#16122=CARTESIAN_POINT('',(2.75,1.259999287525,1.759521017874));
#16123=DIRECTION('',(-0.0,1.0,0.0));
#16124=DIRECTION('',(1.0,0.0,0.0));
#16125=DIRECTION('',(0.0,0.0,1.0));
#16126=CARTESIAN_POINT('',(2.95,1.259999287525,0.3500020178741));
#16127=DIRECTION('',(0.0,-1.0,0.0));
#16128=DIRECTION('',(-1.0,0.0,0.0));
#16129=DIRECTION('',(1.0,0.0,0.0));
#16130=CARTESIAN_POINT('',(3.3,1.109999287525,0.2500020178741));
#16131=DIRECTION('',(0.0,-0.0,1.0));
#16132=DIRECTION('',(0.745351744094866,0.666671416497469,0.0));
#16133=DIRECTION('',(0.0,-1.0,0.0));
#16134=CARTESIAN_POINT('',(3.3,1.109999287525,0.2500020178741));
#16135=DIRECTION('',(0.0,0.0,-1.0));
#16136=DIRECTION('',(0.0,1.0,0.0));
#16137=DIRECTION('',(2.150475549399E-12,-1.0,0.0));
#16138=DIRECTION('',(1.0,0.0,0.0));
#16139=CARTESIAN_POINT('',(3.3,1.109999287525,0.2500020178741));
#16140=DIRECTION('',(0.0,0.0,1.0));
#16141=DIRECTION('',(1.0,-3.404683942184E-14,0.0));
#16142=DIRECTION('',(1.764529919573E-14,1.0,0.0));
#16143=DIRECTION('',(0.0,-1.0,0.0));
#16144=DIRECTION('',(0.0,0.0,1.0));
#16145=CARTESIAN_POINT('',(3.43,-0.14,1.300002017874));
#16146=DIRECTION('',(-1.0,0.0,0.0));
#16147=DIRECTION('',(0.0,1.0,0.0));
#16148=DIRECTION('',(0.0,0.0,-1.0));
#16149=DIRECTION('',(0.0,0.0,1.0));
#16150=DIRECTION('',(5.627157398788E-14,1.0,0.0));
#16151=DIRECTION('',(0.0,1.0,0.0));
#16152=DIRECTION('',(0.0,0.0,-1.0));
#16153=DIRECTION('',(0.0,1.0,0.0));
#16154=DIRECTION('',(0.0,0.0,-1.0));
#16155=DIRECTION('',(0.0,-1.0,0.0));
#16156=DIRECTION('',(0.0,0.0,1.0));
#16157=DIRECTION('',(-0.0499376169438922,0.0,-0.998752338877845));
#16158=DIRECTION('',(-1.0,0.0,-1.110223024625E-14));
#16159=DIRECTION('',(-1.0,0.0,0.0));
#16160=DIRECTION('',(-1.0,0.0,0.0));
#16161=DIRECTION('',(-1.0,0.0,0.0));
#16162=DIRECTION('',(0.0499376169438922,0.0,0.998752338877845));
#16163=DIRECTION('',(0.0,1.0,0.0));
#16164=DIRECTION('',(-0.707106781186548,0.707106781186548,0.0));
#16165=CARTESIAN_POINT('',(2.596446554166,0.6749999999999,-0.04999798212588));
#16166=DIRECTION('',(0.0,-0.0,1.0));
#16167=DIRECTION('',(0.707106781186498,0.707106781186597,0.0));
#16168=DIRECTION('',(0.0,0.0,-1.0));
#16169=CARTESIAN_POINT('',(2.596446554166,0.6749999999999,-3.549997982126));
#16170=DIRECTION('',(0.0,0.0,-1.0));
#16171=DIRECTION('',(-8.639553718901E-14,1.0,0.0));
#16172=CARTESIAN_POINT('',(2.596446554166,0.6749999999999,-0.04999798212588));
#16173=DIRECTION('',(0.0,-0.0,1.0));
#16174=DIRECTION('',(0.231951833129498,0.972727272727492,0.0));
#16175=DIRECTION('',(0.0,-1.0,0.0));
#16176=DIRECTION('',(0.707106781186598,-0.707106781186498,0.0));
#16177=CARTESIAN_POINT('',(3.199999999999,0.07144655416633,-3.549997982126));
#16178=DIRECTION('',(0.0,0.0,-1.0));
#16179=DIRECTION('',(0.707106781186498,0.707106781186597,0.0));
#16180=DIRECTION('',(1.677534570074E-12,-1.0,-1.33668093233E-14));
#16181=DIRECTION('',(1.0,0.0,0.0));
#16182=CARTESIAN_POINT('',(3.199999999999,0.07144655416633,-3.549997982126));
#16183=DIRECTION('',(0.0,-0.0,1.0));
#16184=DIRECTION('',(1.0,4.088451799333E-12,0.0));
#16185=DIRECTION('',(-0.707106781186498,0.707106781186598,0.0));
#16186=CARTESIAN_POINT('',(2.596446554166,0.6749999999999,-3.549997982126));
#16187=DIRECTION('',(0.0,-0.0,1.0));
#16188=DIRECTION('',(0.707106781186498,0.707106781186598,0.0));
#16189=DIRECTION('',(0.0,0.0,1.0));
#16190=DIRECTION('',(0.0,0.0,-1.0));
#16191=CARTESIAN_POINT('',(3.199999999999,0.07144655416633,-0.04999798212588));
#16192=DIRECTION('',(0.0,0.0,-1.0));
#16193=DIRECTION('',(0.920000000002566,0.391918358839285,0.0));
#16194=DIRECTION('',(1.0,0.0,0.0));
#16195=CARTESIAN_POINT('',(3.199999999999,0.07144655416633,-0.04999798212588));
#16196=DIRECTION('',(0.0,-0.0,1.0));
#16197=DIRECTION('',(0.995859195463587,0.0909090909129388,0.0));
#16198=DIRECTION('',(-0.707106781186898,0.707106781186198,0.0));
#16199=DIRECTION('',(0.0,0.0,1.0));
#16200=DIRECTION('',(1.607469444962E-14,-6.209918685767E-13,-1.0));
#16201=DIRECTION('',(0.0,-0.707106781186597,-0.707106781186498));
#16202=DIRECTION('',(0.0,0.0,-1.0));
#16203=DIRECTION('',(0.0,1.0,0.0));
#16204=DIRECTION('',(0.0,0.0,-1.0));
#16205=DIRECTION('',(0.0,-0.707106781186597,0.707106781186498));
#16206=DIRECTION('',(0.0,0.0,1.0));
#16207=DIRECTION('',(0.0,0.0,-1.0));
#16208=DIRECTION('',(0.0,1.0,0.0));
#16209=DIRECTION('',(0.0,0.0,-1.0));
#16210=CARTESIAN_POINT('',(3.75,0.1214465541685,0.1000020178741));
#16211=DIRECTION('',(-1.0,-0.0,0.0));
#16212=DIRECTION('',(0.0,-0.333333333351602,-0.942809041575605));
#16213=CARTESIAN_POINT('',(3.75,0.1214465541685,0.1000020178741));
#16214=DIRECTION('',(-1.0,0.0,0.0));
#16215=DIRECTION('',(0.0,-1.0,0.0));
#16216=DIRECTION('',(0.0,0.0,-1.0));
#16217=DIRECTION('',(-1.0,0.0,0.0));
#16218=DIRECTION('',(-1.0,4.906723175913E-13,-2.624058377992E-13));
#16219=DIRECTION('',(0.777145961457001,-9.62139609218701E-14,-0.629320391049801));
#16220=DIRECTION('',(-0.629320391047203,0.0,-0.777145961459104));
#16221=DIRECTION('',(-0.777145961457315,9.62139609211219E-14,0.629320391049412));
#16222=CARTESIAN_POINT('',(3.75,0.005000000000033,-3.669037982126));
#16223=DIRECTION('',(0.0,1.0,0.0));
#16224=DIRECTION('',(-0.629320391049691,0.0,-0.777145961457089));
#16225=DIRECTION('',(0.0,-1.0,0.0));
#16226=CARTESIAN_POINT('',(3.75,-0.645,-3.669037982126));
#16227=DIRECTION('',(0.0,-1.0,0.0));
#16228=DIRECTION('',(-1.0,0.0,0.0));
#16229=DIRECTION('',(-0.777145961457001,0.0,0.629320391049801));
#16230=DIRECTION('',(0.777145961457315,0.0,-0.629320391049412));
#16231=DIRECTION('',(0.629320391047203,0.0,0.777145961459104));
#16232=DIRECTION('',(0.629320391047264,2.79494713158784E-13,0.777145961459055));
#16233=CARTESIAN_POINT('',(3.838855998823,-0.445,-3.740992151227));
#16234=DIRECTION('',(0.629320391047203,-1.59404382166644E-16,0.777145961459104));
#16235=DIRECTION('',(2.442490654175E-14,-1.0,-1.998401444325E-14));
#16236=CARTESIAN_POINT('',(3.650059881509,-0.445,-3.974135939664));
#16237=DIRECTION('',(-0.629320391047229,4.15249432061948E-15,-0.777145961459083));
#16238=DIRECTION('',(0.770971475676701,-0.1258055365045,-0.624320391047501));
#16239=CARTESIAN_POINT('',(3.650059881509,-0.195,-3.974135939664));
#16240=DIRECTION('',(-0.629320391047203,1.58499793356723E-16,-0.777145961459104));
#16241=DIRECTION('',(-8.415490526659E-13,1.0,6.816769371198E-13));
#16242=CARTESIAN_POINT('',(3.838855998823,-0.195,-3.740992151227));
#16243=DIRECTION('',(0.629320391047203,-9.86076131526265E-30,0.777145961459104));
#16244=DIRECTION('',(0.777145961459104,6.82787160144503E-14,-0.629320391047203));
#16245=DIRECTION('',(-0.629320391047264,2.78472624779584E-13,-0.777145961459055));
#16246=DIRECTION('',(0.0,-1.0,0.0));
#16247=DIRECTION('',(1.0,0.0,0.0));
#16248=DIRECTION('',(1.0,0.0,0.0));
#16249=DIRECTION('',(-0.707106781186548,0.0,-0.707106781186548));
#16250=DIRECTION('',(1.0,0.0,0.0));
#16251=DIRECTION('',(-1.0,0.0,0.0));
#16252=DIRECTION('',(-1.0,0.0,0.0));
#16253=DIRECTION('',(0.0,-1.0,0.0));
#16254=DIRECTION('',(0.0,-0.777145961457404,0.629320391049303));
#16255=DIRECTION('',(0.0,1.0,0.0));
#16256=CARTESIAN_POINT('',(3.2,-1.225,-3.669037982126));
#16257=DIRECTION('',(1.0,0.0,0.0));
#16258=DIRECTION('',(0.0,0.629320391049084,-0.777145961457581));
#16259=DIRECTION('',(0.0,-0.777145961457404,-0.629320391049303));
#16260=DIRECTION('',(0.0,0.629320391048417,-0.777145961458121));
#16261=CARTESIAN_POINT('',(3.0,-1.313855998824,-3.740992151227));
#16262=DIRECTION('',(0.0,-0.629320391048477,0.777145961458072));
#16263=DIRECTION('',(3.33066907387488E-14,-0.777145961458072,-0.629320391048477));
#16264=DIRECTION('',(0.0,0.777145961457404,0.629320391049303));
#16265=CARTESIAN_POINT('',(-3.0,-1.313855998824,-3.740992151227));
#16266=DIRECTION('',(0.0,-0.629320391048477,0.777145961458072));
#16267=DIRECTION('',(-1.0,0.0,0.0));
#16268=DIRECTION('',(0.0,-0.629320391048417,0.777145961458121));
#16269=CARTESIAN_POINT('',(-3.2,-1.225,-3.669037982126));
#16270=DIRECTION('',(-1.0,0.0,0.0));
#16271=DIRECTION('',(0.0,1.0,0.0));
#16272=DIRECTION('',(0.0,0.0,-1.0));
#16273=DIRECTION('',(1.0,0.0,0.0));
#16274=DIRECTION('',(0.0,1.0,0.0));
#16275=DIRECTION('',(0.0,0.0,1.0));
#16276=DIRECTION('',(0.0,1.0,0.0));
#16277=DIRECTION('',(-0.999999999992922,0.0,3.76237064298108E-06));
#16278=DIRECTION('',(-0.999999999995869,0.0,-2.87428118896791E-06));
#16279=DIRECTION('',(1.887379141867E-14,1.0,0.0));
#16280=CARTESIAN_POINT('',(-0.03000000000033,1.175,-2.198147527888));
#16281=DIRECTION('',(0.0,1.0,0.0));
#16282=DIRECTION('',(0.96425469848238,0.0,-0.264977124398795));
#16283=DIRECTION('',(0.0,1.0,0.0));
#16284=DIRECTION('',(0.999999999999707,0.0,7.65424143330005E-07));
#16285=DIRECTION('',(0.0,1.0,0.0));
#16286=DIRECTION('',(0.99999999845534,0.0,-5.55816566299822E-05));
#16287=CARTESIAN_POINT('',(-0.4000000000003,1.175,-2.481049159791));
#16288=DIRECTION('',(0.0,-1.0,0.0));
#16289=DIRECTION('',(-0.0284340206657206,0.0,0.99959567149362));
#16290=DIRECTION('',(-2.131628207285E-14,-1.0,0.0));
#16291=DIRECTION('',(-0.866025403784429,0.0,0.500000000000017));
#16292=DIRECTION('',(-1.0,0.0,0.0));
#16293=DIRECTION('',(0.0,0.0,1.0));
#16294=DIRECTION('',(0.0,1.0,0.0));
#16295=DIRECTION('',(-1.0,0.0,0.0));
#16296=DIRECTION('',(0.0,1.0,0.0));
#16297=DIRECTION('',(0.0,0.0,-1.0));
#16298=DIRECTION('',(0.0,1.0,0.0));
#16299=DIRECTION('',(1.0,0.0,0.0));
#16300=DIRECTION('',(-1.0,0.0,0.0));
#16301=DIRECTION('',(0.0,1.0,0.0));
#16302=DIRECTION('',(0.0,0.0,-1.0));
#16303=DIRECTION('',(0.0,1.0,0.0));
#16304=DIRECTION('',(1.0,0.0,0.0));
#16305=DIRECTION('',(1.0,0.0,0.0));
#16306=DIRECTION('',(0.0,-1.0,0.0));
#16307=DIRECTION('',(1.0,0.0,0.0));
#16308=DIRECTION('',(1.0,0.0,0.0));
#16309=DIRECTION('',(-0.0499376169438922,0.0,0.998752338877845));
#16310=DIRECTION('',(0.0499376169438922,0.0,-0.998752338877845));
#16311=DIRECTION('',(1.0,0.0,0.0));
#16312=DIRECTION('',(0.0,1.0,0.0));
#16313=DIRECTION('',(2.22044604925E-14,-1.0,0.0));
#16314=CARTESIAN_POINT('',(-3.3,1.109999287525,2.519039982126));
#16315=DIRECTION('',(0.0,-0.0,1.0));
#16316=DIRECTION('',(0.0,1.0,0.0));
#16317=DIRECTION('',(-1.0,0.0,-1.015061051086E-14));
#16318=DIRECTION('',(0.0,1.0,0.0));
#16319=DIRECTION('',(0.0,-1.0,0.0));
#16320=DIRECTION('',(0.0,1.0,0.0));
#16321=DIRECTION('',(0.0,-1.0,0.0));
#16322=DIRECTION('',(0.0,1.0,0.0));
#16323=DIRECTION('',(0.0,-1.0,0.0));
#16324=DIRECTION('',(1.294431228871E-10,-1.0,4.120407718725E-11));
#16325=DIRECTION('',(0.0,1.0,0.0));
#16326=DIRECTION('',(0.0,-1.0,0.0));
#16327=DIRECTION('',(0.0,1.0,0.0));
#16328=DIRECTION('',(0.0,-1.0,0.0));
#16329=DIRECTION('',(0.0,0.936672189248498,-0.350207381259199));
#16330=DIRECTION('',(-1.0,0.0,0.0));
#16331=CARTESIAN_POINT('',(2.125,-1.225,-2.976997982126));
#16332=DIRECTION('',(1.0,0.0,0.0));
#16333=DIRECTION('',(0.0,1.0,-2.812564995717E-14));
#16334=DIRECTION('',(1.0,0.0,0.0));
#16335=CARTESIAN_POINT('',(2.625,-1.225,-2.976997982126));
#16336=DIRECTION('',(-1.0,0.0,0.0));
#16337=DIRECTION('',(0.0,0.500000000000017,0.866025403784429));
#16338=DIRECTION('',(0.0,-0.196116135138203,-0.980580675690916));
#16339=CARTESIAN_POINT('',(2.625,-0.075,-2.620248495719));
#16340=DIRECTION('',(1.0,0.0,0.0));
#16341=DIRECTION('',(0.0,-0.980580675690916,0.196116135138203));
#16342=DIRECTION('',(0.0,-1.374295435531E-14,-1.0));
#16343=DIRECTION('',(1.0,0.0,0.0));
#16344=DIRECTION('',(0.0,1.145246196276E-14,1.0));
#16345=CARTESIAN_POINT('',(2.125,-0.075,-2.620248495719));
#16346=DIRECTION('',(-1.0,0.0,0.0));
#16347=DIRECTION('',(0.0,-1.0,0.0));
#16348=DIRECTION('',(0.0,0.196116135138203,0.980580675690916));
#16349=DIRECTION('',(-1.0,0.0,0.0));
#16350=DIRECTION('',(0.0,-0.936672189248498,0.350207381259199));
#16351=DIRECTION('',(0.0,1.0,0.0));
#16352=DIRECTION('',(0.0,-1.0,0.0));
#16353=DIRECTION('',(0.0,1.0,0.0));
#16354=DIRECTION('',(0.0,-1.0,0.0));
#16355=DIRECTION('',(1.50044421332E-10,-1.0,-4.776031422201E-11));
#16356=DIRECTION('',(0.0,1.0,0.0));
#16357=DIRECTION('',(0.0,-1.0,0.0));
#16358=DIRECTION('',(1.0,0.0,0.0));
#16359=DIRECTION('',(0.0,-0.936672189248498,0.350207381259199));
#16360=DIRECTION('',(0.0,0.936672189248498,-0.350207381259199));
#16361=DIRECTION('',(0.0,-0.936672189248465,0.350207381259287));
#16362=DIRECTION('',(0.0,-0.414693242656306,0.909961270876513));
#16363=DIRECTION('',(0.0,0.350207381259495,0.936672189248387));
#16364=DIRECTION('',(0.0,-0.350207381259495,-0.936672189248387));
#16365=DIRECTION('',(1.0,0.0,0.0));
#16366=DIRECTION('',(-1.0,0.0,0.0));
#16367=DIRECTION('',(0.0,0.414693242656306,-0.909961270876513));
#16368=DIRECTION('',(0.0,0.936672189248465,-0.350207381259287));
#16369=DIRECTION('',(0.0,-0.936672189248465,0.350207381259287));
#16370=DIRECTION('',(0.0,-0.414693242656306,0.909961270876513));
#16371=DIRECTION('',(0.0,0.350207381259495,0.936672189248387));
#16372=DIRECTION('',(1.0,0.0,0.0));
#16373=DIRECTION('',(-1.0,0.0,0.0));
#16374=CARTESIAN_POINT('',(-3.05,-1.325,3.550000017874));
#16375=DIRECTION('',(0.0,0.0,-1.0));
#16376=DIRECTION('',(0.0,1.0,0.0));
#16377=CARTESIAN_POINT('',(-3.05,-1.325,2.450000017874));
#16378=DIRECTION('',(0.0,-0.0,1.0));
#16379=DIRECTION('',(0.866025403784429,0.500000000000017,0.0));
#16380=DIRECTION('',(0.0,0.0,1.0));
#16381=CARTESIAN_POINT('',(-2.876794919243,-1.225,2.450000017874));
#16382=DIRECTION('',(-3.858589456686E-14,-1.06581410364002E-13,-1.0));
#16383=DIRECTION('',(5.3290705182E-14,-1.0,1.06581410364E-13));
#16384=DIRECTION('',(0.0,0.0,1.0));
#16385=CARTESIAN_POINT('',(-2.876794919243,-1.225,3.550000017874));
#16386=DIRECTION('',(2.59226034976172E-14,-1.07071755701286E-13,1.0));
#16387=DIRECTION('',(-0.866025403784317,-0.50000000000021,-3.10862446895006E-14));
#16388=CARTESIAN_POINT('',(-2.8,-1.325,3.550000017874));
#16389=DIRECTION('',(2.83515643986365E-26,-1.0,-1.06581410364E-13));
#16390=DIRECTION('',(1.0,-4.67130391440957E-42,2.660085309606E-13));
#16391=CARTESIAN_POINT('',(-2.723205080757,-1.225,3.550000017874));
#16392=DIRECTION('',(-3.251631450707E-14,-1.06581410363999E-13,1.0));
#16393=DIRECTION('',(-4.4408920985E-14,-1.0,-1.06581410364E-13));
#16394=CARTESIAN_POINT('',(-2.8,-1.275,3.550000017874));
#16395=DIRECTION('',(0.0,-1.0,-1.06581410364E-13));
#16396=DIRECTION('',(1.0,0.0,0.0));
#16397=CARTESIAN_POINT('',(-2.55,-1.325,3.550000017874));
#16398=DIRECTION('',(0.0,0.0,-1.0));
#16399=DIRECTION('',(-0.866025403784429,0.500000000000017,0.0));
#16400=CARTESIAN_POINT('',(-2.55,-1.325,2.450000017874));
#16401=DIRECTION('',(0.0,-0.0,1.0));
#16402=DIRECTION('',(0.0,1.0,0.0));
#16403=DIRECTION('',(0.0,0.0,-1.0));
#16404=DIRECTION('',(0.0,0.0,-1.0));
#16405=CARTESIAN_POINT('',(-2.723205080757,-1.225,2.450000017874));
#16406=DIRECTION('',(3.61412960882993E-14,-1.06155338666677E-13,-1.0));
#16407=DIRECTION('',(0.866025403784386,-0.500000000000092,8.43769498715086E-14));
#16408=CARTESIAN_POINT('',(-2.8,-1.325,2.450000017874));
#16409=DIRECTION('',(-1.3559443842828E-26,-1.0,1.06581410364E-13));
#16410=DIRECTION('',(-1.0,2.33565195720509E-42,-1.27221471329E-13));
#16411=CARTESIAN_POINT('',(-2.8,-1.275,2.450000017874));
#16412=DIRECTION('',(5.7934382116925E-27,-1.0,1.06581410364E-13));
#16413=DIRECTION('',(-1.0,0.0,5.43569295237E-14));
#16414=DIRECTION('',(0.0,0.316227766016808,0.948683298050524));
#16415=DIRECTION('',(0.0,1.0,0.0));
#16416=DIRECTION('',(0.0,0.707106781186498,-0.707106781186597));
#16417=DIRECTION('',(0.0,0.0,1.0));
#16418=CARTESIAN_POINT('',(2.025,-0.225,-3.949000017874));
#16419=DIRECTION('',(1.0,0.0,0.0));
#16420=DIRECTION('',(0.0,-1.0,0.0));
#16421=CARTESIAN_POINT('',(2.725,-0.225,-3.949000017874));
#16422=DIRECTION('',(-1.0,0.0,0.0));
#16423=DIRECTION('',(0.0,0.0,-1.0));
#16424=DIRECTION('',(1.0,0.0,0.0));
#16425=DIRECTION('',(1.0,0.0,0.0));
#16426=DIRECTION('',(0.0,0.0,-1.0));
#16427=DIRECTION('',(0.0,-0.707106781186548,0.707106781186548));
#16428=DIRECTION('',(1.554312234475E-14,1.0,0.0));
#16429=DIRECTION('',(0.0,-0.316227766016808,-0.948683298050524));
#16430=DIRECTION('',(1.0,0.0,0.0));
#16431=DIRECTION('',(1.0,0.0,0.0));
ENDSEC;
END-ISO-10303-21;
