ISO-10303-21;
HEADER;
/* Generated by software containing ST-Developer
 * from STEP Tools, Inc. (www.steptools.com) 
 */

FILE_DESCRIPTION(
/* description */ ('STEP AP214'),
/* implementation_level */ '2;1');

FILE_NAME(
/* name */ 'SM04B-SRSS-TB.STEP',
/* time_stamp */ '2025-06-05T15:37:12+01:00',
/* author */ ('4539'),
/* organization */ (' '),
/* preprocessor_version */ 'ST-DEVELOPER v20.1',
/* originating_system */ 'Autodesk Inventor 2026',
/* authorisation */ '');

FILE_SCHEMA (('AUTOMOTIVE_DESIGN { 1 0 10303 214 3 1 1 }'));
ENDSEC;

DATA;
#10=MECHANICAL_DESIGN_GEOMETRIC_PRESENTATION_REPRESENTATION('',(#1673,#1674,
#1675,#1676,#1677,#1678,#1679,#1680,#1681,#1682,#1683,#1684,#1685,#1686,
#1687,#1688,#1689,#1690,#1691,#1692,#1693,#1694,#1695,#1696,#1697,#1698,
#1699,#1700,#1701,#1702,#1703,#1704,#1705,#1706,#1707,#1708,#1709,#1710,
#1711,#1712,#1713,#1714,#1715,#1716,#1717,#1718,#1719,#1720,#1721,#1722,
#1723,#1724,#1725,#1726,#1727,#1728,#1729,#1730,#1731,#1732,#1733,#1734,
#1735,#1736,#1737,#1738,#1739,#1740,#1741,#1742,#1743,#1744,#1745,#1746,
#1747,#1748,#1749,#1750,#1751,#1752,#1753,#1754,#1755,#1756,#1757,#1758,
#1759,#1760,#1761,#1762),#2887);
#11=SHAPE_REPRESENTATION_RELATIONSHIP('SRR','None',#2894,#12);
#12=ADVANCED_BREP_SHAPE_REPRESENTATION('',(#13),#2886);
#13=MANIFOLD_SOLID_BREP('Solid1',#1852);
#14=FACE_BOUND('',#111,.T.);
#15=FACE_BOUND('',#112,.T.);
#16=FACE_BOUND('',#113,.T.);
#17=FACE_BOUND('',#114,.T.);
#18=FACE_BOUND('',#135,.T.);
#19=FACE_OUTER_BOUND('',#108,.T.);
#20=FACE_OUTER_BOUND('',#109,.T.);
#21=FACE_OUTER_BOUND('',#110,.T.);
#22=FACE_OUTER_BOUND('',#115,.T.);
#23=FACE_OUTER_BOUND('',#116,.T.);
#24=FACE_OUTER_BOUND('',#117,.T.);
#25=FACE_OUTER_BOUND('',#118,.T.);
#26=FACE_OUTER_BOUND('',#119,.T.);
#27=FACE_OUTER_BOUND('',#120,.T.);
#28=FACE_OUTER_BOUND('',#121,.T.);
#29=FACE_OUTER_BOUND('',#122,.T.);
#30=FACE_OUTER_BOUND('',#123,.T.);
#31=FACE_OUTER_BOUND('',#124,.T.);
#32=FACE_OUTER_BOUND('',#125,.T.);
#33=FACE_OUTER_BOUND('',#126,.T.);
#34=FACE_OUTER_BOUND('',#127,.T.);
#35=FACE_OUTER_BOUND('',#128,.T.);
#36=FACE_OUTER_BOUND('',#129,.T.);
#37=FACE_OUTER_BOUND('',#130,.T.);
#38=FACE_OUTER_BOUND('',#131,.T.);
#39=FACE_OUTER_BOUND('',#132,.T.);
#40=FACE_OUTER_BOUND('',#133,.T.);
#41=FACE_OUTER_BOUND('',#134,.T.);
#42=FACE_OUTER_BOUND('',#136,.T.);
#43=FACE_OUTER_BOUND('',#137,.T.);
#44=FACE_OUTER_BOUND('',#138,.T.);
#45=FACE_OUTER_BOUND('',#139,.T.);
#46=FACE_OUTER_BOUND('',#140,.T.);
#47=FACE_OUTER_BOUND('',#141,.T.);
#48=FACE_OUTER_BOUND('',#142,.T.);
#49=FACE_OUTER_BOUND('',#143,.T.);
#50=FACE_OUTER_BOUND('',#144,.T.);
#51=FACE_OUTER_BOUND('',#145,.T.);
#52=FACE_OUTER_BOUND('',#146,.T.);
#53=FACE_OUTER_BOUND('',#147,.T.);
#54=FACE_OUTER_BOUND('',#148,.T.);
#55=FACE_OUTER_BOUND('',#149,.T.);
#56=FACE_OUTER_BOUND('',#150,.T.);
#57=FACE_OUTER_BOUND('',#151,.T.);
#58=FACE_OUTER_BOUND('',#152,.T.);
#59=FACE_OUTER_BOUND('',#153,.T.);
#60=FACE_OUTER_BOUND('',#154,.T.);
#61=FACE_OUTER_BOUND('',#155,.T.);
#62=FACE_OUTER_BOUND('',#156,.T.);
#63=FACE_OUTER_BOUND('',#157,.T.);
#64=FACE_OUTER_BOUND('',#158,.T.);
#65=FACE_OUTER_BOUND('',#159,.T.);
#66=FACE_OUTER_BOUND('',#160,.T.);
#67=FACE_OUTER_BOUND('',#161,.T.);
#68=FACE_OUTER_BOUND('',#162,.T.);
#69=FACE_OUTER_BOUND('',#163,.T.);
#70=FACE_OUTER_BOUND('',#164,.T.);
#71=FACE_OUTER_BOUND('',#165,.T.);
#72=FACE_OUTER_BOUND('',#166,.T.);
#73=FACE_OUTER_BOUND('',#167,.T.);
#74=FACE_OUTER_BOUND('',#168,.T.);
#75=FACE_OUTER_BOUND('',#169,.T.);
#76=FACE_OUTER_BOUND('',#170,.T.);
#77=FACE_OUTER_BOUND('',#171,.T.);
#78=FACE_OUTER_BOUND('',#172,.T.);
#79=FACE_OUTER_BOUND('',#173,.T.);
#80=FACE_OUTER_BOUND('',#174,.T.);
#81=FACE_OUTER_BOUND('',#175,.T.);
#82=FACE_OUTER_BOUND('',#176,.T.);
#83=FACE_OUTER_BOUND('',#177,.T.);
#84=FACE_OUTER_BOUND('',#178,.T.);
#85=FACE_OUTER_BOUND('',#179,.T.);
#86=FACE_OUTER_BOUND('',#180,.T.);
#87=FACE_OUTER_BOUND('',#181,.T.);
#88=FACE_OUTER_BOUND('',#182,.T.);
#89=FACE_OUTER_BOUND('',#183,.T.);
#90=FACE_OUTER_BOUND('',#184,.T.);
#91=FACE_OUTER_BOUND('',#185,.T.);
#92=FACE_OUTER_BOUND('',#186,.T.);
#93=FACE_OUTER_BOUND('',#187,.T.);
#94=FACE_OUTER_BOUND('',#188,.T.);
#95=FACE_OUTER_BOUND('',#189,.T.);
#96=FACE_OUTER_BOUND('',#190,.T.);
#97=FACE_OUTER_BOUND('',#191,.T.);
#98=FACE_OUTER_BOUND('',#192,.T.);
#99=FACE_OUTER_BOUND('',#193,.T.);
#100=FACE_OUTER_BOUND('',#194,.T.);
#101=FACE_OUTER_BOUND('',#195,.T.);
#102=FACE_OUTER_BOUND('',#196,.T.);
#103=FACE_OUTER_BOUND('',#197,.T.);
#104=FACE_OUTER_BOUND('',#198,.T.);
#105=FACE_OUTER_BOUND('',#199,.T.);
#106=FACE_OUTER_BOUND('',#200,.T.);
#107=FACE_OUTER_BOUND('',#201,.T.);
#108=EDGE_LOOP('',(#1096,#1097,#1098,#1099));
#109=EDGE_LOOP('',(#1100,#1101,#1102,#1103));
#110=EDGE_LOOP('',(#1104,#1105,#1106,#1107));
#111=EDGE_LOOP('',(#1108,#1109,#1110,#1111));
#112=EDGE_LOOP('',(#1112,#1113,#1114,#1115));
#113=EDGE_LOOP('',(#1116,#1117,#1118,#1119));
#114=EDGE_LOOP('',(#1120,#1121,#1122,#1123));
#115=EDGE_LOOP('',(#1124,#1125,#1126,#1127));
#116=EDGE_LOOP('',(#1128,#1129,#1130,#1131));
#117=EDGE_LOOP('',(#1132,#1133,#1134,#1135));
#118=EDGE_LOOP('',(#1136,#1137,#1138,#1139));
#119=EDGE_LOOP('',(#1140,#1141,#1142,#1143));
#120=EDGE_LOOP('',(#1144,#1145,#1146,#1147,#1148,#1149,#1150,#1151));
#121=EDGE_LOOP('',(#1152,#1153,#1154,#1155));
#122=EDGE_LOOP('',(#1156,#1157,#1158,#1159));
#123=EDGE_LOOP('',(#1160,#1161,#1162,#1163));
#124=EDGE_LOOP('',(#1164,#1165,#1166,#1167));
#125=EDGE_LOOP('',(#1168,#1169,#1170,#1171));
#126=EDGE_LOOP('',(#1172,#1173,#1174,#1175));
#127=EDGE_LOOP('',(#1176,#1177,#1178,#1179));
#128=EDGE_LOOP('',(#1180,#1181,#1182,#1183));
#129=EDGE_LOOP('',(#1184,#1185,#1186,#1187,#1188,#1189,#1190,#1191));
#130=EDGE_LOOP('',(#1192,#1193,#1194,#1195));
#131=EDGE_LOOP('',(#1196,#1197,#1198,#1199));
#132=EDGE_LOOP('',(#1200,#1201,#1202,#1203));
#133=EDGE_LOOP('',(#1204,#1205,#1206,#1207));
#134=EDGE_LOOP('',(#1208,#1209,#1210,#1211,#1212,#1213,#1214,#1215,#1216,
#1217,#1218,#1219));
#135=EDGE_LOOP('',(#1220,#1221,#1222,#1223,#1224,#1225,#1226,#1227,#1228,
#1229,#1230,#1231));
#136=EDGE_LOOP('',(#1232,#1233,#1234,#1235));
#137=EDGE_LOOP('',(#1236,#1237,#1238,#1239));
#138=EDGE_LOOP('',(#1240,#1241,#1242,#1243));
#139=EDGE_LOOP('',(#1244,#1245,#1246,#1247));
#140=EDGE_LOOP('',(#1248,#1249,#1250,#1251));
#141=EDGE_LOOP('',(#1252,#1253,#1254,#1255));
#142=EDGE_LOOP('',(#1256,#1257,#1258,#1259));
#143=EDGE_LOOP('',(#1260,#1261,#1262,#1263));
#144=EDGE_LOOP('',(#1264,#1265,#1266,#1267));
#145=EDGE_LOOP('',(#1268,#1269,#1270,#1271));
#146=EDGE_LOOP('',(#1272,#1273,#1274,#1275));
#147=EDGE_LOOP('',(#1276,#1277,#1278,#1279));
#148=EDGE_LOOP('',(#1280,#1281,#1282,#1283,#1284,#1285,#1286,#1287,#1288,
#1289,#1290,#1291));
#149=EDGE_LOOP('',(#1292,#1293,#1294,#1295,#1296,#1297,#1298,#1299,#1300,
#1301,#1302,#1303,#1304,#1305,#1306,#1307,#1308,#1309,#1310,#1311,#1312,
#1313,#1314,#1315,#1316,#1317));
#150=EDGE_LOOP('',(#1318,#1319,#1320,#1321));
#151=EDGE_LOOP('',(#1322,#1323,#1324,#1325,#1326,#1327,#1328));
#152=EDGE_LOOP('',(#1329,#1330,#1331,#1332,#1333,#1334,#1335));
#153=EDGE_LOOP('',(#1336,#1337,#1338,#1339,#1340,#1341,#1342,#1343));
#154=EDGE_LOOP('',(#1344,#1345,#1346,#1347));
#155=EDGE_LOOP('',(#1348,#1349,#1350,#1351,#1352,#1353,#1354,#1355,#1356,
#1357,#1358,#1359));
#156=EDGE_LOOP('',(#1360,#1361,#1362,#1363));
#157=EDGE_LOOP('',(#1364,#1365,#1366,#1367));
#158=EDGE_LOOP('',(#1368,#1369,#1370,#1371));
#159=EDGE_LOOP('',(#1372,#1373,#1374,#1375));
#160=EDGE_LOOP('',(#1376,#1377,#1378,#1379));
#161=EDGE_LOOP('',(#1380,#1381,#1382,#1383));
#162=EDGE_LOOP('',(#1384,#1385,#1386,#1387));
#163=EDGE_LOOP('',(#1388,#1389,#1390,#1391));
#164=EDGE_LOOP('',(#1392,#1393,#1394,#1395,#1396,#1397,#1398,#1399,#1400,
#1401,#1402,#1403,#1404,#1405,#1406,#1407,#1408,#1409,#1410,#1411,#1412,
#1413,#1414,#1415));
#165=EDGE_LOOP('',(#1416,#1417,#1418,#1419));
#166=EDGE_LOOP('',(#1420,#1421,#1422,#1423));
#167=EDGE_LOOP('',(#1424,#1425,#1426,#1427));
#168=EDGE_LOOP('',(#1428,#1429,#1430,#1431));
#169=EDGE_LOOP('',(#1432,#1433,#1434,#1435,#1436,#1437));
#170=EDGE_LOOP('',(#1438,#1439,#1440,#1441,#1442,#1443));
#171=EDGE_LOOP('',(#1444,#1445,#1446,#1447));
#172=EDGE_LOOP('',(#1448,#1449,#1450,#1451,#1452,#1453));
#173=EDGE_LOOP('',(#1454,#1455,#1456,#1457,#1458,#1459));
#174=EDGE_LOOP('',(#1460,#1461,#1462,#1463,#1464,#1465));
#175=EDGE_LOOP('',(#1466,#1467,#1468,#1469));
#176=EDGE_LOOP('',(#1470,#1471,#1472,#1473,#1474,#1475));
#177=EDGE_LOOP('',(#1476,#1477,#1478,#1479));
#178=EDGE_LOOP('',(#1480,#1481,#1482,#1483,#1484,#1485));
#179=EDGE_LOOP('',(#1486,#1487,#1488,#1489));
#180=EDGE_LOOP('',(#1490,#1491,#1492,#1493,#1494,#1495));
#181=EDGE_LOOP('',(#1496,#1497,#1498,#1499));
#182=EDGE_LOOP('',(#1500,#1501,#1502,#1503));
#183=EDGE_LOOP('',(#1504,#1505,#1506,#1507));
#184=EDGE_LOOP('',(#1508,#1509,#1510,#1511,#1512,#1513));
#185=EDGE_LOOP('',(#1514,#1515,#1516,#1517,#1518,#1519));
#186=EDGE_LOOP('',(#1520,#1521,#1522,#1523));
#187=EDGE_LOOP('',(#1524,#1525,#1526,#1527));
#188=EDGE_LOOP('',(#1528,#1529,#1530,#1531));
#189=EDGE_LOOP('',(#1532,#1533,#1534,#1535));
#190=EDGE_LOOP('',(#1536,#1537,#1538,#1539));
#191=EDGE_LOOP('',(#1540,#1541,#1542,#1543));
#192=EDGE_LOOP('',(#1544,#1545,#1546,#1547));
#193=EDGE_LOOP('',(#1548,#1549,#1550,#1551));
#194=EDGE_LOOP('',(#1552,#1553,#1554,#1555));
#195=EDGE_LOOP('',(#1556,#1557,#1558,#1559));
#196=EDGE_LOOP('',(#1560,#1561,#1562,#1563));
#197=EDGE_LOOP('',(#1564,#1565,#1566,#1567));
#198=EDGE_LOOP('',(#1568,#1569,#1570,#1571));
#199=EDGE_LOOP('',(#1572,#1573,#1574,#1575));
#200=EDGE_LOOP('',(#1576,#1577,#1578,#1579));
#201=EDGE_LOOP('',(#1580,#1581,#1582,#1583));
#202=LINE('',#2392,#446);
#203=LINE('',#2394,#447);
#204=LINE('',#2396,#448);
#205=LINE('',#2397,#449);
#206=LINE('',#2400,#450);
#207=LINE('',#2402,#451);
#208=LINE('',#2403,#452);
#209=LINE('',#2407,#453);
#210=LINE('',#2409,#454);
#211=LINE('',#2411,#455);
#212=LINE('',#2412,#456);
#213=LINE('',#2414,#457);
#214=LINE('',#2415,#458);
#215=LINE('',#2418,#459);
#216=LINE('',#2420,#460);
#217=LINE('',#2422,#461);
#218=LINE('',#2423,#462);
#219=LINE('',#2426,#463);
#220=LINE('',#2428,#464);
#221=LINE('',#2430,#465);
#222=LINE('',#2431,#466);
#223=LINE('',#2434,#467);
#224=LINE('',#2436,#468);
#225=LINE('',#2438,#469);
#226=LINE('',#2439,#470);
#227=LINE('',#2442,#471);
#228=LINE('',#2443,#472);
#229=LINE('',#2445,#473);
#230=LINE('',#2450,#474);
#231=LINE('',#2451,#475);
#232=LINE('',#2452,#476);
#233=LINE('',#2455,#477);
#234=LINE('',#2457,#478);
#235=LINE('',#2458,#479);
#236=LINE('',#2462,#480);
#237=LINE('',#2464,#481);
#238=LINE('',#2465,#482);
#239=LINE('',#2467,#483);
#240=LINE('',#2469,#484);
#241=LINE('',#2470,#485);
#242=LINE('',#2473,#486);
#243=LINE('',#2475,#487);
#244=LINE('',#2476,#488);
#245=LINE('',#2479,#489);
#246=LINE('',#2481,#490);
#247=LINE('',#2482,#491);
#248=LINE('',#2485,#492);
#249=LINE('',#2486,#493);
#250=LINE('',#2489,#494);
#251=LINE('',#2490,#495);
#252=LINE('',#2493,#496);
#253=LINE('',#2495,#497);
#254=LINE('',#2496,#498);
#255=LINE('',#2499,#499);
#256=LINE('',#2501,#500);
#257=LINE('',#2502,#501);
#258=LINE('',#2505,#502);
#259=LINE('',#2506,#503);
#260=LINE('',#2508,#504);
#261=LINE('',#2511,#505);
#262=LINE('',#2513,#506);
#263=LINE('',#2515,#507);
#264=LINE('',#2517,#508);
#265=LINE('',#2518,#509);
#266=LINE('',#2520,#510);
#267=LINE('',#2522,#511);
#268=LINE('',#2524,#512);
#269=LINE('',#2526,#513);
#270=LINE('',#2530,#514);
#271=LINE('',#2532,#515);
#272=LINE('',#2534,#516);
#273=LINE('',#2536,#517);
#274=LINE('',#2538,#518);
#275=LINE('',#2540,#519);
#276=LINE('',#2542,#520);
#277=LINE('',#2544,#521);
#278=LINE('',#2546,#522);
#279=LINE('',#2548,#523);
#280=LINE('',#2550,#524);
#281=LINE('',#2551,#525);
#282=LINE('',#2554,#526);
#283=LINE('',#2555,#527);
#284=LINE('',#2557,#528);
#285=LINE('',#2559,#529);
#286=LINE('',#2560,#530);
#287=LINE('',#2561,#531);
#288=LINE('',#2565,#532);
#289=LINE('',#2567,#533);
#290=LINE('',#2568,#534);
#291=LINE('',#2570,#535);
#292=LINE('',#2572,#536);
#293=LINE('',#2577,#537);
#294=LINE('',#2579,#538);
#295=LINE('',#2580,#539);
#296=LINE('',#2582,#540);
#297=LINE('',#2584,#541);
#298=LINE('',#2587,#542);
#299=LINE('',#2589,#543);
#300=LINE('',#2590,#544);
#301=LINE('',#2594,#545);
#302=LINE('',#2596,#546);
#303=LINE('',#2597,#547);
#304=LINE('',#2601,#548);
#305=LINE('',#2603,#549);
#306=LINE('',#2605,#550);
#307=LINE('',#2607,#551);
#308=LINE('',#2609,#552);
#309=LINE('',#2611,#553);
#310=LINE('',#2612,#554);
#311=LINE('',#2614,#555);
#312=LINE('',#2616,#556);
#313=LINE('',#2618,#557);
#314=LINE('',#2619,#558);
#315=LINE('',#2623,#559);
#316=LINE('',#2625,#560);
#317=LINE('',#2627,#561);
#318=LINE('',#2629,#562);
#319=LINE('',#2631,#563);
#320=LINE('',#2633,#564);
#321=LINE('',#2635,#565);
#322=LINE('',#2636,#566);
#323=LINE('',#2638,#567);
#324=LINE('',#2639,#568);
#325=LINE('',#2641,#569);
#326=LINE('',#2643,#570);
#327=LINE('',#2645,#571);
#328=LINE('',#2647,#572);
#329=LINE('',#2649,#573);
#330=LINE('',#2651,#574);
#331=LINE('',#2653,#575);
#332=LINE('',#2655,#576);
#333=LINE('',#2657,#577);
#334=LINE('',#2659,#578);
#335=LINE('',#2661,#579);
#336=LINE('',#2663,#580);
#337=LINE('',#2664,#581);
#338=LINE('',#2667,#582);
#339=LINE('',#2668,#583);
#340=LINE('',#2672,#584);
#341=LINE('',#2673,#585);
#342=LINE('',#2674,#586);
#343=LINE('',#2676,#587);
#344=LINE('',#2677,#588);
#345=LINE('',#2681,#589);
#346=LINE('',#2682,#590);
#347=LINE('',#2684,#591);
#348=LINE('',#2685,#592);
#349=LINE('',#2686,#593);
#350=LINE('',#2689,#594);
#351=LINE('',#2691,#595);
#352=LINE('',#2693,#596);
#353=LINE('',#2695,#597);
#354=LINE('',#2697,#598);
#355=LINE('',#2698,#599);
#356=LINE('',#2700,#600);
#357=LINE('',#2704,#601);
#358=LINE('',#2705,#602);
#359=LINE('',#2707,#603);
#360=LINE('',#2709,#604);
#361=LINE('',#2711,#605);
#362=LINE('',#2712,#606);
#363=LINE('',#2714,#607);
#364=LINE('',#2716,#608);
#365=LINE('',#2717,#609);
#366=LINE('',#2720,#610);
#367=LINE('',#2722,#611);
#368=LINE('',#2727,#612);
#369=LINE('',#2729,#613);
#370=LINE('',#2730,#614);
#371=LINE('',#2733,#615);
#372=LINE('',#2734,#616);
#373=LINE('',#2736,#617);
#374=LINE('',#2740,#618);
#375=LINE('',#2741,#619);
#376=LINE('',#2743,#620);
#377=LINE('',#2745,#621);
#378=LINE('',#2746,#622);
#379=LINE('',#2748,#623);
#380=LINE('',#2750,#624);
#381=LINE('',#2751,#625);
#382=LINE('',#2753,#626);
#383=LINE('',#2755,#627);
#384=LINE('',#2756,#628);
#385=LINE('',#2758,#629);
#386=LINE('',#2759,#630);
#387=LINE('',#2761,#631);
#388=LINE('',#2762,#632);
#389=LINE('',#2763,#633);
#390=LINE('',#2765,#634);
#391=LINE('',#2766,#635);
#392=LINE('',#2768,#636);
#393=LINE('',#2773,#637);
#394=LINE('',#2775,#638);
#395=LINE('',#2777,#639);
#396=LINE('',#2778,#640);
#397=LINE('',#2781,#641);
#398=LINE('',#2783,#642);
#399=LINE('',#2785,#643);
#400=LINE('',#2786,#644);
#401=LINE('',#2788,#645);
#402=LINE('',#2791,#646);
#403=LINE('',#2793,#647);
#404=LINE('',#2795,#648);
#405=LINE('',#2796,#649);
#406=LINE('',#2799,#650);
#407=LINE('',#2801,#651);
#408=LINE('',#2803,#652);
#409=LINE('',#2804,#653);
#410=LINE('',#2807,#654);
#411=LINE('',#2809,#655);
#412=LINE('',#2811,#656);
#413=LINE('',#2812,#657);
#414=LINE('',#2814,#658);
#415=LINE('',#2817,#659);
#416=LINE('',#2819,#660);
#417=LINE('',#2821,#661);
#418=LINE('',#2822,#662);
#419=LINE('',#2824,#663);
#420=LINE('',#2827,#664);
#421=LINE('',#2829,#665);
#422=LINE('',#2831,#666);
#423=LINE('',#2832,#667);
#424=LINE('',#2834,#668);
#425=LINE('',#2837,#669);
#426=LINE('',#2839,#670);
#427=LINE('',#2841,#671);
#428=LINE('',#2842,#672);
#429=LINE('',#2844,#673);
#430=LINE('',#2846,#674);
#431=LINE('',#2851,#675);
#432=LINE('',#2853,#676);
#433=LINE('',#2854,#677);
#434=LINE('',#2855,#678);
#435=LINE('',#2858,#679);
#436=LINE('',#2860,#680);
#437=LINE('',#2862,#681);
#438=LINE('',#2865,#682);
#439=LINE('',#2867,#683);
#440=LINE('',#2869,#684);
#441=LINE('',#2871,#685);
#442=LINE('',#2873,#686);
#443=LINE('',#2876,#687);
#444=LINE('',#2879,#688);
#445=LINE('',#2882,#689);
#446=VECTOR('',#1968,1000.);
#447=VECTOR('',#1969,1000.);
#448=VECTOR('',#1970,1000.);
#449=VECTOR('',#1971,1000.);
#450=VECTOR('',#1974,1000.);
#451=VECTOR('',#1975,1000.);
#452=VECTOR('',#1976,1000.);
#453=VECTOR('',#1979,1000.);
#454=VECTOR('',#1980,1000.);
#455=VECTOR('',#1981,1000.);
#456=VECTOR('',#1982,1000.);
#457=VECTOR('',#1983,1000.);
#458=VECTOR('',#1984,1000.);
#459=VECTOR('',#1985,1000.);
#460=VECTOR('',#1986,1000.);
#461=VECTOR('',#1987,1000.);
#462=VECTOR('',#1988,1000.);
#463=VECTOR('',#1989,1000.);
#464=VECTOR('',#1990,1000.);
#465=VECTOR('',#1991,1000.);
#466=VECTOR('',#1992,1000.);
#467=VECTOR('',#1993,1000.);
#468=VECTOR('',#1994,1000.);
#469=VECTOR('',#1995,1000.);
#470=VECTOR('',#1996,1000.);
#471=VECTOR('',#1999,1000.);
#472=VECTOR('',#2000,1000.);
#473=VECTOR('',#2003,1000.);
#474=VECTOR('',#2008,1000.);
#475=VECTOR('',#2009,1000.);
#476=VECTOR('',#2010,1000.);
#477=VECTOR('',#2013,1000.);
#478=VECTOR('',#2014,1000.);
#479=VECTOR('',#2015,1000.);
#480=VECTOR('',#2018,1000.);
#481=VECTOR('',#2019,1000.);
#482=VECTOR('',#2020,1000.);
#483=VECTOR('',#2021,1000.);
#484=VECTOR('',#2022,1000.);
#485=VECTOR('',#2023,1000.);
#486=VECTOR('',#2026,1000.);
#487=VECTOR('',#2027,1000.);
#488=VECTOR('',#2028,1000.);
#489=VECTOR('',#2031,1000.);
#490=VECTOR('',#2032,1000.);
#491=VECTOR('',#2033,1000.);
#492=VECTOR('',#2036,1000.);
#493=VECTOR('',#2037,1000.);
#494=VECTOR('',#2040,1000.);
#495=VECTOR('',#2041,1000.);
#496=VECTOR('',#2044,1000.);
#497=VECTOR('',#2045,1000.);
#498=VECTOR('',#2046,1000.);
#499=VECTOR('',#2049,1000.);
#500=VECTOR('',#2050,1000.);
#501=VECTOR('',#2051,1000.);
#502=VECTOR('',#2054,1000.);
#503=VECTOR('',#2055,1000.);
#504=VECTOR('',#2058,1000.);
#505=VECTOR('',#2061,1000.);
#506=VECTOR('',#2062,1000.);
#507=VECTOR('',#2063,1000.);
#508=VECTOR('',#2064,1000.);
#509=VECTOR('',#2065,1000.);
#510=VECTOR('',#2068,1000.);
#511=VECTOR('',#2071,1000.);
#512=VECTOR('',#2074,1000.);
#513=VECTOR('',#2077,1000.);
#514=VECTOR('',#2080,1000.);
#515=VECTOR('',#2081,1000.);
#516=VECTOR('',#2082,1000.);
#517=VECTOR('',#2083,1000.);
#518=VECTOR('',#2084,1000.);
#519=VECTOR('',#2085,1000.);
#520=VECTOR('',#2086,1000.);
#521=VECTOR('',#2087,1000.);
#522=VECTOR('',#2088,1000.);
#523=VECTOR('',#2089,1000.);
#524=VECTOR('',#2090,1000.);
#525=VECTOR('',#2091,1000.);
#526=VECTOR('',#2092,1000.);
#527=VECTOR('',#2093,1000.);
#528=VECTOR('',#2094,1000.);
#529=VECTOR('',#2095,1000.);
#530=VECTOR('',#2096,1000.);
#531=VECTOR('',#2097,1000.);
#532=VECTOR('',#2102,1000.);
#533=VECTOR('',#2103,1000.);
#534=VECTOR('',#2104,1000.);
#535=VECTOR('',#2107,1000.);
#536=VECTOR('',#2110,1000.);
#537=VECTOR('',#2117,1000.);
#538=VECTOR('',#2118,1000.);
#539=VECTOR('',#2119,1000.);
#540=VECTOR('',#2122,1000.);
#541=VECTOR('',#2125,1000.);
#542=VECTOR('',#2128,1000.);
#543=VECTOR('',#2129,1000.);
#544=VECTOR('',#2130,1000.);
#545=VECTOR('',#2135,1000.);
#546=VECTOR('',#2136,1000.);
#547=VECTOR('',#2137,1000.);
#548=VECTOR('',#2140,1000.);
#549=VECTOR('',#2141,1000.);
#550=VECTOR('',#2142,1000.);
#551=VECTOR('',#2143,1000.);
#552=VECTOR('',#2144,1000.);
#553=VECTOR('',#2145,1000.);
#554=VECTOR('',#2146,1000.);
#555=VECTOR('',#2147,1000.);
#556=VECTOR('',#2148,1000.);
#557=VECTOR('',#2149,1000.);
#558=VECTOR('',#2150,1000.);
#559=VECTOR('',#2153,1000.);
#560=VECTOR('',#2154,1000.);
#561=VECTOR('',#2155,1000.);
#562=VECTOR('',#2156,1000.);
#563=VECTOR('',#2157,1000.);
#564=VECTOR('',#2158,1000.);
#565=VECTOR('',#2159,1000.);
#566=VECTOR('',#2160,1000.);
#567=VECTOR('',#2161,1000.);
#568=VECTOR('',#2162,1000.);
#569=VECTOR('',#2163,1000.);
#570=VECTOR('',#2164,1000.);
#571=VECTOR('',#2165,1000.);
#572=VECTOR('',#2166,1000.);
#573=VECTOR('',#2167,1000.);
#574=VECTOR('',#2168,1000.);
#575=VECTOR('',#2169,1000.);
#576=VECTOR('',#2170,1000.);
#577=VECTOR('',#2171,1000.);
#578=VECTOR('',#2172,1000.);
#579=VECTOR('',#2173,1000.);
#580=VECTOR('',#2174,1000.);
#581=VECTOR('',#2175,1000.);
#582=VECTOR('',#2178,1000.);
#583=VECTOR('',#2179,1000.);
#584=VECTOR('',#2182,1000.);
#585=VECTOR('',#2183,1000.);
#586=VECTOR('',#2184,1000.);
#587=VECTOR('',#2185,1000.);
#588=VECTOR('',#2186,1000.);
#589=VECTOR('',#2189,1000.);
#590=VECTOR('',#2190,1000.);
#591=VECTOR('',#2191,1000.);
#592=VECTOR('',#2192,1000.);
#593=VECTOR('',#2193,1000.);
#594=VECTOR('',#2196,1000.);
#595=VECTOR('',#2197,1000.);
#596=VECTOR('',#2198,1000.);
#597=VECTOR('',#2199,1000.);
#598=VECTOR('',#2200,1000.);
#599=VECTOR('',#2201,1000.);
#600=VECTOR('',#2204,1000.);
#601=VECTOR('',#2207,1000.);
#602=VECTOR('',#2208,1000.);
#603=VECTOR('',#2209,1000.);
#604=VECTOR('',#2210,1000.);
#605=VECTOR('',#2211,1000.);
#606=VECTOR('',#2212,1000.);
#607=VECTOR('',#2213,1000.);
#608=VECTOR('',#2214,1000.);
#609=VECTOR('',#2215,1000.);
#610=VECTOR('',#2220,1000.);
#611=VECTOR('',#2223,1000.);
#612=VECTOR('',#2230,1000.);
#613=VECTOR('',#2231,1000.);
#614=VECTOR('',#2232,1000.);
#615=VECTOR('',#2235,1000.);
#616=VECTOR('',#2236,1000.);
#617=VECTOR('',#2239,1000.);
#618=VECTOR('',#2242,1000.);
#619=VECTOR('',#2243,1000.);
#620=VECTOR('',#2244,1000.);
#621=VECTOR('',#2245,1000.);
#622=VECTOR('',#2246,1000.);
#623=VECTOR('',#2247,1000.);
#624=VECTOR('',#2248,1000.);
#625=VECTOR('',#2249,1000.);
#626=VECTOR('',#2250,1000.);
#627=VECTOR('',#2251,1000.);
#628=VECTOR('',#2252,1000.);
#629=VECTOR('',#2253,1000.);
#630=VECTOR('',#2254,1000.);
#631=VECTOR('',#2255,1000.);
#632=VECTOR('',#2256,1000.);
#633=VECTOR('',#2257,1000.);
#634=VECTOR('',#2260,1000.);
#635=VECTOR('',#2261,1000.);
#636=VECTOR('',#2264,1000.);
#637=VECTOR('',#2271,1000.);
#638=VECTOR('',#2272,1000.);
#639=VECTOR('',#2273,1000.);
#640=VECTOR('',#2274,1000.);
#641=VECTOR('',#2277,1000.);
#642=VECTOR('',#2278,1000.);
#643=VECTOR('',#2279,1000.);
#644=VECTOR('',#2280,1000.);
#645=VECTOR('',#2283,1000.);
#646=VECTOR('',#2286,1000.);
#647=VECTOR('',#2287,1000.);
#648=VECTOR('',#2288,1000.);
#649=VECTOR('',#2289,1000.);
#650=VECTOR('',#2292,1000.);
#651=VECTOR('',#2293,1000.);
#652=VECTOR('',#2294,1000.);
#653=VECTOR('',#2295,1000.);
#654=VECTOR('',#2298,1000.);
#655=VECTOR('',#2299,1000.);
#656=VECTOR('',#2300,1000.);
#657=VECTOR('',#2301,1000.);
#658=VECTOR('',#2304,1000.);
#659=VECTOR('',#2307,1000.);
#660=VECTOR('',#2308,1000.);
#661=VECTOR('',#2309,1000.);
#662=VECTOR('',#2310,1000.);
#663=VECTOR('',#2313,1000.);
#664=VECTOR('',#2316,1000.);
#665=VECTOR('',#2317,1000.);
#666=VECTOR('',#2318,1000.);
#667=VECTOR('',#2319,1000.);
#668=VECTOR('',#2322,1000.);
#669=VECTOR('',#2325,1000.);
#670=VECTOR('',#2326,1000.);
#671=VECTOR('',#2327,1000.);
#672=VECTOR('',#2328,1000.);
#673=VECTOR('',#2331,1000.);
#674=VECTOR('',#2334,1000.);
#675=VECTOR('',#2339,1000.);
#676=VECTOR('',#2340,1000.);
#677=VECTOR('',#2341,1000.);
#678=VECTOR('',#2342,1000.);
#679=VECTOR('',#2347,1000.);
#680=VECTOR('',#2350,1000.);
#681=VECTOR('',#2353,1000.);
#682=VECTOR('',#2358,1000.);
#683=VECTOR('',#2361,1000.);
#684=VECTOR('',#2364,1000.);
#685=VECTOR('',#2367,1000.);
#686=VECTOR('',#2370,1000.);
#687=VECTOR('',#2375,1000.);
#688=VECTOR('',#2380,1000.);
#689=VECTOR('',#2385,1000.);
#690=VERTEX_POINT('',#2390);
#691=VERTEX_POINT('',#2391);
#692=VERTEX_POINT('',#2393);
#693=VERTEX_POINT('',#2395);
#694=VERTEX_POINT('',#2399);
#695=VERTEX_POINT('',#2401);
#696=VERTEX_POINT('',#2405);
#697=VERTEX_POINT('',#2406);
#698=VERTEX_POINT('',#2408);
#699=VERTEX_POINT('',#2410);
#700=VERTEX_POINT('',#2413);
#701=VERTEX_POINT('',#2416);
#702=VERTEX_POINT('',#2417);
#703=VERTEX_POINT('',#2419);
#704=VERTEX_POINT('',#2421);
#705=VERTEX_POINT('',#2424);
#706=VERTEX_POINT('',#2425);
#707=VERTEX_POINT('',#2427);
#708=VERTEX_POINT('',#2429);
#709=VERTEX_POINT('',#2432);
#710=VERTEX_POINT('',#2433);
#711=VERTEX_POINT('',#2435);
#712=VERTEX_POINT('',#2437);
#713=VERTEX_POINT('',#2441);
#714=VERTEX_POINT('',#2448);
#715=VERTEX_POINT('',#2449);
#716=VERTEX_POINT('',#2454);
#717=VERTEX_POINT('',#2456);
#718=VERTEX_POINT('',#2460);
#719=VERTEX_POINT('',#2461);
#720=VERTEX_POINT('',#2463);
#721=VERTEX_POINT('',#2466);
#722=VERTEX_POINT('',#2468);
#723=VERTEX_POINT('',#2472);
#724=VERTEX_POINT('',#2474);
#725=VERTEX_POINT('',#2478);
#726=VERTEX_POINT('',#2480);
#727=VERTEX_POINT('',#2484);
#728=VERTEX_POINT('',#2488);
#729=VERTEX_POINT('',#2492);
#730=VERTEX_POINT('',#2494);
#731=VERTEX_POINT('',#2498);
#732=VERTEX_POINT('',#2500);
#733=VERTEX_POINT('',#2504);
#734=VERTEX_POINT('',#2510);
#735=VERTEX_POINT('',#2512);
#736=VERTEX_POINT('',#2514);
#737=VERTEX_POINT('',#2516);
#738=VERTEX_POINT('',#2528);
#739=VERTEX_POINT('',#2529);
#740=VERTEX_POINT('',#2531);
#741=VERTEX_POINT('',#2533);
#742=VERTEX_POINT('',#2535);
#743=VERTEX_POINT('',#2537);
#744=VERTEX_POINT('',#2539);
#745=VERTEX_POINT('',#2541);
#746=VERTEX_POINT('',#2543);
#747=VERTEX_POINT('',#2545);
#748=VERTEX_POINT('',#2547);
#749=VERTEX_POINT('',#2549);
#750=VERTEX_POINT('',#2552);
#751=VERTEX_POINT('',#2553);
#752=VERTEX_POINT('',#2556);
#753=VERTEX_POINT('',#2558);
#754=VERTEX_POINT('',#2564);
#755=VERTEX_POINT('',#2566);
#756=VERTEX_POINT('',#2576);
#757=VERTEX_POINT('',#2578);
#758=VERTEX_POINT('',#2586);
#759=VERTEX_POINT('',#2588);
#760=VERTEX_POINT('',#2593);
#761=VERTEX_POINT('',#2595);
#762=VERTEX_POINT('',#2599);
#763=VERTEX_POINT('',#2600);
#764=VERTEX_POINT('',#2602);
#765=VERTEX_POINT('',#2604);
#766=VERTEX_POINT('',#2606);
#767=VERTEX_POINT('',#2608);
#768=VERTEX_POINT('',#2610);
#769=VERTEX_POINT('',#2613);
#770=VERTEX_POINT('',#2615);
#771=VERTEX_POINT('',#2617);
#772=VERTEX_POINT('',#2621);
#773=VERTEX_POINT('',#2622);
#774=VERTEX_POINT('',#2624);
#775=VERTEX_POINT('',#2626);
#776=VERTEX_POINT('',#2628);
#777=VERTEX_POINT('',#2630);
#778=VERTEX_POINT('',#2632);
#779=VERTEX_POINT('',#2634);
#780=VERTEX_POINT('',#2637);
#781=VERTEX_POINT('',#2640);
#782=VERTEX_POINT('',#2642);
#783=VERTEX_POINT('',#2644);
#784=VERTEX_POINT('',#2646);
#785=VERTEX_POINT('',#2648);
#786=VERTEX_POINT('',#2650);
#787=VERTEX_POINT('',#2652);
#788=VERTEX_POINT('',#2654);
#789=VERTEX_POINT('',#2656);
#790=VERTEX_POINT('',#2658);
#791=VERTEX_POINT('',#2660);
#792=VERTEX_POINT('',#2662);
#793=VERTEX_POINT('',#2666);
#794=VERTEX_POINT('',#2670);
#795=VERTEX_POINT('',#2671);
#796=VERTEX_POINT('',#2675);
#797=VERTEX_POINT('',#2679);
#798=VERTEX_POINT('',#2680);
#799=VERTEX_POINT('',#2683);
#800=VERTEX_POINT('',#2688);
#801=VERTEX_POINT('',#2690);
#802=VERTEX_POINT('',#2692);
#803=VERTEX_POINT('',#2694);
#804=VERTEX_POINT('',#2696);
#805=VERTEX_POINT('',#2702);
#806=VERTEX_POINT('',#2703);
#807=VERTEX_POINT('',#2706);
#808=VERTEX_POINT('',#2708);
#809=VERTEX_POINT('',#2710);
#810=VERTEX_POINT('',#2713);
#811=VERTEX_POINT('',#2715);
#812=VERTEX_POINT('',#2726);
#813=VERTEX_POINT('',#2728);
#814=VERTEX_POINT('',#2732);
#815=VERTEX_POINT('',#2738);
#816=VERTEX_POINT('',#2739);
#817=VERTEX_POINT('',#2742);
#818=VERTEX_POINT('',#2744);
#819=VERTEX_POINT('',#2747);
#820=VERTEX_POINT('',#2749);
#821=VERTEX_POINT('',#2752);
#822=VERTEX_POINT('',#2754);
#823=VERTEX_POINT('',#2757);
#824=VERTEX_POINT('',#2760);
#825=VERTEX_POINT('',#2772);
#826=VERTEX_POINT('',#2774);
#827=VERTEX_POINT('',#2776);
#828=VERTEX_POINT('',#2780);
#829=VERTEX_POINT('',#2782);
#830=VERTEX_POINT('',#2784);
#831=VERTEX_POINT('',#2790);
#832=VERTEX_POINT('',#2792);
#833=VERTEX_POINT('',#2794);
#834=VERTEX_POINT('',#2798);
#835=VERTEX_POINT('',#2800);
#836=VERTEX_POINT('',#2802);
#837=VERTEX_POINT('',#2806);
#838=VERTEX_POINT('',#2808);
#839=VERTEX_POINT('',#2810);
#840=VERTEX_POINT('',#2816);
#841=VERTEX_POINT('',#2818);
#842=VERTEX_POINT('',#2820);
#843=VERTEX_POINT('',#2826);
#844=VERTEX_POINT('',#2828);
#845=VERTEX_POINT('',#2830);
#846=VERTEX_POINT('',#2836);
#847=VERTEX_POINT('',#2838);
#848=VERTEX_POINT('',#2840);
#849=VERTEX_POINT('',#2849);
#850=VERTEX_POINT('',#2850);
#851=VERTEX_POINT('',#2852);
#852=EDGE_CURVE('',#690,#691,#202,.T.);
#853=EDGE_CURVE('',#690,#692,#203,.T.);
#854=EDGE_CURVE('',#693,#692,#204,.T.);
#855=EDGE_CURVE('',#691,#693,#205,.T.);
#856=EDGE_CURVE('',#692,#694,#206,.T.);
#857=EDGE_CURVE('',#695,#694,#207,.T.);
#858=EDGE_CURVE('',#695,#693,#208,.T.);
#859=EDGE_CURVE('',#696,#697,#209,.T.);
#860=EDGE_CURVE('',#697,#698,#210,.T.);
#861=EDGE_CURVE('',#698,#699,#211,.T.);
#862=EDGE_CURVE('',#699,#696,#212,.T.);
#863=EDGE_CURVE('',#700,#690,#213,.T.);
#864=EDGE_CURVE('',#700,#694,#214,.T.);
#865=EDGE_CURVE('',#701,#702,#215,.T.);
#866=EDGE_CURVE('',#701,#703,#216,.T.);
#867=EDGE_CURVE('',#704,#703,#217,.T.);
#868=EDGE_CURVE('',#702,#704,#218,.T.);
#869=EDGE_CURVE('',#705,#706,#219,.T.);
#870=EDGE_CURVE('',#705,#707,#220,.T.);
#871=EDGE_CURVE('',#708,#707,#221,.T.);
#872=EDGE_CURVE('',#706,#708,#222,.T.);
#873=EDGE_CURVE('',#709,#710,#223,.T.);
#874=EDGE_CURVE('',#709,#711,#224,.T.);
#875=EDGE_CURVE('',#712,#711,#225,.T.);
#876=EDGE_CURVE('',#710,#712,#226,.T.);
#877=EDGE_CURVE('',#713,#695,#227,.T.);
#878=EDGE_CURVE('',#713,#691,#228,.T.);
#879=EDGE_CURVE('',#700,#713,#229,.T.);
#880=EDGE_CURVE('',#714,#715,#230,.T.);
#881=EDGE_CURVE('',#698,#715,#231,.T.);
#882=EDGE_CURVE('',#697,#714,#232,.T.);
#883=EDGE_CURVE('',#710,#716,#233,.T.);
#884=EDGE_CURVE('',#717,#712,#234,.T.);
#885=EDGE_CURVE('',#716,#717,#235,.T.);
#886=EDGE_CURVE('',#718,#719,#236,.T.);
#887=EDGE_CURVE('',#718,#720,#237,.T.);
#888=EDGE_CURVE('',#720,#714,#238,.T.);
#889=EDGE_CURVE('',#696,#721,#239,.T.);
#890=EDGE_CURVE('',#721,#722,#240,.T.);
#891=EDGE_CURVE('',#719,#722,#241,.T.);
#892=EDGE_CURVE('',#723,#708,#242,.T.);
#893=EDGE_CURVE('',#724,#707,#243,.T.);
#894=EDGE_CURVE('',#724,#723,#244,.T.);
#895=EDGE_CURVE('',#702,#725,#245,.T.);
#896=EDGE_CURVE('',#726,#725,#246,.T.);
#897=EDGE_CURVE('',#701,#726,#247,.T.);
#898=EDGE_CURVE('',#727,#721,#248,.T.);
#899=EDGE_CURVE('',#699,#727,#249,.T.);
#900=EDGE_CURVE('',#705,#728,#250,.T.);
#901=EDGE_CURVE('',#728,#724,#251,.T.);
#902=EDGE_CURVE('',#709,#729,#252,.T.);
#903=EDGE_CURVE('',#729,#730,#253,.T.);
#904=EDGE_CURVE('',#730,#711,#254,.T.);
#905=EDGE_CURVE('',#731,#704,#255,.T.);
#906=EDGE_CURVE('',#732,#703,#256,.T.);
#907=EDGE_CURVE('',#732,#731,#257,.T.);
#908=EDGE_CURVE('',#706,#733,#258,.T.);
#909=EDGE_CURVE('',#733,#723,#259,.T.);
#910=EDGE_CURVE('',#726,#732,#260,.T.);
#911=EDGE_CURVE('',#715,#734,#261,.T.);
#912=EDGE_CURVE('',#735,#734,#262,.T.);
#913=EDGE_CURVE('',#736,#735,#263,.T.);
#914=EDGE_CURVE('',#736,#737,#264,.T.);
#915=EDGE_CURVE('',#737,#727,#265,.T.);
#916=EDGE_CURVE('',#730,#717,#266,.T.);
#917=EDGE_CURVE('',#725,#731,#267,.T.);
#918=EDGE_CURVE('',#729,#716,#268,.T.);
#919=EDGE_CURVE('',#728,#733,#269,.T.);
#920=EDGE_CURVE('',#738,#739,#270,.T.);
#921=EDGE_CURVE('',#738,#740,#271,.T.);
#922=EDGE_CURVE('',#740,#741,#272,.T.);
#923=EDGE_CURVE('',#742,#741,#273,.T.);
#924=EDGE_CURVE('',#742,#743,#274,.T.);
#925=EDGE_CURVE('',#743,#744,#275,.T.);
#926=EDGE_CURVE('',#745,#744,#276,.T.);
#927=EDGE_CURVE('',#746,#745,#277,.T.);
#928=EDGE_CURVE('',#746,#747,#278,.T.);
#929=EDGE_CURVE('',#748,#747,#279,.T.);
#930=EDGE_CURVE('',#749,#748,#280,.T.);
#931=EDGE_CURVE('',#749,#739,#281,.T.);
#932=EDGE_CURVE('',#750,#751,#282,.T.);
#933=EDGE_CURVE('',#734,#750,#283,.T.);
#934=EDGE_CURVE('',#752,#720,#284,.T.);
#935=EDGE_CURVE('',#753,#752,#285,.T.);
#936=EDGE_CURVE('',#722,#753,#286,.T.);
#937=EDGE_CURVE('',#751,#737,#287,.T.);
#938=EDGE_CURVE('',#719,#754,#288,.T.);
#939=EDGE_CURVE('',#754,#755,#289,.T.);
#940=EDGE_CURVE('',#755,#718,#290,.T.);
#941=EDGE_CURVE('',#754,#753,#291,.T.);
#942=EDGE_CURVE('',#755,#752,#292,.T.);
#943=EDGE_CURVE('',#735,#756,#293,.T.);
#944=EDGE_CURVE('',#756,#757,#294,.T.);
#945=EDGE_CURVE('',#757,#736,#295,.T.);
#946=EDGE_CURVE('',#757,#751,#296,.T.);
#947=EDGE_CURVE('',#756,#750,#297,.T.);
#948=EDGE_CURVE('',#744,#758,#298,.T.);
#949=EDGE_CURVE('',#759,#758,#299,.T.);
#950=EDGE_CURVE('',#745,#759,#300,.T.);
#951=EDGE_CURVE('',#742,#760,#301,.T.);
#952=EDGE_CURVE('',#741,#761,#302,.T.);
#953=EDGE_CURVE('',#761,#760,#303,.T.);
#954=EDGE_CURVE('',#762,#763,#304,.T.);
#955=EDGE_CURVE('',#763,#764,#305,.T.);
#956=EDGE_CURVE('',#764,#765,#306,.T.);
#957=EDGE_CURVE('',#765,#766,#307,.T.);
#958=EDGE_CURVE('',#766,#767,#308,.T.);
#959=EDGE_CURVE('',#767,#768,#309,.T.);
#960=EDGE_CURVE('',#768,#739,#310,.T.);
#961=EDGE_CURVE('',#769,#749,#311,.T.);
#962=EDGE_CURVE('',#769,#770,#312,.T.);
#963=EDGE_CURVE('',#770,#771,#313,.T.);
#964=EDGE_CURVE('',#771,#762,#314,.T.);
#965=EDGE_CURVE('',#772,#773,#315,.T.);
#966=EDGE_CURVE('',#772,#774,#316,.T.);
#967=EDGE_CURVE('',#774,#775,#317,.T.);
#968=EDGE_CURVE('',#776,#775,#318,.T.);
#969=EDGE_CURVE('',#777,#776,#319,.T.);
#970=EDGE_CURVE('',#778,#777,#320,.T.);
#971=EDGE_CURVE('',#779,#778,#321,.T.);
#972=EDGE_CURVE('',#743,#779,#322,.T.);
#973=EDGE_CURVE('',#760,#780,#323,.T.);
#974=EDGE_CURVE('',#780,#765,#324,.T.);
#975=EDGE_CURVE('',#781,#764,#325,.T.);
#976=EDGE_CURVE('',#782,#781,#326,.T.);
#977=EDGE_CURVE('',#782,#783,#327,.T.);
#978=EDGE_CURVE('',#783,#784,#328,.T.);
#979=EDGE_CURVE('',#785,#784,#329,.T.);
#980=EDGE_CURVE('',#786,#785,#330,.T.);
#981=EDGE_CURVE('',#786,#787,#331,.T.);
#982=EDGE_CURVE('',#787,#788,#332,.T.);
#983=EDGE_CURVE('',#789,#788,#333,.T.);
#984=EDGE_CURVE('',#790,#789,#334,.T.);
#985=EDGE_CURVE('',#790,#791,#335,.T.);
#986=EDGE_CURVE('',#791,#792,#336,.T.);
#987=EDGE_CURVE('',#773,#792,#337,.T.);
#988=EDGE_CURVE('',#793,#738,#338,.T.);
#989=EDGE_CURVE('',#793,#768,#339,.T.);
#990=EDGE_CURVE('',#794,#795,#340,.T.);
#991=EDGE_CURVE('',#795,#746,#341,.T.);
#992=EDGE_CURVE('',#759,#778,#342,.T.);
#993=EDGE_CURVE('',#796,#778,#343,.T.);
#994=EDGE_CURVE('',#796,#794,#344,.T.);
#995=EDGE_CURVE('',#797,#798,#345,.T.);
#996=EDGE_CURVE('',#780,#797,#346,.T.);
#997=EDGE_CURVE('',#799,#780,#347,.T.);
#998=EDGE_CURVE('',#740,#799,#348,.T.);
#999=EDGE_CURVE('',#798,#793,#349,.T.);
#1000=EDGE_CURVE('',#800,#769,#350,.T.);
#1001=EDGE_CURVE('',#748,#801,#351,.T.);
#1002=EDGE_CURVE('',#802,#801,#352,.T.);
#1003=EDGE_CURVE('',#803,#802,#353,.T.);
#1004=EDGE_CURVE('',#803,#804,#354,.T.);
#1005=EDGE_CURVE('',#804,#800,#355,.T.);
#1006=EDGE_CURVE('',#758,#779,#356,.T.);
#1007=EDGE_CURVE('',#805,#806,#357,.T.);
#1008=EDGE_CURVE('',#801,#805,#358,.T.);
#1009=EDGE_CURVE('',#807,#747,#359,.T.);
#1010=EDGE_CURVE('',#808,#807,#360,.T.);
#1011=EDGE_CURVE('',#809,#808,#361,.T.);
#1012=EDGE_CURVE('',#777,#809,#362,.T.);
#1013=EDGE_CURVE('',#810,#776,#363,.T.);
#1014=EDGE_CURVE('',#811,#810,#364,.T.);
#1015=EDGE_CURVE('',#806,#811,#365,.T.);
#1016=EDGE_CURVE('',#795,#807,#366,.T.);
#1017=EDGE_CURVE('',#799,#761,#367,.T.);
#1018=EDGE_CURVE('',#812,#771,#368,.T.);
#1019=EDGE_CURVE('',#812,#813,#369,.T.);
#1020=EDGE_CURVE('',#813,#762,#370,.T.);
#1021=EDGE_CURVE('',#814,#770,#371,.T.);
#1022=EDGE_CURVE('',#814,#812,#372,.T.);
#1023=EDGE_CURVE('',#800,#814,#373,.T.);
#1024=EDGE_CURVE('',#815,#816,#374,.T.);
#1025=EDGE_CURVE('',#815,#773,#375,.T.);
#1026=EDGE_CURVE('',#817,#792,#376,.T.);
#1027=EDGE_CURVE('',#818,#817,#377,.T.);
#1028=EDGE_CURVE('',#818,#789,#378,.T.);
#1029=EDGE_CURVE('',#819,#788,#379,.T.);
#1030=EDGE_CURVE('',#820,#819,#380,.T.);
#1031=EDGE_CURVE('',#820,#785,#381,.T.);
#1032=EDGE_CURVE('',#821,#784,#382,.T.);
#1033=EDGE_CURVE('',#822,#821,#383,.T.);
#1034=EDGE_CURVE('',#822,#781,#384,.T.);
#1035=EDGE_CURVE('',#823,#763,#385,.T.);
#1036=EDGE_CURVE('',#823,#804,#386,.T.);
#1037=EDGE_CURVE('',#824,#803,#387,.T.);
#1038=EDGE_CURVE('',#824,#810,#388,.T.);
#1039=EDGE_CURVE('',#816,#775,#389,.T.);
#1040=EDGE_CURVE('',#798,#767,#390,.T.);
#1041=EDGE_CURVE('',#797,#766,#391,.T.);
#1042=EDGE_CURVE('',#813,#823,#392,.T.);
#1043=EDGE_CURVE('',#818,#825,#393,.T.);
#1044=EDGE_CURVE('',#825,#826,#394,.T.);
#1045=EDGE_CURVE('',#826,#827,#395,.T.);
#1046=EDGE_CURVE('',#827,#790,#396,.T.);
#1047=EDGE_CURVE('',#816,#828,#397,.T.);
#1048=EDGE_CURVE('',#829,#774,#398,.T.);
#1049=EDGE_CURVE('',#830,#829,#399,.T.);
#1050=EDGE_CURVE('',#828,#830,#400,.T.);
#1051=EDGE_CURVE('',#796,#809,#401,.T.);
#1052=EDGE_CURVE('',#822,#831,#402,.T.);
#1053=EDGE_CURVE('',#831,#832,#403,.T.);
#1054=EDGE_CURVE('',#832,#833,#404,.T.);
#1055=EDGE_CURVE('',#833,#782,#405,.T.);
#1056=EDGE_CURVE('',#817,#834,#406,.T.);
#1057=EDGE_CURVE('',#835,#791,#407,.T.);
#1058=EDGE_CURVE('',#836,#835,#408,.T.);
#1059=EDGE_CURVE('',#834,#836,#409,.T.);
#1060=EDGE_CURVE('',#819,#837,#410,.T.);
#1061=EDGE_CURVE('',#838,#787,#411,.T.);
#1062=EDGE_CURVE('',#839,#838,#412,.T.);
#1063=EDGE_CURVE('',#837,#839,#413,.T.);
#1064=EDGE_CURVE('',#827,#835,#414,.T.);
#1065=EDGE_CURVE('',#820,#840,#415,.T.);
#1066=EDGE_CURVE('',#840,#841,#416,.T.);
#1067=EDGE_CURVE('',#841,#842,#417,.T.);
#1068=EDGE_CURVE('',#842,#786,#418,.T.);
#1069=EDGE_CURVE('',#842,#838,#419,.T.);
#1070=EDGE_CURVE('',#821,#843,#420,.T.);
#1071=EDGE_CURVE('',#844,#783,#421,.T.);
#1072=EDGE_CURVE('',#845,#844,#422,.T.);
#1073=EDGE_CURVE('',#843,#845,#423,.T.);
#1074=EDGE_CURVE('',#833,#844,#424,.T.);
#1075=EDGE_CURVE('',#815,#846,#425,.T.);
#1076=EDGE_CURVE('',#846,#847,#426,.T.);
#1077=EDGE_CURVE('',#847,#848,#427,.T.);
#1078=EDGE_CURVE('',#848,#772,#428,.T.);
#1079=EDGE_CURVE('',#848,#829,#429,.T.);
#1080=EDGE_CURVE('',#794,#808,#430,.T.);
#1081=EDGE_CURVE('',#849,#850,#431,.T.);
#1082=EDGE_CURVE('',#850,#851,#432,.T.);
#1083=EDGE_CURVE('',#851,#824,#433,.T.);
#1084=EDGE_CURVE('',#802,#849,#434,.T.);
#1085=EDGE_CURVE('',#849,#805,#435,.T.);
#1086=EDGE_CURVE('',#851,#811,#436,.T.);
#1087=EDGE_CURVE('',#850,#806,#437,.T.);
#1088=EDGE_CURVE('',#831,#843,#438,.T.);
#1089=EDGE_CURVE('',#825,#834,#439,.T.);
#1090=EDGE_CURVE('',#840,#837,#440,.T.);
#1091=EDGE_CURVE('',#846,#828,#441,.T.);
#1092=EDGE_CURVE('',#826,#836,#442,.T.);
#1093=EDGE_CURVE('',#847,#830,#443,.T.);
#1094=EDGE_CURVE('',#832,#845,#444,.T.);
#1095=EDGE_CURVE('',#841,#839,#445,.T.);
#1096=ORIENTED_EDGE('',*,*,#852,.F.);
#1097=ORIENTED_EDGE('',*,*,#853,.T.);
#1098=ORIENTED_EDGE('',*,*,#854,.F.);
#1099=ORIENTED_EDGE('',*,*,#855,.F.);
#1100=ORIENTED_EDGE('',*,*,#854,.T.);
#1101=ORIENTED_EDGE('',*,*,#856,.T.);
#1102=ORIENTED_EDGE('',*,*,#857,.F.);
#1103=ORIENTED_EDGE('',*,*,#858,.T.);
#1104=ORIENTED_EDGE('',*,*,#859,.T.);
#1105=ORIENTED_EDGE('',*,*,#860,.T.);
#1106=ORIENTED_EDGE('',*,*,#861,.T.);
#1107=ORIENTED_EDGE('',*,*,#862,.T.);
#1108=ORIENTED_EDGE('',*,*,#863,.F.);
#1109=ORIENTED_EDGE('',*,*,#864,.T.);
#1110=ORIENTED_EDGE('',*,*,#856,.F.);
#1111=ORIENTED_EDGE('',*,*,#853,.F.);
#1112=ORIENTED_EDGE('',*,*,#865,.F.);
#1113=ORIENTED_EDGE('',*,*,#866,.T.);
#1114=ORIENTED_EDGE('',*,*,#867,.F.);
#1115=ORIENTED_EDGE('',*,*,#868,.F.);
#1116=ORIENTED_EDGE('',*,*,#869,.F.);
#1117=ORIENTED_EDGE('',*,*,#870,.T.);
#1118=ORIENTED_EDGE('',*,*,#871,.F.);
#1119=ORIENTED_EDGE('',*,*,#872,.F.);
#1120=ORIENTED_EDGE('',*,*,#873,.F.);
#1121=ORIENTED_EDGE('',*,*,#874,.T.);
#1122=ORIENTED_EDGE('',*,*,#875,.F.);
#1123=ORIENTED_EDGE('',*,*,#876,.F.);
#1124=ORIENTED_EDGE('',*,*,#855,.T.);
#1125=ORIENTED_EDGE('',*,*,#858,.F.);
#1126=ORIENTED_EDGE('',*,*,#877,.F.);
#1127=ORIENTED_EDGE('',*,*,#878,.T.);
#1128=ORIENTED_EDGE('',*,*,#852,.T.);
#1129=ORIENTED_EDGE('',*,*,#878,.F.);
#1130=ORIENTED_EDGE('',*,*,#879,.F.);
#1131=ORIENTED_EDGE('',*,*,#863,.T.);
#1132=ORIENTED_EDGE('',*,*,#864,.F.);
#1133=ORIENTED_EDGE('',*,*,#879,.T.);
#1134=ORIENTED_EDGE('',*,*,#877,.T.);
#1135=ORIENTED_EDGE('',*,*,#857,.T.);
#1136=ORIENTED_EDGE('',*,*,#880,.T.);
#1137=ORIENTED_EDGE('',*,*,#881,.F.);
#1138=ORIENTED_EDGE('',*,*,#860,.F.);
#1139=ORIENTED_EDGE('',*,*,#882,.T.);
#1140=ORIENTED_EDGE('',*,*,#883,.F.);
#1141=ORIENTED_EDGE('',*,*,#876,.T.);
#1142=ORIENTED_EDGE('',*,*,#884,.F.);
#1143=ORIENTED_EDGE('',*,*,#885,.F.);
#1144=ORIENTED_EDGE('',*,*,#886,.F.);
#1145=ORIENTED_EDGE('',*,*,#887,.T.);
#1146=ORIENTED_EDGE('',*,*,#888,.T.);
#1147=ORIENTED_EDGE('',*,*,#882,.F.);
#1148=ORIENTED_EDGE('',*,*,#859,.F.);
#1149=ORIENTED_EDGE('',*,*,#889,.T.);
#1150=ORIENTED_EDGE('',*,*,#890,.T.);
#1151=ORIENTED_EDGE('',*,*,#891,.F.);
#1152=ORIENTED_EDGE('',*,*,#892,.T.);
#1153=ORIENTED_EDGE('',*,*,#871,.T.);
#1154=ORIENTED_EDGE('',*,*,#893,.F.);
#1155=ORIENTED_EDGE('',*,*,#894,.T.);
#1156=ORIENTED_EDGE('',*,*,#895,.T.);
#1157=ORIENTED_EDGE('',*,*,#896,.F.);
#1158=ORIENTED_EDGE('',*,*,#897,.F.);
#1159=ORIENTED_EDGE('',*,*,#865,.T.);
#1160=ORIENTED_EDGE('',*,*,#898,.T.);
#1161=ORIENTED_EDGE('',*,*,#889,.F.);
#1162=ORIENTED_EDGE('',*,*,#862,.F.);
#1163=ORIENTED_EDGE('',*,*,#899,.T.);
#1164=ORIENTED_EDGE('',*,*,#870,.F.);
#1165=ORIENTED_EDGE('',*,*,#900,.T.);
#1166=ORIENTED_EDGE('',*,*,#901,.T.);
#1167=ORIENTED_EDGE('',*,*,#893,.T.);
#1168=ORIENTED_EDGE('',*,*,#874,.F.);
#1169=ORIENTED_EDGE('',*,*,#902,.T.);
#1170=ORIENTED_EDGE('',*,*,#903,.T.);
#1171=ORIENTED_EDGE('',*,*,#904,.T.);
#1172=ORIENTED_EDGE('',*,*,#905,.T.);
#1173=ORIENTED_EDGE('',*,*,#867,.T.);
#1174=ORIENTED_EDGE('',*,*,#906,.F.);
#1175=ORIENTED_EDGE('',*,*,#907,.T.);
#1176=ORIENTED_EDGE('',*,*,#908,.F.);
#1177=ORIENTED_EDGE('',*,*,#872,.T.);
#1178=ORIENTED_EDGE('',*,*,#892,.F.);
#1179=ORIENTED_EDGE('',*,*,#909,.F.);
#1180=ORIENTED_EDGE('',*,*,#866,.F.);
#1181=ORIENTED_EDGE('',*,*,#897,.T.);
#1182=ORIENTED_EDGE('',*,*,#910,.T.);
#1183=ORIENTED_EDGE('',*,*,#906,.T.);
#1184=ORIENTED_EDGE('',*,*,#911,.T.);
#1185=ORIENTED_EDGE('',*,*,#912,.F.);
#1186=ORIENTED_EDGE('',*,*,#913,.F.);
#1187=ORIENTED_EDGE('',*,*,#914,.T.);
#1188=ORIENTED_EDGE('',*,*,#915,.T.);
#1189=ORIENTED_EDGE('',*,*,#899,.F.);
#1190=ORIENTED_EDGE('',*,*,#861,.F.);
#1191=ORIENTED_EDGE('',*,*,#881,.T.);
#1192=ORIENTED_EDGE('',*,*,#884,.T.);
#1193=ORIENTED_EDGE('',*,*,#875,.T.);
#1194=ORIENTED_EDGE('',*,*,#904,.F.);
#1195=ORIENTED_EDGE('',*,*,#916,.T.);
#1196=ORIENTED_EDGE('',*,*,#895,.F.);
#1197=ORIENTED_EDGE('',*,*,#868,.T.);
#1198=ORIENTED_EDGE('',*,*,#905,.F.);
#1199=ORIENTED_EDGE('',*,*,#917,.F.);
#1200=ORIENTED_EDGE('',*,*,#883,.T.);
#1201=ORIENTED_EDGE('',*,*,#918,.F.);
#1202=ORIENTED_EDGE('',*,*,#902,.F.);
#1203=ORIENTED_EDGE('',*,*,#873,.T.);
#1204=ORIENTED_EDGE('',*,*,#908,.T.);
#1205=ORIENTED_EDGE('',*,*,#919,.F.);
#1206=ORIENTED_EDGE('',*,*,#900,.F.);
#1207=ORIENTED_EDGE('',*,*,#869,.T.);
#1208=ORIENTED_EDGE('',*,*,#920,.F.);
#1209=ORIENTED_EDGE('',*,*,#921,.T.);
#1210=ORIENTED_EDGE('',*,*,#922,.T.);
#1211=ORIENTED_EDGE('',*,*,#923,.F.);
#1212=ORIENTED_EDGE('',*,*,#924,.T.);
#1213=ORIENTED_EDGE('',*,*,#925,.T.);
#1214=ORIENTED_EDGE('',*,*,#926,.F.);
#1215=ORIENTED_EDGE('',*,*,#927,.F.);
#1216=ORIENTED_EDGE('',*,*,#928,.T.);
#1217=ORIENTED_EDGE('',*,*,#929,.F.);
#1218=ORIENTED_EDGE('',*,*,#930,.F.);
#1219=ORIENTED_EDGE('',*,*,#931,.T.);
#1220=ORIENTED_EDGE('',*,*,#932,.F.);
#1221=ORIENTED_EDGE('',*,*,#933,.F.);
#1222=ORIENTED_EDGE('',*,*,#911,.F.);
#1223=ORIENTED_EDGE('',*,*,#880,.F.);
#1224=ORIENTED_EDGE('',*,*,#888,.F.);
#1225=ORIENTED_EDGE('',*,*,#934,.F.);
#1226=ORIENTED_EDGE('',*,*,#935,.F.);
#1227=ORIENTED_EDGE('',*,*,#936,.F.);
#1228=ORIENTED_EDGE('',*,*,#890,.F.);
#1229=ORIENTED_EDGE('',*,*,#898,.F.);
#1230=ORIENTED_EDGE('',*,*,#915,.F.);
#1231=ORIENTED_EDGE('',*,*,#937,.F.);
#1232=ORIENTED_EDGE('',*,*,#885,.T.);
#1233=ORIENTED_EDGE('',*,*,#916,.F.);
#1234=ORIENTED_EDGE('',*,*,#903,.F.);
#1235=ORIENTED_EDGE('',*,*,#918,.T.);
#1236=ORIENTED_EDGE('',*,*,#886,.T.);
#1237=ORIENTED_EDGE('',*,*,#938,.T.);
#1238=ORIENTED_EDGE('',*,*,#939,.T.);
#1239=ORIENTED_EDGE('',*,*,#940,.T.);
#1240=ORIENTED_EDGE('',*,*,#936,.T.);
#1241=ORIENTED_EDGE('',*,*,#941,.F.);
#1242=ORIENTED_EDGE('',*,*,#938,.F.);
#1243=ORIENTED_EDGE('',*,*,#891,.T.);
#1244=ORIENTED_EDGE('',*,*,#934,.T.);
#1245=ORIENTED_EDGE('',*,*,#887,.F.);
#1246=ORIENTED_EDGE('',*,*,#940,.F.);
#1247=ORIENTED_EDGE('',*,*,#942,.T.);
#1248=ORIENTED_EDGE('',*,*,#909,.T.);
#1249=ORIENTED_EDGE('',*,*,#894,.F.);
#1250=ORIENTED_EDGE('',*,*,#901,.F.);
#1251=ORIENTED_EDGE('',*,*,#919,.T.);
#1252=ORIENTED_EDGE('',*,*,#917,.T.);
#1253=ORIENTED_EDGE('',*,*,#907,.F.);
#1254=ORIENTED_EDGE('',*,*,#910,.F.);
#1255=ORIENTED_EDGE('',*,*,#896,.T.);
#1256=ORIENTED_EDGE('',*,*,#943,.T.);
#1257=ORIENTED_EDGE('',*,*,#944,.T.);
#1258=ORIENTED_EDGE('',*,*,#945,.T.);
#1259=ORIENTED_EDGE('',*,*,#913,.T.);
#1260=ORIENTED_EDGE('',*,*,#937,.T.);
#1261=ORIENTED_EDGE('',*,*,#914,.F.);
#1262=ORIENTED_EDGE('',*,*,#945,.F.);
#1263=ORIENTED_EDGE('',*,*,#946,.T.);
#1264=ORIENTED_EDGE('',*,*,#933,.T.);
#1265=ORIENTED_EDGE('',*,*,#947,.F.);
#1266=ORIENTED_EDGE('',*,*,#943,.F.);
#1267=ORIENTED_EDGE('',*,*,#912,.T.);
#1268=ORIENTED_EDGE('',*,*,#948,.T.);
#1269=ORIENTED_EDGE('',*,*,#949,.F.);
#1270=ORIENTED_EDGE('',*,*,#950,.F.);
#1271=ORIENTED_EDGE('',*,*,#926,.T.);
#1272=ORIENTED_EDGE('',*,*,#932,.T.);
#1273=ORIENTED_EDGE('',*,*,#946,.F.);
#1274=ORIENTED_EDGE('',*,*,#944,.F.);
#1275=ORIENTED_EDGE('',*,*,#947,.T.);
#1276=ORIENTED_EDGE('',*,*,#951,.F.);
#1277=ORIENTED_EDGE('',*,*,#923,.T.);
#1278=ORIENTED_EDGE('',*,*,#952,.T.);
#1279=ORIENTED_EDGE('',*,*,#953,.T.);
#1280=ORIENTED_EDGE('',*,*,#954,.T.);
#1281=ORIENTED_EDGE('',*,*,#955,.T.);
#1282=ORIENTED_EDGE('',*,*,#956,.T.);
#1283=ORIENTED_EDGE('',*,*,#957,.T.);
#1284=ORIENTED_EDGE('',*,*,#958,.T.);
#1285=ORIENTED_EDGE('',*,*,#959,.T.);
#1286=ORIENTED_EDGE('',*,*,#960,.T.);
#1287=ORIENTED_EDGE('',*,*,#931,.F.);
#1288=ORIENTED_EDGE('',*,*,#961,.F.);
#1289=ORIENTED_EDGE('',*,*,#962,.T.);
#1290=ORIENTED_EDGE('',*,*,#963,.T.);
#1291=ORIENTED_EDGE('',*,*,#964,.T.);
#1292=ORIENTED_EDGE('',*,*,#965,.F.);
#1293=ORIENTED_EDGE('',*,*,#966,.T.);
#1294=ORIENTED_EDGE('',*,*,#967,.T.);
#1295=ORIENTED_EDGE('',*,*,#968,.F.);
#1296=ORIENTED_EDGE('',*,*,#969,.F.);
#1297=ORIENTED_EDGE('',*,*,#970,.F.);
#1298=ORIENTED_EDGE('',*,*,#971,.F.);
#1299=ORIENTED_EDGE('',*,*,#972,.F.);
#1300=ORIENTED_EDGE('',*,*,#924,.F.);
#1301=ORIENTED_EDGE('',*,*,#951,.T.);
#1302=ORIENTED_EDGE('',*,*,#973,.T.);
#1303=ORIENTED_EDGE('',*,*,#974,.T.);
#1304=ORIENTED_EDGE('',*,*,#956,.F.);
#1305=ORIENTED_EDGE('',*,*,#975,.F.);
#1306=ORIENTED_EDGE('',*,*,#976,.F.);
#1307=ORIENTED_EDGE('',*,*,#977,.T.);
#1308=ORIENTED_EDGE('',*,*,#978,.T.);
#1309=ORIENTED_EDGE('',*,*,#979,.F.);
#1310=ORIENTED_EDGE('',*,*,#980,.F.);
#1311=ORIENTED_EDGE('',*,*,#981,.T.);
#1312=ORIENTED_EDGE('',*,*,#982,.T.);
#1313=ORIENTED_EDGE('',*,*,#983,.F.);
#1314=ORIENTED_EDGE('',*,*,#984,.F.);
#1315=ORIENTED_EDGE('',*,*,#985,.T.);
#1316=ORIENTED_EDGE('',*,*,#986,.T.);
#1317=ORIENTED_EDGE('',*,*,#987,.F.);
#1318=ORIENTED_EDGE('',*,*,#988,.T.);
#1319=ORIENTED_EDGE('',*,*,#920,.T.);
#1320=ORIENTED_EDGE('',*,*,#960,.F.);
#1321=ORIENTED_EDGE('',*,*,#989,.F.);
#1322=ORIENTED_EDGE('',*,*,#990,.T.);
#1323=ORIENTED_EDGE('',*,*,#991,.T.);
#1324=ORIENTED_EDGE('',*,*,#927,.T.);
#1325=ORIENTED_EDGE('',*,*,#950,.T.);
#1326=ORIENTED_EDGE('',*,*,#992,.T.);
#1327=ORIENTED_EDGE('',*,*,#993,.F.);
#1328=ORIENTED_EDGE('',*,*,#994,.T.);
#1329=ORIENTED_EDGE('',*,*,#995,.F.);
#1330=ORIENTED_EDGE('',*,*,#996,.F.);
#1331=ORIENTED_EDGE('',*,*,#997,.F.);
#1332=ORIENTED_EDGE('',*,*,#998,.F.);
#1333=ORIENTED_EDGE('',*,*,#921,.F.);
#1334=ORIENTED_EDGE('',*,*,#988,.F.);
#1335=ORIENTED_EDGE('',*,*,#999,.F.);
#1336=ORIENTED_EDGE('',*,*,#1000,.T.);
#1337=ORIENTED_EDGE('',*,*,#961,.T.);
#1338=ORIENTED_EDGE('',*,*,#930,.T.);
#1339=ORIENTED_EDGE('',*,*,#1001,.T.);
#1340=ORIENTED_EDGE('',*,*,#1002,.F.);
#1341=ORIENTED_EDGE('',*,*,#1003,.F.);
#1342=ORIENTED_EDGE('',*,*,#1004,.T.);
#1343=ORIENTED_EDGE('',*,*,#1005,.T.);
#1344=ORIENTED_EDGE('',*,*,#972,.T.);
#1345=ORIENTED_EDGE('',*,*,#1006,.F.);
#1346=ORIENTED_EDGE('',*,*,#948,.F.);
#1347=ORIENTED_EDGE('',*,*,#925,.F.);
#1348=ORIENTED_EDGE('',*,*,#1007,.F.);
#1349=ORIENTED_EDGE('',*,*,#1008,.F.);
#1350=ORIENTED_EDGE('',*,*,#1001,.F.);
#1351=ORIENTED_EDGE('',*,*,#929,.T.);
#1352=ORIENTED_EDGE('',*,*,#1009,.F.);
#1353=ORIENTED_EDGE('',*,*,#1010,.F.);
#1354=ORIENTED_EDGE('',*,*,#1011,.F.);
#1355=ORIENTED_EDGE('',*,*,#1012,.F.);
#1356=ORIENTED_EDGE('',*,*,#969,.T.);
#1357=ORIENTED_EDGE('',*,*,#1013,.F.);
#1358=ORIENTED_EDGE('',*,*,#1014,.F.);
#1359=ORIENTED_EDGE('',*,*,#1015,.F.);
#1360=ORIENTED_EDGE('',*,*,#935,.T.);
#1361=ORIENTED_EDGE('',*,*,#942,.F.);
#1362=ORIENTED_EDGE('',*,*,#939,.F.);
#1363=ORIENTED_EDGE('',*,*,#941,.T.);
#1364=ORIENTED_EDGE('',*,*,#928,.F.);
#1365=ORIENTED_EDGE('',*,*,#991,.F.);
#1366=ORIENTED_EDGE('',*,*,#1016,.T.);
#1367=ORIENTED_EDGE('',*,*,#1009,.T.);
#1368=ORIENTED_EDGE('',*,*,#952,.F.);
#1369=ORIENTED_EDGE('',*,*,#922,.F.);
#1370=ORIENTED_EDGE('',*,*,#998,.T.);
#1371=ORIENTED_EDGE('',*,*,#1017,.T.);
#1372=ORIENTED_EDGE('',*,*,#971,.T.);
#1373=ORIENTED_EDGE('',*,*,#992,.F.);
#1374=ORIENTED_EDGE('',*,*,#949,.T.);
#1375=ORIENTED_EDGE('',*,*,#1006,.T.);
#1376=ORIENTED_EDGE('',*,*,#997,.T.);
#1377=ORIENTED_EDGE('',*,*,#973,.F.);
#1378=ORIENTED_EDGE('',*,*,#953,.F.);
#1379=ORIENTED_EDGE('',*,*,#1017,.F.);
#1380=ORIENTED_EDGE('',*,*,#964,.F.);
#1381=ORIENTED_EDGE('',*,*,#1018,.F.);
#1382=ORIENTED_EDGE('',*,*,#1019,.T.);
#1383=ORIENTED_EDGE('',*,*,#1020,.T.);
#1384=ORIENTED_EDGE('',*,*,#963,.F.);
#1385=ORIENTED_EDGE('',*,*,#1021,.F.);
#1386=ORIENTED_EDGE('',*,*,#1022,.T.);
#1387=ORIENTED_EDGE('',*,*,#1018,.T.);
#1388=ORIENTED_EDGE('',*,*,#962,.F.);
#1389=ORIENTED_EDGE('',*,*,#1000,.F.);
#1390=ORIENTED_EDGE('',*,*,#1023,.T.);
#1391=ORIENTED_EDGE('',*,*,#1021,.T.);
#1392=ORIENTED_EDGE('',*,*,#1024,.F.);
#1393=ORIENTED_EDGE('',*,*,#1025,.T.);
#1394=ORIENTED_EDGE('',*,*,#987,.T.);
#1395=ORIENTED_EDGE('',*,*,#1026,.F.);
#1396=ORIENTED_EDGE('',*,*,#1027,.F.);
#1397=ORIENTED_EDGE('',*,*,#1028,.T.);
#1398=ORIENTED_EDGE('',*,*,#983,.T.);
#1399=ORIENTED_EDGE('',*,*,#1029,.F.);
#1400=ORIENTED_EDGE('',*,*,#1030,.F.);
#1401=ORIENTED_EDGE('',*,*,#1031,.T.);
#1402=ORIENTED_EDGE('',*,*,#979,.T.);
#1403=ORIENTED_EDGE('',*,*,#1032,.F.);
#1404=ORIENTED_EDGE('',*,*,#1033,.F.);
#1405=ORIENTED_EDGE('',*,*,#1034,.T.);
#1406=ORIENTED_EDGE('',*,*,#975,.T.);
#1407=ORIENTED_EDGE('',*,*,#955,.F.);
#1408=ORIENTED_EDGE('',*,*,#1035,.F.);
#1409=ORIENTED_EDGE('',*,*,#1036,.T.);
#1410=ORIENTED_EDGE('',*,*,#1004,.F.);
#1411=ORIENTED_EDGE('',*,*,#1037,.F.);
#1412=ORIENTED_EDGE('',*,*,#1038,.T.);
#1413=ORIENTED_EDGE('',*,*,#1013,.T.);
#1414=ORIENTED_EDGE('',*,*,#968,.T.);
#1415=ORIENTED_EDGE('',*,*,#1039,.F.);
#1416=ORIENTED_EDGE('',*,*,#995,.T.);
#1417=ORIENTED_EDGE('',*,*,#1040,.T.);
#1418=ORIENTED_EDGE('',*,*,#958,.F.);
#1419=ORIENTED_EDGE('',*,*,#1041,.F.);
#1420=ORIENTED_EDGE('',*,*,#954,.F.);
#1421=ORIENTED_EDGE('',*,*,#1020,.F.);
#1422=ORIENTED_EDGE('',*,*,#1042,.T.);
#1423=ORIENTED_EDGE('',*,*,#1035,.T.);
#1424=ORIENTED_EDGE('',*,*,#999,.T.);
#1425=ORIENTED_EDGE('',*,*,#989,.T.);
#1426=ORIENTED_EDGE('',*,*,#959,.F.);
#1427=ORIENTED_EDGE('',*,*,#1040,.F.);
#1428=ORIENTED_EDGE('',*,*,#996,.T.);
#1429=ORIENTED_EDGE('',*,*,#1041,.T.);
#1430=ORIENTED_EDGE('',*,*,#957,.F.);
#1431=ORIENTED_EDGE('',*,*,#974,.F.);
#1432=ORIENTED_EDGE('',*,*,#1028,.F.);
#1433=ORIENTED_EDGE('',*,*,#1043,.T.);
#1434=ORIENTED_EDGE('',*,*,#1044,.T.);
#1435=ORIENTED_EDGE('',*,*,#1045,.T.);
#1436=ORIENTED_EDGE('',*,*,#1046,.T.);
#1437=ORIENTED_EDGE('',*,*,#984,.T.);
#1438=ORIENTED_EDGE('',*,*,#1047,.F.);
#1439=ORIENTED_EDGE('',*,*,#1039,.T.);
#1440=ORIENTED_EDGE('',*,*,#967,.F.);
#1441=ORIENTED_EDGE('',*,*,#1048,.F.);
#1442=ORIENTED_EDGE('',*,*,#1049,.F.);
#1443=ORIENTED_EDGE('',*,*,#1050,.F.);
#1444=ORIENTED_EDGE('',*,*,#1051,.F.);
#1445=ORIENTED_EDGE('',*,*,#993,.T.);
#1446=ORIENTED_EDGE('',*,*,#970,.T.);
#1447=ORIENTED_EDGE('',*,*,#1012,.T.);
#1448=ORIENTED_EDGE('',*,*,#1034,.F.);
#1449=ORIENTED_EDGE('',*,*,#1052,.T.);
#1450=ORIENTED_EDGE('',*,*,#1053,.T.);
#1451=ORIENTED_EDGE('',*,*,#1054,.T.);
#1452=ORIENTED_EDGE('',*,*,#1055,.T.);
#1453=ORIENTED_EDGE('',*,*,#976,.T.);
#1454=ORIENTED_EDGE('',*,*,#1056,.F.);
#1455=ORIENTED_EDGE('',*,*,#1026,.T.);
#1456=ORIENTED_EDGE('',*,*,#986,.F.);
#1457=ORIENTED_EDGE('',*,*,#1057,.F.);
#1458=ORIENTED_EDGE('',*,*,#1058,.F.);
#1459=ORIENTED_EDGE('',*,*,#1059,.F.);
#1460=ORIENTED_EDGE('',*,*,#1060,.F.);
#1461=ORIENTED_EDGE('',*,*,#1029,.T.);
#1462=ORIENTED_EDGE('',*,*,#982,.F.);
#1463=ORIENTED_EDGE('',*,*,#1061,.F.);
#1464=ORIENTED_EDGE('',*,*,#1062,.F.);
#1465=ORIENTED_EDGE('',*,*,#1063,.F.);
#1466=ORIENTED_EDGE('',*,*,#985,.F.);
#1467=ORIENTED_EDGE('',*,*,#1046,.F.);
#1468=ORIENTED_EDGE('',*,*,#1064,.T.);
#1469=ORIENTED_EDGE('',*,*,#1057,.T.);
#1470=ORIENTED_EDGE('',*,*,#1031,.F.);
#1471=ORIENTED_EDGE('',*,*,#1065,.T.);
#1472=ORIENTED_EDGE('',*,*,#1066,.T.);
#1473=ORIENTED_EDGE('',*,*,#1067,.T.);
#1474=ORIENTED_EDGE('',*,*,#1068,.T.);
#1475=ORIENTED_EDGE('',*,*,#980,.T.);
#1476=ORIENTED_EDGE('',*,*,#981,.F.);
#1477=ORIENTED_EDGE('',*,*,#1068,.F.);
#1478=ORIENTED_EDGE('',*,*,#1069,.T.);
#1479=ORIENTED_EDGE('',*,*,#1061,.T.);
#1480=ORIENTED_EDGE('',*,*,#1070,.F.);
#1481=ORIENTED_EDGE('',*,*,#1032,.T.);
#1482=ORIENTED_EDGE('',*,*,#978,.F.);
#1483=ORIENTED_EDGE('',*,*,#1071,.F.);
#1484=ORIENTED_EDGE('',*,*,#1072,.F.);
#1485=ORIENTED_EDGE('',*,*,#1073,.F.);
#1486=ORIENTED_EDGE('',*,*,#977,.F.);
#1487=ORIENTED_EDGE('',*,*,#1055,.F.);
#1488=ORIENTED_EDGE('',*,*,#1074,.T.);
#1489=ORIENTED_EDGE('',*,*,#1071,.T.);
#1490=ORIENTED_EDGE('',*,*,#1025,.F.);
#1491=ORIENTED_EDGE('',*,*,#1075,.T.);
#1492=ORIENTED_EDGE('',*,*,#1076,.T.);
#1493=ORIENTED_EDGE('',*,*,#1077,.T.);
#1494=ORIENTED_EDGE('',*,*,#1078,.T.);
#1495=ORIENTED_EDGE('',*,*,#965,.T.);
#1496=ORIENTED_EDGE('',*,*,#966,.F.);
#1497=ORIENTED_EDGE('',*,*,#1078,.F.);
#1498=ORIENTED_EDGE('',*,*,#1079,.T.);
#1499=ORIENTED_EDGE('',*,*,#1048,.T.);
#1500=ORIENTED_EDGE('',*,*,#1016,.F.);
#1501=ORIENTED_EDGE('',*,*,#990,.F.);
#1502=ORIENTED_EDGE('',*,*,#1080,.T.);
#1503=ORIENTED_EDGE('',*,*,#1010,.T.);
#1504=ORIENTED_EDGE('',*,*,#1080,.F.);
#1505=ORIENTED_EDGE('',*,*,#994,.F.);
#1506=ORIENTED_EDGE('',*,*,#1051,.T.);
#1507=ORIENTED_EDGE('',*,*,#1011,.T.);
#1508=ORIENTED_EDGE('',*,*,#1081,.T.);
#1509=ORIENTED_EDGE('',*,*,#1082,.T.);
#1510=ORIENTED_EDGE('',*,*,#1083,.T.);
#1511=ORIENTED_EDGE('',*,*,#1037,.T.);
#1512=ORIENTED_EDGE('',*,*,#1003,.T.);
#1513=ORIENTED_EDGE('',*,*,#1084,.T.);
#1514=ORIENTED_EDGE('',*,*,#1022,.F.);
#1515=ORIENTED_EDGE('',*,*,#1023,.F.);
#1516=ORIENTED_EDGE('',*,*,#1005,.F.);
#1517=ORIENTED_EDGE('',*,*,#1036,.F.);
#1518=ORIENTED_EDGE('',*,*,#1042,.F.);
#1519=ORIENTED_EDGE('',*,*,#1019,.F.);
#1520=ORIENTED_EDGE('',*,*,#1008,.T.);
#1521=ORIENTED_EDGE('',*,*,#1085,.F.);
#1522=ORIENTED_EDGE('',*,*,#1084,.F.);
#1523=ORIENTED_EDGE('',*,*,#1002,.T.);
#1524=ORIENTED_EDGE('',*,*,#1014,.T.);
#1525=ORIENTED_EDGE('',*,*,#1038,.F.);
#1526=ORIENTED_EDGE('',*,*,#1083,.F.);
#1527=ORIENTED_EDGE('',*,*,#1086,.T.);
#1528=ORIENTED_EDGE('',*,*,#1015,.T.);
#1529=ORIENTED_EDGE('',*,*,#1086,.F.);
#1530=ORIENTED_EDGE('',*,*,#1082,.F.);
#1531=ORIENTED_EDGE('',*,*,#1087,.T.);
#1532=ORIENTED_EDGE('',*,*,#1007,.T.);
#1533=ORIENTED_EDGE('',*,*,#1087,.F.);
#1534=ORIENTED_EDGE('',*,*,#1081,.F.);
#1535=ORIENTED_EDGE('',*,*,#1085,.T.);
#1536=ORIENTED_EDGE('',*,*,#1070,.T.);
#1537=ORIENTED_EDGE('',*,*,#1088,.F.);
#1538=ORIENTED_EDGE('',*,*,#1052,.F.);
#1539=ORIENTED_EDGE('',*,*,#1033,.T.);
#1540=ORIENTED_EDGE('',*,*,#1056,.T.);
#1541=ORIENTED_EDGE('',*,*,#1089,.F.);
#1542=ORIENTED_EDGE('',*,*,#1043,.F.);
#1543=ORIENTED_EDGE('',*,*,#1027,.T.);
#1544=ORIENTED_EDGE('',*,*,#1060,.T.);
#1545=ORIENTED_EDGE('',*,*,#1090,.F.);
#1546=ORIENTED_EDGE('',*,*,#1065,.F.);
#1547=ORIENTED_EDGE('',*,*,#1030,.T.);
#1548=ORIENTED_EDGE('',*,*,#1047,.T.);
#1549=ORIENTED_EDGE('',*,*,#1091,.F.);
#1550=ORIENTED_EDGE('',*,*,#1075,.F.);
#1551=ORIENTED_EDGE('',*,*,#1024,.T.);
#1552=ORIENTED_EDGE('',*,*,#1058,.T.);
#1553=ORIENTED_EDGE('',*,*,#1064,.F.);
#1554=ORIENTED_EDGE('',*,*,#1045,.F.);
#1555=ORIENTED_EDGE('',*,*,#1092,.T.);
#1556=ORIENTED_EDGE('',*,*,#1059,.T.);
#1557=ORIENTED_EDGE('',*,*,#1092,.F.);
#1558=ORIENTED_EDGE('',*,*,#1044,.F.);
#1559=ORIENTED_EDGE('',*,*,#1089,.T.);
#1560=ORIENTED_EDGE('',*,*,#1049,.T.);
#1561=ORIENTED_EDGE('',*,*,#1079,.F.);
#1562=ORIENTED_EDGE('',*,*,#1077,.F.);
#1563=ORIENTED_EDGE('',*,*,#1093,.T.);
#1564=ORIENTED_EDGE('',*,*,#1050,.T.);
#1565=ORIENTED_EDGE('',*,*,#1093,.F.);
#1566=ORIENTED_EDGE('',*,*,#1076,.F.);
#1567=ORIENTED_EDGE('',*,*,#1091,.T.);
#1568=ORIENTED_EDGE('',*,*,#1073,.T.);
#1569=ORIENTED_EDGE('',*,*,#1094,.F.);
#1570=ORIENTED_EDGE('',*,*,#1053,.F.);
#1571=ORIENTED_EDGE('',*,*,#1088,.T.);
#1572=ORIENTED_EDGE('',*,*,#1072,.T.);
#1573=ORIENTED_EDGE('',*,*,#1074,.F.);
#1574=ORIENTED_EDGE('',*,*,#1054,.F.);
#1575=ORIENTED_EDGE('',*,*,#1094,.T.);
#1576=ORIENTED_EDGE('',*,*,#1062,.T.);
#1577=ORIENTED_EDGE('',*,*,#1069,.F.);
#1578=ORIENTED_EDGE('',*,*,#1067,.F.);
#1579=ORIENTED_EDGE('',*,*,#1095,.T.);
#1580=ORIENTED_EDGE('',*,*,#1063,.T.);
#1581=ORIENTED_EDGE('',*,*,#1095,.F.);
#1582=ORIENTED_EDGE('',*,*,#1066,.F.);
#1583=ORIENTED_EDGE('',*,*,#1090,.T.);
#1584=PLANE('',#1875);
#1585=PLANE('',#1876);
#1586=PLANE('',#1877);
#1587=PLANE('',#1878);
#1588=PLANE('',#1879);
#1589=PLANE('',#1880);
#1590=PLANE('',#1881);
#1591=PLANE('',#1882);
#1592=PLANE('',#1883);
#1593=PLANE('',#1884);
#1594=PLANE('',#1885);
#1595=PLANE('',#1886);
#1596=PLANE('',#1887);
#1597=PLANE('',#1888);
#1598=PLANE('',#1889);
#1599=PLANE('',#1890);
#1600=PLANE('',#1891);
#1601=PLANE('',#1892);
#1602=PLANE('',#1893);
#1603=PLANE('',#1894);
#1604=PLANE('',#1895);
#1605=PLANE('',#1896);
#1606=PLANE('',#1897);
#1607=PLANE('',#1898);
#1608=PLANE('',#1899);
#1609=PLANE('',#1900);
#1610=PLANE('',#1901);
#1611=PLANE('',#1902);
#1612=PLANE('',#1903);
#1613=PLANE('',#1904);
#1614=PLANE('',#1905);
#1615=PLANE('',#1906);
#1616=PLANE('',#1907);
#1617=PLANE('',#1908);
#1618=PLANE('',#1909);
#1619=PLANE('',#1910);
#1620=PLANE('',#1911);
#1621=PLANE('',#1912);
#1622=PLANE('',#1913);
#1623=PLANE('',#1914);
#1624=PLANE('',#1915);
#1625=PLANE('',#1916);
#1626=PLANE('',#1917);
#1627=PLANE('',#1918);
#1628=PLANE('',#1919);
#1629=PLANE('',#1920);
#1630=PLANE('',#1921);
#1631=PLANE('',#1922);
#1632=PLANE('',#1923);
#1633=PLANE('',#1924);
#1634=PLANE('',#1925);
#1635=PLANE('',#1926);
#1636=PLANE('',#1927);
#1637=PLANE('',#1928);
#1638=PLANE('',#1929);
#1639=PLANE('',#1930);
#1640=PLANE('',#1931);
#1641=PLANE('',#1932);
#1642=PLANE('',#1933);
#1643=PLANE('',#1934);
#1644=PLANE('',#1935);
#1645=PLANE('',#1936);
#1646=PLANE('',#1937);
#1647=PLANE('',#1938);
#1648=PLANE('',#1939);
#1649=PLANE('',#1940);
#1650=PLANE('',#1941);
#1651=PLANE('',#1942);
#1652=PLANE('',#1943);
#1653=PLANE('',#1944);
#1654=PLANE('',#1945);
#1655=PLANE('',#1946);
#1656=PLANE('',#1947);
#1657=PLANE('',#1948);
#1658=PLANE('',#1949);
#1659=PLANE('',#1950);
#1660=PLANE('',#1951);
#1661=PLANE('',#1952);
#1662=PLANE('',#1953);
#1663=PLANE('',#1954);
#1664=PLANE('',#1955);
#1665=PLANE('',#1956);
#1666=PLANE('',#1957);
#1667=PLANE('',#1958);
#1668=PLANE('',#1959);
#1669=PLANE('',#1960);
#1670=PLANE('',#1961);
#1671=PLANE('',#1962);
#1672=PLANE('',#1963);
#1673=STYLED_ITEM('',(#2904),#1763);
#1674=STYLED_ITEM('',(#2904),#1764);
#1675=STYLED_ITEM('',(#2903),#1765);
#1676=STYLED_ITEM('',(#2904),#1766);
#1677=STYLED_ITEM('',(#2904),#1767);
#1678=STYLED_ITEM('',(#2904),#1768);
#1679=STYLED_ITEM('',(#2903),#1769);
#1680=STYLED_ITEM('',(#2904),#1770);
#1681=STYLED_ITEM('',(#2903),#1771);
#1682=STYLED_ITEM('',(#2904),#1772);
#1683=STYLED_ITEM('',(#2904),#1773);
#1684=STYLED_ITEM('',(#2903),#1774);
#1685=STYLED_ITEM('',(#2904),#1775);
#1686=STYLED_ITEM('',(#2904),#1776);
#1687=STYLED_ITEM('',(#2904),#1777);
#1688=STYLED_ITEM('',(#2904),#1778);
#1689=STYLED_ITEM('',(#2904),#1779);
#1690=STYLED_ITEM('',(#2903),#1780);
#1691=STYLED_ITEM('',(#2904),#1781);
#1692=STYLED_ITEM('',(#2904),#1782);
#1693=STYLED_ITEM('',(#2904),#1783);
#1694=STYLED_ITEM('',(#2904),#1784);
#1695=STYLED_ITEM('',(#2903),#1785);
#1696=STYLED_ITEM('',(#2904),#1786);
#1697=STYLED_ITEM('',(#2903),#1787);
#1698=STYLED_ITEM('',(#2903),#1788);
#1699=STYLED_ITEM('',(#2903),#1789);
#1700=STYLED_ITEM('',(#2904),#1790);
#1701=STYLED_ITEM('',(#2904),#1791);
#1702=STYLED_ITEM('',(#2903),#1792);
#1703=STYLED_ITEM('',(#2903),#1793);
#1704=STYLED_ITEM('',(#2903),#1794);
#1705=STYLED_ITEM('',(#2903),#1795);
#1706=STYLED_ITEM('',(#2903),#1796);
#1707=STYLED_ITEM('',(#2903),#1797);
#1708=STYLED_ITEM('',(#2903),#1798);
#1709=STYLED_ITEM('',(#2903),#1799);
#1710=STYLED_ITEM('',(#2903),#1800);
#1711=STYLED_ITEM('',(#2904),#1801);
#1712=STYLED_ITEM('',(#2904),#1802);
#1713=STYLED_ITEM('',(#2903),#1803);
#1714=STYLED_ITEM('',(#2903),#1804);
#1715=STYLED_ITEM('',(#2903),#1805);
#1716=STYLED_ITEM('',(#2903),#1806);
#1717=STYLED_ITEM('',(#2903),#1807);
#1718=STYLED_ITEM('',(#2903),#1808);
#1719=STYLED_ITEM('',(#2903),#1809);
#1720=STYLED_ITEM('',(#2903),#1810);
#1721=STYLED_ITEM('',(#2903),#1811);
#1722=STYLED_ITEM('',(#2903),#1812);
#1723=STYLED_ITEM('',(#2903),#1813);
#1724=STYLED_ITEM('',(#2903),#1814);
#1725=STYLED_ITEM('',(#2903),#1815);
#1726=STYLED_ITEM('',(#2903),#1816);
#1727=STYLED_ITEM('',(#2903),#1817);
#1728=STYLED_ITEM('',(#2903),#1818);
#1729=STYLED_ITEM('',(#2904),#1819);
#1730=STYLED_ITEM('',(#2904),#1820);
#1731=STYLED_ITEM('',(#2903),#1821);
#1732=STYLED_ITEM('',(#2904),#1822);
#1733=STYLED_ITEM('',(#2904),#1823);
#1734=STYLED_ITEM('',(#2904),#1824);
#1735=STYLED_ITEM('',(#2903),#1825);
#1736=STYLED_ITEM('',(#2904),#1826);
#1737=STYLED_ITEM('',(#2903),#1827);
#1738=STYLED_ITEM('',(#2904),#1828);
#1739=STYLED_ITEM('',(#2903),#1829);
#1740=STYLED_ITEM('',(#2904),#1830);
#1741=STYLED_ITEM('',(#2903),#1831);
#1742=STYLED_ITEM('',(#2903),#1832);
#1743=STYLED_ITEM('',(#2903),#1833);
#1744=STYLED_ITEM('',(#2903),#1834);
#1745=STYLED_ITEM('',(#2903),#1835);
#1746=STYLED_ITEM('',(#2903),#1836);
#1747=STYLED_ITEM('',(#2903),#1837);
#1748=STYLED_ITEM('',(#2903),#1838);
#1749=STYLED_ITEM('',(#2903),#1839);
#1750=STYLED_ITEM('',(#2904),#1840);
#1751=STYLED_ITEM('',(#2904),#1841);
#1752=STYLED_ITEM('',(#2904),#1842);
#1753=STYLED_ITEM('',(#2904),#1843);
#1754=STYLED_ITEM('',(#2904),#1844);
#1755=STYLED_ITEM('',(#2904),#1845);
#1756=STYLED_ITEM('',(#2904),#1846);
#1757=STYLED_ITEM('',(#2904),#1847);
#1758=STYLED_ITEM('',(#2904),#1848);
#1759=STYLED_ITEM('',(#2904),#1849);
#1760=STYLED_ITEM('',(#2904),#1850);
#1761=STYLED_ITEM('',(#2904),#1851);
#1762=STYLED_ITEM('',(#2903),#13);
#1763=ADVANCED_FACE('',(#19),#1584,.F.);
#1764=ADVANCED_FACE('',(#20),#1585,.F.);
#1765=ADVANCED_FACE('',(#21,#14,#15,#16,#17),#1586,.F.);
#1766=ADVANCED_FACE('',(#22),#1587,.F.);
#1767=ADVANCED_FACE('',(#23),#1588,.F.);
#1768=ADVANCED_FACE('',(#24),#1589,.T.);
#1769=ADVANCED_FACE('',(#25),#1590,.F.);
#1770=ADVANCED_FACE('',(#26),#1591,.F.);
#1771=ADVANCED_FACE('',(#27),#1592,.F.);
#1772=ADVANCED_FACE('',(#28),#1593,.F.);
#1773=ADVANCED_FACE('',(#29),#1594,.F.);
#1774=ADVANCED_FACE('',(#30),#1595,.F.);
#1775=ADVANCED_FACE('',(#31),#1596,.T.);
#1776=ADVANCED_FACE('',(#32),#1597,.T.);
#1777=ADVANCED_FACE('',(#33),#1598,.F.);
#1778=ADVANCED_FACE('',(#34),#1599,.F.);
#1779=ADVANCED_FACE('',(#35),#1600,.T.);
#1780=ADVANCED_FACE('',(#36),#1601,.F.);
#1781=ADVANCED_FACE('',(#37),#1602,.F.);
#1782=ADVANCED_FACE('',(#38),#1603,.F.);
#1783=ADVANCED_FACE('',(#39),#1604,.F.);
#1784=ADVANCED_FACE('',(#40),#1605,.F.);
#1785=ADVANCED_FACE('',(#41,#18),#1606,.F.);
#1786=ADVANCED_FACE('',(#42),#1607,.F.);
#1787=ADVANCED_FACE('',(#43),#1608,.T.);
#1788=ADVANCED_FACE('',(#44),#1609,.F.);
#1789=ADVANCED_FACE('',(#45),#1610,.F.);
#1790=ADVANCED_FACE('',(#46),#1611,.F.);
#1791=ADVANCED_FACE('',(#47),#1612,.F.);
#1792=ADVANCED_FACE('',(#48),#1613,.T.);
#1793=ADVANCED_FACE('',(#49),#1614,.F.);
#1794=ADVANCED_FACE('',(#50),#1615,.F.);
#1795=ADVANCED_FACE('',(#51),#1616,.F.);
#1796=ADVANCED_FACE('',(#52),#1617,.F.);
#1797=ADVANCED_FACE('',(#53),#1618,.F.);
#1798=ADVANCED_FACE('',(#54),#1619,.F.);
#1799=ADVANCED_FACE('',(#55),#1620,.T.);
#1800=ADVANCED_FACE('',(#56),#1621,.T.);
#1801=ADVANCED_FACE('',(#57),#1622,.T.);
#1802=ADVANCED_FACE('',(#58),#1623,.T.);
#1803=ADVANCED_FACE('',(#59),#1624,.F.);
#1804=ADVANCED_FACE('',(#60),#1625,.F.);
#1805=ADVANCED_FACE('',(#61),#1626,.F.);
#1806=ADVANCED_FACE('',(#62),#1627,.F.);
#1807=ADVANCED_FACE('',(#63),#1628,.F.);
#1808=ADVANCED_FACE('',(#64),#1629,.T.);
#1809=ADVANCED_FACE('',(#65),#1630,.F.);
#1810=ADVANCED_FACE('',(#66),#1631,.T.);
#1811=ADVANCED_FACE('',(#67),#1632,.T.);
#1812=ADVANCED_FACE('',(#68),#1633,.T.);
#1813=ADVANCED_FACE('',(#69),#1634,.T.);
#1814=ADVANCED_FACE('',(#70),#1635,.F.);
#1815=ADVANCED_FACE('',(#71),#1636,.T.);
#1816=ADVANCED_FACE('',(#72),#1637,.T.);
#1817=ADVANCED_FACE('',(#73),#1638,.T.);
#1818=ADVANCED_FACE('',(#74),#1639,.T.);
#1819=ADVANCED_FACE('',(#75),#1640,.T.);
#1820=ADVANCED_FACE('',(#76),#1641,.F.);
#1821=ADVANCED_FACE('',(#77),#1642,.F.);
#1822=ADVANCED_FACE('',(#78),#1643,.T.);
#1823=ADVANCED_FACE('',(#79),#1644,.F.);
#1824=ADVANCED_FACE('',(#80),#1645,.F.);
#1825=ADVANCED_FACE('',(#81),#1646,.F.);
#1826=ADVANCED_FACE('',(#82),#1647,.T.);
#1827=ADVANCED_FACE('',(#83),#1648,.F.);
#1828=ADVANCED_FACE('',(#84),#1649,.F.);
#1829=ADVANCED_FACE('',(#85),#1650,.F.);
#1830=ADVANCED_FACE('',(#86),#1651,.T.);
#1831=ADVANCED_FACE('',(#87),#1652,.F.);
#1832=ADVANCED_FACE('',(#88),#1653,.F.);
#1833=ADVANCED_FACE('',(#89),#1654,.F.);
#1834=ADVANCED_FACE('',(#90),#1655,.F.);
#1835=ADVANCED_FACE('',(#91),#1656,.F.);
#1836=ADVANCED_FACE('',(#92),#1657,.F.);
#1837=ADVANCED_FACE('',(#93),#1658,.F.);
#1838=ADVANCED_FACE('',(#94),#1659,.F.);
#1839=ADVANCED_FACE('',(#95),#1660,.F.);
#1840=ADVANCED_FACE('',(#96),#1661,.F.);
#1841=ADVANCED_FACE('',(#97),#1662,.F.);
#1842=ADVANCED_FACE('',(#98),#1663,.F.);
#1843=ADVANCED_FACE('',(#99),#1664,.F.);
#1844=ADVANCED_FACE('',(#100),#1665,.F.);
#1845=ADVANCED_FACE('',(#101),#1666,.F.);
#1846=ADVANCED_FACE('',(#102),#1667,.F.);
#1847=ADVANCED_FACE('',(#103),#1668,.F.);
#1848=ADVANCED_FACE('',(#104),#1669,.F.);
#1849=ADVANCED_FACE('',(#105),#1670,.F.);
#1850=ADVANCED_FACE('',(#106),#1671,.F.);
#1851=ADVANCED_FACE('',(#107),#1672,.F.);
#1852=CLOSED_SHELL('',(#1763,#1764,#1765,#1766,#1767,#1768,#1769,#1770,
#1771,#1772,#1773,#1774,#1775,#1776,#1777,#1778,#1779,#1780,#1781,#1782,
#1783,#1784,#1785,#1786,#1787,#1788,#1789,#1790,#1791,#1792,#1793,#1794,
#1795,#1796,#1797,#1798,#1799,#1800,#1801,#1802,#1803,#1804,#1805,#1806,
#1807,#1808,#1809,#1810,#1811,#1812,#1813,#1814,#1815,#1816,#1817,#1818,
#1819,#1820,#1821,#1822,#1823,#1824,#1825,#1826,#1827,#1828,#1829,#1830,
#1831,#1832,#1833,#1834,#1835,#1836,#1837,#1838,#1839,#1840,#1841,#1842,
#1843,#1844,#1845,#1846,#1847,#1848,#1849,#1850,#1851));
#1853=DERIVED_UNIT_ELEMENT(#1856,1.);
#1854=DERIVED_UNIT_ELEMENT(#2889,-3.);
#1855=DIMENSIONAL_EXPONENTS(0.,1.,0.,0.,0.,0.,0.);
#1856=(
CONVERSION_BASED_UNIT('gram',#1858)
MASS_UNIT()
NAMED_UNIT(#1855)
);
#1857=(
MASS_UNIT()
NAMED_UNIT(*)
SI_UNIT(.KILO.,.GRAM.)
);
#1858=MASS_MEASURE_WITH_UNIT(MASS_MEASURE(0.001),#1857);
#1859=DERIVED_UNIT((#1853,#1854));
#1860=MEASURE_REPRESENTATION_ITEM('density measure',
POSITIVE_RATIO_MEASURE(1.),#1859);
#1861=PROPERTY_DEFINITION_REPRESENTATION(#1866,#1863);
#1862=PROPERTY_DEFINITION_REPRESENTATION(#1867,#1864);
#1863=REPRESENTATION('material name',(#1865),#2886);
#1864=REPRESENTATION('density',(#1860),#2886);
#1865=DESCRIPTIVE_REPRESENTATION_ITEM('Generic','Generic');
#1866=PROPERTY_DEFINITION('material property','material name',#2896);
#1867=PROPERTY_DEFINITION('material property','density of part',#2896);
#1868=DATE_TIME_ROLE('creation_date');
#1869=APPLIED_DATE_AND_TIME_ASSIGNMENT(#1870,#1868,(#2896));
#1870=DATE_AND_TIME(#1871,#1872);
#1871=CALENDAR_DATE(2010,17,6);
#1872=LOCAL_TIME(0,42,54.,#1873);
#1873=COORDINATED_UNIVERSAL_TIME_OFFSET(0,0,.BEHIND.);
#1874=AXIS2_PLACEMENT_3D('',#2388,#1964,#1965);
#1875=AXIS2_PLACEMENT_3D('',#2389,#1966,#1967);
#1876=AXIS2_PLACEMENT_3D('',#2398,#1972,#1973);
#1877=AXIS2_PLACEMENT_3D('',#2404,#1977,#1978);
#1878=AXIS2_PLACEMENT_3D('',#2440,#1997,#1998);
#1879=AXIS2_PLACEMENT_3D('',#2444,#2001,#2002);
#1880=AXIS2_PLACEMENT_3D('',#2446,#2004,#2005);
#1881=AXIS2_PLACEMENT_3D('',#2447,#2006,#2007);
#1882=AXIS2_PLACEMENT_3D('',#2453,#2011,#2012);
#1883=AXIS2_PLACEMENT_3D('',#2459,#2016,#2017);
#1884=AXIS2_PLACEMENT_3D('',#2471,#2024,#2025);
#1885=AXIS2_PLACEMENT_3D('',#2477,#2029,#2030);
#1886=AXIS2_PLACEMENT_3D('',#2483,#2034,#2035);
#1887=AXIS2_PLACEMENT_3D('',#2487,#2038,#2039);
#1888=AXIS2_PLACEMENT_3D('',#2491,#2042,#2043);
#1889=AXIS2_PLACEMENT_3D('',#2497,#2047,#2048);
#1890=AXIS2_PLACEMENT_3D('',#2503,#2052,#2053);
#1891=AXIS2_PLACEMENT_3D('',#2507,#2056,#2057);
#1892=AXIS2_PLACEMENT_3D('',#2509,#2059,#2060);
#1893=AXIS2_PLACEMENT_3D('',#2519,#2066,#2067);
#1894=AXIS2_PLACEMENT_3D('',#2521,#2069,#2070);
#1895=AXIS2_PLACEMENT_3D('',#2523,#2072,#2073);
#1896=AXIS2_PLACEMENT_3D('',#2525,#2075,#2076);
#1897=AXIS2_PLACEMENT_3D('',#2527,#2078,#2079);
#1898=AXIS2_PLACEMENT_3D('',#2562,#2098,#2099);
#1899=AXIS2_PLACEMENT_3D('',#2563,#2100,#2101);
#1900=AXIS2_PLACEMENT_3D('',#2569,#2105,#2106);
#1901=AXIS2_PLACEMENT_3D('',#2571,#2108,#2109);
#1902=AXIS2_PLACEMENT_3D('',#2573,#2111,#2112);
#1903=AXIS2_PLACEMENT_3D('',#2574,#2113,#2114);
#1904=AXIS2_PLACEMENT_3D('',#2575,#2115,#2116);
#1905=AXIS2_PLACEMENT_3D('',#2581,#2120,#2121);
#1906=AXIS2_PLACEMENT_3D('',#2583,#2123,#2124);
#1907=AXIS2_PLACEMENT_3D('',#2585,#2126,#2127);
#1908=AXIS2_PLACEMENT_3D('',#2591,#2131,#2132);
#1909=AXIS2_PLACEMENT_3D('',#2592,#2133,#2134);
#1910=AXIS2_PLACEMENT_3D('',#2598,#2138,#2139);
#1911=AXIS2_PLACEMENT_3D('',#2620,#2151,#2152);
#1912=AXIS2_PLACEMENT_3D('',#2665,#2176,#2177);
#1913=AXIS2_PLACEMENT_3D('',#2669,#2180,#2181);
#1914=AXIS2_PLACEMENT_3D('',#2678,#2187,#2188);
#1915=AXIS2_PLACEMENT_3D('',#2687,#2194,#2195);
#1916=AXIS2_PLACEMENT_3D('',#2699,#2202,#2203);
#1917=AXIS2_PLACEMENT_3D('',#2701,#2205,#2206);
#1918=AXIS2_PLACEMENT_3D('',#2718,#2216,#2217);
#1919=AXIS2_PLACEMENT_3D('',#2719,#2218,#2219);
#1920=AXIS2_PLACEMENT_3D('',#2721,#2221,#2222);
#1921=AXIS2_PLACEMENT_3D('',#2723,#2224,#2225);
#1922=AXIS2_PLACEMENT_3D('',#2724,#2226,#2227);
#1923=AXIS2_PLACEMENT_3D('',#2725,#2228,#2229);
#1924=AXIS2_PLACEMENT_3D('',#2731,#2233,#2234);
#1925=AXIS2_PLACEMENT_3D('',#2735,#2237,#2238);
#1926=AXIS2_PLACEMENT_3D('',#2737,#2240,#2241);
#1927=AXIS2_PLACEMENT_3D('',#2764,#2258,#2259);
#1928=AXIS2_PLACEMENT_3D('',#2767,#2262,#2263);
#1929=AXIS2_PLACEMENT_3D('',#2769,#2265,#2266);
#1930=AXIS2_PLACEMENT_3D('',#2770,#2267,#2268);
#1931=AXIS2_PLACEMENT_3D('',#2771,#2269,#2270);
#1932=AXIS2_PLACEMENT_3D('',#2779,#2275,#2276);
#1933=AXIS2_PLACEMENT_3D('',#2787,#2281,#2282);
#1934=AXIS2_PLACEMENT_3D('',#2789,#2284,#2285);
#1935=AXIS2_PLACEMENT_3D('',#2797,#2290,#2291);
#1936=AXIS2_PLACEMENT_3D('',#2805,#2296,#2297);
#1937=AXIS2_PLACEMENT_3D('',#2813,#2302,#2303);
#1938=AXIS2_PLACEMENT_3D('',#2815,#2305,#2306);
#1939=AXIS2_PLACEMENT_3D('',#2823,#2311,#2312);
#1940=AXIS2_PLACEMENT_3D('',#2825,#2314,#2315);
#1941=AXIS2_PLACEMENT_3D('',#2833,#2320,#2321);
#1942=AXIS2_PLACEMENT_3D('',#2835,#2323,#2324);
#1943=AXIS2_PLACEMENT_3D('',#2843,#2329,#2330);
#1944=AXIS2_PLACEMENT_3D('',#2845,#2332,#2333);
#1945=AXIS2_PLACEMENT_3D('',#2847,#2335,#2336);
#1946=AXIS2_PLACEMENT_3D('',#2848,#2337,#2338);
#1947=AXIS2_PLACEMENT_3D('',#2856,#2343,#2344);
#1948=AXIS2_PLACEMENT_3D('',#2857,#2345,#2346);
#1949=AXIS2_PLACEMENT_3D('',#2859,#2348,#2349);
#1950=AXIS2_PLACEMENT_3D('',#2861,#2351,#2352);
#1951=AXIS2_PLACEMENT_3D('',#2863,#2354,#2355);
#1952=AXIS2_PLACEMENT_3D('',#2864,#2356,#2357);
#1953=AXIS2_PLACEMENT_3D('',#2866,#2359,#2360);
#1954=AXIS2_PLACEMENT_3D('',#2868,#2362,#2363);
#1955=AXIS2_PLACEMENT_3D('',#2870,#2365,#2366);
#1956=AXIS2_PLACEMENT_3D('',#2872,#2368,#2369);
#1957=AXIS2_PLACEMENT_3D('',#2874,#2371,#2372);
#1958=AXIS2_PLACEMENT_3D('',#2875,#2373,#2374);
#1959=AXIS2_PLACEMENT_3D('',#2877,#2376,#2377);
#1960=AXIS2_PLACEMENT_3D('',#2878,#2378,#2379);
#1961=AXIS2_PLACEMENT_3D('',#2880,#2381,#2382);
#1962=AXIS2_PLACEMENT_3D('',#2881,#2383,#2384);
#1963=AXIS2_PLACEMENT_3D('',#2883,#2386,#2387);
#1964=DIRECTION('axis',(0.,0.,1.));
#1965=DIRECTION('refdir',(1.,0.,0.));
#1966=DIRECTION('center_axis',(-1.,0.,6.98296672221876E-15));
#1967=DIRECTION('ref_axis',(-2.43809121218073E-29,-1.,-3.49148336110938E-15));
#1968=DIRECTION('',(6.96377881247794E-15,0.0740815907895742,0.99725218370585));
#1969=DIRECTION('',(2.43809121218073E-29,1.,3.49148336110938E-15));
#1970=DIRECTION('',(-6.98296672221876E-15,3.66849596069885E-15,-1.));
#1971=DIRECTION('',(2.43809121218073E-29,1.,3.49148336110938E-15));
#1972=DIRECTION('center_axis',(-2.5616985214154E-29,-1.,-3.66849596069885E-15));
#1973=DIRECTION('ref_axis',(6.98296672221876E-15,-3.66849596069885E-15,
1.));
#1974=DIRECTION('',(-1.,0.,6.98296672221876E-15));
#1975=DIRECTION('',(-6.98296672221876E-15,3.66849596069885E-15,-1.));
#1976=DIRECTION('',(1.,0.,-6.98296672221876E-15));
#1977=DIRECTION('center_axis',(-6.98296672221876E-15,3.49148336110938E-15,
-1.));
#1978=DIRECTION('ref_axis',(-2.43809121218073E-29,-1.,-3.49148336110938E-15));
#1979=DIRECTION('',(-2.06514699521024E-16,1.,3.49148336110938E-15));
#1980=DIRECTION('',(-1.,-9.85638338623186E-17,6.98296672221876E-15));
#1981=DIRECTION('',(2.06514699521024E-16,-1.,-3.49148336110938E-15));
#1982=DIRECTION('',(1.,1.23204792327898E-16,-6.98296672221876E-15));
#1983=DIRECTION('',(1.,0.,-6.98296672221876E-15));
#1984=DIRECTION('',(2.43809121218073E-29,1.,3.49148336110938E-15));
#1985=DIRECTION('',(1.,0.,-6.98296672221876E-15));
#1986=DIRECTION('',(2.43809121218073E-29,1.,3.49148336110938E-15));
#1987=DIRECTION('',(-1.,0.,6.98296672221876E-15));
#1988=DIRECTION('',(2.43809121218073E-29,1.,3.49148336110938E-15));
#1989=DIRECTION('',(1.,0.,-6.98296672221876E-15));
#1990=DIRECTION('',(2.43809121218073E-29,1.,3.49148336110938E-15));
#1991=DIRECTION('',(-1.,0.,6.98296672221876E-15));
#1992=DIRECTION('',(2.43809121218073E-29,1.,3.49148336110938E-15));
#1993=DIRECTION('',(1.,0.,-6.98296672221876E-15));
#1994=DIRECTION('',(2.43809121218073E-29,1.,3.49148336110938E-15));
#1995=DIRECTION('',(-1.,0.,6.98296672221876E-15));
#1996=DIRECTION('',(2.43809121218073E-29,1.,3.49148336110938E-15));
#1997=DIRECTION('center_axis',(-6.98296672221876E-15,3.49148336110938E-15,
-1.));
#1998=DIRECTION('ref_axis',(-2.43809121218073E-29,-1.,-3.49148336110938E-15));
#1999=DIRECTION('',(2.43809121218073E-29,1.,3.49148336110938E-15));
#2000=DIRECTION('',(1.,0.,-6.98296672221876E-15));
#2001=DIRECTION('center_axis',(-5.17309283212625E-16,0.99725218370585,-0.0740815907895742));
#2002=DIRECTION('ref_axis',(-6.96377881247795E-15,-0.0740815907895742,-0.99725218370585));
#2003=DIRECTION('',(6.96377881247794E-15,0.0740815907895742,0.99725218370585));
#2004=DIRECTION('center_axis',(-1.,0.,6.98296672221876E-15));
#2005=DIRECTION('ref_axis',(-2.43809121218073E-29,-1.,-3.49148336110938E-15));
#2006=DIRECTION('center_axis',(-9.85638338622942E-17,1.,3.49148336110938E-15));
#2007=DIRECTION('ref_axis',(-1.,-9.85638338623186E-17,6.98296672221876E-15));
#2008=DIRECTION('',(-1.,-9.85638338623186E-17,6.98296672221876E-15));
#2009=DIRECTION('',(7.08500927962916E-15,-3.49148336110938E-15,1.));
#2010=DIRECTION('',(7.08500927962916E-15,-3.49148336110938E-15,1.));
#2011=DIRECTION('center_axis',(-1.,0.,6.98296672221876E-15));
#2012=DIRECTION('ref_axis',(-2.43809121218073E-29,-1.,-3.49148336110938E-15));
#2013=DIRECTION('',(6.96377881247794E-15,0.0740815907895742,0.99725218370585));
#2014=DIRECTION('',(-6.98296672221876E-15,3.66849596069885E-15,-1.));
#2015=DIRECTION('',(2.43809121218073E-29,1.,3.49148336110938E-15));
#2016=DIRECTION('center_axis',(1.,2.06514699521049E-16,-7.08500927962916E-15));
#2017=DIRECTION('ref_axis',(-2.06514699521024E-16,1.,3.49148336110938E-15));
#2018=DIRECTION('',(-2.43809121218073E-29,-1.,-3.49148336110938E-15));
#2019=DIRECTION('',(7.08500927962916E-15,-3.49148336110938E-15,1.));
#2020=DIRECTION('',(-2.06514699521024E-16,1.,3.49148336110938E-15));
#2021=DIRECTION('',(7.08500927962916E-15,-3.49148336110938E-15,1.));
#2022=DIRECTION('',(-2.06514699521024E-16,1.,3.49148336110938E-15));
#2023=DIRECTION('',(7.08500927962916E-15,-3.49148336110938E-15,1.));
#2024=DIRECTION('center_axis',(-2.5616985214154E-29,-1.,-3.66849596069885E-15));
#2025=DIRECTION('ref_axis',(6.98296672221876E-15,-3.66849596069885E-15,
1.));
#2026=DIRECTION('',(-6.98296672221876E-15,3.66849596069885E-15,-1.));
#2027=DIRECTION('',(-6.98296672221876E-15,3.66849596069885E-15,-1.));
#2028=DIRECTION('',(1.,0.,-6.98296672221876E-15));
#2029=DIRECTION('center_axis',(-5.17309283212625E-16,0.99725218370585,-0.0740815907895742));
#2030=DIRECTION('ref_axis',(-6.96377881247795E-15,-0.0740815907895742,-0.99725218370585));
#2031=DIRECTION('',(6.96377881247794E-15,0.0740815907895742,0.99725218370585));
#2032=DIRECTION('',(1.,0.,-6.98296672221876E-15));
#2033=DIRECTION('',(6.96377881247794E-15,0.0740815907895742,0.99725218370585));
#2034=DIRECTION('center_axis',(1.23204792327874E-16,-1.,-3.49148336110938E-15));
#2035=DIRECTION('ref_axis',(1.,1.23204792327898E-16,-6.98296672221876E-15));
#2036=DIRECTION('',(1.,1.23204792327898E-16,-6.98296672221876E-15));
#2037=DIRECTION('',(7.08500927962916E-15,-3.49148336110938E-15,1.));
#2038=DIRECTION('center_axis',(-1.,0.,6.98296672221876E-15));
#2039=DIRECTION('ref_axis',(-2.43809121218073E-29,-1.,-3.49148336110938E-15));
#2040=DIRECTION('',(6.96377881247794E-15,0.0740815907895742,0.99725218370585));
#2041=DIRECTION('',(2.43809121218073E-29,1.,3.49148336110938E-15));
#2042=DIRECTION('center_axis',(-1.,0.,6.98296672221876E-15));
#2043=DIRECTION('ref_axis',(-2.43809121218073E-29,-1.,-3.49148336110938E-15));
#2044=DIRECTION('',(6.96377881247794E-15,0.0740815907895742,0.99725218370585));
#2045=DIRECTION('',(2.43809121218073E-29,1.,3.49148336110938E-15));
#2046=DIRECTION('',(-6.98296672221876E-15,3.66849596069885E-15,-1.));
#2047=DIRECTION('center_axis',(-2.5616985214154E-29,-1.,-3.66849596069885E-15));
#2048=DIRECTION('ref_axis',(6.98296672221876E-15,-3.66849596069885E-15,
1.));
#2049=DIRECTION('',(-6.98296672221876E-15,3.66849596069885E-15,-1.));
#2050=DIRECTION('',(-6.98296672221876E-15,3.66849596069885E-15,-1.));
#2051=DIRECTION('',(1.,0.,-6.98296672221876E-15));
#2052=DIRECTION('center_axis',(-1.,0.,6.98296672221876E-15));
#2053=DIRECTION('ref_axis',(-2.43809121218073E-29,-1.,-3.49148336110938E-15));
#2054=DIRECTION('',(6.96377881247794E-15,0.0740815907895742,0.99725218370585));
#2055=DIRECTION('',(2.43809121218073E-29,1.,3.49148336110938E-15));
#2056=DIRECTION('center_axis',(-1.,0.,6.98296672221876E-15));
#2057=DIRECTION('ref_axis',(-2.43809121218073E-29,-1.,-3.49148336110938E-15));
#2058=DIRECTION('',(2.43809121218073E-29,1.,3.49148336110938E-15));
#2059=DIRECTION('center_axis',(-1.,-2.06514699521049E-16,7.08500927962916E-15));
#2060=DIRECTION('ref_axis',(2.06514699521024E-16,-1.,-3.49148336110938E-15));
#2061=DIRECTION('',(2.06514699521024E-16,-1.,-3.49148336110938E-15));
#2062=DIRECTION('',(7.08500927962916E-15,-3.49148336110938E-15,1.));
#2063=DIRECTION('',(-1.44560289664731E-15,1.,3.49148336110939E-15));
#2064=DIRECTION('',(7.08500927962916E-15,-3.49148336110938E-15,1.));
#2065=DIRECTION('',(2.06514699521024E-16,-1.,-3.49148336110938E-15));
#2066=DIRECTION('center_axis',(-2.5616985214154E-29,-1.,-3.66849596069885E-15));
#2067=DIRECTION('ref_axis',(6.98296672221876E-15,-3.66849596069885E-15,
1.));
#2068=DIRECTION('',(1.,0.,-6.98296672221876E-15));
#2069=DIRECTION('center_axis',(-1.,0.,6.98296672221876E-15));
#2070=DIRECTION('ref_axis',(-2.43809121218073E-29,-1.,-3.49148336110938E-15));
#2071=DIRECTION('',(2.43809121218073E-29,1.,3.49148336110938E-15));
#2072=DIRECTION('center_axis',(-5.17309283212625E-16,0.99725218370585,-0.0740815907895742));
#2073=DIRECTION('ref_axis',(-6.96377881247795E-15,-0.0740815907895742,-0.99725218370585));
#2074=DIRECTION('',(1.,0.,-6.98296672221876E-15));
#2075=DIRECTION('center_axis',(-5.17309283212625E-16,0.99725218370585,-0.0740815907895742));
#2076=DIRECTION('ref_axis',(-6.96377881247795E-15,-0.0740815907895742,-0.99725218370585));
#2077=DIRECTION('',(1.,0.,-6.98296672221876E-15));
#2078=DIRECTION('center_axis',(-7.1275270118835E-15,3.49148336110938E-15,
-1.));
#2079=DIRECTION('ref_axis',(-1.,-5.04729846041572E-31,7.1275270118835E-15));
#2080=DIRECTION('',(-1.,0.,6.98296672221876E-15));
#2081=DIRECTION('',(-2.43809121218073E-29,-1.,-3.49148336110938E-15));
#2082=DIRECTION('',(1.,0.,-6.98296672221876E-15));
#2083=DIRECTION('',(-2.43809121218073E-29,-1.,-3.49148336110938E-15));
#2084=DIRECTION('',(1.,5.04729846041571E-31,-7.1275270118835E-15));
#2085=DIRECTION('',(-2.43809121218073E-29,-1.,-3.49148336110938E-15));
#2086=DIRECTION('',(-1.,0.,6.98296672221876E-15));
#2087=DIRECTION('',(-2.43809121218073E-29,-1.,-3.49148336110938E-15));
#2088=DIRECTION('',(1.,0.,-6.98296672221876E-15));
#2089=DIRECTION('',(-2.43809121218073E-29,-1.,-3.49148336110938E-15));
#2090=DIRECTION('',(1.,5.04729846041571E-31,-7.1275270118835E-15));
#2091=DIRECTION('',(-2.43809121218073E-29,-1.,-3.49148336110938E-15));
#2092=DIRECTION('',(1.44560289664731E-15,-1.,-3.49148336110939E-15));
#2093=DIRECTION('',(-1.,0.,6.98296672221876E-15));
#2094=DIRECTION('',(-1.,0.,6.98296672221876E-15));
#2095=DIRECTION('',(2.43809121218073E-29,1.,3.49148336110938E-15));
#2096=DIRECTION('',(1.,0.,-6.98296672221876E-15));
#2097=DIRECTION('',(1.,6.19544098563146E-16,-6.98296672221876E-15));
#2098=DIRECTION('center_axis',(-6.98296672221876E-15,3.49148336110938E-15,
-1.));
#2099=DIRECTION('ref_axis',(-2.43809121218073E-29,-1.,-3.49148336110938E-15));
#2100=DIRECTION('center_axis',(6.98296672221876E-15,-3.49148336110938E-15,
1.));
#2101=DIRECTION('ref_axis',(2.43809121218073E-29,1.,3.49148336110938E-15));
#2102=DIRECTION('',(1.,0.,-6.98296672221876E-15));
#2103=DIRECTION('',(2.43809121218073E-29,1.,3.49148336110938E-15));
#2104=DIRECTION('',(-1.,0.,6.98296672221876E-15));
#2105=DIRECTION('center_axis',(-2.43809121218073E-29,-1.,-3.49148336110938E-15));
#2106=DIRECTION('ref_axis',(1.,0.,-6.98296672221876E-15));
#2107=DIRECTION('',(7.08500927962916E-15,-3.49148336110938E-15,1.));
#2108=DIRECTION('center_axis',(2.43809121218073E-29,1.,3.49148336110938E-15));
#2109=DIRECTION('ref_axis',(-1.,0.,6.98296672221876E-15));
#2110=DIRECTION('',(7.08500927962916E-15,-3.49148336110938E-15,1.));
#2111=DIRECTION('center_axis',(-6.98296672221876E-15,3.49148336110938E-15,
-1.));
#2112=DIRECTION('ref_axis',(-2.43809121218073E-29,-1.,-3.49148336110938E-15));
#2113=DIRECTION('center_axis',(-6.98296672221876E-15,3.49148336110938E-15,
-1.));
#2114=DIRECTION('ref_axis',(-2.43809121218073E-29,-1.,-3.49148336110938E-15));
#2115=DIRECTION('center_axis',(6.98296672221876E-15,-3.49148336110938E-15,
1.));
#2116=DIRECTION('ref_axis',(2.43809121218073E-29,1.,3.49148336110938E-15));
#2117=DIRECTION('',(-1.,0.,6.98296672221876E-15));
#2118=DIRECTION('',(1.44560289664731E-15,-1.,-3.49148336110939E-15));
#2119=DIRECTION('',(1.,6.19544098563146E-16,-6.98296672221876E-15));
#2120=DIRECTION('center_axis',(6.19544098563122E-16,-1.,-3.49148336110939E-15));
#2121=DIRECTION('ref_axis',(1.,6.19544098563146E-16,-6.98296672221876E-15));
#2122=DIRECTION('',(7.08500927962916E-15,-3.49148336110938E-15,1.));
#2123=DIRECTION('center_axis',(2.43809121218073E-29,1.,3.49148336110938E-15));
#2124=DIRECTION('ref_axis',(-1.,0.,6.98296672221876E-15));
#2125=DIRECTION('',(7.08500927962916E-15,-3.49148336110938E-15,1.));
#2126=DIRECTION('center_axis',(2.52326437370025E-29,1.,3.613456105514E-15));
#2127=DIRECTION('ref_axis',(-6.98296672221876E-15,3.613456105514E-15,-1.));
#2128=DIRECTION('',(-6.98296672221876E-15,3.613456105514E-15,-1.));
#2129=DIRECTION('',(-1.,0.,6.98296672221876E-15));
#2130=DIRECTION('',(-6.98296672221876E-15,3.613456105514E-15,-1.));
#2131=DIRECTION('center_axis',(-1.,-1.44560289664734E-15,7.08500927962916E-15));
#2132=DIRECTION('ref_axis',(1.44560289664731E-15,-1.,-3.49148336110939E-15));
#2133=DIRECTION('center_axis',(-1.,0.,6.98296672221876E-15));
#2134=DIRECTION('ref_axis',(2.43809121218073E-29,1.,3.49148336110938E-15));
#2135=DIRECTION('',(-6.98296672221876E-15,3.49148336110938E-15,-1.));
#2136=DIRECTION('',(-6.98296672221876E-15,3.613456105514E-15,-1.));
#2137=DIRECTION('',(2.43809121218073E-29,1.,3.49148336110938E-15));
#2138=DIRECTION('center_axis',(1.,0.,-6.98296672221876E-15));
#2139=DIRECTION('ref_axis',(2.43809121218073E-29,1.,3.49148336110938E-15));
#2140=DIRECTION('',(-6.98296672221876E-15,3.49148336110938E-15,-1.));
#2141=DIRECTION('',(-2.43809121218073E-29,-1.,-3.49148336110938E-15));
#2142=DIRECTION('',(6.98296672221876E-15,-3.49148336110938E-15,1.));
#2143=DIRECTION('',(2.43809121218073E-29,1.,3.49148336110938E-15));
#2144=DIRECTION('',(6.98296672221876E-15,-3.59990357835793E-15,1.));
#2145=DIRECTION('',(2.43809121218073E-29,1.,3.49148336110938E-15));
#2146=DIRECTION('',(6.98296672221876E-15,-3.05780249211518E-15,1.));
#2147=DIRECTION('',(6.98296672221876E-15,-3.49148336110938E-15,1.));
#2148=DIRECTION('',(-3.4914833611094E-15,-0.866025403784438,-0.500000000000002));
#2149=DIRECTION('',(-6.98296672221876E-15,3.49148336110938E-15,-1.));
#2150=DIRECTION('',(-2.51380068908697E-29,-1.,-3.59990357835793E-15));
#2151=DIRECTION('center_axis',(-2.43809121218073E-29,-1.,-3.49148336110938E-15));
#2152=DIRECTION('ref_axis',(1.,0.,-6.98296672221876E-15));
#2153=DIRECTION('',(-6.98296672221876E-15,3.49148336110938E-15,-1.));
#2154=DIRECTION('',(1.,0.,-6.98296672221876E-15));
#2155=DIRECTION('',(-6.98296672221876E-15,3.49148336110938E-15,-1.));
#2156=DIRECTION('',(-1.,-4.27569270827966E-31,7.105427357601E-15));
#2157=DIRECTION('',(-7.18705183703957E-15,3.49148336110938E-15,-1.));
#2158=DIRECTION('',(1.,0.,-6.98296672221876E-15));
#2159=DIRECTION('',(1.,0.,-6.98296672221876E-15));
#2160=DIRECTION('',(-6.98296672221876E-15,3.49148336110938E-15,-1.));
#2161=DIRECTION('',(-1.,0.,6.98296672221876E-15));
#2162=DIRECTION('',(-1.,0.,6.98296672221876E-15));
#2163=DIRECTION('',(-1.,-4.27569270827966E-31,7.105427357601E-15));
#2164=DIRECTION('',(-6.98296672221876E-15,3.49148336110938E-15,-1.));
#2165=DIRECTION('',(1.,0.,-6.98296672221876E-15));
#2166=DIRECTION('',(-6.98296672221876E-15,3.49148336110938E-15,-1.));
#2167=DIRECTION('',(-1.,-4.27569270827966E-31,7.105427357601E-15));
#2168=DIRECTION('',(-6.98296672221876E-15,3.49148336110938E-15,-1.));
#2169=DIRECTION('',(1.,0.,-6.98296672221876E-15));
#2170=DIRECTION('',(-6.98296672221876E-15,3.49148336110938E-15,-1.));
#2171=DIRECTION('',(-1.,-4.27569270827966E-31,7.105427357601E-15));
#2172=DIRECTION('',(-6.98296672221876E-15,3.49148336110938E-15,-1.));
#2173=DIRECTION('',(1.,0.,-6.98296672221876E-15));
#2174=DIRECTION('',(-6.98296672221876E-15,3.49148336110938E-15,-1.));
#2175=DIRECTION('',(-1.,-4.27569270827966E-31,7.105427357601E-15));
#2176=DIRECTION('center_axis',(-2.13525330455579E-29,-1.,-3.05780249211518E-15));
#2177=DIRECTION('ref_axis',(6.98296672221876E-15,-3.05780249211518E-15,
1.));
#2178=DIRECTION('',(6.98296672221876E-15,-3.49148336110938E-15,1.));
#2179=DIRECTION('',(-1.,0.,6.98296672221876E-15));
#2180=DIRECTION('center_axis',(1.,0.,-6.98296672221876E-15));
#2181=DIRECTION('ref_axis',(2.43809121218073E-29,1.,3.49148336110938E-15));
#2182=DIRECTION('',(2.43809121218073E-29,1.,3.49148336110938E-15));
#2183=DIRECTION('',(6.98296672221876E-15,-3.49148336110938E-15,1.));
#2184=DIRECTION('',(2.43809121218073E-29,1.,3.49148336110938E-15));
#2185=DIRECTION('',(-2.43809121218073E-29,-1.,-3.49148336110938E-15));
#2186=DIRECTION('',(6.98296672221876E-15,-3.49148336110938E-15,1.));
#2187=DIRECTION('center_axis',(-1.,0.,6.98296672221876E-15));
#2188=DIRECTION('ref_axis',(2.43809121218073E-29,1.,3.49148336110938E-15));
#2189=DIRECTION('',(6.98296672221876E-15,-3.49148336110938E-15,1.));
#2190=DIRECTION('',(2.43809121218073E-29,1.,3.49148336110938E-15));
#2191=DIRECTION('',(2.43809121218073E-29,1.,3.49148336110938E-15));
#2192=DIRECTION('',(-6.98296672221876E-15,3.613456105514E-15,-1.));
#2193=DIRECTION('',(2.43809121218073E-29,1.,3.49148336110938E-15));
#2194=DIRECTION('center_axis',(-2.43809121218073E-29,-1.,-3.49148336110938E-15));
#2195=DIRECTION('ref_axis',(1.,0.,-6.98296672221876E-15));
#2196=DIRECTION('',(-1.,0.,6.98296672221876E-15));
#2197=DIRECTION('',(-7.18705183703957E-15,3.49148336110938E-15,-1.));
#2198=DIRECTION('',(1.,0.,-6.98296672221876E-15));
#2199=DIRECTION('',(6.98296672221876E-15,-3.49148336110938E-15,1.));
#2200=DIRECTION('',(-1.,-4.27569270827966E-31,7.105427357601E-15));
#2201=DIRECTION('',(6.98296672221876E-15,-3.49148336110938E-15,1.));
#2202=DIRECTION('center_axis',(1.,0.,-6.98296672221876E-15));
#2203=DIRECTION('ref_axis',(2.43809121218073E-29,1.,3.49148336110938E-15));
#2204=DIRECTION('',(2.43809121218073E-29,1.,3.49148336110938E-15));
#2205=DIRECTION('center_axis',(-1.,-7.12559782646926E-31,7.18705183703957E-15));
#2206=DIRECTION('ref_axis',(7.18705183703957E-15,-3.49148336110938E-15,
1.));
#2207=DIRECTION('',(-6.98296672221876E-15,3.49148336110938E-15,-1.));
#2208=DIRECTION('',(-3.4914833611094E-15,-0.866025403784438,-0.500000000000002));
#2209=DIRECTION('',(6.98296672221876E-15,-3.05780249211518E-15,1.));
#2210=DIRECTION('',(2.43809121218073E-29,1.,3.49148336110938E-15));
#2211=DIRECTION('',(6.98296672221876E-15,-3.59990357835793E-15,1.));
#2212=DIRECTION('',(2.43809121218073E-29,1.,3.49148336110938E-15));
#2213=DIRECTION('',(-2.43809121218073E-29,-1.,-3.49148336110938E-15));
#2214=DIRECTION('',(-6.98296672221876E-15,3.49148336110938E-15,-1.));
#2215=DIRECTION('',(-2.51380068908697E-29,-1.,-3.59990357835793E-15));
#2216=DIRECTION('center_axis',(1.,3.5627989132346E-31,-7.08500927962916E-15));
#2217=DIRECTION('ref_axis',(-7.08500927962916E-15,3.49148336110938E-15,
-1.));
#2218=DIRECTION('center_axis',(2.13525330455579E-29,1.,3.05780249211518E-15));
#2219=DIRECTION('ref_axis',(-6.98296672221876E-15,3.05780249211518E-15,
-1.));
#2220=DIRECTION('',(1.,0.,-6.98296672221876E-15));
#2221=DIRECTION('center_axis',(-2.52326437370025E-29,-1.,-3.613456105514E-15));
#2222=DIRECTION('ref_axis',(6.98296672221876E-15,-3.613456105514E-15,1.));
#2223=DIRECTION('',(1.,0.,-6.98296672221876E-15));
#2224=DIRECTION('center_axis',(6.98296672221876E-15,-3.49148336110938E-15,
1.));
#2225=DIRECTION('ref_axis',(2.43809121218073E-29,1.,3.49148336110938E-15));
#2226=DIRECTION('center_axis',(-6.98296672221876E-15,3.49148336110938E-15,
-1.));
#2227=DIRECTION('ref_axis',(-2.43809121218073E-29,-1.,-3.49148336110938E-15));
#2228=DIRECTION('center_axis',(-6.98296672221876E-15,3.59990357835793E-15,
-1.));
#2229=DIRECTION('ref_axis',(-2.51380068908697E-29,-1.,-3.59990357835793E-15));
#2230=DIRECTION('',(-1.,0.,6.98296672221876E-15));
#2231=DIRECTION('',(-2.51380068908697E-29,-1.,-3.59990357835793E-15));
#2232=DIRECTION('',(-1.,0.,6.98296672221876E-15));
#2233=DIRECTION('center_axis',(2.43809121218073E-29,1.,3.49148336110938E-15));
#2234=DIRECTION('ref_axis',(-1.,0.,6.98296672221876E-15));
#2235=DIRECTION('',(-1.,0.,6.98296672221876E-15));
#2236=DIRECTION('',(-6.98296672221876E-15,3.49148336110938E-15,-1.));
#2237=DIRECTION('center_axis',(-6.0474265752228E-15,0.500000000000002,-0.866025403784438));
#2238=DIRECTION('ref_axis',(-3.4914833611094E-15,-0.866025403784437,-0.500000000000002));
#2239=DIRECTION('',(-3.4914833611094E-15,-0.866025403784438,-0.500000000000002));
#2240=DIRECTION('center_axis',(7.105427357601E-15,-3.49148336110938E-15,
1.));
#2241=DIRECTION('ref_axis',(1.,4.27569270827966E-31,-7.105427357601E-15));
#2242=DIRECTION('',(1.,0.,-6.98296672221876E-15));
#2243=DIRECTION('',(-2.43809121218073E-29,-1.,-3.49148336110938E-15));
#2244=DIRECTION('',(-2.43809121218073E-29,-1.,-3.49148336110938E-15));
#2245=DIRECTION('',(1.,0.,-6.98296672221876E-15));
#2246=DIRECTION('',(-2.43809121218073E-29,-1.,-3.49148336110938E-15));
#2247=DIRECTION('',(-2.43809121218073E-29,-1.,-3.49148336110938E-15));
#2248=DIRECTION('',(1.,0.,-6.98296672221876E-15));
#2249=DIRECTION('',(-2.43809121218073E-29,-1.,-3.49148336110938E-15));
#2250=DIRECTION('',(-2.43809121218073E-29,-1.,-3.49148336110938E-15));
#2251=DIRECTION('',(1.,0.,-6.98296672221876E-15));
#2252=DIRECTION('',(-2.43809121218073E-29,-1.,-3.49148336110938E-15));
#2253=DIRECTION('',(-1.,0.,6.98296672221876E-15));
#2254=DIRECTION('',(2.40524298030296E-29,1.,3.44444285070102E-15));
#2255=DIRECTION('',(2.43809121218073E-29,1.,3.49148336110938E-15));
#2256=DIRECTION('',(1.,0.,-6.98296672221876E-15));
#2257=DIRECTION('',(-2.43809121218073E-29,-1.,-3.49148336110938E-15));
#2258=DIRECTION('center_axis',(-2.51380068908697E-29,-1.,-3.59990357835793E-15));
#2259=DIRECTION('ref_axis',(6.98296672221876E-15,-3.59990357835793E-15,
1.));
#2260=DIRECTION('',(-1.,0.,6.98296672221876E-15));
#2261=DIRECTION('',(-1.,0.,6.98296672221876E-15));
#2262=DIRECTION('center_axis',(2.43809121218073E-29,1.,3.49148336110938E-15));
#2263=DIRECTION('ref_axis',(-1.,0.,6.98296672221876E-15));
#2264=DIRECTION('',(-6.98296672221876E-15,3.49148336110938E-15,-1.));
#2265=DIRECTION('center_axis',(6.98296672221876E-15,-3.49148336110938E-15,
1.));
#2266=DIRECTION('ref_axis',(2.43809121218073E-29,1.,3.49148336110938E-15));
#2267=DIRECTION('center_axis',(6.98296672221876E-15,-3.49148336110938E-15,
1.));
#2268=DIRECTION('ref_axis',(2.43809121218073E-29,1.,3.49148336110938E-15));
#2269=DIRECTION('center_axis',(-1.,0.,6.98296672221876E-15));
#2270=DIRECTION('ref_axis',(-2.43809121218073E-29,-1.,-3.49148336110938E-15));
#2271=DIRECTION('',(-6.98296672221876E-15,3.56892637342978E-15,-1.));
#2272=DIRECTION('',(-4.33082813483662E-29,-1.,-6.20198879232314E-15));
#2273=DIRECTION('',(6.98296672221876E-15,-3.38136907796632E-15,1.));
#2274=DIRECTION('',(2.37499998142554E-29,1.,3.40113318006892E-15));
#2275=DIRECTION('center_axis',(-1.,0.,6.98296672221876E-15));
#2276=DIRECTION('ref_axis',(-2.43809121218073E-29,-1.,-3.49148336110938E-15));
#2277=DIRECTION('',(-6.98296672221876E-15,3.56892637342978E-15,-1.));
#2278=DIRECTION('',(2.37499998142554E-29,1.,3.40113318006892E-15));
#2279=DIRECTION('',(6.98296672221876E-15,-3.38136907796632E-15,1.));
#2280=DIRECTION('',(-4.33082813483662E-29,-1.,-6.20198879232314E-15));
#2281=DIRECTION('center_axis',(-6.98296672221876E-15,3.49148336110938E-15,
-1.));
#2282=DIRECTION('ref_axis',(-2.43809121218073E-29,-1.,-3.49148336110938E-15));
#2283=DIRECTION('',(1.,0.,-6.98296672221876E-15));
#2284=DIRECTION('center_axis',(-1.,0.,6.98296672221876E-15));
#2285=DIRECTION('ref_axis',(-2.43809121218073E-29,-1.,-3.49148336110938E-15));
#2286=DIRECTION('',(-6.98296672221876E-15,3.56892637342978E-15,-1.));
#2287=DIRECTION('',(-4.33082813483662E-29,-1.,-6.20198879232314E-15));
#2288=DIRECTION('',(6.98296672221876E-15,-3.38136907796632E-15,1.));
#2289=DIRECTION('',(2.37499998142554E-29,1.,3.40113318006892E-15));
#2290=DIRECTION('center_axis',(-1.,0.,6.98296672221876E-15));
#2291=DIRECTION('ref_axis',(-2.43809121218073E-29,-1.,-3.49148336110938E-15));
#2292=DIRECTION('',(-6.98296672221876E-15,3.56892637342978E-15,-1.));
#2293=DIRECTION('',(2.37499998142554E-29,1.,3.40113318006892E-15));
#2294=DIRECTION('',(6.98296672221876E-15,-3.38136907796632E-15,1.));
#2295=DIRECTION('',(-4.33082813483662E-29,-1.,-6.20198879232314E-15));
#2296=DIRECTION('center_axis',(-1.,0.,6.98296672221876E-15));
#2297=DIRECTION('ref_axis',(-2.43809121218073E-29,-1.,-3.49148336110938E-15));
#2298=DIRECTION('',(-6.98296672221876E-15,3.56892637342978E-15,-1.));
#2299=DIRECTION('',(2.37499998142554E-29,1.,3.40113318006892E-15));
#2300=DIRECTION('',(6.98296672221876E-15,-3.38136907796632E-15,1.));
#2301=DIRECTION('',(-4.33082813483662E-29,-1.,-6.20198879232314E-15));
#2302=DIRECTION('center_axis',(-6.98296672221876E-15,3.40113318006892E-15,
-1.));
#2303=DIRECTION('ref_axis',(-2.37499998142554E-29,-1.,-3.40113318006892E-15));
#2304=DIRECTION('',(1.,0.,-6.98296672221876E-15));
#2305=DIRECTION('center_axis',(-1.,0.,6.98296672221876E-15));
#2306=DIRECTION('ref_axis',(-2.43809121218073E-29,-1.,-3.49148336110938E-15));
#2307=DIRECTION('',(-6.98296672221876E-15,3.56892637342978E-15,-1.));
#2308=DIRECTION('',(-4.33082813483662E-29,-1.,-6.20198879232314E-15));
#2309=DIRECTION('',(6.98296672221876E-15,-3.38136907796632E-15,1.));
#2310=DIRECTION('',(2.37499998142554E-29,1.,3.40113318006892E-15));
#2311=DIRECTION('center_axis',(-6.98296672221876E-15,3.40113318006892E-15,
-1.));
#2312=DIRECTION('ref_axis',(-2.37499998142554E-29,-1.,-3.40113318006892E-15));
#2313=DIRECTION('',(1.,0.,-6.98296672221876E-15));
#2314=DIRECTION('center_axis',(-1.,0.,6.98296672221876E-15));
#2315=DIRECTION('ref_axis',(-2.43809121218073E-29,-1.,-3.49148336110938E-15));
#2316=DIRECTION('',(-6.98296672221876E-15,3.56892637342978E-15,-1.));
#2317=DIRECTION('',(2.37499998142554E-29,1.,3.40113318006892E-15));
#2318=DIRECTION('',(6.98296672221876E-15,-3.38136907796632E-15,1.));
#2319=DIRECTION('',(-4.33082813483662E-29,-1.,-6.20198879232314E-15));
#2320=DIRECTION('center_axis',(-6.98296672221876E-15,3.40113318006892E-15,
-1.));
#2321=DIRECTION('ref_axis',(-2.37499998142554E-29,-1.,-3.40113318006892E-15));
#2322=DIRECTION('',(1.,0.,-6.98296672221876E-15));
#2323=DIRECTION('center_axis',(-1.,0.,6.98296672221876E-15));
#2324=DIRECTION('ref_axis',(-2.43809121218073E-29,-1.,-3.49148336110938E-15));
#2325=DIRECTION('',(-6.98296672221876E-15,3.56892637342978E-15,-1.));
#2326=DIRECTION('',(-4.33082813483662E-29,-1.,-6.20198879232314E-15));
#2327=DIRECTION('',(6.98296672221876E-15,-3.38136907796632E-15,1.));
#2328=DIRECTION('',(2.37499998142554E-29,1.,3.40113318006892E-15));
#2329=DIRECTION('center_axis',(-6.98296672221876E-15,3.40113318006892E-15,
-1.));
#2330=DIRECTION('ref_axis',(-2.37499998142554E-29,-1.,-3.40113318006892E-15));
#2331=DIRECTION('',(1.,0.,-6.98296672221876E-15));
#2332=DIRECTION('center_axis',(-6.98296672221876E-15,3.49148336110938E-15,
-1.));
#2333=DIRECTION('ref_axis',(-2.43809121218073E-29,-1.,-3.49148336110938E-15));
#2334=DIRECTION('',(1.,0.,-6.98296672221876E-15));
#2335=DIRECTION('center_axis',(2.51380068908697E-29,1.,3.59990357835793E-15));
#2336=DIRECTION('ref_axis',(-6.98296672221876E-15,3.59990357835793E-15,
-1.));
#2337=DIRECTION('center_axis',(-1.,0.,6.98296672221876E-15));
#2338=DIRECTION('ref_axis',(-2.43809121218073E-29,-1.,-3.49148336110938E-15));
#2339=DIRECTION('',(-6.98296672221876E-15,3.49148336110938E-15,-1.));
#2340=DIRECTION('',(-2.51380068908697E-29,-1.,-3.59990357835793E-15));
#2341=DIRECTION('',(-6.98296672221876E-15,3.49148336110938E-15,-1.));
#2342=DIRECTION('',(-3.4914833611094E-15,-0.866025403784438,-0.500000000000002));
#2343=DIRECTION('center_axis',(1.,0.,-6.98296672221876E-15));
#2344=DIRECTION('ref_axis',(-2.43809121218073E-29,-1.,-3.49148336110938E-15));
#2345=DIRECTION('center_axis',(6.0474265752228E-15,-0.500000000000002,0.866025403784438));
#2346=DIRECTION('ref_axis',(3.4914833611094E-15,0.866025403784437,0.500000000000002));
#2347=DIRECTION('',(1.,0.,-6.98296672221876E-15));
#2348=DIRECTION('center_axis',(-2.43809121218073E-29,-1.,-3.49148336110938E-15));
#2349=DIRECTION('ref_axis',(1.,0.,-6.98296672221876E-15));
#2350=DIRECTION('',(1.,0.,-6.98296672221876E-15));
#2351=DIRECTION('center_axis',(6.98296672221876E-15,-3.59990357835793E-15,
1.));
#2352=DIRECTION('ref_axis',(2.51380068908697E-29,1.,3.59990357835793E-15));
#2353=DIRECTION('',(1.,0.,-6.98296672221876E-15));
#2354=DIRECTION('center_axis',(-2.43809121218073E-29,-1.,-3.49148336110938E-15));
#2355=DIRECTION('ref_axis',(1.,0.,-6.98296672221876E-15));
#2356=DIRECTION('center_axis',(-2.4921694099709E-29,-1.,-3.56892637342978E-15));
#2357=DIRECTION('ref_axis',(6.98296672221876E-15,-3.56892637342978E-15,
1.));
#2358=DIRECTION('',(1.,0.,-6.98296672221876E-15));
#2359=DIRECTION('center_axis',(-2.4921694099709E-29,-1.,-3.56892637342978E-15));
#2360=DIRECTION('ref_axis',(6.98296672221876E-15,-3.56892637342978E-15,
1.));
#2361=DIRECTION('',(1.,0.,-6.98296672221876E-15));
#2362=DIRECTION('center_axis',(-2.4921694099709E-29,-1.,-3.56892637342978E-15));
#2363=DIRECTION('ref_axis',(6.98296672221876E-15,-3.56892637342978E-15,
1.));
#2364=DIRECTION('',(1.,0.,-6.98296672221876E-15));
#2365=DIRECTION('center_axis',(-2.4921694099709E-29,-1.,-3.56892637342978E-15));
#2366=DIRECTION('ref_axis',(6.98296672221876E-15,-3.56892637342978E-15,
1.));
#2367=DIRECTION('',(1.,0.,-6.98296672221876E-15));
#2368=DIRECTION('center_axis',(2.36119877469784E-29,1.,3.38136907796632E-15));
#2369=DIRECTION('ref_axis',(-6.98296672221876E-15,3.38136907796632E-15,
-1.));
#2370=DIRECTION('',(1.,0.,-6.98296672221876E-15));
#2371=DIRECTION('center_axis',(6.98296672221876E-15,-6.20198879232314E-15,
1.));
#2372=DIRECTION('ref_axis',(4.33082813483662E-29,1.,6.20198879232314E-15));
#2373=DIRECTION('center_axis',(2.36119877469784E-29,1.,3.38136907796632E-15));
#2374=DIRECTION('ref_axis',(-6.98296672221876E-15,3.38136907796632E-15,
-1.));
#2375=DIRECTION('',(1.,0.,-6.98296672221876E-15));
#2376=DIRECTION('center_axis',(6.98296672221876E-15,-6.20198879232314E-15,
1.));
#2377=DIRECTION('ref_axis',(4.33082813483662E-29,1.,6.20198879232314E-15));
#2378=DIRECTION('center_axis',(6.98296672221876E-15,-6.20198879232314E-15,
1.));
#2379=DIRECTION('ref_axis',(4.33082813483662E-29,1.,6.20198879232314E-15));
#2380=DIRECTION('',(1.,0.,-6.98296672221876E-15));
#2381=DIRECTION('center_axis',(2.36119877469784E-29,1.,3.38136907796632E-15));
#2382=DIRECTION('ref_axis',(-6.98296672221876E-15,3.38136907796632E-15,
-1.));
#2383=DIRECTION('center_axis',(2.36119877469784E-29,1.,3.38136907796632E-15));
#2384=DIRECTION('ref_axis',(-6.98296672221876E-15,3.38136907796632E-15,
-1.));
#2385=DIRECTION('',(1.,0.,-6.98296672221876E-15));
#2386=DIRECTION('center_axis',(6.98296672221876E-15,-6.20198879232314E-15,
1.));
#2387=DIRECTION('ref_axis',(4.33082813483662E-29,1.,6.20198879232314E-15));
#2388=CARTESIAN_POINT('',(0.,0.,0.));
#2389=CARTESIAN_POINT('Origin',(1.59999999999999,0.445000000000004,0.194999999999985));
#2390=CARTESIAN_POINT('',(1.6,1.955,0.89499999999999));
#2391=CARTESIAN_POINT('',(1.60000000000001,2.085,2.64499999999999));
#2392=CARTESIAN_POINT('',(1.60000000000001,2.085,2.64499999999999));
#2393=CARTESIAN_POINT('',(1.6,2.435,0.894999999999991));
#2394=CARTESIAN_POINT('',(1.6,0.755000000000001,0.894999999999985));
#2395=CARTESIAN_POINT('',(1.60000000000001,2.435,2.64499999999999));
#2396=CARTESIAN_POINT('',(1.60000000000001,2.435,2.64499999999999));
#2397=CARTESIAN_POINT('',(1.60000000000001,2.435,2.64499999999999));
#2398=CARTESIAN_POINT('Origin',(1.40000000000001,2.435,2.64499999999999));
#2399=CARTESIAN_POINT('',(1.4,2.435,0.894999999999993));
#2400=CARTESIAN_POINT('',(2.2,2.435,0.894999999999987));
#2401=CARTESIAN_POINT('',(1.40000000000001,2.435,2.64499999999999));
#2402=CARTESIAN_POINT('',(1.40000000000001,2.435,2.64499999999999));
#2403=CARTESIAN_POINT('',(1.40000000000001,2.435,2.64499999999999));
#2404=CARTESIAN_POINT('Origin',(2.2,0.755000000000001,0.894999999999981));
#2405=CARTESIAN_POINT('',(2.2,0.755000000000001,0.894999999999981));
#2406=CARTESIAN_POINT('',(2.2,2.855,0.894999999999989));
#2407=CARTESIAN_POINT('',(2.2,2.855,0.894999999999989));
#2408=CARTESIAN_POINT('',(-2.2,2.855,0.895000000000019));
#2409=CARTESIAN_POINT('',(-2.2,2.855,0.895000000000019));
#2410=CARTESIAN_POINT('',(-2.2,0.755000000000001,0.895000000000012));
#2411=CARTESIAN_POINT('',(-2.2,2.855,0.895000000000019));
#2412=CARTESIAN_POINT('',(2.2,0.755000000000001,0.894999999999981));
#2413=CARTESIAN_POINT('',(1.4,1.955,0.894999999999991));
#2414=CARTESIAN_POINT('',(1.4,1.955,0.89499999999999));
#2415=CARTESIAN_POINT('',(1.4,0.755000000000001,0.894999999999987));
#2416=CARTESIAN_POINT('',(0.399999999999998,1.955,0.894999999999998));
#2417=CARTESIAN_POINT('',(0.599999999999998,1.955,0.894999999999997));
#2418=CARTESIAN_POINT('',(0.399999999999998,1.955,0.894999999999997));
#2419=CARTESIAN_POINT('',(0.399999999999998,2.435,0.895));
#2420=CARTESIAN_POINT('',(0.399999999999998,0.755000000000001,0.894999999999994));
#2421=CARTESIAN_POINT('',(0.599999999999998,2.435,0.894999999999998));
#2422=CARTESIAN_POINT('',(2.2,2.435,0.894999999999987));
#2423=CARTESIAN_POINT('',(0.599999999999998,0.755000000000001,0.894999999999992));
#2424=CARTESIAN_POINT('',(-0.600000000000002,1.955,0.895000000000005));
#2425=CARTESIAN_POINT('',(-0.400000000000002,1.955,0.895000000000004));
#2426=CARTESIAN_POINT('',(-0.600000000000002,1.955,0.895000000000004));
#2427=CARTESIAN_POINT('',(-0.600000000000002,2.435,0.895000000000006));
#2428=CARTESIAN_POINT('',(-0.600000000000002,0.755000000000001,0.895000000000001));
#2429=CARTESIAN_POINT('',(-0.400000000000002,2.435,0.895000000000005));
#2430=CARTESIAN_POINT('',(2.2,2.435,0.894999999999987));
#2431=CARTESIAN_POINT('',(-0.400000000000002,0.755000000000001,0.894999999999999));
#2432=CARTESIAN_POINT('',(-1.6,1.955,0.895000000000012));
#2433=CARTESIAN_POINT('',(-1.4,1.955,0.895000000000011));
#2434=CARTESIAN_POINT('',(-1.6,1.955,0.895000000000012));
#2435=CARTESIAN_POINT('',(-1.6,2.435,0.895000000000014));
#2436=CARTESIAN_POINT('',(-1.6,0.755000000000001,0.895000000000008));
#2437=CARTESIAN_POINT('',(-1.4,2.435,0.895000000000012));
#2438=CARTESIAN_POINT('',(2.2,2.435,0.894999999999987));
#2439=CARTESIAN_POINT('',(-1.4,0.755000000000001,0.895000000000006));
#2440=CARTESIAN_POINT('Origin',(1.40000000000001,2.435,2.64499999999999));
#2441=CARTESIAN_POINT('',(1.40000000000001,2.085,2.64499999999999));
#2442=CARTESIAN_POINT('',(1.40000000000001,2.435,2.64499999999999));
#2443=CARTESIAN_POINT('',(1.40000000000001,2.085,2.64499999999999));
#2444=CARTESIAN_POINT('Origin',(1.40000000000001,2.085,2.64499999999999));
#2445=CARTESIAN_POINT('',(1.40000000000001,2.085,2.64499999999999));
#2446=CARTESIAN_POINT('Origin',(1.39999999999999,0.445000000000004,0.194999999999987));
#2447=CARTESIAN_POINT('Origin',(-2.2,2.855,0.895000000000019));
#2448=CARTESIAN_POINT('',(2.20000000000002,2.85499999999999,3.89499999999999));
#2449=CARTESIAN_POINT('',(-2.19999999999998,2.85499999999999,3.89500000000002));
#2450=CARTESIAN_POINT('',(-2.19999999999998,2.85499999999999,3.89500000000002));
#2451=CARTESIAN_POINT('',(-2.2,2.855,0.895000000000019));
#2452=CARTESIAN_POINT('',(2.2,2.855,0.894999999999989));
#2453=CARTESIAN_POINT('Origin',(-1.40000000000001,0.445000000000004,0.195000000000007));
#2454=CARTESIAN_POINT('',(-1.39999999999999,2.085,2.64500000000001));
#2455=CARTESIAN_POINT('',(-1.39999999999999,2.085,2.64500000000001));
#2456=CARTESIAN_POINT('',(-1.39999999999999,2.435,2.64500000000001));
#2457=CARTESIAN_POINT('',(-1.39999999999999,2.435,2.64500000000001));
#2458=CARTESIAN_POINT('',(-1.39999999999999,2.435,2.64500000000001));
#2459=CARTESIAN_POINT('Origin',(2.2,2.855,0.894999999999989));
#2460=CARTESIAN_POINT('',(2.2,2.355,1.49499999999999));
#2461=CARTESIAN_POINT('',(2.2,1.755,1.49499999999999));
#2462=CARTESIAN_POINT('',(2.2,2.355,1.49499999999999));
#2463=CARTESIAN_POINT('',(2.20000000000002,2.35499999999999,3.89499999999999));
#2464=CARTESIAN_POINT('',(2.2,2.355,1.49499999999999));
#2465=CARTESIAN_POINT('',(2.20000000000002,2.85499999999999,3.89499999999999));
#2466=CARTESIAN_POINT('',(2.20000000000002,0.754999999999991,3.89499999999998));
#2467=CARTESIAN_POINT('',(2.2,0.755000000000001,0.894999999999981));
#2468=CARTESIAN_POINT('',(2.20000000000002,1.75499999999999,3.89499999999999));
#2469=CARTESIAN_POINT('',(2.20000000000002,2.85499999999999,3.89499999999999));
#2470=CARTESIAN_POINT('',(2.2,1.755,1.49499999999999));
#2471=CARTESIAN_POINT('Origin',(-0.59999999999999,2.435,2.64500000000001));
#2472=CARTESIAN_POINT('',(-0.39999999999999,2.435,2.645));
#2473=CARTESIAN_POINT('',(-0.39999999999999,2.435,2.645));
#2474=CARTESIAN_POINT('',(-0.59999999999999,2.435,2.64500000000001));
#2475=CARTESIAN_POINT('',(-0.59999999999999,2.435,2.64500000000001));
#2476=CARTESIAN_POINT('',(-0.59999999999999,2.435,2.64500000000001));
#2477=CARTESIAN_POINT('Origin',(0.40000000000001,2.085,2.645));
#2478=CARTESIAN_POINT('',(0.60000000000001,2.085,2.645));
#2479=CARTESIAN_POINT('',(0.60000000000001,2.085,2.645));
#2480=CARTESIAN_POINT('',(0.40000000000001,2.085,2.645));
#2481=CARTESIAN_POINT('',(0.40000000000001,2.085,2.645));
#2482=CARTESIAN_POINT('',(0.40000000000001,2.085,2.645));
#2483=CARTESIAN_POINT('Origin',(2.2,0.755000000000001,0.894999999999981));
#2484=CARTESIAN_POINT('',(-2.19999999999998,0.75499999999999,3.89500000000001));
#2485=CARTESIAN_POINT('',(2.20000000000002,0.754999999999991,3.89499999999998));
#2486=CARTESIAN_POINT('',(-2.2,0.755000000000001,0.895000000000012));
#2487=CARTESIAN_POINT('Origin',(-0.600000000000007,0.445000000000004,0.195000000000001));
#2488=CARTESIAN_POINT('',(-0.59999999999999,2.085,2.64500000000001));
#2489=CARTESIAN_POINT('',(-0.59999999999999,2.085,2.64500000000001));
#2490=CARTESIAN_POINT('',(-0.59999999999999,2.435,2.64500000000001));
#2491=CARTESIAN_POINT('Origin',(-1.60000000000001,0.445000000000004,0.195000000000008));
#2492=CARTESIAN_POINT('',(-1.59999999999999,2.085,2.64500000000001));
#2493=CARTESIAN_POINT('',(-1.59999999999999,2.085,2.64500000000001));
#2494=CARTESIAN_POINT('',(-1.59999999999999,2.435,2.64500000000001));
#2495=CARTESIAN_POINT('',(-1.59999999999999,2.435,2.64500000000001));
#2496=CARTESIAN_POINT('',(-1.59999999999999,2.435,2.64500000000001));
#2497=CARTESIAN_POINT('Origin',(0.40000000000001,2.435,2.645));
#2498=CARTESIAN_POINT('',(0.60000000000001,2.435,2.645));
#2499=CARTESIAN_POINT('',(0.60000000000001,2.435,2.645));
#2500=CARTESIAN_POINT('',(0.40000000000001,2.435,2.645));
#2501=CARTESIAN_POINT('',(0.40000000000001,2.435,2.645));
#2502=CARTESIAN_POINT('',(0.40000000000001,2.435,2.645));
#2503=CARTESIAN_POINT('Origin',(-0.400000000000007,0.445000000000004,0.195));
#2504=CARTESIAN_POINT('',(-0.39999999999999,2.085,2.645));
#2505=CARTESIAN_POINT('',(-0.39999999999999,2.085,2.645));
#2506=CARTESIAN_POINT('',(-0.39999999999999,2.435,2.645));
#2507=CARTESIAN_POINT('Origin',(0.399999999999993,0.445000000000004,0.194999999999994));
#2508=CARTESIAN_POINT('',(0.40000000000001,2.435,2.645));
#2509=CARTESIAN_POINT('Origin',(-2.2,2.855,0.895000000000019));
#2510=CARTESIAN_POINT('',(-2.19999999999998,2.35499999999999,3.89500000000002));
#2511=CARTESIAN_POINT('',(-2.19999999999998,2.85499999999999,3.89500000000002));
#2512=CARTESIAN_POINT('',(-2.2,2.355,1.49500000000002));
#2513=CARTESIAN_POINT('',(-2.2,2.355,1.49500000000002));
#2514=CARTESIAN_POINT('',(-2.2,1.755,1.49500000000002));
#2515=CARTESIAN_POINT('',(-2.2,2.355,1.49500000000002));
#2516=CARTESIAN_POINT('',(-2.19999999999998,1.75499999999999,3.89500000000002));
#2517=CARTESIAN_POINT('',(-2.2,1.755,1.49500000000002));
#2518=CARTESIAN_POINT('',(-2.19999999999998,2.85499999999999,3.89500000000002));
#2519=CARTESIAN_POINT('Origin',(-1.59999999999999,2.435,2.64500000000001));
#2520=CARTESIAN_POINT('',(-1.59999999999999,2.435,2.64500000000001));
#2521=CARTESIAN_POINT('Origin',(0.599999999999993,0.445000000000004,0.194999999999992));
#2522=CARTESIAN_POINT('',(0.60000000000001,2.435,2.645));
#2523=CARTESIAN_POINT('Origin',(-1.59999999999999,2.085,2.64500000000001));
#2524=CARTESIAN_POINT('',(-1.59999999999999,2.085,2.64500000000001));
#2525=CARTESIAN_POINT('Origin',(-0.59999999999999,2.085,2.64500000000001));
#2526=CARTESIAN_POINT('',(-0.59999999999999,2.085,2.64500000000001));
#2527=CARTESIAN_POINT('Origin',(-2.99999999999998,3.25499999999999,3.89500000000003));
#2528=CARTESIAN_POINT('',(-2.69999999999998,1.55499999999999,3.89500000000001));
#2529=CARTESIAN_POINT('',(-2.99999999999998,1.55499999999999,3.89500000000001));
#2530=CARTESIAN_POINT('',(-2.49999999999998,1.55499999999999,3.89500000000001));
#2531=CARTESIAN_POINT('',(-2.69999999999998,0.304999999999992,3.89500000000001));
#2532=CARTESIAN_POINT('',(-2.69999999999998,1.55499999999999,3.89500000000001));
#2533=CARTESIAN_POINT('',(-2.49999999999998,0.304999999999992,3.895));
#2534=CARTESIAN_POINT('',(-2.69999999999998,0.304999999999992,3.89500000000001));
#2535=CARTESIAN_POINT('',(-2.49999999999998,0.354999999999991,3.895));
#2536=CARTESIAN_POINT('',(-2.49999999999998,1.55499999999999,3.89500000000001));
#2537=CARTESIAN_POINT('',(2.50000000000002,0.354999999999991,3.89499999999997));
#2538=CARTESIAN_POINT('',(-2.99999999999998,0.354999999999991,3.89500000000002));
#2539=CARTESIAN_POINT('',(2.50000000000002,0.304999999999992,3.89499999999997));
#2540=CARTESIAN_POINT('',(2.50000000000002,1.55499999999999,3.89499999999997));
#2541=CARTESIAN_POINT('',(2.70000000000002,0.304999999999992,3.89499999999997));
#2542=CARTESIAN_POINT('',(2.70000000000002,0.304999999999992,3.89499999999997));
#2543=CARTESIAN_POINT('',(2.70000000000002,1.55499999999999,3.89499999999997));
#2544=CARTESIAN_POINT('',(2.70000000000002,1.55499999999999,3.89499999999997));
#2545=CARTESIAN_POINT('',(3.00000000000002,1.55499999999999,3.89499999999997));
#2546=CARTESIAN_POINT('',(2.50000000000002,1.55499999999999,3.89499999999997));
#2547=CARTESIAN_POINT('',(3.00000000000002,3.25499999999999,3.89499999999998));
#2548=CARTESIAN_POINT('',(3.00000000000002,3.25499999999999,3.89499999999998));
#2549=CARTESIAN_POINT('',(-2.99999999999998,3.25499999999999,3.89500000000003));
#2550=CARTESIAN_POINT('',(-2.99999999999998,3.25499999999999,3.89500000000003));
#2551=CARTESIAN_POINT('',(-2.99999999999998,3.25499999999999,3.89500000000003));
#2552=CARTESIAN_POINT('',(-2.54999999999998,2.35499999999999,3.89500000000002));
#2553=CARTESIAN_POINT('',(-2.54999999999998,1.75499999999999,3.89500000000002));
#2554=CARTESIAN_POINT('',(-2.54999999999998,2.35499999999999,3.89500000000002));
#2555=CARTESIAN_POINT('',(-2.19999999999998,2.35499999999999,3.89500000000002));
#2556=CARTESIAN_POINT('',(2.55000000000002,2.35499999999999,3.89499999999998));
#2557=CARTESIAN_POINT('',(2.20000000000002,2.35499999999999,3.89499999999999));
#2558=CARTESIAN_POINT('',(2.55000000000002,1.75499999999999,3.89499999999998));
#2559=CARTESIAN_POINT('',(2.55000000000002,2.35499999999999,3.89499999999998));
#2560=CARTESIAN_POINT('',(2.20000000000002,1.75499999999999,3.89499999999999));
#2561=CARTESIAN_POINT('',(-2.19999999999998,1.75499999999999,3.89500000000002));
#2562=CARTESIAN_POINT('Origin',(-1.59999999999999,2.435,2.64500000000001));
#2563=CARTESIAN_POINT('Origin',(2.2,1.755,1.49499999999999));
#2564=CARTESIAN_POINT('',(2.55,1.755,1.49499999999998));
#2565=CARTESIAN_POINT('',(2.2,1.755,1.49499999999999));
#2566=CARTESIAN_POINT('',(2.55,2.355,1.49499999999998));
#2567=CARTESIAN_POINT('',(2.55,2.355,1.49499999999998));
#2568=CARTESIAN_POINT('',(2.2,2.355,1.49499999999999));
#2569=CARTESIAN_POINT('Origin',(2.2,1.755,1.49499999999999));
#2570=CARTESIAN_POINT('',(2.55,1.755,1.49499999999998));
#2571=CARTESIAN_POINT('Origin',(2.2,2.355,1.49499999999999));
#2572=CARTESIAN_POINT('',(2.55,2.355,1.49499999999998));
#2573=CARTESIAN_POINT('Origin',(-0.59999999999999,2.435,2.64500000000001));
#2574=CARTESIAN_POINT('Origin',(0.40000000000001,2.435,2.645));
#2575=CARTESIAN_POINT('Origin',(-2.55,2.355,1.49500000000002));
#2576=CARTESIAN_POINT('',(-2.55,2.355,1.49500000000002));
#2577=CARTESIAN_POINT('',(-2.2,2.355,1.49500000000002));
#2578=CARTESIAN_POINT('',(-2.55,1.755,1.49500000000002));
#2579=CARTESIAN_POINT('',(-2.55,2.355,1.49500000000002));
#2580=CARTESIAN_POINT('',(-2.2,1.755,1.49500000000002));
#2581=CARTESIAN_POINT('Origin',(-2.2,1.755,1.49500000000002));
#2582=CARTESIAN_POINT('',(-2.55,1.755,1.49500000000002));
#2583=CARTESIAN_POINT('Origin',(-2.2,2.355,1.49500000000002));
#2584=CARTESIAN_POINT('',(-2.55,2.355,1.49500000000002));
#2585=CARTESIAN_POINT('Origin',(2.70000000000002,0.304999999999992,3.89499999999997));
#2586=CARTESIAN_POINT('',(2.50000000000001,0.304999999999997,2.39499999999997));
#2587=CARTESIAN_POINT('',(2.50000000000002,0.304999999999992,3.89499999999997));
#2588=CARTESIAN_POINT('',(2.70000000000001,0.304999999999997,2.39499999999997));
#2589=CARTESIAN_POINT('',(2.70000000000001,0.304999999999997,2.39499999999997));
#2590=CARTESIAN_POINT('',(2.70000000000002,0.304999999999992,3.89499999999997));
#2591=CARTESIAN_POINT('Origin',(-2.55,2.355,1.49500000000002));
#2592=CARTESIAN_POINT('Origin',(-2.49999999999999,0.904999999999997,2.39500000000001));
#2593=CARTESIAN_POINT('',(-2.49999999999999,0.354999999999997,2.395));
#2594=CARTESIAN_POINT('',(-2.49999999999999,0.354999999999997,2.395));
#2595=CARTESIAN_POINT('',(-2.49999999999999,0.304999999999997,2.395));
#2596=CARTESIAN_POINT('',(-2.49999999999998,0.304999999999992,3.895));
#2597=CARTESIAN_POINT('',(-2.49999999999999,0.304999999999997,2.395));
#2598=CARTESIAN_POINT('Origin',(-3.00000000000001,3.25500000000001,-0.354999999999973));
#2599=CARTESIAN_POINT('',(-3.00000000000001,1.755,0.19500000000002));
#2600=CARTESIAN_POINT('',(-3.00000000000001,1.75500000000001,-0.35499999999998));
#2601=CARTESIAN_POINT('',(-3.00000000000001,1.755,0.19500000000002));
#2602=CARTESIAN_POINT('',(-3.00000000000001,0.355000000000006,-0.354999999999983));
#2603=CARTESIAN_POINT('',(-3.00000000000001,3.25500000000001,-0.354999999999973));
#2604=CARTESIAN_POINT('',(-2.99999999999999,0.354999999999997,2.39500000000001));
#2605=CARTESIAN_POINT('',(-3.00000000000001,0.355000000000006,-0.354999999999983));
#2606=CARTESIAN_POINT('',(-2.99999999999999,0.904999999999997,2.39500000000001));
#2607=CARTESIAN_POINT('',(-2.99999999999999,0.904999999999997,2.39500000000001));
#2608=CARTESIAN_POINT('',(-2.99999999999998,0.904999999999993,3.39500000000001));
#2609=CARTESIAN_POINT('',(-2.99999999999998,0.904999999999993,3.39500000000001));
#2610=CARTESIAN_POINT('',(-2.99999999999998,1.55499999999999,3.39500000000001));
#2611=CARTESIAN_POINT('',(-2.99999999999998,1.55499999999999,3.39500000000001));
#2612=CARTESIAN_POINT('',(-2.99999999999998,1.55499999999999,3.89500000000001));
#2613=CARTESIAN_POINT('',(-3.,3.255,1.13367513459484));
#2614=CARTESIAN_POINT('',(-3.00000000000001,3.25500000000001,-0.354999999999973));
#2615=CARTESIAN_POINT('',(-3.,2.755,0.845000000000024));
#2616=CARTESIAN_POINT('',(-3.,2.755,0.845000000000024));
#2617=CARTESIAN_POINT('',(-3.00000000000001,2.755,0.195000000000023));
#2618=CARTESIAN_POINT('',(-3.00000000000001,2.755,0.195000000000023));
#2619=CARTESIAN_POINT('',(-3.00000000000001,2.755,0.195000000000023));
#2620=CARTESIAN_POINT('Origin',(-3.00000000000001,0.355000000000006,-0.354999999999983));
#2621=CARTESIAN_POINT('',(1.39999999999999,0.355000000000006,-0.255000000000016));
#2622=CARTESIAN_POINT('',(1.39999999999999,0.355000000000006,-0.355000000000015));
#2623=CARTESIAN_POINT('',(1.39999999999999,0.355000000000006,-0.355000000000014));
#2624=CARTESIAN_POINT('',(1.59999999999999,0.355000000000006,-0.255000000000017));
#2625=CARTESIAN_POINT('',(-3.00000000000001,0.355000000000006,-0.254999999999985));
#2626=CARTESIAN_POINT('',(1.59999999999999,0.355000000000006,-0.355000000000016));
#2627=CARTESIAN_POINT('',(1.59999999999999,0.355000000000006,-0.355000000000016));
#2628=CARTESIAN_POINT('',(2.99999999999999,0.355000000000006,-0.355000000000026));
#2629=CARTESIAN_POINT('',(2.99999999999999,0.355000000000006,-0.355000000000026));
#2630=CARTESIAN_POINT('',(3.00000000000001,0.354999999999997,2.39499999999997));
#2631=CARTESIAN_POINT('',(2.99999999999999,0.355000000000006,-0.355000000000026));
#2632=CARTESIAN_POINT('',(2.70000000000001,0.354999999999997,2.39499999999997));
#2633=CARTESIAN_POINT('',(2.50000000000001,0.354999999999997,2.39499999999997));
#2634=CARTESIAN_POINT('',(2.50000000000001,0.354999999999997,2.39499999999997));
#2635=CARTESIAN_POINT('',(2.50000000000001,0.354999999999997,2.39499999999997));
#2636=CARTESIAN_POINT('',(2.50000000000001,0.354999999999997,2.39499999999997));
#2637=CARTESIAN_POINT('',(-2.69999999999999,0.354999999999997,2.39500000000001));
#2638=CARTESIAN_POINT('',(-2.49999999999999,0.354999999999997,2.395));
#2639=CARTESIAN_POINT('',(-2.49999999999999,0.354999999999997,2.395));
#2640=CARTESIAN_POINT('',(-1.60000000000001,0.355000000000006,-0.354999999999994));
#2641=CARTESIAN_POINT('',(2.99999999999999,0.355000000000006,-0.355000000000026));
#2642=CARTESIAN_POINT('',(-1.60000000000001,0.355000000000006,-0.254999999999995));
#2643=CARTESIAN_POINT('',(-1.60000000000001,0.355000000000006,-0.354999999999993));
#2644=CARTESIAN_POINT('',(-1.40000000000001,0.355000000000006,-0.254999999999996));
#2645=CARTESIAN_POINT('',(-3.00000000000001,0.355000000000006,-0.254999999999985));
#2646=CARTESIAN_POINT('',(-1.40000000000001,0.355000000000006,-0.354999999999995));
#2647=CARTESIAN_POINT('',(-1.40000000000001,0.355000000000006,-0.354999999999995));
#2648=CARTESIAN_POINT('',(-0.60000000000001,0.355000000000006,-0.355000000000001));
#2649=CARTESIAN_POINT('',(2.99999999999999,0.355000000000006,-0.355000000000026));
#2650=CARTESIAN_POINT('',(-0.60000000000001,0.355000000000006,-0.255000000000002));
#2651=CARTESIAN_POINT('',(-0.60000000000001,0.355000000000006,-0.355));
#2652=CARTESIAN_POINT('',(-0.40000000000001,0.355000000000006,-0.255000000000003));
#2653=CARTESIAN_POINT('',(-3.00000000000001,0.355000000000006,-0.254999999999985));
#2654=CARTESIAN_POINT('',(-0.400000000000011,0.355000000000006,-0.355000000000002));
#2655=CARTESIAN_POINT('',(-0.400000000000011,0.355000000000006,-0.355000000000002));
#2656=CARTESIAN_POINT('',(0.39999999999999,0.355000000000006,-0.355000000000008));
#2657=CARTESIAN_POINT('',(2.99999999999999,0.355000000000006,-0.355000000000026));
#2658=CARTESIAN_POINT('',(0.39999999999999,0.355000000000006,-0.255000000000009));
#2659=CARTESIAN_POINT('',(0.39999999999999,0.355000000000006,-0.355000000000007));
#2660=CARTESIAN_POINT('',(0.59999999999999,0.355000000000006,-0.25500000000001));
#2661=CARTESIAN_POINT('',(-3.00000000000001,0.355000000000006,-0.254999999999985));
#2662=CARTESIAN_POINT('',(0.599999999999989,0.355000000000006,-0.355000000000009));
#2663=CARTESIAN_POINT('',(0.599999999999989,0.355000000000006,-0.355000000000009));
#2664=CARTESIAN_POINT('',(2.99999999999999,0.355000000000006,-0.355000000000026));
#2665=CARTESIAN_POINT('Origin',(-2.49999999999998,1.55499999999999,3.89500000000001));
#2666=CARTESIAN_POINT('',(-2.69999999999999,1.55499999999999,3.39500000000001));
#2667=CARTESIAN_POINT('',(-2.69999999999999,1.555,2.59500000000001));
#2668=CARTESIAN_POINT('',(-2.49999999999998,1.55499999999999,3.39500000000001));
#2669=CARTESIAN_POINT('Origin',(2.70000000000001,0.904999999999997,2.39499999999997));
#2670=CARTESIAN_POINT('',(2.70000000000001,0.904999999999993,3.39499999999997));
#2671=CARTESIAN_POINT('',(2.70000000000001,1.55499999999999,3.39499999999997));
#2672=CARTESIAN_POINT('',(2.70000000000001,0.904999999999993,3.39499999999997));
#2673=CARTESIAN_POINT('',(2.70000000000001,1.555,2.59499999999997));
#2674=CARTESIAN_POINT('',(2.70000000000001,0.304999999999997,2.39499999999997));
#2675=CARTESIAN_POINT('',(2.70000000000001,0.904999999999997,2.39499999999997));
#2676=CARTESIAN_POINT('',(2.70000000000001,0.904999999999997,2.39499999999997));
#2677=CARTESIAN_POINT('',(2.7,0.904999999999998,2.09499999999997));
#2678=CARTESIAN_POINT('Origin',(-2.69999999999999,0.904999999999997,2.39500000000001));
#2679=CARTESIAN_POINT('',(-2.69999999999999,0.904999999999997,2.39500000000001));
#2680=CARTESIAN_POINT('',(-2.69999999999999,0.904999999999993,3.39500000000001));
#2681=CARTESIAN_POINT('',(-2.69999999999999,0.904999999999998,2.09500000000001));
#2682=CARTESIAN_POINT('',(-2.69999999999999,0.304999999999997,2.39500000000001));
#2683=CARTESIAN_POINT('',(-2.69999999999999,0.304999999999997,2.39500000000001));
#2684=CARTESIAN_POINT('',(-2.69999999999999,0.304999999999997,2.39500000000001));
#2685=CARTESIAN_POINT('',(-2.69999999999998,0.304999999999992,3.89500000000001));
#2686=CARTESIAN_POINT('',(-2.69999999999999,0.904999999999993,3.39500000000001));
#2687=CARTESIAN_POINT('Origin',(-3.00000000000001,3.25500000000001,-0.354999999999973));
#2688=CARTESIAN_POINT('',(-2.5,3.255,1.13367513459483));
#2689=CARTESIAN_POINT('',(-2.5,3.255,1.13367513459483));
#2690=CARTESIAN_POINT('',(3.,3.255,1.1336751345948));
#2691=CARTESIAN_POINT('',(2.99999999999999,3.25500000000001,-0.355000000000016));
#2692=CARTESIAN_POINT('',(2.5,3.255,1.1336751345948));
#2693=CARTESIAN_POINT('',(2.5,3.255,1.1336751345948));
#2694=CARTESIAN_POINT('',(2.49999999999999,3.25500000000001,-0.355000000000012));
#2695=CARTESIAN_POINT('',(2.49999999999999,3.255,0.194999999999987));
#2696=CARTESIAN_POINT('',(-2.50000000000001,3.25500000000001,-0.354999999999978));
#2697=CARTESIAN_POINT('',(2.99999999999999,3.25500000000001,-0.355000000000016));
#2698=CARTESIAN_POINT('',(-2.5,3.255,1.13367513459483));
#2699=CARTESIAN_POINT('Origin',(2.50000000000001,0.904999999999997,2.39499999999997));
#2700=CARTESIAN_POINT('',(2.50000000000001,0.304999999999997,2.39499999999997));
#2701=CARTESIAN_POINT('Origin',(2.99999999999999,3.25500000000001,-0.355000000000016));
#2702=CARTESIAN_POINT('',(3.,2.755,0.844999999999982));
#2703=CARTESIAN_POINT('',(2.99999999999999,2.755,0.194999999999982));
#2704=CARTESIAN_POINT('',(2.99999999999999,2.755,0.194999999999982));
#2705=CARTESIAN_POINT('',(3.,2.755,0.844999999999982));
#2706=CARTESIAN_POINT('',(3.00000000000001,1.55499999999999,3.39499999999997));
#2707=CARTESIAN_POINT('',(3.00000000000002,1.55499999999999,3.89499999999997));
#2708=CARTESIAN_POINT('',(3.00000000000001,0.904999999999993,3.39499999999997));
#2709=CARTESIAN_POINT('',(3.00000000000001,1.55499999999999,3.39499999999997));
#2710=CARTESIAN_POINT('',(3.00000000000001,0.904999999999997,2.39499999999997));
#2711=CARTESIAN_POINT('',(3.00000000000001,0.904999999999993,3.39499999999997));
#2712=CARTESIAN_POINT('',(3.00000000000001,0.904999999999997,2.39499999999997));
#2713=CARTESIAN_POINT('',(2.99999999999999,1.75500000000001,-0.355000000000022));
#2714=CARTESIAN_POINT('',(2.99999999999999,3.25500000000001,-0.355000000000016));
#2715=CARTESIAN_POINT('',(2.99999999999999,1.755,0.194999999999978));
#2716=CARTESIAN_POINT('',(2.99999999999999,1.755,0.194999999999978));
#2717=CARTESIAN_POINT('',(2.99999999999999,2.755,0.194999999999982));
#2718=CARTESIAN_POINT('Origin',(2.55,2.355,1.49499999999998));
#2719=CARTESIAN_POINT('Origin',(2.50000000000002,1.55499999999999,3.89499999999997));
#2720=CARTESIAN_POINT('',(2.50000000000001,1.55499999999999,3.39499999999997));
#2721=CARTESIAN_POINT('Origin',(-2.69999999999998,0.304999999999992,3.89500000000001));
#2722=CARTESIAN_POINT('',(-2.69999999999999,0.304999999999997,2.39500000000001));
#2723=CARTESIAN_POINT('Origin',(2.70000000000001,0.304999999999997,2.39499999999997));
#2724=CARTESIAN_POINT('Origin',(-2.69999999999999,0.304999999999997,2.39500000000001));
#2725=CARTESIAN_POINT('Origin',(-2.50000000000001,2.755,0.19500000000002));
#2726=CARTESIAN_POINT('',(-2.50000000000001,2.755,0.19500000000002));
#2727=CARTESIAN_POINT('',(-2.50000000000001,2.755,0.19500000000002));
#2728=CARTESIAN_POINT('',(-2.50000000000001,1.755,0.195000000000016));
#2729=CARTESIAN_POINT('',(-2.50000000000001,2.755,0.19500000000002));
#2730=CARTESIAN_POINT('',(-2.50000000000001,1.755,0.195000000000016));
#2731=CARTESIAN_POINT('Origin',(-2.50000000000001,2.755,0.19500000000002));
#2732=CARTESIAN_POINT('',(-2.5,2.755,0.84500000000002));
#2733=CARTESIAN_POINT('',(-2.5,2.755,0.84500000000002));
#2734=CARTESIAN_POINT('',(-2.50000000000001,2.755,0.19500000000002));
#2735=CARTESIAN_POINT('Origin',(-2.5,2.755,0.84500000000002));
#2736=CARTESIAN_POINT('',(-2.5,2.755,0.84500000000002));
#2737=CARTESIAN_POINT('Origin',(2.99999999999999,3.25500000000001,-0.355000000000016));
#2738=CARTESIAN_POINT('',(1.39999999999999,0.495000000000006,-0.355000000000015));
#2739=CARTESIAN_POINT('',(1.59999999999999,0.495000000000006,-0.355000000000016));
#2740=CARTESIAN_POINT('',(1.39999999999999,0.495000000000006,-0.355000000000015));
#2741=CARTESIAN_POINT('',(1.39999999999999,3.25500000000001,-0.355000000000005));
#2742=CARTESIAN_POINT('',(0.599999999999989,0.495000000000006,-0.355000000000009));
#2743=CARTESIAN_POINT('',(0.599999999999989,3.25500000000001,-0.354999999999999));
#2744=CARTESIAN_POINT('',(0.399999999999989,0.495000000000006,-0.355000000000008));
#2745=CARTESIAN_POINT('',(0.399999999999989,0.495000000000006,-0.355000000000008));
#2746=CARTESIAN_POINT('',(0.39999999999999,3.25500000000001,-0.354999999999997));
#2747=CARTESIAN_POINT('',(-0.400000000000011,0.495000000000006,-0.355000000000002));
#2748=CARTESIAN_POINT('',(-0.400000000000011,3.25500000000001,-0.354999999999992));
#2749=CARTESIAN_POINT('',(-0.600000000000011,0.495000000000006,-0.355000000000001));
#2750=CARTESIAN_POINT('',(-0.600000000000011,0.495000000000006,-0.355000000000001));
#2751=CARTESIAN_POINT('',(-0.60000000000001,3.25500000000001,-0.35499999999999));
#2752=CARTESIAN_POINT('',(-1.40000000000001,0.495000000000006,-0.354999999999995));
#2753=CARTESIAN_POINT('',(-1.40000000000001,3.25500000000001,-0.354999999999985));
#2754=CARTESIAN_POINT('',(-1.60000000000001,0.495000000000006,-0.354999999999994));
#2755=CARTESIAN_POINT('',(-1.60000000000001,0.495000000000006,-0.354999999999994));
#2756=CARTESIAN_POINT('',(-1.60000000000001,3.25500000000001,-0.354999999999983));
#2757=CARTESIAN_POINT('',(-2.50000000000001,1.75500000000001,-0.354999999999983));
#2758=CARTESIAN_POINT('',(-2.50000000000001,1.75500000000001,-0.354999999999983));
#2759=CARTESIAN_POINT('',(-2.50000000000001,2.75500000000001,-0.35499999999998));
#2760=CARTESIAN_POINT('',(2.49999999999999,1.75500000000001,-0.355000000000018));
#2761=CARTESIAN_POINT('',(2.49999999999999,1.75500000000001,-0.355000000000018));
#2762=CARTESIAN_POINT('',(2.49999999999999,1.75500000000001,-0.355000000000018));
#2763=CARTESIAN_POINT('',(1.59999999999999,3.25500000000001,-0.355000000000006));
#2764=CARTESIAN_POINT('Origin',(-2.49999999999998,0.904999999999993,3.39500000000001));
#2765=CARTESIAN_POINT('',(-2.49999999999998,0.904999999999993,3.39500000000001));
#2766=CARTESIAN_POINT('',(-2.49999999999999,0.904999999999997,2.39500000000001));
#2767=CARTESIAN_POINT('Origin',(-2.50000000000001,1.755,0.195000000000016));
#2768=CARTESIAN_POINT('',(-2.50000000000001,1.755,0.195000000000016));
#2769=CARTESIAN_POINT('Origin',(-2.49999999999998,1.55499999999999,3.39500000000001));
#2770=CARTESIAN_POINT('Origin',(-2.49999999999999,0.904999999999997,2.39500000000001));
#2771=CARTESIAN_POINT('Origin',(0.399999999999993,0.445000000000004,0.194999999999994));
#2772=CARTESIAN_POINT('',(0.399999999999985,0.495000000000009,-1.05500000000001));
#2773=CARTESIAN_POINT('',(0.399999999999985,0.495000000000009,-1.05500000000001));
#2774=CARTESIAN_POINT('',(0.399999999999985,0.295000000000008,-1.05500000000001));
#2775=CARTESIAN_POINT('',(0.399999999999985,0.295000000000008,-1.05500000000001));
#2776=CARTESIAN_POINT('',(0.39999999999999,0.295000000000006,-0.255000000000009));
#2777=CARTESIAN_POINT('',(0.39999999999999,0.295000000000006,-0.255000000000009));
#2778=CARTESIAN_POINT('',(0.39999999999999,0.295000000000006,-0.255000000000009));
#2779=CARTESIAN_POINT('Origin',(1.59999999999999,0.445000000000004,0.194999999999985));
#2780=CARTESIAN_POINT('',(1.59999999999998,0.495000000000009,-1.05500000000002));
#2781=CARTESIAN_POINT('',(1.59999999999998,0.495000000000009,-1.05500000000002));
#2782=CARTESIAN_POINT('',(1.59999999999999,0.295000000000006,-0.255000000000017));
#2783=CARTESIAN_POINT('',(1.59999999999999,0.295000000000006,-0.255000000000017));
#2784=CARTESIAN_POINT('',(1.59999999999998,0.295000000000008,-1.05500000000002));
#2785=CARTESIAN_POINT('',(1.59999999999999,0.295000000000006,-0.255000000000017));
#2786=CARTESIAN_POINT('',(1.59999999999998,0.295000000000008,-1.05500000000002));
#2787=CARTESIAN_POINT('Origin',(2.50000000000001,0.904999999999997,2.39499999999997));
#2788=CARTESIAN_POINT('',(2.50000000000001,0.904999999999997,2.39499999999997));
#2789=CARTESIAN_POINT('Origin',(-1.60000000000001,0.445000000000004,0.195000000000008));
#2790=CARTESIAN_POINT('',(-1.60000000000002,0.495000000000009,-1.05499999999999));
#2791=CARTESIAN_POINT('',(-1.60000000000002,0.495000000000009,-1.05499999999999));
#2792=CARTESIAN_POINT('',(-1.60000000000002,0.295000000000008,-1.05499999999999));
#2793=CARTESIAN_POINT('',(-1.60000000000002,0.295000000000008,-1.05499999999999));
#2794=CARTESIAN_POINT('',(-1.60000000000001,0.295000000000006,-0.254999999999995));
#2795=CARTESIAN_POINT('',(-1.60000000000001,0.295000000000006,-0.254999999999995));
#2796=CARTESIAN_POINT('',(-1.60000000000001,0.295000000000006,-0.254999999999995));
#2797=CARTESIAN_POINT('Origin',(0.599999999999993,0.445000000000004,0.194999999999992));
#2798=CARTESIAN_POINT('',(0.599999999999985,0.495000000000009,-1.05500000000001));
#2799=CARTESIAN_POINT('',(0.599999999999985,0.495000000000009,-1.05500000000001));
#2800=CARTESIAN_POINT('',(0.59999999999999,0.295000000000006,-0.25500000000001));
#2801=CARTESIAN_POINT('',(0.59999999999999,0.295000000000006,-0.25500000000001));
#2802=CARTESIAN_POINT('',(0.599999999999985,0.295000000000008,-1.05500000000001));
#2803=CARTESIAN_POINT('',(0.59999999999999,0.295000000000006,-0.25500000000001));
#2804=CARTESIAN_POINT('',(0.599999999999985,0.295000000000008,-1.05500000000001));
#2805=CARTESIAN_POINT('Origin',(-0.400000000000007,0.445000000000004,0.195));
#2806=CARTESIAN_POINT('',(-0.400000000000016,0.495000000000009,-1.055));
#2807=CARTESIAN_POINT('',(-0.400000000000016,0.495000000000009,-1.055));
#2808=CARTESIAN_POINT('',(-0.40000000000001,0.295000000000006,-0.255000000000003));
#2809=CARTESIAN_POINT('',(-0.40000000000001,0.295000000000006,-0.255000000000003));
#2810=CARTESIAN_POINT('',(-0.400000000000016,0.295000000000008,-1.055));
#2811=CARTESIAN_POINT('',(-0.40000000000001,0.295000000000006,-0.255000000000003));
#2812=CARTESIAN_POINT('',(-0.400000000000016,0.295000000000008,-1.055));
#2813=CARTESIAN_POINT('Origin',(0.39999999999999,0.295000000000006,-0.255000000000009));
#2814=CARTESIAN_POINT('',(0.39999999999999,0.295000000000006,-0.255000000000009));
#2815=CARTESIAN_POINT('Origin',(-0.600000000000007,0.445000000000004,0.195000000000001));
#2816=CARTESIAN_POINT('',(-0.600000000000016,0.495000000000009,-1.055));
#2817=CARTESIAN_POINT('',(-0.600000000000016,0.495000000000009,-1.055));
#2818=CARTESIAN_POINT('',(-0.600000000000016,0.295000000000008,-1.055));
#2819=CARTESIAN_POINT('',(-0.600000000000016,0.295000000000008,-1.055));
#2820=CARTESIAN_POINT('',(-0.60000000000001,0.295000000000006,-0.255000000000002));
#2821=CARTESIAN_POINT('',(-0.60000000000001,0.295000000000006,-0.255000000000002));
#2822=CARTESIAN_POINT('',(-0.60000000000001,0.295000000000006,-0.255000000000002));
#2823=CARTESIAN_POINT('Origin',(-0.60000000000001,0.295000000000006,-0.255000000000002));
#2824=CARTESIAN_POINT('',(-0.60000000000001,0.295000000000006,-0.255000000000002));
#2825=CARTESIAN_POINT('Origin',(-1.40000000000001,0.445000000000004,0.195000000000007));
#2826=CARTESIAN_POINT('',(-1.40000000000002,0.495000000000009,-1.05499999999999));
#2827=CARTESIAN_POINT('',(-1.40000000000002,0.495000000000009,-1.05499999999999));
#2828=CARTESIAN_POINT('',(-1.40000000000001,0.295000000000006,-0.254999999999996));
#2829=CARTESIAN_POINT('',(-1.40000000000001,0.295000000000006,-0.254999999999996));
#2830=CARTESIAN_POINT('',(-1.40000000000002,0.295000000000008,-1.055));
#2831=CARTESIAN_POINT('',(-1.40000000000001,0.295000000000006,-0.254999999999996));
#2832=CARTESIAN_POINT('',(-1.40000000000002,0.295000000000008,-1.055));
#2833=CARTESIAN_POINT('Origin',(-1.60000000000001,0.295000000000006,-0.254999999999995));
#2834=CARTESIAN_POINT('',(-1.60000000000001,0.295000000000006,-0.254999999999995));
#2835=CARTESIAN_POINT('Origin',(1.39999999999999,0.445000000000004,0.194999999999987));
#2836=CARTESIAN_POINT('',(1.39999999999998,0.495000000000009,-1.05500000000001));
#2837=CARTESIAN_POINT('',(1.39999999999998,0.495000000000009,-1.05500000000001));
#2838=CARTESIAN_POINT('',(1.39999999999998,0.295000000000008,-1.05500000000002));
#2839=CARTESIAN_POINT('',(1.39999999999998,0.295000000000008,-1.05500000000002));
#2840=CARTESIAN_POINT('',(1.39999999999999,0.295000000000006,-0.255000000000016));
#2841=CARTESIAN_POINT('',(1.39999999999999,0.295000000000006,-0.255000000000016));
#2842=CARTESIAN_POINT('',(1.39999999999999,0.295000000000006,-0.255000000000016));
#2843=CARTESIAN_POINT('Origin',(1.39999999999999,0.295000000000006,-0.255000000000016));
#2844=CARTESIAN_POINT('',(1.39999999999999,0.295000000000006,-0.255000000000016));
#2845=CARTESIAN_POINT('Origin',(2.50000000000001,1.55499999999999,3.39499999999997));
#2846=CARTESIAN_POINT('',(2.50000000000001,0.904999999999993,3.39499999999997));
#2847=CARTESIAN_POINT('Origin',(2.50000000000001,0.904999999999993,3.39499999999997));
#2848=CARTESIAN_POINT('Origin',(2.49999999999999,2.75500000000001,-0.355000000000015));
#2849=CARTESIAN_POINT('',(2.5,2.755,0.844999999999985));
#2850=CARTESIAN_POINT('',(2.49999999999999,2.755,0.194999999999985));
#2851=CARTESIAN_POINT('',(2.49999999999999,2.755,0.194999999999985));
#2852=CARTESIAN_POINT('',(2.49999999999999,1.755,0.194999999999982));
#2853=CARTESIAN_POINT('',(2.49999999999999,2.755,0.194999999999985));
#2854=CARTESIAN_POINT('',(2.49999999999999,1.755,0.194999999999982));
#2855=CARTESIAN_POINT('',(2.5,2.755,0.844999999999985));
#2856=CARTESIAN_POINT('Origin',(-2.50000000000001,2.75500000000001,-0.35499999999998));
#2857=CARTESIAN_POINT('Origin',(2.5,2.755,0.844999999999985));
#2858=CARTESIAN_POINT('',(2.5,2.755,0.844999999999985));
#2859=CARTESIAN_POINT('Origin',(2.49999999999999,1.755,0.194999999999982));
#2860=CARTESIAN_POINT('',(2.49999999999999,1.755,0.194999999999982));
#2861=CARTESIAN_POINT('Origin',(2.49999999999999,2.755,0.194999999999985));
#2862=CARTESIAN_POINT('',(2.49999999999999,2.755,0.194999999999985));
#2863=CARTESIAN_POINT('Origin',(2.49999999999999,2.755,0.194999999999985));
#2864=CARTESIAN_POINT('Origin',(-1.60000000000002,0.495000000000009,-1.05499999999999));
#2865=CARTESIAN_POINT('',(-1.60000000000002,0.495000000000009,-1.05499999999999));
#2866=CARTESIAN_POINT('Origin',(0.399999999999985,0.495000000000009,-1.05500000000001));
#2867=CARTESIAN_POINT('',(0.399999999999985,0.495000000000009,-1.05500000000001));
#2868=CARTESIAN_POINT('Origin',(-0.600000000000016,0.495000000000009,-1.055));
#2869=CARTESIAN_POINT('',(-0.600000000000016,0.495000000000009,-1.055));
#2870=CARTESIAN_POINT('Origin',(1.39999999999998,0.495000000000009,-1.05500000000001));
#2871=CARTESIAN_POINT('',(1.39999999999998,0.495000000000009,-1.05500000000001));
#2872=CARTESIAN_POINT('Origin',(0.39999999999999,0.295000000000006,-0.255000000000009));
#2873=CARTESIAN_POINT('',(0.399999999999985,0.295000000000008,-1.05500000000001));
#2874=CARTESIAN_POINT('Origin',(0.399999999999985,0.295000000000008,-1.05500000000001));
#2875=CARTESIAN_POINT('Origin',(1.39999999999999,0.295000000000006,-0.255000000000016));
#2876=CARTESIAN_POINT('',(1.39999999999998,0.295000000000008,-1.05500000000002));
#2877=CARTESIAN_POINT('Origin',(1.39999999999998,0.295000000000008,-1.05500000000002));
#2878=CARTESIAN_POINT('Origin',(-1.60000000000002,0.295000000000008,-1.05499999999999));
#2879=CARTESIAN_POINT('',(-1.60000000000002,0.295000000000008,-1.05499999999999));
#2880=CARTESIAN_POINT('Origin',(-1.60000000000001,0.295000000000006,-0.254999999999995));
#2881=CARTESIAN_POINT('Origin',(-0.60000000000001,0.295000000000006,-0.255000000000002));
#2882=CARTESIAN_POINT('',(-0.600000000000016,0.295000000000008,-1.055));
#2883=CARTESIAN_POINT('Origin',(-0.600000000000016,0.295000000000008,-1.055));
#2884=UNCERTAINTY_MEASURE_WITH_UNIT(LENGTH_MEASURE(0.01),#2888,
'DISTANCE_ACCURACY_VALUE',
'Maximum model space distance between geometric entities at asserted c
onnectivities');
#2885=UNCERTAINTY_MEASURE_WITH_UNIT(LENGTH_MEASURE(0.01),#2888,
'DISTANCE_ACCURACY_VALUE',
'Maximum model space distance between geometric entities at asserted c
onnectivities');
#2886=(
GEOMETRIC_REPRESENTATION_CONTEXT(3)
GLOBAL_UNCERTAINTY_ASSIGNED_CONTEXT((#2884))
GLOBAL_UNIT_ASSIGNED_CONTEXT((#2888,#2890,#2891))
REPRESENTATION_CONTEXT('','3D')
);
#2887=(
GEOMETRIC_REPRESENTATION_CONTEXT(3)
GLOBAL_UNCERTAINTY_ASSIGNED_CONTEXT((#2885))
GLOBAL_UNIT_ASSIGNED_CONTEXT((#2888,#2890,#2891))
REPRESENTATION_CONTEXT('','3D')
);
#2888=(
LENGTH_UNIT()
NAMED_UNIT(*)
SI_UNIT(.MILLI.,.METRE.)
);
#2889=(
LENGTH_UNIT()
NAMED_UNIT(*)
SI_UNIT(.CENTI.,.METRE.)
);
#2890=(
NAMED_UNIT(*)
PLANE_ANGLE_UNIT()
SI_UNIT($,.RADIAN.)
);
#2891=(
NAMED_UNIT(*)
SI_UNIT($,.STERADIAN.)
SOLID_ANGLE_UNIT()
);
#2892=SHAPE_DEFINITION_REPRESENTATION(#2893,#2894);
#2893=PRODUCT_DEFINITION_SHAPE('',$,#2896);
#2894=SHAPE_REPRESENTATION('',(#1874),#2886);
#2895=PRODUCT_DEFINITION_CONTEXT('part definition',#2900,'design');
#2896=PRODUCT_DEFINITION('SM04B-SRSS-TB','SM04B-SRSS-TB',#2897,#2895);
#2897=PRODUCT_DEFINITION_FORMATION('ANY',$,#2902);
#2898=PRODUCT_RELATED_PRODUCT_CATEGORY('SM04B-SRSS-TB','SM04B-SRSS-TB',
(#2902));
#2899=APPLICATION_PROTOCOL_DEFINITION('international standard',
'automotive_design',2009,#2900);
#2900=APPLICATION_CONTEXT(
'Core Data for Automotive Mechanical Design Process');
#2901=PRODUCT_CONTEXT('part definition',#2900,'mechanical');
#2902=PRODUCT('SM04B-SRSS-TB','SM04B-SRSS-TB','STEP AP214',(#2901));
#2903=PRESENTATION_STYLE_ASSIGNMENT((#2905));
#2904=PRESENTATION_STYLE_ASSIGNMENT((#2906));
#2905=SURFACE_STYLE_USAGE(.BOTH.,#2911);
#2906=SURFACE_STYLE_USAGE(.BOTH.,#2912);
#2907=SURFACE_STYLE_RENDERING_WITH_PROPERTIES($,#2919,(#2909));
#2908=SURFACE_STYLE_RENDERING_WITH_PROPERTIES($,#2920,(#2910));
#2909=SURFACE_STYLE_TRANSPARENT(0.);
#2910=SURFACE_STYLE_TRANSPARENT(0.);
#2911=SURFACE_SIDE_STYLE('',(#2913,#2907));
#2912=SURFACE_SIDE_STYLE('',(#2914,#2908));
#2913=SURFACE_STYLE_FILL_AREA(#2915);
#2914=SURFACE_STYLE_FILL_AREA(#2916);
#2915=FILL_AREA_STYLE('',(#2917));
#2916=FILL_AREA_STYLE('',(#2918));
#2917=FILL_AREA_STYLE_COLOUR('',#2919);
#2918=FILL_AREA_STYLE_COLOUR('',#2920);
#2919=COLOUR_RGB('',0.905882352941176,0.83921568627451,0.674509803921569);
#2920=COLOUR_RGB('',0.996078431372549,0.996078431372549,1.);
ENDSEC;
END-ISO-10303-21;
