ISO-10303-21;
HEADER;
/* Generated by software containing ST-Developer
 * from STEP Tools, Inc. (www.steptools.com) 
 */

FILE_DESCRIPTION(
/* description */ ('STEP AP214'),
/* implementation_level */ '2;1');

FILE_NAME(
/* name */ 'SM06B-SRSS-TB.STEP',
/* time_stamp */ '2025-06-05T15:41:54+01:00',
/* author */ ('4539'),
/* organization */ (' '),
/* preprocessor_version */ 'ST-DEVELOPER v20.1',
/* originating_system */ 'Autodesk Inventor 2026',
/* authorisation */ '');

FILE_SCHEMA (('AUTOMOTIVE_DESIGN { 1 0 10303 214 3 1 1 }'));
ENDSEC;

DATA;
#10=MECHANICAL_DESIGN_GEOMETRIC_PRESENTATION_REPRESENTATION('',(#2083,#2084,
#2085,#2086,#2087,#2088,#2089,#2090,#2091,#2092,#2093,#2094,#2095,#2096,
#2097,#2098,#2099,#2100,#2101,#2102,#2103,#2104,#2105,#2106,#2107,#2108,
#2109,#2110,#2111,#2112,#2113,#2114,#2115,#2116,#2117,#2118,#2119,#2120,
#2121,#2122,#2123,#2124,#2125,#2126,#2127,#2128,#2129,#2130,#2131,#2132,
#2133,#2134,#2135,#2136,#2137,#2138,#2139,#2140,#2141,#2142,#2143,#2144,
#2145,#2146,#2147,#2148,#2149,#2150,#2151,#2152,#2153,#2154,#2155,#2156,
#2157,#2158,#2159,#2160,#2161,#2162,#2163,#2164,#2165,#2166,#2167,#2168,
#2169,#2170,#2171,#2172,#2173,#2174,#2175,#2176,#2177,#2178,#2179,#2180,
#2181,#2182,#2183,#2184,#2185,#2186,#2187,#2188,#2189,#2190,#2191,#2192,
#2193,#2194),#3589);
#11=SHAPE_REPRESENTATION_RELATIONSHIP('SRR','None',#3596,#12);
#12=ADVANCED_BREP_SHAPE_REPRESENTATION('',(#13),#3588);
#13=MANIFOLD_SOLID_BREP('Solid1',#2306);
#14=FACE_BOUND('',#135,.T.);
#15=FACE_BOUND('',#136,.T.);
#16=FACE_BOUND('',#137,.T.);
#17=FACE_BOUND('',#138,.T.);
#18=FACE_BOUND('',#139,.T.);
#19=FACE_BOUND('',#140,.T.);
#20=FACE_BOUND('',#174,.T.);
#21=FACE_OUTER_BOUND('',#132,.T.);
#22=FACE_OUTER_BOUND('',#133,.T.);
#23=FACE_OUTER_BOUND('',#134,.T.);
#24=FACE_OUTER_BOUND('',#141,.T.);
#25=FACE_OUTER_BOUND('',#142,.T.);
#26=FACE_OUTER_BOUND('',#143,.T.);
#27=FACE_OUTER_BOUND('',#144,.T.);
#28=FACE_OUTER_BOUND('',#145,.T.);
#29=FACE_OUTER_BOUND('',#146,.T.);
#30=FACE_OUTER_BOUND('',#147,.T.);
#31=FACE_OUTER_BOUND('',#148,.T.);
#32=FACE_OUTER_BOUND('',#149,.T.);
#33=FACE_OUTER_BOUND('',#150,.T.);
#34=FACE_OUTER_BOUND('',#151,.T.);
#35=FACE_OUTER_BOUND('',#152,.T.);
#36=FACE_OUTER_BOUND('',#153,.T.);
#37=FACE_OUTER_BOUND('',#154,.T.);
#38=FACE_OUTER_BOUND('',#155,.T.);
#39=FACE_OUTER_BOUND('',#156,.T.);
#40=FACE_OUTER_BOUND('',#157,.T.);
#41=FACE_OUTER_BOUND('',#158,.T.);
#42=FACE_OUTER_BOUND('',#159,.T.);
#43=FACE_OUTER_BOUND('',#160,.T.);
#44=FACE_OUTER_BOUND('',#161,.T.);
#45=FACE_OUTER_BOUND('',#162,.T.);
#46=FACE_OUTER_BOUND('',#163,.T.);
#47=FACE_OUTER_BOUND('',#164,.T.);
#48=FACE_OUTER_BOUND('',#165,.T.);
#49=FACE_OUTER_BOUND('',#166,.T.);
#50=FACE_OUTER_BOUND('',#167,.T.);
#51=FACE_OUTER_BOUND('',#168,.T.);
#52=FACE_OUTER_BOUND('',#169,.T.);
#53=FACE_OUTER_BOUND('',#170,.T.);
#54=FACE_OUTER_BOUND('',#171,.T.);
#55=FACE_OUTER_BOUND('',#172,.T.);
#56=FACE_OUTER_BOUND('',#173,.T.);
#57=FACE_OUTER_BOUND('',#175,.T.);
#58=FACE_OUTER_BOUND('',#176,.T.);
#59=FACE_OUTER_BOUND('',#177,.T.);
#60=FACE_OUTER_BOUND('',#178,.T.);
#61=FACE_OUTER_BOUND('',#179,.T.);
#62=FACE_OUTER_BOUND('',#180,.T.);
#63=FACE_OUTER_BOUND('',#181,.T.);
#64=FACE_OUTER_BOUND('',#182,.T.);
#65=FACE_OUTER_BOUND('',#183,.T.);
#66=FACE_OUTER_BOUND('',#184,.T.);
#67=FACE_OUTER_BOUND('',#185,.T.);
#68=FACE_OUTER_BOUND('',#186,.T.);
#69=FACE_OUTER_BOUND('',#187,.T.);
#70=FACE_OUTER_BOUND('',#188,.T.);
#71=FACE_OUTER_BOUND('',#189,.T.);
#72=FACE_OUTER_BOUND('',#190,.T.);
#73=FACE_OUTER_BOUND('',#191,.T.);
#74=FACE_OUTER_BOUND('',#192,.T.);
#75=FACE_OUTER_BOUND('',#193,.T.);
#76=FACE_OUTER_BOUND('',#194,.T.);
#77=FACE_OUTER_BOUND('',#195,.T.);
#78=FACE_OUTER_BOUND('',#196,.T.);
#79=FACE_OUTER_BOUND('',#197,.T.);
#80=FACE_OUTER_BOUND('',#198,.T.);
#81=FACE_OUTER_BOUND('',#199,.T.);
#82=FACE_OUTER_BOUND('',#200,.T.);
#83=FACE_OUTER_BOUND('',#201,.T.);
#84=FACE_OUTER_BOUND('',#202,.T.);
#85=FACE_OUTER_BOUND('',#203,.T.);
#86=FACE_OUTER_BOUND('',#204,.T.);
#87=FACE_OUTER_BOUND('',#205,.T.);
#88=FACE_OUTER_BOUND('',#206,.T.);
#89=FACE_OUTER_BOUND('',#207,.T.);
#90=FACE_OUTER_BOUND('',#208,.T.);
#91=FACE_OUTER_BOUND('',#209,.T.);
#92=FACE_OUTER_BOUND('',#210,.T.);
#93=FACE_OUTER_BOUND('',#211,.T.);
#94=FACE_OUTER_BOUND('',#212,.T.);
#95=FACE_OUTER_BOUND('',#213,.T.);
#96=FACE_OUTER_BOUND('',#214,.T.);
#97=FACE_OUTER_BOUND('',#215,.T.);
#98=FACE_OUTER_BOUND('',#216,.T.);
#99=FACE_OUTER_BOUND('',#217,.T.);
#100=FACE_OUTER_BOUND('',#218,.T.);
#101=FACE_OUTER_BOUND('',#219,.T.);
#102=FACE_OUTER_BOUND('',#220,.T.);
#103=FACE_OUTER_BOUND('',#221,.T.);
#104=FACE_OUTER_BOUND('',#222,.T.);
#105=FACE_OUTER_BOUND('',#223,.T.);
#106=FACE_OUTER_BOUND('',#224,.T.);
#107=FACE_OUTER_BOUND('',#225,.T.);
#108=FACE_OUTER_BOUND('',#226,.T.);
#109=FACE_OUTER_BOUND('',#227,.T.);
#110=FACE_OUTER_BOUND('',#228,.T.);
#111=FACE_OUTER_BOUND('',#229,.T.);
#112=FACE_OUTER_BOUND('',#230,.T.);
#113=FACE_OUTER_BOUND('',#231,.T.);
#114=FACE_OUTER_BOUND('',#232,.T.);
#115=FACE_OUTER_BOUND('',#233,.T.);
#116=FACE_OUTER_BOUND('',#234,.T.);
#117=FACE_OUTER_BOUND('',#235,.T.);
#118=FACE_OUTER_BOUND('',#236,.T.);
#119=FACE_OUTER_BOUND('',#237,.T.);
#120=FACE_OUTER_BOUND('',#238,.T.);
#121=FACE_OUTER_BOUND('',#239,.T.);
#122=FACE_OUTER_BOUND('',#240,.T.);
#123=FACE_OUTER_BOUND('',#241,.T.);
#124=FACE_OUTER_BOUND('',#242,.T.);
#125=FACE_OUTER_BOUND('',#243,.T.);
#126=FACE_OUTER_BOUND('',#244,.T.);
#127=FACE_OUTER_BOUND('',#245,.T.);
#128=FACE_OUTER_BOUND('',#246,.T.);
#129=FACE_OUTER_BOUND('',#247,.T.);
#130=FACE_OUTER_BOUND('',#248,.T.);
#131=FACE_OUTER_BOUND('',#249,.T.);
#132=EDGE_LOOP('',(#1364,#1365,#1366,#1367));
#133=EDGE_LOOP('',(#1368,#1369,#1370,#1371));
#134=EDGE_LOOP('',(#1372,#1373,#1374,#1375));
#135=EDGE_LOOP('',(#1376,#1377,#1378,#1379));
#136=EDGE_LOOP('',(#1380,#1381,#1382,#1383));
#137=EDGE_LOOP('',(#1384,#1385,#1386,#1387));
#138=EDGE_LOOP('',(#1388,#1389,#1390,#1391));
#139=EDGE_LOOP('',(#1392,#1393,#1394,#1395));
#140=EDGE_LOOP('',(#1396,#1397,#1398,#1399));
#141=EDGE_LOOP('',(#1400,#1401,#1402,#1403));
#142=EDGE_LOOP('',(#1404,#1405,#1406,#1407));
#143=EDGE_LOOP('',(#1408,#1409,#1410,#1411));
#144=EDGE_LOOP('',(#1412,#1413,#1414,#1415));
#145=EDGE_LOOP('',(#1416,#1417,#1418,#1419));
#146=EDGE_LOOP('',(#1420,#1421,#1422,#1423));
#147=EDGE_LOOP('',(#1424,#1425,#1426,#1427));
#148=EDGE_LOOP('',(#1428,#1429,#1430,#1431));
#149=EDGE_LOOP('',(#1432,#1433,#1434,#1435));
#150=EDGE_LOOP('',(#1436,#1437,#1438,#1439));
#151=EDGE_LOOP('',(#1440,#1441,#1442,#1443));
#152=EDGE_LOOP('',(#1444,#1445,#1446,#1447,#1448,#1449,#1450,#1451));
#153=EDGE_LOOP('',(#1452,#1453,#1454,#1455));
#154=EDGE_LOOP('',(#1456,#1457,#1458,#1459));
#155=EDGE_LOOP('',(#1460,#1461,#1462,#1463));
#156=EDGE_LOOP('',(#1464,#1465,#1466,#1467));
#157=EDGE_LOOP('',(#1468,#1469,#1470,#1471));
#158=EDGE_LOOP('',(#1472,#1473,#1474,#1475));
#159=EDGE_LOOP('',(#1476,#1477,#1478,#1479));
#160=EDGE_LOOP('',(#1480,#1481,#1482,#1483,#1484,#1485,#1486,#1487));
#161=EDGE_LOOP('',(#1488,#1489,#1490,#1491));
#162=EDGE_LOOP('',(#1492,#1493,#1494,#1495));
#163=EDGE_LOOP('',(#1496,#1497,#1498,#1499));
#164=EDGE_LOOP('',(#1500,#1501,#1502,#1503));
#165=EDGE_LOOP('',(#1504,#1505,#1506,#1507));
#166=EDGE_LOOP('',(#1508,#1509,#1510,#1511));
#167=EDGE_LOOP('',(#1512,#1513,#1514,#1515));
#168=EDGE_LOOP('',(#1516,#1517,#1518,#1519));
#169=EDGE_LOOP('',(#1520,#1521,#1522,#1523));
#170=EDGE_LOOP('',(#1524,#1525,#1526,#1527));
#171=EDGE_LOOP('',(#1528,#1529,#1530,#1531));
#172=EDGE_LOOP('',(#1532,#1533,#1534,#1535));
#173=EDGE_LOOP('',(#1536,#1537,#1538,#1539,#1540,#1541,#1542,#1543,#1544,
#1545,#1546,#1547));
#174=EDGE_LOOP('',(#1548,#1549,#1550,#1551,#1552,#1553,#1554,#1555,#1556,
#1557,#1558,#1559));
#175=EDGE_LOOP('',(#1560,#1561,#1562,#1563));
#176=EDGE_LOOP('',(#1564,#1565,#1566,#1567));
#177=EDGE_LOOP('',(#1568,#1569,#1570,#1571));
#178=EDGE_LOOP('',(#1572,#1573,#1574,#1575));
#179=EDGE_LOOP('',(#1576,#1577,#1578,#1579));
#180=EDGE_LOOP('',(#1580,#1581,#1582,#1583));
#181=EDGE_LOOP('',(#1584,#1585,#1586,#1587));
#182=EDGE_LOOP('',(#1588,#1589,#1590,#1591,#1592,#1593,#1594,#1595));
#183=EDGE_LOOP('',(#1596,#1597,#1598,#1599,#1600,#1601,#1602,#1603,#1604,
#1605,#1606,#1607,#1608,#1609,#1610,#1611,#1612,#1613,#1614,#1615,#1616,
#1617,#1618,#1619,#1620,#1621,#1622,#1623,#1624,#1625,#1626,#1627,#1628,
#1629));
#184=EDGE_LOOP('',(#1630,#1631,#1632,#1633));
#185=EDGE_LOOP('',(#1634,#1635,#1636,#1637));
#186=EDGE_LOOP('',(#1638,#1639,#1640,#1641,#1642,#1643,#1644));
#187=EDGE_LOOP('',(#1645,#1646,#1647,#1648,#1649,#1650,#1651));
#188=EDGE_LOOP('',(#1652,#1653,#1654,#1655,#1656,#1657,#1658,#1659,#1660,
#1661,#1662,#1663));
#189=EDGE_LOOP('',(#1664,#1665,#1666,#1667));
#190=EDGE_LOOP('',(#1668,#1669,#1670,#1671));
#191=EDGE_LOOP('',(#1672,#1673,#1674,#1675));
#192=EDGE_LOOP('',(#1676,#1677,#1678,#1679));
#193=EDGE_LOOP('',(#1680,#1681,#1682,#1683,#1684,#1685,#1686,#1687,#1688,
#1689,#1690,#1691));
#194=EDGE_LOOP('',(#1692,#1693,#1694,#1695));
#195=EDGE_LOOP('',(#1696,#1697,#1698,#1699));
#196=EDGE_LOOP('',(#1700,#1701,#1702,#1703));
#197=EDGE_LOOP('',(#1704,#1705,#1706,#1707));
#198=EDGE_LOOP('',(#1708,#1709,#1710,#1711,#1712,#1713,#1714,#1715,#1716,
#1717,#1718,#1719,#1720,#1721,#1722,#1723,#1724,#1725,#1726,#1727,#1728,
#1729,#1730,#1731,#1732,#1733,#1734,#1735,#1736,#1737,#1738,#1739));
#199=EDGE_LOOP('',(#1740,#1741,#1742,#1743,#1744,#1745));
#200=EDGE_LOOP('',(#1746,#1747,#1748,#1749,#1750,#1751));
#201=EDGE_LOOP('',(#1752,#1753,#1754,#1755,#1756,#1757));
#202=EDGE_LOOP('',(#1758,#1759,#1760,#1761));
#203=EDGE_LOOP('',(#1762,#1763,#1764,#1765,#1766,#1767));
#204=EDGE_LOOP('',(#1768,#1769,#1770,#1771));
#205=EDGE_LOOP('',(#1772,#1773,#1774,#1775,#1776,#1777));
#206=EDGE_LOOP('',(#1778,#1779,#1780,#1781,#1782,#1783));
#207=EDGE_LOOP('',(#1784,#1785,#1786,#1787,#1788,#1789));
#208=EDGE_LOOP('',(#1790,#1791,#1792,#1793));
#209=EDGE_LOOP('',(#1794,#1795,#1796,#1797,#1798,#1799));
#210=EDGE_LOOP('',(#1800,#1801,#1802,#1803));
#211=EDGE_LOOP('',(#1804,#1805,#1806,#1807));
#212=EDGE_LOOP('',(#1808,#1809,#1810,#1811));
#213=EDGE_LOOP('',(#1812,#1813,#1814,#1815,#1816,#1817));
#214=EDGE_LOOP('',(#1818,#1819,#1820,#1821,#1822,#1823));
#215=EDGE_LOOP('',(#1824,#1825,#1826,#1827));
#216=EDGE_LOOP('',(#1828,#1829,#1830,#1831));
#217=EDGE_LOOP('',(#1832,#1833,#1834,#1835,#1836,#1837));
#218=EDGE_LOOP('',(#1838,#1839,#1840,#1841));
#219=EDGE_LOOP('',(#1842,#1843,#1844,#1845));
#220=EDGE_LOOP('',(#1846,#1847,#1848,#1849,#1850,#1851));
#221=EDGE_LOOP('',(#1852,#1853,#1854,#1855,#1856,#1857));
#222=EDGE_LOOP('',(#1858,#1859,#1860,#1861,#1862,#1863));
#223=EDGE_LOOP('',(#1864,#1865,#1866,#1867));
#224=EDGE_LOOP('',(#1868,#1869,#1870,#1871));
#225=EDGE_LOOP('',(#1872,#1873,#1874,#1875));
#226=EDGE_LOOP('',(#1876,#1877,#1878,#1879));
#227=EDGE_LOOP('',(#1880,#1881,#1882,#1883));
#228=EDGE_LOOP('',(#1884,#1885,#1886,#1887));
#229=EDGE_LOOP('',(#1888,#1889,#1890,#1891));
#230=EDGE_LOOP('',(#1892,#1893,#1894,#1895));
#231=EDGE_LOOP('',(#1896,#1897,#1898,#1899));
#232=EDGE_LOOP('',(#1900,#1901,#1902,#1903));
#233=EDGE_LOOP('',(#1904,#1905,#1906,#1907));
#234=EDGE_LOOP('',(#1908,#1909,#1910,#1911));
#235=EDGE_LOOP('',(#1912,#1913,#1914,#1915));
#236=EDGE_LOOP('',(#1916,#1917,#1918,#1919));
#237=EDGE_LOOP('',(#1920,#1921,#1922,#1923));
#238=EDGE_LOOP('',(#1924,#1925,#1926,#1927));
#239=EDGE_LOOP('',(#1928,#1929,#1930,#1931));
#240=EDGE_LOOP('',(#1932,#1933,#1934,#1935));
#241=EDGE_LOOP('',(#1936,#1937,#1938,#1939));
#242=EDGE_LOOP('',(#1940,#1941,#1942,#1943));
#243=EDGE_LOOP('',(#1944,#1945,#1946,#1947));
#244=EDGE_LOOP('',(#1948,#1949,#1950,#1951));
#245=EDGE_LOOP('',(#1952,#1953,#1954,#1955));
#246=EDGE_LOOP('',(#1956,#1957,#1958,#1959));
#247=EDGE_LOOP('',(#1960,#1961,#1962,#1963));
#248=EDGE_LOOP('',(#1964,#1965,#1966,#1967));
#249=EDGE_LOOP('',(#1968,#1969,#1970,#1971));
#250=LINE('',#2972,#554);
#251=LINE('',#2974,#555);
#252=LINE('',#2976,#556);
#253=LINE('',#2977,#557);
#254=LINE('',#2980,#558);
#255=LINE('',#2982,#559);
#256=LINE('',#2983,#560);
#257=LINE('',#2987,#561);
#258=LINE('',#2989,#562);
#259=LINE('',#2991,#563);
#260=LINE('',#2992,#564);
#261=LINE('',#2995,#565);
#262=LINE('',#2997,#566);
#263=LINE('',#2999,#567);
#264=LINE('',#3000,#568);
#265=LINE('',#3002,#569);
#266=LINE('',#3003,#570);
#267=LINE('',#3006,#571);
#268=LINE('',#3008,#572);
#269=LINE('',#3010,#573);
#270=LINE('',#3011,#574);
#271=LINE('',#3014,#575);
#272=LINE('',#3016,#576);
#273=LINE('',#3018,#577);
#274=LINE('',#3019,#578);
#275=LINE('',#3022,#579);
#276=LINE('',#3024,#580);
#277=LINE('',#3026,#581);
#278=LINE('',#3027,#582);
#279=LINE('',#3030,#583);
#280=LINE('',#3032,#584);
#281=LINE('',#3034,#585);
#282=LINE('',#3035,#586);
#283=LINE('',#3038,#587);
#284=LINE('',#3039,#588);
#285=LINE('',#3041,#589);
#286=LINE('',#3045,#590);
#287=LINE('',#3047,#591);
#288=LINE('',#3048,#592);
#289=LINE('',#3051,#593);
#290=LINE('',#3053,#594);
#291=LINE('',#3054,#595);
#292=LINE('',#3057,#596);
#293=LINE('',#3059,#597);
#294=LINE('',#3060,#598);
#295=LINE('',#3063,#599);
#296=LINE('',#3065,#600);
#297=LINE('',#3066,#601);
#298=LINE('',#3069,#602);
#299=LINE('',#3071,#603);
#300=LINE('',#3072,#604);
#301=LINE('',#3076,#605);
#302=LINE('',#3077,#606);
#303=LINE('',#3078,#607);
#304=LINE('',#3081,#608);
#305=LINE('',#3082,#609);
#306=LINE('',#3085,#610);
#307=LINE('',#3086,#611);
#308=LINE('',#3090,#612);
#309=LINE('',#3092,#613);
#310=LINE('',#3094,#614);
#311=LINE('',#3095,#615);
#312=LINE('',#3097,#616);
#313=LINE('',#3098,#617);
#314=LINE('',#3101,#618);
#315=LINE('',#3102,#619);
#316=LINE('',#3105,#620);
#317=LINE('',#3106,#621);
#318=LINE('',#3109,#622);
#319=LINE('',#3110,#623);
#320=LINE('',#3113,#624);
#321=LINE('',#3114,#625);
#322=LINE('',#3117,#626);
#323=LINE('',#3119,#627);
#324=LINE('',#3120,#628);
#325=LINE('',#3123,#629);
#326=LINE('',#3124,#630);
#327=LINE('',#3127,#631);
#328=LINE('',#3128,#632);
#329=LINE('',#3131,#633);
#330=LINE('',#3133,#634);
#331=LINE('',#3135,#635);
#332=LINE('',#3137,#636);
#333=LINE('',#3138,#637);
#334=LINE('',#3140,#638);
#335=LINE('',#3142,#639);
#336=LINE('',#3144,#640);
#337=LINE('',#3147,#641);
#338=LINE('',#3148,#642);
#339=LINE('',#3150,#643);
#340=LINE('',#3152,#644);
#341=LINE('',#3154,#645);
#342=LINE('',#3163,#646);
#343=LINE('',#3165,#647);
#344=LINE('',#3167,#648);
#345=LINE('',#3169,#649);
#346=LINE('',#3171,#650);
#347=LINE('',#3173,#651);
#348=LINE('',#3175,#652);
#349=LINE('',#3177,#653);
#350=LINE('',#3179,#654);
#351=LINE('',#3181,#655);
#352=LINE('',#3183,#656);
#353=LINE('',#3184,#657);
#354=LINE('',#3187,#658);
#355=LINE('',#3188,#659);
#356=LINE('',#3190,#660);
#357=LINE('',#3192,#661);
#358=LINE('',#3193,#662);
#359=LINE('',#3194,#663);
#360=LINE('',#3197,#664);
#361=LINE('',#3199,#665);
#362=LINE('',#3200,#666);
#363=LINE('',#3202,#667);
#364=LINE('',#3204,#668);
#365=LINE('',#3207,#669);
#366=LINE('',#3208,#670);
#367=LINE('',#3211,#671);
#368=LINE('',#3212,#672);
#369=LINE('',#3214,#673);
#370=LINE('',#3217,#674);
#371=LINE('',#3219,#675);
#372=LINE('',#3220,#676);
#373=LINE('',#3224,#677);
#374=LINE('',#3225,#678);
#375=LINE('',#3227,#679);
#376=LINE('',#3229,#680);
#377=LINE('',#3231,#681);
#378=LINE('',#3233,#682);
#379=LINE('',#3234,#683);
#380=LINE('',#3238,#684);
#381=LINE('',#3240,#685);
#382=LINE('',#3242,#686);
#383=LINE('',#3244,#687);
#384=LINE('',#3246,#688);
#385=LINE('',#3248,#689);
#386=LINE('',#3250,#690);
#387=LINE('',#3251,#691);
#388=LINE('',#3253,#692);
#389=LINE('',#3255,#693);
#390=LINE('',#3257,#694);
#391=LINE('',#3259,#695);
#392=LINE('',#3261,#696);
#393=LINE('',#3263,#697);
#394=LINE('',#3265,#698);
#395=LINE('',#3267,#699);
#396=LINE('',#3269,#700);
#397=LINE('',#3271,#701);
#398=LINE('',#3273,#702);
#399=LINE('',#3275,#703);
#400=LINE('',#3277,#704);
#401=LINE('',#3279,#705);
#402=LINE('',#3281,#706);
#403=LINE('',#3283,#707);
#404=LINE('',#3285,#708);
#405=LINE('',#3287,#709);
#406=LINE('',#3289,#710);
#407=LINE('',#3291,#711);
#408=LINE('',#3293,#712);
#409=LINE('',#3295,#713);
#410=LINE('',#3297,#714);
#411=LINE('',#3299,#715);
#412=LINE('',#3300,#716);
#413=LINE('',#3306,#717);
#414=LINE('',#3307,#718);
#415=LINE('',#3309,#719);
#416=LINE('',#3310,#720);
#417=LINE('',#3312,#721);
#418=LINE('',#3313,#722);
#419=LINE('',#3316,#723);
#420=LINE('',#3318,#724);
#421=LINE('',#3319,#725);
#422=LINE('',#3321,#726);
#423=LINE('',#3322,#727);
#424=LINE('',#3326,#728);
#425=LINE('',#3327,#729);
#426=LINE('',#3329,#730);
#427=LINE('',#3331,#731);
#428=LINE('',#3332,#732);
#429=LINE('',#3334,#733);
#430=LINE('',#3336,#734);
#431=LINE('',#3337,#735);
#432=LINE('',#3340,#736);
#433=LINE('',#3341,#737);
#434=LINE('',#3344,#738);
#435=LINE('',#3345,#739);
#436=LINE('',#3348,#740);
#437=LINE('',#3349,#741);
#438=LINE('',#3351,#742);
#439=LINE('',#3355,#743);
#440=LINE('',#3356,#744);
#441=LINE('',#3358,#745);
#442=LINE('',#3360,#746);
#443=LINE('',#3361,#747);
#444=LINE('',#3363,#748);
#445=LINE('',#3365,#749);
#446=LINE('',#3366,#750);
#447=LINE('',#3368,#751);
#448=LINE('',#3370,#752);
#449=LINE('',#3373,#753);
#450=LINE('',#3374,#754);
#451=LINE('',#3377,#755);
#452=LINE('',#3378,#756);
#453=LINE('',#3382,#757);
#454=LINE('',#3383,#758);
#455=LINE('',#3385,#759);
#456=LINE('',#3387,#760);
#457=LINE('',#3388,#761);
#458=LINE('',#3390,#762);
#459=LINE('',#3392,#763);
#460=LINE('',#3393,#764);
#461=LINE('',#3395,#765);
#462=LINE('',#3397,#766);
#463=LINE('',#3398,#767);
#464=LINE('',#3400,#768);
#465=LINE('',#3402,#769);
#466=LINE('',#3403,#770);
#467=LINE('',#3405,#771);
#468=LINE('',#3407,#772);
#469=LINE('',#3408,#773);
#470=LINE('',#3410,#774);
#471=LINE('',#3411,#775);
#472=LINE('',#3413,#776);
#473=LINE('',#3414,#777);
#474=LINE('',#3415,#778);
#475=LINE('',#3418,#779);
#476=LINE('',#3420,#780);
#477=LINE('',#3421,#781);
#478=LINE('',#3424,#782);
#479=LINE('',#3426,#783);
#480=LINE('',#3427,#784);
#481=LINE('',#3430,#785);
#482=LINE('',#3432,#786);
#483=LINE('',#3434,#787);
#484=LINE('',#3435,#788);
#485=LINE('',#3438,#789);
#486=LINE('',#3440,#790);
#487=LINE('',#3441,#791);
#488=LINE('',#3444,#792);
#489=LINE('',#3446,#793);
#490=LINE('',#3448,#794);
#491=LINE('',#3449,#795);
#492=LINE('',#3451,#796);
#493=LINE('',#3454,#797);
#494=LINE('',#3456,#798);
#495=LINE('',#3458,#799);
#496=LINE('',#3459,#800);
#497=LINE('',#3462,#801);
#498=LINE('',#3464,#802);
#499=LINE('',#3466,#803);
#500=LINE('',#3467,#804);
#501=LINE('',#3470,#805);
#502=LINE('',#3472,#806);
#503=LINE('',#3474,#807);
#504=LINE('',#3475,#808);
#505=LINE('',#3478,#809);
#506=LINE('',#3479,#810);
#507=LINE('',#3482,#811);
#508=LINE('',#3484,#812);
#509=LINE('',#3486,#813);
#510=LINE('',#3487,#814);
#511=LINE('',#3492,#815);
#512=LINE('',#3493,#816);
#513=LINE('',#3496,#817);
#514=LINE('',#3498,#818);
#515=LINE('',#3499,#819);
#516=LINE('',#3502,#820);
#517=LINE('',#3504,#821);
#518=LINE('',#3506,#822);
#519=LINE('',#3507,#823);
#520=LINE('',#3510,#824);
#521=LINE('',#3511,#825);
#522=LINE('',#3513,#826);
#523=LINE('',#3516,#827);
#524=LINE('',#3518,#828);
#525=LINE('',#3519,#829);
#526=LINE('',#3521,#830);
#527=LINE('',#3523,#831);
#528=LINE('',#3526,#832);
#529=LINE('',#3528,#833);
#530=LINE('',#3529,#834);
#531=LINE('',#3532,#835);
#532=LINE('',#3534,#836);
#533=LINE('',#3535,#837);
#534=LINE('',#3538,#838);
#535=LINE('',#3540,#839);
#536=LINE('',#3541,#840);
#537=LINE('',#3543,#841);
#538=LINE('',#3547,#842);
#539=LINE('',#3548,#843);
#540=LINE('',#3552,#844);
#541=LINE('',#3554,#845);
#542=LINE('',#3557,#846);
#543=LINE('',#3559,#847);
#544=LINE('',#3561,#848);
#545=LINE('',#3563,#849);
#546=LINE('',#3565,#850);
#547=LINE('',#3567,#851);
#548=LINE('',#3569,#852);
#549=LINE('',#3572,#853);
#550=LINE('',#3574,#854);
#551=LINE('',#3577,#855);
#552=LINE('',#3580,#856);
#553=LINE('',#3583,#857);
#554=VECTOR('',#2444,1000.);
#555=VECTOR('',#2445,1000.);
#556=VECTOR('',#2446,1000.);
#557=VECTOR('',#2447,1000.);
#558=VECTOR('',#2450,1000.);
#559=VECTOR('',#2451,1000.);
#560=VECTOR('',#2452,1000.);
#561=VECTOR('',#2455,1000.);
#562=VECTOR('',#2456,1000.);
#563=VECTOR('',#2457,1000.);
#564=VECTOR('',#2458,1000.);
#565=VECTOR('',#2459,1000.);
#566=VECTOR('',#2460,1000.);
#567=VECTOR('',#2461,1000.);
#568=VECTOR('',#2462,1000.);
#569=VECTOR('',#2463,1000.);
#570=VECTOR('',#2464,1000.);
#571=VECTOR('',#2465,1000.);
#572=VECTOR('',#2466,1000.);
#573=VECTOR('',#2467,1000.);
#574=VECTOR('',#2468,1000.);
#575=VECTOR('',#2469,1000.);
#576=VECTOR('',#2470,1000.);
#577=VECTOR('',#2471,1000.);
#578=VECTOR('',#2472,1000.);
#579=VECTOR('',#2473,1000.);
#580=VECTOR('',#2474,1000.);
#581=VECTOR('',#2475,1000.);
#582=VECTOR('',#2476,1000.);
#583=VECTOR('',#2477,1000.);
#584=VECTOR('',#2478,1000.);
#585=VECTOR('',#2479,1000.);
#586=VECTOR('',#2480,1000.);
#587=VECTOR('',#2483,1000.);
#588=VECTOR('',#2484,1000.);
#589=VECTOR('',#2487,1000.);
#590=VECTOR('',#2492,1000.);
#591=VECTOR('',#2493,1000.);
#592=VECTOR('',#2494,1000.);
#593=VECTOR('',#2497,1000.);
#594=VECTOR('',#2498,1000.);
#595=VECTOR('',#2499,1000.);
#596=VECTOR('',#2502,1000.);
#597=VECTOR('',#2503,1000.);
#598=VECTOR('',#2504,1000.);
#599=VECTOR('',#2507,1000.);
#600=VECTOR('',#2508,1000.);
#601=VECTOR('',#2509,1000.);
#602=VECTOR('',#2512,1000.);
#603=VECTOR('',#2513,1000.);
#604=VECTOR('',#2514,1000.);
#605=VECTOR('',#2517,1000.);
#606=VECTOR('',#2518,1000.);
#607=VECTOR('',#2519,1000.);
#608=VECTOR('',#2522,1000.);
#609=VECTOR('',#2523,1000.);
#610=VECTOR('',#2526,1000.);
#611=VECTOR('',#2527,1000.);
#612=VECTOR('',#2530,1000.);
#613=VECTOR('',#2531,1000.);
#614=VECTOR('',#2532,1000.);
#615=VECTOR('',#2533,1000.);
#616=VECTOR('',#2534,1000.);
#617=VECTOR('',#2535,1000.);
#618=VECTOR('',#2538,1000.);
#619=VECTOR('',#2539,1000.);
#620=VECTOR('',#2542,1000.);
#621=VECTOR('',#2543,1000.);
#622=VECTOR('',#2546,1000.);
#623=VECTOR('',#2547,1000.);
#624=VECTOR('',#2550,1000.);
#625=VECTOR('',#2551,1000.);
#626=VECTOR('',#2554,1000.);
#627=VECTOR('',#2555,1000.);
#628=VECTOR('',#2556,1000.);
#629=VECTOR('',#2559,1000.);
#630=VECTOR('',#2560,1000.);
#631=VECTOR('',#2563,1000.);
#632=VECTOR('',#2564,1000.);
#633=VECTOR('',#2567,1000.);
#634=VECTOR('',#2568,1000.);
#635=VECTOR('',#2569,1000.);
#636=VECTOR('',#2570,1000.);
#637=VECTOR('',#2571,1000.);
#638=VECTOR('',#2574,1000.);
#639=VECTOR('',#2577,1000.);
#640=VECTOR('',#2580,1000.);
#641=VECTOR('',#2583,1000.);
#642=VECTOR('',#2584,1000.);
#643=VECTOR('',#2587,1000.);
#644=VECTOR('',#2590,1000.);
#645=VECTOR('',#2593,1000.);
#646=VECTOR('',#2606,1000.);
#647=VECTOR('',#2607,1000.);
#648=VECTOR('',#2608,1000.);
#649=VECTOR('',#2609,1000.);
#650=VECTOR('',#2610,1000.);
#651=VECTOR('',#2611,1000.);
#652=VECTOR('',#2612,1000.);
#653=VECTOR('',#2613,1000.);
#654=VECTOR('',#2614,1000.);
#655=VECTOR('',#2615,1000.);
#656=VECTOR('',#2616,1000.);
#657=VECTOR('',#2617,1000.);
#658=VECTOR('',#2618,1000.);
#659=VECTOR('',#2619,1000.);
#660=VECTOR('',#2620,1000.);
#661=VECTOR('',#2621,1000.);
#662=VECTOR('',#2622,1000.);
#663=VECTOR('',#2623,1000.);
#664=VECTOR('',#2626,1000.);
#665=VECTOR('',#2627,1000.);
#666=VECTOR('',#2628,1000.);
#667=VECTOR('',#2631,1000.);
#668=VECTOR('',#2634,1000.);
#669=VECTOR('',#2637,1000.);
#670=VECTOR('',#2638,1000.);
#671=VECTOR('',#2641,1000.);
#672=VECTOR('',#2642,1000.);
#673=VECTOR('',#2645,1000.);
#674=VECTOR('',#2648,1000.);
#675=VECTOR('',#2649,1000.);
#676=VECTOR('',#2650,1000.);
#677=VECTOR('',#2653,1000.);
#678=VECTOR('',#2654,1000.);
#679=VECTOR('',#2655,1000.);
#680=VECTOR('',#2656,1000.);
#681=VECTOR('',#2657,1000.);
#682=VECTOR('',#2658,1000.);
#683=VECTOR('',#2659,1000.);
#684=VECTOR('',#2662,1000.);
#685=VECTOR('',#2663,1000.);
#686=VECTOR('',#2664,1000.);
#687=VECTOR('',#2665,1000.);
#688=VECTOR('',#2666,1000.);
#689=VECTOR('',#2667,1000.);
#690=VECTOR('',#2668,1000.);
#691=VECTOR('',#2669,1000.);
#692=VECTOR('',#2670,1000.);
#693=VECTOR('',#2671,1000.);
#694=VECTOR('',#2672,1000.);
#695=VECTOR('',#2673,1000.);
#696=VECTOR('',#2674,1000.);
#697=VECTOR('',#2675,1000.);
#698=VECTOR('',#2676,1000.);
#699=VECTOR('',#2677,1000.);
#700=VECTOR('',#2678,1000.);
#701=VECTOR('',#2679,1000.);
#702=VECTOR('',#2680,1000.);
#703=VECTOR('',#2681,1000.);
#704=VECTOR('',#2682,1000.);
#705=VECTOR('',#2683,1000.);
#706=VECTOR('',#2684,1000.);
#707=VECTOR('',#2685,1000.);
#708=VECTOR('',#2686,1000.);
#709=VECTOR('',#2687,1000.);
#710=VECTOR('',#2688,1000.);
#711=VECTOR('',#2689,1000.);
#712=VECTOR('',#2690,1000.);
#713=VECTOR('',#2691,1000.);
#714=VECTOR('',#2692,1000.);
#715=VECTOR('',#2693,1000.);
#716=VECTOR('',#2694,1000.);
#717=VECTOR('',#2701,1000.);
#718=VECTOR('',#2702,1000.);
#719=VECTOR('',#2703,1000.);
#720=VECTOR('',#2704,1000.);
#721=VECTOR('',#2705,1000.);
#722=VECTOR('',#2706,1000.);
#723=VECTOR('',#2709,1000.);
#724=VECTOR('',#2710,1000.);
#725=VECTOR('',#2711,1000.);
#726=VECTOR('',#2712,1000.);
#727=VECTOR('',#2713,1000.);
#728=VECTOR('',#2716,1000.);
#729=VECTOR('',#2717,1000.);
#730=VECTOR('',#2718,1000.);
#731=VECTOR('',#2719,1000.);
#732=VECTOR('',#2720,1000.);
#733=VECTOR('',#2721,1000.);
#734=VECTOR('',#2722,1000.);
#735=VECTOR('',#2723,1000.);
#736=VECTOR('',#2726,1000.);
#737=VECTOR('',#2727,1000.);
#738=VECTOR('',#2730,1000.);
#739=VECTOR('',#2731,1000.);
#740=VECTOR('',#2734,1000.);
#741=VECTOR('',#2735,1000.);
#742=VECTOR('',#2738,1000.);
#743=VECTOR('',#2741,1000.);
#744=VECTOR('',#2742,1000.);
#745=VECTOR('',#2743,1000.);
#746=VECTOR('',#2744,1000.);
#747=VECTOR('',#2745,1000.);
#748=VECTOR('',#2746,1000.);
#749=VECTOR('',#2747,1000.);
#750=VECTOR('',#2748,1000.);
#751=VECTOR('',#2751,1000.);
#752=VECTOR('',#2754,1000.);
#753=VECTOR('',#2757,1000.);
#754=VECTOR('',#2758,1000.);
#755=VECTOR('',#2761,1000.);
#756=VECTOR('',#2762,1000.);
#757=VECTOR('',#2765,1000.);
#758=VECTOR('',#2766,1000.);
#759=VECTOR('',#2767,1000.);
#760=VECTOR('',#2768,1000.);
#761=VECTOR('',#2769,1000.);
#762=VECTOR('',#2770,1000.);
#763=VECTOR('',#2771,1000.);
#764=VECTOR('',#2772,1000.);
#765=VECTOR('',#2773,1000.);
#766=VECTOR('',#2774,1000.);
#767=VECTOR('',#2775,1000.);
#768=VECTOR('',#2776,1000.);
#769=VECTOR('',#2777,1000.);
#770=VECTOR('',#2778,1000.);
#771=VECTOR('',#2779,1000.);
#772=VECTOR('',#2780,1000.);
#773=VECTOR('',#2781,1000.);
#774=VECTOR('',#2782,1000.);
#775=VECTOR('',#2783,1000.);
#776=VECTOR('',#2784,1000.);
#777=VECTOR('',#2785,1000.);
#778=VECTOR('',#2786,1000.);
#779=VECTOR('',#2789,1000.);
#780=VECTOR('',#2790,1000.);
#781=VECTOR('',#2791,1000.);
#782=VECTOR('',#2794,1000.);
#783=VECTOR('',#2795,1000.);
#784=VECTOR('',#2796,1000.);
#785=VECTOR('',#2799,1000.);
#786=VECTOR('',#2800,1000.);
#787=VECTOR('',#2801,1000.);
#788=VECTOR('',#2802,1000.);
#789=VECTOR('',#2805,1000.);
#790=VECTOR('',#2806,1000.);
#791=VECTOR('',#2807,1000.);
#792=VECTOR('',#2810,1000.);
#793=VECTOR('',#2811,1000.);
#794=VECTOR('',#2812,1000.);
#795=VECTOR('',#2813,1000.);
#796=VECTOR('',#2816,1000.);
#797=VECTOR('',#2819,1000.);
#798=VECTOR('',#2820,1000.);
#799=VECTOR('',#2821,1000.);
#800=VECTOR('',#2822,1000.);
#801=VECTOR('',#2825,1000.);
#802=VECTOR('',#2826,1000.);
#803=VECTOR('',#2827,1000.);
#804=VECTOR('',#2828,1000.);
#805=VECTOR('',#2831,1000.);
#806=VECTOR('',#2832,1000.);
#807=VECTOR('',#2833,1000.);
#808=VECTOR('',#2834,1000.);
#809=VECTOR('',#2837,1000.);
#810=VECTOR('',#2838,1000.);
#811=VECTOR('',#2841,1000.);
#812=VECTOR('',#2842,1000.);
#813=VECTOR('',#2843,1000.);
#814=VECTOR('',#2844,1000.);
#815=VECTOR('',#2851,1000.);
#816=VECTOR('',#2852,1000.);
#817=VECTOR('',#2855,1000.);
#818=VECTOR('',#2856,1000.);
#819=VECTOR('',#2857,1000.);
#820=VECTOR('',#2860,1000.);
#821=VECTOR('',#2861,1000.);
#822=VECTOR('',#2862,1000.);
#823=VECTOR('',#2863,1000.);
#824=VECTOR('',#2866,1000.);
#825=VECTOR('',#2867,1000.);
#826=VECTOR('',#2870,1000.);
#827=VECTOR('',#2873,1000.);
#828=VECTOR('',#2874,1000.);
#829=VECTOR('',#2875,1000.);
#830=VECTOR('',#2878,1000.);
#831=VECTOR('',#2881,1000.);
#832=VECTOR('',#2884,1000.);
#833=VECTOR('',#2885,1000.);
#834=VECTOR('',#2886,1000.);
#835=VECTOR('',#2889,1000.);
#836=VECTOR('',#2890,1000.);
#837=VECTOR('',#2891,1000.);
#838=VECTOR('',#2894,1000.);
#839=VECTOR('',#2895,1000.);
#840=VECTOR('',#2896,1000.);
#841=VECTOR('',#2899,1000.);
#842=VECTOR('',#2906,1000.);
#843=VECTOR('',#2907,1000.);
#844=VECTOR('',#2914,1000.);
#845=VECTOR('',#2917,1000.);
#846=VECTOR('',#2922,1000.);
#847=VECTOR('',#2925,1000.);
#848=VECTOR('',#2928,1000.);
#849=VECTOR('',#2931,1000.);
#850=VECTOR('',#2934,1000.);
#851=VECTOR('',#2937,1000.);
#852=VECTOR('',#2940,1000.);
#853=VECTOR('',#2945,1000.);
#854=VECTOR('',#2948,1000.);
#855=VECTOR('',#2953,1000.);
#856=VECTOR('',#2958,1000.);
#857=VECTOR('',#2963,1000.);
#858=VERTEX_POINT('',#2970);
#859=VERTEX_POINT('',#2971);
#860=VERTEX_POINT('',#2973);
#861=VERTEX_POINT('',#2975);
#862=VERTEX_POINT('',#2979);
#863=VERTEX_POINT('',#2981);
#864=VERTEX_POINT('',#2985);
#865=VERTEX_POINT('',#2986);
#866=VERTEX_POINT('',#2988);
#867=VERTEX_POINT('',#2990);
#868=VERTEX_POINT('',#2993);
#869=VERTEX_POINT('',#2994);
#870=VERTEX_POINT('',#2996);
#871=VERTEX_POINT('',#2998);
#872=VERTEX_POINT('',#3001);
#873=VERTEX_POINT('',#3004);
#874=VERTEX_POINT('',#3005);
#875=VERTEX_POINT('',#3007);
#876=VERTEX_POINT('',#3009);
#877=VERTEX_POINT('',#3012);
#878=VERTEX_POINT('',#3013);
#879=VERTEX_POINT('',#3015);
#880=VERTEX_POINT('',#3017);
#881=VERTEX_POINT('',#3020);
#882=VERTEX_POINT('',#3021);
#883=VERTEX_POINT('',#3023);
#884=VERTEX_POINT('',#3025);
#885=VERTEX_POINT('',#3028);
#886=VERTEX_POINT('',#3029);
#887=VERTEX_POINT('',#3031);
#888=VERTEX_POINT('',#3033);
#889=VERTEX_POINT('',#3037);
#890=VERTEX_POINT('',#3044);
#891=VERTEX_POINT('',#3046);
#892=VERTEX_POINT('',#3050);
#893=VERTEX_POINT('',#3052);
#894=VERTEX_POINT('',#3056);
#895=VERTEX_POINT('',#3058);
#896=VERTEX_POINT('',#3062);
#897=VERTEX_POINT('',#3064);
#898=VERTEX_POINT('',#3068);
#899=VERTEX_POINT('',#3070);
#900=VERTEX_POINT('',#3074);
#901=VERTEX_POINT('',#3075);
#902=VERTEX_POINT('',#3080);
#903=VERTEX_POINT('',#3084);
#904=VERTEX_POINT('',#3088);
#905=VERTEX_POINT('',#3089);
#906=VERTEX_POINT('',#3091);
#907=VERTEX_POINT('',#3093);
#908=VERTEX_POINT('',#3096);
#909=VERTEX_POINT('',#3100);
#910=VERTEX_POINT('',#3104);
#911=VERTEX_POINT('',#3108);
#912=VERTEX_POINT('',#3112);
#913=VERTEX_POINT('',#3116);
#914=VERTEX_POINT('',#3118);
#915=VERTEX_POINT('',#3122);
#916=VERTEX_POINT('',#3126);
#917=VERTEX_POINT('',#3130);
#918=VERTEX_POINT('',#3132);
#919=VERTEX_POINT('',#3134);
#920=VERTEX_POINT('',#3136);
#921=VERTEX_POINT('',#3146);
#922=VERTEX_POINT('',#3161);
#923=VERTEX_POINT('',#3162);
#924=VERTEX_POINT('',#3164);
#925=VERTEX_POINT('',#3166);
#926=VERTEX_POINT('',#3168);
#927=VERTEX_POINT('',#3170);
#928=VERTEX_POINT('',#3172);
#929=VERTEX_POINT('',#3174);
#930=VERTEX_POINT('',#3176);
#931=VERTEX_POINT('',#3178);
#932=VERTEX_POINT('',#3180);
#933=VERTEX_POINT('',#3182);
#934=VERTEX_POINT('',#3185);
#935=VERTEX_POINT('',#3186);
#936=VERTEX_POINT('',#3189);
#937=VERTEX_POINT('',#3191);
#938=VERTEX_POINT('',#3196);
#939=VERTEX_POINT('',#3198);
#940=VERTEX_POINT('',#3206);
#941=VERTEX_POINT('',#3210);
#942=VERTEX_POINT('',#3216);
#943=VERTEX_POINT('',#3218);
#944=VERTEX_POINT('',#3222);
#945=VERTEX_POINT('',#3223);
#946=VERTEX_POINT('',#3226);
#947=VERTEX_POINT('',#3228);
#948=VERTEX_POINT('',#3230);
#949=VERTEX_POINT('',#3232);
#950=VERTEX_POINT('',#3236);
#951=VERTEX_POINT('',#3237);
#952=VERTEX_POINT('',#3239);
#953=VERTEX_POINT('',#3241);
#954=VERTEX_POINT('',#3243);
#955=VERTEX_POINT('',#3245);
#956=VERTEX_POINT('',#3247);
#957=VERTEX_POINT('',#3249);
#958=VERTEX_POINT('',#3252);
#959=VERTEX_POINT('',#3254);
#960=VERTEX_POINT('',#3256);
#961=VERTEX_POINT('',#3258);
#962=VERTEX_POINT('',#3260);
#963=VERTEX_POINT('',#3262);
#964=VERTEX_POINT('',#3264);
#965=VERTEX_POINT('',#3266);
#966=VERTEX_POINT('',#3268);
#967=VERTEX_POINT('',#3270);
#968=VERTEX_POINT('',#3272);
#969=VERTEX_POINT('',#3274);
#970=VERTEX_POINT('',#3276);
#971=VERTEX_POINT('',#3278);
#972=VERTEX_POINT('',#3280);
#973=VERTEX_POINT('',#3282);
#974=VERTEX_POINT('',#3284);
#975=VERTEX_POINT('',#3286);
#976=VERTEX_POINT('',#3288);
#977=VERTEX_POINT('',#3290);
#978=VERTEX_POINT('',#3292);
#979=VERTEX_POINT('',#3294);
#980=VERTEX_POINT('',#3296);
#981=VERTEX_POINT('',#3298);
#982=VERTEX_POINT('',#3304);
#983=VERTEX_POINT('',#3305);
#984=VERTEX_POINT('',#3308);
#985=VERTEX_POINT('',#3311);
#986=VERTEX_POINT('',#3315);
#987=VERTEX_POINT('',#3317);
#988=VERTEX_POINT('',#3320);
#989=VERTEX_POINT('',#3324);
#990=VERTEX_POINT('',#3325);
#991=VERTEX_POINT('',#3328);
#992=VERTEX_POINT('',#3330);
#993=VERTEX_POINT('',#3333);
#994=VERTEX_POINT('',#3335);
#995=VERTEX_POINT('',#3339);
#996=VERTEX_POINT('',#3343);
#997=VERTEX_POINT('',#3347);
#998=VERTEX_POINT('',#3353);
#999=VERTEX_POINT('',#3354);
#1000=VERTEX_POINT('',#3357);
#1001=VERTEX_POINT('',#3359);
#1002=VERTEX_POINT('',#3362);
#1003=VERTEX_POINT('',#3364);
#1004=VERTEX_POINT('',#3372);
#1005=VERTEX_POINT('',#3376);
#1006=VERTEX_POINT('',#3380);
#1007=VERTEX_POINT('',#3381);
#1008=VERTEX_POINT('',#3384);
#1009=VERTEX_POINT('',#3386);
#1010=VERTEX_POINT('',#3389);
#1011=VERTEX_POINT('',#3391);
#1012=VERTEX_POINT('',#3394);
#1013=VERTEX_POINT('',#3396);
#1014=VERTEX_POINT('',#3399);
#1015=VERTEX_POINT('',#3401);
#1016=VERTEX_POINT('',#3404);
#1017=VERTEX_POINT('',#3406);
#1018=VERTEX_POINT('',#3409);
#1019=VERTEX_POINT('',#3412);
#1020=VERTEX_POINT('',#3417);
#1021=VERTEX_POINT('',#3419);
#1022=VERTEX_POINT('',#3423);
#1023=VERTEX_POINT('',#3425);
#1024=VERTEX_POINT('',#3429);
#1025=VERTEX_POINT('',#3431);
#1026=VERTEX_POINT('',#3433);
#1027=VERTEX_POINT('',#3437);
#1028=VERTEX_POINT('',#3439);
#1029=VERTEX_POINT('',#3443);
#1030=VERTEX_POINT('',#3445);
#1031=VERTEX_POINT('',#3447);
#1032=VERTEX_POINT('',#3453);
#1033=VERTEX_POINT('',#3455);
#1034=VERTEX_POINT('',#3457);
#1035=VERTEX_POINT('',#3461);
#1036=VERTEX_POINT('',#3463);
#1037=VERTEX_POINT('',#3465);
#1038=VERTEX_POINT('',#3469);
#1039=VERTEX_POINT('',#3471);
#1040=VERTEX_POINT('',#3473);
#1041=VERTEX_POINT('',#3477);
#1042=VERTEX_POINT('',#3481);
#1043=VERTEX_POINT('',#3483);
#1044=VERTEX_POINT('',#3485);
#1045=VERTEX_POINT('',#3491);
#1046=VERTEX_POINT('',#3495);
#1047=VERTEX_POINT('',#3497);
#1048=VERTEX_POINT('',#3501);
#1049=VERTEX_POINT('',#3503);
#1050=VERTEX_POINT('',#3505);
#1051=VERTEX_POINT('',#3509);
#1052=VERTEX_POINT('',#3515);
#1053=VERTEX_POINT('',#3517);
#1054=VERTEX_POINT('',#3525);
#1055=VERTEX_POINT('',#3527);
#1056=VERTEX_POINT('',#3531);
#1057=VERTEX_POINT('',#3533);
#1058=VERTEX_POINT('',#3537);
#1059=VERTEX_POINT('',#3539);
#1060=EDGE_CURVE('',#858,#859,#250,.T.);
#1061=EDGE_CURVE('',#860,#858,#251,.T.);
#1062=EDGE_CURVE('',#860,#861,#252,.T.);
#1063=EDGE_CURVE('',#861,#859,#253,.T.);
#1064=EDGE_CURVE('',#859,#862,#254,.T.);
#1065=EDGE_CURVE('',#863,#861,#255,.T.);
#1066=EDGE_CURVE('',#862,#863,#256,.T.);
#1067=EDGE_CURVE('',#864,#865,#257,.T.);
#1068=EDGE_CURVE('',#865,#866,#258,.T.);
#1069=EDGE_CURVE('',#866,#867,#259,.T.);
#1070=EDGE_CURVE('',#867,#864,#260,.T.);
#1071=EDGE_CURVE('',#868,#869,#261,.T.);
#1072=EDGE_CURVE('',#868,#870,#262,.T.);
#1073=EDGE_CURVE('',#870,#871,#263,.T.);
#1074=EDGE_CURVE('',#869,#871,#264,.T.);
#1075=EDGE_CURVE('',#858,#872,#265,.T.);
#1076=EDGE_CURVE('',#872,#862,#266,.T.);
#1077=EDGE_CURVE('',#873,#874,#267,.T.);
#1078=EDGE_CURVE('',#873,#875,#268,.T.);
#1079=EDGE_CURVE('',#875,#876,#269,.T.);
#1080=EDGE_CURVE('',#874,#876,#270,.T.);
#1081=EDGE_CURVE('',#877,#878,#271,.T.);
#1082=EDGE_CURVE('',#877,#879,#272,.T.);
#1083=EDGE_CURVE('',#879,#880,#273,.T.);
#1084=EDGE_CURVE('',#878,#880,#274,.T.);
#1085=EDGE_CURVE('',#881,#882,#275,.T.);
#1086=EDGE_CURVE('',#881,#883,#276,.T.);
#1087=EDGE_CURVE('',#883,#884,#277,.T.);
#1088=EDGE_CURVE('',#882,#884,#278,.T.);
#1089=EDGE_CURVE('',#885,#886,#279,.T.);
#1090=EDGE_CURVE('',#885,#887,#280,.T.);
#1091=EDGE_CURVE('',#887,#888,#281,.T.);
#1092=EDGE_CURVE('',#886,#888,#282,.T.);
#1093=EDGE_CURVE('',#872,#889,#283,.T.);
#1094=EDGE_CURVE('',#889,#860,#284,.T.);
#1095=EDGE_CURVE('',#889,#863,#285,.T.);
#1096=EDGE_CURVE('',#890,#881,#286,.T.);
#1097=EDGE_CURVE('',#882,#891,#287,.T.);
#1098=EDGE_CURVE('',#891,#890,#288,.T.);
#1099=EDGE_CURVE('',#892,#873,#289,.T.);
#1100=EDGE_CURVE('',#874,#893,#290,.T.);
#1101=EDGE_CURVE('',#893,#892,#291,.T.);
#1102=EDGE_CURVE('',#894,#879,#292,.T.);
#1103=EDGE_CURVE('',#895,#894,#293,.T.);
#1104=EDGE_CURVE('',#880,#895,#294,.T.);
#1105=EDGE_CURVE('',#896,#885,#295,.T.);
#1106=EDGE_CURVE('',#886,#897,#296,.T.);
#1107=EDGE_CURVE('',#897,#896,#297,.T.);
#1108=EDGE_CURVE('',#871,#898,#298,.T.);
#1109=EDGE_CURVE('',#899,#898,#299,.T.);
#1110=EDGE_CURVE('',#869,#899,#300,.T.);
#1111=EDGE_CURVE('',#900,#901,#301,.T.);
#1112=EDGE_CURVE('',#864,#901,#302,.T.);
#1113=EDGE_CURVE('',#867,#900,#303,.T.);
#1114=EDGE_CURVE('',#890,#902,#304,.T.);
#1115=EDGE_CURVE('',#902,#883,#305,.T.);
#1116=EDGE_CURVE('',#903,#902,#306,.T.);
#1117=EDGE_CURVE('',#884,#903,#307,.T.);
#1118=EDGE_CURVE('',#904,#905,#308,.T.);
#1119=EDGE_CURVE('',#904,#906,#309,.T.);
#1120=EDGE_CURVE('',#906,#907,#310,.T.);
#1121=EDGE_CURVE('',#865,#907,#311,.T.);
#1122=EDGE_CURVE('',#901,#908,#312,.T.);
#1123=EDGE_CURVE('',#905,#908,#313,.T.);
#1124=EDGE_CURVE('',#896,#909,#314,.T.);
#1125=EDGE_CURVE('',#909,#887,#315,.T.);
#1126=EDGE_CURVE('',#910,#909,#316,.T.);
#1127=EDGE_CURVE('',#888,#910,#317,.T.);
#1128=EDGE_CURVE('',#911,#877,#318,.T.);
#1129=EDGE_CURVE('',#911,#894,#319,.T.);
#1130=EDGE_CURVE('',#912,#895,#320,.T.);
#1131=EDGE_CURVE('',#878,#912,#321,.T.);
#1132=EDGE_CURVE('',#913,#875,#322,.T.);
#1133=EDGE_CURVE('',#914,#913,#323,.T.);
#1134=EDGE_CURVE('',#876,#914,#324,.T.);
#1135=EDGE_CURVE('',#915,#868,#325,.T.);
#1136=EDGE_CURVE('',#899,#915,#326,.T.);
#1137=EDGE_CURVE('',#907,#916,#327,.T.);
#1138=EDGE_CURVE('',#866,#916,#328,.T.);
#1139=EDGE_CURVE('',#916,#917,#329,.T.);
#1140=EDGE_CURVE('',#918,#917,#330,.T.);
#1141=EDGE_CURVE('',#919,#918,#331,.T.);
#1142=EDGE_CURVE('',#919,#920,#332,.T.);
#1143=EDGE_CURVE('',#920,#900,#333,.T.);
#1144=EDGE_CURVE('',#912,#911,#334,.T.);
#1145=EDGE_CURVE('',#893,#914,#335,.T.);
#1146=EDGE_CURVE('',#892,#913,#336,.T.);
#1147=EDGE_CURVE('',#915,#921,#337,.T.);
#1148=EDGE_CURVE('',#921,#870,#338,.T.);
#1149=EDGE_CURVE('',#898,#921,#339,.T.);
#1150=EDGE_CURVE('',#891,#903,#340,.T.);
#1151=EDGE_CURVE('',#897,#910,#341,.T.);
#1152=EDGE_CURVE('',#922,#923,#342,.T.);
#1153=EDGE_CURVE('',#922,#924,#343,.T.);
#1154=EDGE_CURVE('',#924,#925,#344,.T.);
#1155=EDGE_CURVE('',#926,#925,#345,.T.);
#1156=EDGE_CURVE('',#926,#927,#346,.T.);
#1157=EDGE_CURVE('',#927,#928,#347,.T.);
#1158=EDGE_CURVE('',#929,#928,#348,.T.);
#1159=EDGE_CURVE('',#930,#929,#349,.T.);
#1160=EDGE_CURVE('',#930,#931,#350,.T.);
#1161=EDGE_CURVE('',#932,#931,#351,.T.);
#1162=EDGE_CURVE('',#933,#932,#352,.T.);
#1163=EDGE_CURVE('',#933,#923,#353,.T.);
#1164=EDGE_CURVE('',#934,#935,#354,.T.);
#1165=EDGE_CURVE('',#917,#934,#355,.T.);
#1166=EDGE_CURVE('',#936,#906,#356,.T.);
#1167=EDGE_CURVE('',#937,#936,#357,.T.);
#1168=EDGE_CURVE('',#908,#937,#358,.T.);
#1169=EDGE_CURVE('',#935,#920,#359,.T.);
#1170=EDGE_CURVE('',#905,#938,#360,.T.);
#1171=EDGE_CURVE('',#938,#939,#361,.T.);
#1172=EDGE_CURVE('',#939,#904,#362,.T.);
#1173=EDGE_CURVE('',#938,#937,#363,.T.);
#1174=EDGE_CURVE('',#939,#936,#364,.T.);
#1175=EDGE_CURVE('',#940,#919,#365,.T.);
#1176=EDGE_CURVE('',#940,#935,#366,.T.);
#1177=EDGE_CURVE('',#918,#941,#367,.T.);
#1178=EDGE_CURVE('',#941,#940,#368,.T.);
#1179=EDGE_CURVE('',#941,#934,#369,.T.);
#1180=EDGE_CURVE('',#942,#930,#370,.T.);
#1181=EDGE_CURVE('',#942,#943,#371,.T.);
#1182=EDGE_CURVE('',#943,#931,#372,.T.);
#1183=EDGE_CURVE('',#944,#945,#373,.T.);
#1184=EDGE_CURVE('',#945,#933,#374,.T.);
#1185=EDGE_CURVE('',#932,#946,#375,.T.);
#1186=EDGE_CURVE('',#947,#946,#376,.T.);
#1187=EDGE_CURVE('',#948,#947,#377,.T.);
#1188=EDGE_CURVE('',#948,#949,#378,.T.);
#1189=EDGE_CURVE('',#949,#944,#379,.T.);
#1190=EDGE_CURVE('',#950,#951,#380,.T.);
#1191=EDGE_CURVE('',#950,#952,#381,.T.);
#1192=EDGE_CURVE('',#952,#953,#382,.T.);
#1193=EDGE_CURVE('',#954,#953,#383,.T.);
#1194=EDGE_CURVE('',#955,#954,#384,.T.);
#1195=EDGE_CURVE('',#956,#955,#385,.T.);
#1196=EDGE_CURVE('',#957,#956,#386,.T.);
#1197=EDGE_CURVE('',#927,#957,#387,.T.);
#1198=EDGE_CURVE('',#926,#958,#388,.T.);
#1199=EDGE_CURVE('',#958,#959,#389,.T.);
#1200=EDGE_CURVE('',#959,#960,#390,.T.);
#1201=EDGE_CURVE('',#961,#960,#391,.T.);
#1202=EDGE_CURVE('',#962,#961,#392,.T.);
#1203=EDGE_CURVE('',#963,#962,#393,.T.);
#1204=EDGE_CURVE('',#963,#964,#394,.T.);
#1205=EDGE_CURVE('',#964,#965,#395,.T.);
#1206=EDGE_CURVE('',#966,#965,#396,.T.);
#1207=EDGE_CURVE('',#967,#966,#397,.T.);
#1208=EDGE_CURVE('',#967,#968,#398,.T.);
#1209=EDGE_CURVE('',#968,#969,#399,.T.);
#1210=EDGE_CURVE('',#970,#969,#400,.T.);
#1211=EDGE_CURVE('',#971,#970,#401,.T.);
#1212=EDGE_CURVE('',#971,#972,#402,.T.);
#1213=EDGE_CURVE('',#972,#973,#403,.T.);
#1214=EDGE_CURVE('',#974,#973,#404,.T.);
#1215=EDGE_CURVE('',#975,#974,#405,.T.);
#1216=EDGE_CURVE('',#975,#976,#406,.T.);
#1217=EDGE_CURVE('',#976,#977,#407,.T.);
#1218=EDGE_CURVE('',#978,#977,#408,.T.);
#1219=EDGE_CURVE('',#979,#978,#409,.T.);
#1220=EDGE_CURVE('',#979,#980,#410,.T.);
#1221=EDGE_CURVE('',#980,#981,#411,.T.);
#1222=EDGE_CURVE('',#951,#981,#412,.T.);
#1223=EDGE_CURVE('',#982,#983,#413,.T.);
#1224=EDGE_CURVE('',#959,#982,#414,.T.);
#1225=EDGE_CURVE('',#984,#959,#415,.T.);
#1226=EDGE_CURVE('',#924,#984,#416,.T.);
#1227=EDGE_CURVE('',#985,#922,#417,.T.);
#1228=EDGE_CURVE('',#983,#985,#418,.T.);
#1229=EDGE_CURVE('',#986,#942,#419,.T.);
#1230=EDGE_CURVE('',#929,#987,#420,.T.);
#1231=EDGE_CURVE('',#987,#956,#421,.T.);
#1232=EDGE_CURVE('',#988,#956,#422,.T.);
#1233=EDGE_CURVE('',#988,#986,#423,.T.);
#1234=EDGE_CURVE('',#989,#990,#424,.T.);
#1235=EDGE_CURVE('',#946,#989,#425,.T.);
#1236=EDGE_CURVE('',#991,#943,#426,.T.);
#1237=EDGE_CURVE('',#992,#991,#427,.T.);
#1238=EDGE_CURVE('',#955,#992,#428,.T.);
#1239=EDGE_CURVE('',#993,#954,#429,.T.);
#1240=EDGE_CURVE('',#994,#993,#430,.T.);
#1241=EDGE_CURVE('',#990,#994,#431,.T.);
#1242=EDGE_CURVE('',#925,#995,#432,.T.);
#1243=EDGE_CURVE('',#984,#995,#433,.T.);
#1244=EDGE_CURVE('',#996,#957,#434,.T.);
#1245=EDGE_CURVE('',#928,#996,#435,.T.);
#1246=EDGE_CURVE('',#997,#923,#436,.T.);
#1247=EDGE_CURVE('',#985,#997,#437,.T.);
#1248=EDGE_CURVE('',#995,#958,#438,.T.);
#1249=EDGE_CURVE('',#998,#999,#439,.T.);
#1250=EDGE_CURVE('',#999,#961,#440,.T.);
#1251=EDGE_CURVE('',#960,#1000,#441,.T.);
#1252=EDGE_CURVE('',#1000,#1001,#442,.T.);
#1253=EDGE_CURVE('',#1001,#997,#443,.T.);
#1254=EDGE_CURVE('',#945,#1002,#444,.T.);
#1255=EDGE_CURVE('',#1002,#1003,#445,.T.);
#1256=EDGE_CURVE('',#1003,#998,#446,.T.);
#1257=EDGE_CURVE('',#987,#996,#447,.T.);
#1258=EDGE_CURVE('',#986,#991,#448,.T.);
#1259=EDGE_CURVE('',#1004,#989,#449,.T.);
#1260=EDGE_CURVE('',#947,#1004,#450,.T.);
#1261=EDGE_CURVE('',#944,#1005,#451,.T.);
#1262=EDGE_CURVE('',#1005,#1002,#452,.T.);
#1263=EDGE_CURVE('',#1006,#1007,#453,.T.);
#1264=EDGE_CURVE('',#1006,#951,#454,.T.);
#1265=EDGE_CURVE('',#1008,#981,#455,.T.);
#1266=EDGE_CURVE('',#1009,#1008,#456,.T.);
#1267=EDGE_CURVE('',#1009,#978,#457,.T.);
#1268=EDGE_CURVE('',#1010,#977,#458,.T.);
#1269=EDGE_CURVE('',#1011,#1010,#459,.T.);
#1270=EDGE_CURVE('',#1011,#974,#460,.T.);
#1271=EDGE_CURVE('',#1012,#973,#461,.T.);
#1272=EDGE_CURVE('',#1013,#1012,#462,.T.);
#1273=EDGE_CURVE('',#1013,#970,#463,.T.);
#1274=EDGE_CURVE('',#1014,#969,#464,.T.);
#1275=EDGE_CURVE('',#1015,#1014,#465,.T.);
#1276=EDGE_CURVE('',#1015,#966,#466,.T.);
#1277=EDGE_CURVE('',#1016,#965,#467,.T.);
#1278=EDGE_CURVE('',#1017,#1016,#468,.T.);
#1279=EDGE_CURVE('',#1017,#962,#469,.T.);
#1280=EDGE_CURVE('',#1018,#999,#470,.T.);
#1281=EDGE_CURVE('',#1018,#949,#471,.T.);
#1282=EDGE_CURVE('',#1019,#948,#472,.T.);
#1283=EDGE_CURVE('',#1019,#993,#473,.T.);
#1284=EDGE_CURVE('',#1007,#953,#474,.T.);
#1285=EDGE_CURVE('',#1005,#1020,#475,.T.);
#1286=EDGE_CURVE('',#1021,#1018,#476,.T.);
#1287=EDGE_CURVE('',#1020,#1021,#477,.T.);
#1288=EDGE_CURVE('',#1004,#1022,#478,.T.);
#1289=EDGE_CURVE('',#1022,#1023,#479,.T.);
#1290=EDGE_CURVE('',#1023,#1019,#480,.T.);
#1291=EDGE_CURVE('',#1010,#1024,#481,.T.);
#1292=EDGE_CURVE('',#1025,#976,#482,.T.);
#1293=EDGE_CURVE('',#1026,#1025,#483,.T.);
#1294=EDGE_CURVE('',#1024,#1026,#484,.T.);
#1295=EDGE_CURVE('',#1027,#979,#485,.T.);
#1296=EDGE_CURVE('',#1027,#1028,#486,.T.);
#1297=EDGE_CURVE('',#1028,#980,#487,.T.);
#1298=EDGE_CURVE('',#1013,#1029,#488,.T.);
#1299=EDGE_CURVE('',#1029,#1030,#489,.T.);
#1300=EDGE_CURVE('',#1030,#1031,#490,.T.);
#1301=EDGE_CURVE('',#1031,#971,#491,.T.);
#1302=EDGE_CURVE('',#988,#992,#492,.T.);
#1303=EDGE_CURVE('',#1006,#1032,#493,.T.);
#1304=EDGE_CURVE('',#1032,#1033,#494,.T.);
#1305=EDGE_CURVE('',#1033,#1034,#495,.T.);
#1306=EDGE_CURVE('',#1034,#950,#496,.T.);
#1307=EDGE_CURVE('',#1014,#1035,#497,.T.);
#1308=EDGE_CURVE('',#1036,#968,#498,.T.);
#1309=EDGE_CURVE('',#1037,#1036,#499,.T.);
#1310=EDGE_CURVE('',#1035,#1037,#500,.T.);
#1311=EDGE_CURVE('',#1011,#1038,#501,.T.);
#1312=EDGE_CURVE('',#1038,#1039,#502,.T.);
#1313=EDGE_CURVE('',#1039,#1040,#503,.T.);
#1314=EDGE_CURVE('',#1040,#975,#504,.T.);
#1315=EDGE_CURVE('',#1031,#1041,#505,.T.);
#1316=EDGE_CURVE('',#1041,#972,#506,.T.);
#1317=EDGE_CURVE('',#1016,#1042,#507,.T.);
#1318=EDGE_CURVE('',#1043,#964,#508,.T.);
#1319=EDGE_CURVE('',#1044,#1043,#509,.T.);
#1320=EDGE_CURVE('',#1042,#1044,#510,.T.);
#1321=EDGE_CURVE('',#1045,#967,#511,.T.);
#1322=EDGE_CURVE('',#1045,#1036,#512,.T.);
#1323=EDGE_CURVE('',#1015,#1046,#513,.T.);
#1324=EDGE_CURVE('',#1046,#1047,#514,.T.);
#1325=EDGE_CURVE('',#1047,#1045,#515,.T.);
#1326=EDGE_CURVE('',#1007,#1048,#516,.T.);
#1327=EDGE_CURVE('',#1049,#952,#517,.T.);
#1328=EDGE_CURVE('',#1050,#1049,#518,.T.);
#1329=EDGE_CURVE('',#1048,#1050,#519,.T.);
#1330=EDGE_CURVE('',#1051,#963,#520,.T.);
#1331=EDGE_CURVE('',#1051,#1043,#521,.T.);
#1332=EDGE_CURVE('',#982,#1000,#522,.T.);
#1333=EDGE_CURVE('',#1009,#1052,#523,.T.);
#1334=EDGE_CURVE('',#1052,#1053,#524,.T.);
#1335=EDGE_CURVE('',#1053,#1027,#525,.T.);
#1336=EDGE_CURVE('',#1034,#1049,#526,.T.);
#1337=EDGE_CURVE('',#1040,#1025,#527,.T.);
#1338=EDGE_CURVE('',#1017,#1054,#528,.T.);
#1339=EDGE_CURVE('',#1054,#1055,#529,.T.);
#1340=EDGE_CURVE('',#1055,#1051,#530,.T.);
#1341=EDGE_CURVE('',#1008,#1056,#531,.T.);
#1342=EDGE_CURVE('',#1057,#1028,#532,.T.);
#1343=EDGE_CURVE('',#1056,#1057,#533,.T.);
#1344=EDGE_CURVE('',#1012,#1058,#534,.T.);
#1345=EDGE_CURVE('',#1059,#1041,#535,.T.);
#1346=EDGE_CURVE('',#1058,#1059,#536,.T.);
#1347=EDGE_CURVE('',#983,#1001,#537,.T.);
#1348=EDGE_CURVE('',#1023,#994,#538,.T.);
#1349=EDGE_CURVE('',#1022,#990,#539,.T.);
#1350=EDGE_CURVE('',#1020,#1003,#540,.T.);
#1351=EDGE_CURVE('',#1021,#998,#541,.T.);
#1352=EDGE_CURVE('',#1054,#1042,#542,.T.);
#1353=EDGE_CURVE('',#1032,#1048,#543,.T.);
#1354=EDGE_CURVE('',#1029,#1058,#544,.T.);
#1355=EDGE_CURVE('',#1038,#1024,#545,.T.);
#1356=EDGE_CURVE('',#1052,#1056,#546,.T.);
#1357=EDGE_CURVE('',#1046,#1035,#547,.T.);
#1358=EDGE_CURVE('',#1039,#1026,#548,.T.);
#1359=EDGE_CURVE('',#1053,#1057,#549,.T.);
#1360=EDGE_CURVE('',#1030,#1059,#550,.T.);
#1361=EDGE_CURVE('',#1033,#1050,#551,.T.);
#1362=EDGE_CURVE('',#1047,#1037,#552,.T.);
#1363=EDGE_CURVE('',#1055,#1044,#553,.T.);
#1364=ORIENTED_EDGE('',*,*,#1060,.F.);
#1365=ORIENTED_EDGE('',*,*,#1061,.F.);
#1366=ORIENTED_EDGE('',*,*,#1062,.T.);
#1367=ORIENTED_EDGE('',*,*,#1063,.T.);
#1368=ORIENTED_EDGE('',*,*,#1064,.F.);
#1369=ORIENTED_EDGE('',*,*,#1063,.F.);
#1370=ORIENTED_EDGE('',*,*,#1065,.F.);
#1371=ORIENTED_EDGE('',*,*,#1066,.F.);
#1372=ORIENTED_EDGE('',*,*,#1067,.T.);
#1373=ORIENTED_EDGE('',*,*,#1068,.T.);
#1374=ORIENTED_EDGE('',*,*,#1069,.T.);
#1375=ORIENTED_EDGE('',*,*,#1070,.T.);
#1376=ORIENTED_EDGE('',*,*,#1071,.F.);
#1377=ORIENTED_EDGE('',*,*,#1072,.T.);
#1378=ORIENTED_EDGE('',*,*,#1073,.T.);
#1379=ORIENTED_EDGE('',*,*,#1074,.F.);
#1380=ORIENTED_EDGE('',*,*,#1075,.F.);
#1381=ORIENTED_EDGE('',*,*,#1060,.T.);
#1382=ORIENTED_EDGE('',*,*,#1064,.T.);
#1383=ORIENTED_EDGE('',*,*,#1076,.F.);
#1384=ORIENTED_EDGE('',*,*,#1077,.F.);
#1385=ORIENTED_EDGE('',*,*,#1078,.T.);
#1386=ORIENTED_EDGE('',*,*,#1079,.T.);
#1387=ORIENTED_EDGE('',*,*,#1080,.F.);
#1388=ORIENTED_EDGE('',*,*,#1081,.F.);
#1389=ORIENTED_EDGE('',*,*,#1082,.T.);
#1390=ORIENTED_EDGE('',*,*,#1083,.T.);
#1391=ORIENTED_EDGE('',*,*,#1084,.F.);
#1392=ORIENTED_EDGE('',*,*,#1085,.F.);
#1393=ORIENTED_EDGE('',*,*,#1086,.T.);
#1394=ORIENTED_EDGE('',*,*,#1087,.T.);
#1395=ORIENTED_EDGE('',*,*,#1088,.F.);
#1396=ORIENTED_EDGE('',*,*,#1089,.F.);
#1397=ORIENTED_EDGE('',*,*,#1090,.T.);
#1398=ORIENTED_EDGE('',*,*,#1091,.T.);
#1399=ORIENTED_EDGE('',*,*,#1092,.F.);
#1400=ORIENTED_EDGE('',*,*,#1061,.T.);
#1401=ORIENTED_EDGE('',*,*,#1075,.T.);
#1402=ORIENTED_EDGE('',*,*,#1093,.T.);
#1403=ORIENTED_EDGE('',*,*,#1094,.T.);
#1404=ORIENTED_EDGE('',*,*,#1065,.T.);
#1405=ORIENTED_EDGE('',*,*,#1062,.F.);
#1406=ORIENTED_EDGE('',*,*,#1094,.F.);
#1407=ORIENTED_EDGE('',*,*,#1095,.T.);
#1408=ORIENTED_EDGE('',*,*,#1066,.T.);
#1409=ORIENTED_EDGE('',*,*,#1095,.F.);
#1410=ORIENTED_EDGE('',*,*,#1093,.F.);
#1411=ORIENTED_EDGE('',*,*,#1076,.T.);
#1412=ORIENTED_EDGE('',*,*,#1096,.T.);
#1413=ORIENTED_EDGE('',*,*,#1085,.T.);
#1414=ORIENTED_EDGE('',*,*,#1097,.T.);
#1415=ORIENTED_EDGE('',*,*,#1098,.T.);
#1416=ORIENTED_EDGE('',*,*,#1099,.T.);
#1417=ORIENTED_EDGE('',*,*,#1077,.T.);
#1418=ORIENTED_EDGE('',*,*,#1100,.T.);
#1419=ORIENTED_EDGE('',*,*,#1101,.T.);
#1420=ORIENTED_EDGE('',*,*,#1083,.F.);
#1421=ORIENTED_EDGE('',*,*,#1102,.F.);
#1422=ORIENTED_EDGE('',*,*,#1103,.F.);
#1423=ORIENTED_EDGE('',*,*,#1104,.F.);
#1424=ORIENTED_EDGE('',*,*,#1105,.T.);
#1425=ORIENTED_EDGE('',*,*,#1089,.T.);
#1426=ORIENTED_EDGE('',*,*,#1106,.T.);
#1427=ORIENTED_EDGE('',*,*,#1107,.T.);
#1428=ORIENTED_EDGE('',*,*,#1108,.T.);
#1429=ORIENTED_EDGE('',*,*,#1109,.F.);
#1430=ORIENTED_EDGE('',*,*,#1110,.F.);
#1431=ORIENTED_EDGE('',*,*,#1074,.T.);
#1432=ORIENTED_EDGE('',*,*,#1111,.T.);
#1433=ORIENTED_EDGE('',*,*,#1112,.F.);
#1434=ORIENTED_EDGE('',*,*,#1070,.F.);
#1435=ORIENTED_EDGE('',*,*,#1113,.T.);
#1436=ORIENTED_EDGE('',*,*,#1086,.F.);
#1437=ORIENTED_EDGE('',*,*,#1096,.F.);
#1438=ORIENTED_EDGE('',*,*,#1114,.T.);
#1439=ORIENTED_EDGE('',*,*,#1115,.T.);
#1440=ORIENTED_EDGE('',*,*,#1087,.F.);
#1441=ORIENTED_EDGE('',*,*,#1115,.F.);
#1442=ORIENTED_EDGE('',*,*,#1116,.F.);
#1443=ORIENTED_EDGE('',*,*,#1117,.F.);
#1444=ORIENTED_EDGE('',*,*,#1118,.F.);
#1445=ORIENTED_EDGE('',*,*,#1119,.T.);
#1446=ORIENTED_EDGE('',*,*,#1120,.T.);
#1447=ORIENTED_EDGE('',*,*,#1121,.F.);
#1448=ORIENTED_EDGE('',*,*,#1067,.F.);
#1449=ORIENTED_EDGE('',*,*,#1112,.T.);
#1450=ORIENTED_EDGE('',*,*,#1122,.T.);
#1451=ORIENTED_EDGE('',*,*,#1123,.F.);
#1452=ORIENTED_EDGE('',*,*,#1090,.F.);
#1453=ORIENTED_EDGE('',*,*,#1105,.F.);
#1454=ORIENTED_EDGE('',*,*,#1124,.T.);
#1455=ORIENTED_EDGE('',*,*,#1125,.T.);
#1456=ORIENTED_EDGE('',*,*,#1091,.F.);
#1457=ORIENTED_EDGE('',*,*,#1125,.F.);
#1458=ORIENTED_EDGE('',*,*,#1126,.F.);
#1459=ORIENTED_EDGE('',*,*,#1127,.F.);
#1460=ORIENTED_EDGE('',*,*,#1082,.F.);
#1461=ORIENTED_EDGE('',*,*,#1128,.F.);
#1462=ORIENTED_EDGE('',*,*,#1129,.T.);
#1463=ORIENTED_EDGE('',*,*,#1102,.T.);
#1464=ORIENTED_EDGE('',*,*,#1104,.T.);
#1465=ORIENTED_EDGE('',*,*,#1130,.F.);
#1466=ORIENTED_EDGE('',*,*,#1131,.F.);
#1467=ORIENTED_EDGE('',*,*,#1084,.T.);
#1468=ORIENTED_EDGE('',*,*,#1079,.F.);
#1469=ORIENTED_EDGE('',*,*,#1132,.F.);
#1470=ORIENTED_EDGE('',*,*,#1133,.F.);
#1471=ORIENTED_EDGE('',*,*,#1134,.F.);
#1472=ORIENTED_EDGE('',*,*,#1135,.T.);
#1473=ORIENTED_EDGE('',*,*,#1071,.T.);
#1474=ORIENTED_EDGE('',*,*,#1110,.T.);
#1475=ORIENTED_EDGE('',*,*,#1136,.T.);
#1476=ORIENTED_EDGE('',*,*,#1137,.T.);
#1477=ORIENTED_EDGE('',*,*,#1138,.F.);
#1478=ORIENTED_EDGE('',*,*,#1068,.F.);
#1479=ORIENTED_EDGE('',*,*,#1121,.T.);
#1480=ORIENTED_EDGE('',*,*,#1139,.T.);
#1481=ORIENTED_EDGE('',*,*,#1140,.F.);
#1482=ORIENTED_EDGE('',*,*,#1141,.F.);
#1483=ORIENTED_EDGE('',*,*,#1142,.T.);
#1484=ORIENTED_EDGE('',*,*,#1143,.T.);
#1485=ORIENTED_EDGE('',*,*,#1113,.F.);
#1486=ORIENTED_EDGE('',*,*,#1069,.F.);
#1487=ORIENTED_EDGE('',*,*,#1138,.T.);
#1488=ORIENTED_EDGE('',*,*,#1128,.T.);
#1489=ORIENTED_EDGE('',*,*,#1081,.T.);
#1490=ORIENTED_EDGE('',*,*,#1131,.T.);
#1491=ORIENTED_EDGE('',*,*,#1144,.T.);
#1492=ORIENTED_EDGE('',*,*,#1134,.T.);
#1493=ORIENTED_EDGE('',*,*,#1145,.F.);
#1494=ORIENTED_EDGE('',*,*,#1100,.F.);
#1495=ORIENTED_EDGE('',*,*,#1080,.T.);
#1496=ORIENTED_EDGE('',*,*,#1078,.F.);
#1497=ORIENTED_EDGE('',*,*,#1099,.F.);
#1498=ORIENTED_EDGE('',*,*,#1146,.T.);
#1499=ORIENTED_EDGE('',*,*,#1132,.T.);
#1500=ORIENTED_EDGE('',*,*,#1072,.F.);
#1501=ORIENTED_EDGE('',*,*,#1135,.F.);
#1502=ORIENTED_EDGE('',*,*,#1147,.T.);
#1503=ORIENTED_EDGE('',*,*,#1148,.T.);
#1504=ORIENTED_EDGE('',*,*,#1073,.F.);
#1505=ORIENTED_EDGE('',*,*,#1148,.F.);
#1506=ORIENTED_EDGE('',*,*,#1149,.F.);
#1507=ORIENTED_EDGE('',*,*,#1108,.F.);
#1508=ORIENTED_EDGE('',*,*,#1117,.T.);
#1509=ORIENTED_EDGE('',*,*,#1150,.F.);
#1510=ORIENTED_EDGE('',*,*,#1097,.F.);
#1511=ORIENTED_EDGE('',*,*,#1088,.T.);
#1512=ORIENTED_EDGE('',*,*,#1127,.T.);
#1513=ORIENTED_EDGE('',*,*,#1151,.F.);
#1514=ORIENTED_EDGE('',*,*,#1106,.F.);
#1515=ORIENTED_EDGE('',*,*,#1092,.T.);
#1516=ORIENTED_EDGE('',*,*,#1116,.T.);
#1517=ORIENTED_EDGE('',*,*,#1114,.F.);
#1518=ORIENTED_EDGE('',*,*,#1098,.F.);
#1519=ORIENTED_EDGE('',*,*,#1150,.T.);
#1520=ORIENTED_EDGE('',*,*,#1133,.T.);
#1521=ORIENTED_EDGE('',*,*,#1146,.F.);
#1522=ORIENTED_EDGE('',*,*,#1101,.F.);
#1523=ORIENTED_EDGE('',*,*,#1145,.T.);
#1524=ORIENTED_EDGE('',*,*,#1103,.T.);
#1525=ORIENTED_EDGE('',*,*,#1129,.F.);
#1526=ORIENTED_EDGE('',*,*,#1144,.F.);
#1527=ORIENTED_EDGE('',*,*,#1130,.T.);
#1528=ORIENTED_EDGE('',*,*,#1126,.T.);
#1529=ORIENTED_EDGE('',*,*,#1124,.F.);
#1530=ORIENTED_EDGE('',*,*,#1107,.F.);
#1531=ORIENTED_EDGE('',*,*,#1151,.T.);
#1532=ORIENTED_EDGE('',*,*,#1149,.T.);
#1533=ORIENTED_EDGE('',*,*,#1147,.F.);
#1534=ORIENTED_EDGE('',*,*,#1136,.F.);
#1535=ORIENTED_EDGE('',*,*,#1109,.T.);
#1536=ORIENTED_EDGE('',*,*,#1152,.F.);
#1537=ORIENTED_EDGE('',*,*,#1153,.T.);
#1538=ORIENTED_EDGE('',*,*,#1154,.T.);
#1539=ORIENTED_EDGE('',*,*,#1155,.F.);
#1540=ORIENTED_EDGE('',*,*,#1156,.T.);
#1541=ORIENTED_EDGE('',*,*,#1157,.T.);
#1542=ORIENTED_EDGE('',*,*,#1158,.F.);
#1543=ORIENTED_EDGE('',*,*,#1159,.F.);
#1544=ORIENTED_EDGE('',*,*,#1160,.T.);
#1545=ORIENTED_EDGE('',*,*,#1161,.F.);
#1546=ORIENTED_EDGE('',*,*,#1162,.F.);
#1547=ORIENTED_EDGE('',*,*,#1163,.T.);
#1548=ORIENTED_EDGE('',*,*,#1164,.F.);
#1549=ORIENTED_EDGE('',*,*,#1165,.F.);
#1550=ORIENTED_EDGE('',*,*,#1139,.F.);
#1551=ORIENTED_EDGE('',*,*,#1137,.F.);
#1552=ORIENTED_EDGE('',*,*,#1120,.F.);
#1553=ORIENTED_EDGE('',*,*,#1166,.F.);
#1554=ORIENTED_EDGE('',*,*,#1167,.F.);
#1555=ORIENTED_EDGE('',*,*,#1168,.F.);
#1556=ORIENTED_EDGE('',*,*,#1122,.F.);
#1557=ORIENTED_EDGE('',*,*,#1111,.F.);
#1558=ORIENTED_EDGE('',*,*,#1143,.F.);
#1559=ORIENTED_EDGE('',*,*,#1169,.F.);
#1560=ORIENTED_EDGE('',*,*,#1118,.T.);
#1561=ORIENTED_EDGE('',*,*,#1170,.T.);
#1562=ORIENTED_EDGE('',*,*,#1171,.T.);
#1563=ORIENTED_EDGE('',*,*,#1172,.T.);
#1564=ORIENTED_EDGE('',*,*,#1168,.T.);
#1565=ORIENTED_EDGE('',*,*,#1173,.F.);
#1566=ORIENTED_EDGE('',*,*,#1170,.F.);
#1567=ORIENTED_EDGE('',*,*,#1123,.T.);
#1568=ORIENTED_EDGE('',*,*,#1166,.T.);
#1569=ORIENTED_EDGE('',*,*,#1119,.F.);
#1570=ORIENTED_EDGE('',*,*,#1172,.F.);
#1571=ORIENTED_EDGE('',*,*,#1174,.T.);
#1572=ORIENTED_EDGE('',*,*,#1169,.T.);
#1573=ORIENTED_EDGE('',*,*,#1142,.F.);
#1574=ORIENTED_EDGE('',*,*,#1175,.F.);
#1575=ORIENTED_EDGE('',*,*,#1176,.T.);
#1576=ORIENTED_EDGE('',*,*,#1177,.T.);
#1577=ORIENTED_EDGE('',*,*,#1178,.T.);
#1578=ORIENTED_EDGE('',*,*,#1175,.T.);
#1579=ORIENTED_EDGE('',*,*,#1141,.T.);
#1580=ORIENTED_EDGE('',*,*,#1165,.T.);
#1581=ORIENTED_EDGE('',*,*,#1179,.F.);
#1582=ORIENTED_EDGE('',*,*,#1177,.F.);
#1583=ORIENTED_EDGE('',*,*,#1140,.T.);
#1584=ORIENTED_EDGE('',*,*,#1160,.F.);
#1585=ORIENTED_EDGE('',*,*,#1180,.F.);
#1586=ORIENTED_EDGE('',*,*,#1181,.T.);
#1587=ORIENTED_EDGE('',*,*,#1182,.T.);
#1588=ORIENTED_EDGE('',*,*,#1183,.T.);
#1589=ORIENTED_EDGE('',*,*,#1184,.T.);
#1590=ORIENTED_EDGE('',*,*,#1162,.T.);
#1591=ORIENTED_EDGE('',*,*,#1185,.T.);
#1592=ORIENTED_EDGE('',*,*,#1186,.F.);
#1593=ORIENTED_EDGE('',*,*,#1187,.F.);
#1594=ORIENTED_EDGE('',*,*,#1188,.T.);
#1595=ORIENTED_EDGE('',*,*,#1189,.T.);
#1596=ORIENTED_EDGE('',*,*,#1190,.F.);
#1597=ORIENTED_EDGE('',*,*,#1191,.T.);
#1598=ORIENTED_EDGE('',*,*,#1192,.T.);
#1599=ORIENTED_EDGE('',*,*,#1193,.F.);
#1600=ORIENTED_EDGE('',*,*,#1194,.F.);
#1601=ORIENTED_EDGE('',*,*,#1195,.F.);
#1602=ORIENTED_EDGE('',*,*,#1196,.F.);
#1603=ORIENTED_EDGE('',*,*,#1197,.F.);
#1604=ORIENTED_EDGE('',*,*,#1156,.F.);
#1605=ORIENTED_EDGE('',*,*,#1198,.T.);
#1606=ORIENTED_EDGE('',*,*,#1199,.T.);
#1607=ORIENTED_EDGE('',*,*,#1200,.T.);
#1608=ORIENTED_EDGE('',*,*,#1201,.F.);
#1609=ORIENTED_EDGE('',*,*,#1202,.F.);
#1610=ORIENTED_EDGE('',*,*,#1203,.F.);
#1611=ORIENTED_EDGE('',*,*,#1204,.T.);
#1612=ORIENTED_EDGE('',*,*,#1205,.T.);
#1613=ORIENTED_EDGE('',*,*,#1206,.F.);
#1614=ORIENTED_EDGE('',*,*,#1207,.F.);
#1615=ORIENTED_EDGE('',*,*,#1208,.T.);
#1616=ORIENTED_EDGE('',*,*,#1209,.T.);
#1617=ORIENTED_EDGE('',*,*,#1210,.F.);
#1618=ORIENTED_EDGE('',*,*,#1211,.F.);
#1619=ORIENTED_EDGE('',*,*,#1212,.T.);
#1620=ORIENTED_EDGE('',*,*,#1213,.T.);
#1621=ORIENTED_EDGE('',*,*,#1214,.F.);
#1622=ORIENTED_EDGE('',*,*,#1215,.F.);
#1623=ORIENTED_EDGE('',*,*,#1216,.T.);
#1624=ORIENTED_EDGE('',*,*,#1217,.T.);
#1625=ORIENTED_EDGE('',*,*,#1218,.F.);
#1626=ORIENTED_EDGE('',*,*,#1219,.F.);
#1627=ORIENTED_EDGE('',*,*,#1220,.T.);
#1628=ORIENTED_EDGE('',*,*,#1221,.T.);
#1629=ORIENTED_EDGE('',*,*,#1222,.F.);
#1630=ORIENTED_EDGE('',*,*,#1167,.T.);
#1631=ORIENTED_EDGE('',*,*,#1174,.F.);
#1632=ORIENTED_EDGE('',*,*,#1171,.F.);
#1633=ORIENTED_EDGE('',*,*,#1173,.T.);
#1634=ORIENTED_EDGE('',*,*,#1164,.T.);
#1635=ORIENTED_EDGE('',*,*,#1176,.F.);
#1636=ORIENTED_EDGE('',*,*,#1178,.F.);
#1637=ORIENTED_EDGE('',*,*,#1179,.T.);
#1638=ORIENTED_EDGE('',*,*,#1223,.F.);
#1639=ORIENTED_EDGE('',*,*,#1224,.F.);
#1640=ORIENTED_EDGE('',*,*,#1225,.F.);
#1641=ORIENTED_EDGE('',*,*,#1226,.F.);
#1642=ORIENTED_EDGE('',*,*,#1153,.F.);
#1643=ORIENTED_EDGE('',*,*,#1227,.F.);
#1644=ORIENTED_EDGE('',*,*,#1228,.F.);
#1645=ORIENTED_EDGE('',*,*,#1229,.T.);
#1646=ORIENTED_EDGE('',*,*,#1180,.T.);
#1647=ORIENTED_EDGE('',*,*,#1159,.T.);
#1648=ORIENTED_EDGE('',*,*,#1230,.T.);
#1649=ORIENTED_EDGE('',*,*,#1231,.T.);
#1650=ORIENTED_EDGE('',*,*,#1232,.F.);
#1651=ORIENTED_EDGE('',*,*,#1233,.T.);
#1652=ORIENTED_EDGE('',*,*,#1234,.F.);
#1653=ORIENTED_EDGE('',*,*,#1235,.F.);
#1654=ORIENTED_EDGE('',*,*,#1185,.F.);
#1655=ORIENTED_EDGE('',*,*,#1161,.T.);
#1656=ORIENTED_EDGE('',*,*,#1182,.F.);
#1657=ORIENTED_EDGE('',*,*,#1236,.F.);
#1658=ORIENTED_EDGE('',*,*,#1237,.F.);
#1659=ORIENTED_EDGE('',*,*,#1238,.F.);
#1660=ORIENTED_EDGE('',*,*,#1194,.T.);
#1661=ORIENTED_EDGE('',*,*,#1239,.F.);
#1662=ORIENTED_EDGE('',*,*,#1240,.F.);
#1663=ORIENTED_EDGE('',*,*,#1241,.F.);
#1664=ORIENTED_EDGE('',*,*,#1242,.F.);
#1665=ORIENTED_EDGE('',*,*,#1154,.F.);
#1666=ORIENTED_EDGE('',*,*,#1226,.T.);
#1667=ORIENTED_EDGE('',*,*,#1243,.T.);
#1668=ORIENTED_EDGE('',*,*,#1197,.T.);
#1669=ORIENTED_EDGE('',*,*,#1244,.F.);
#1670=ORIENTED_EDGE('',*,*,#1245,.F.);
#1671=ORIENTED_EDGE('',*,*,#1157,.F.);
#1672=ORIENTED_EDGE('',*,*,#1227,.T.);
#1673=ORIENTED_EDGE('',*,*,#1152,.T.);
#1674=ORIENTED_EDGE('',*,*,#1246,.F.);
#1675=ORIENTED_EDGE('',*,*,#1247,.F.);
#1676=ORIENTED_EDGE('',*,*,#1198,.F.);
#1677=ORIENTED_EDGE('',*,*,#1155,.T.);
#1678=ORIENTED_EDGE('',*,*,#1242,.T.);
#1679=ORIENTED_EDGE('',*,*,#1248,.T.);
#1680=ORIENTED_EDGE('',*,*,#1249,.T.);
#1681=ORIENTED_EDGE('',*,*,#1250,.T.);
#1682=ORIENTED_EDGE('',*,*,#1201,.T.);
#1683=ORIENTED_EDGE('',*,*,#1251,.T.);
#1684=ORIENTED_EDGE('',*,*,#1252,.T.);
#1685=ORIENTED_EDGE('',*,*,#1253,.T.);
#1686=ORIENTED_EDGE('',*,*,#1246,.T.);
#1687=ORIENTED_EDGE('',*,*,#1163,.F.);
#1688=ORIENTED_EDGE('',*,*,#1184,.F.);
#1689=ORIENTED_EDGE('',*,*,#1254,.T.);
#1690=ORIENTED_EDGE('',*,*,#1255,.T.);
#1691=ORIENTED_EDGE('',*,*,#1256,.T.);
#1692=ORIENTED_EDGE('',*,*,#1245,.T.);
#1693=ORIENTED_EDGE('',*,*,#1257,.F.);
#1694=ORIENTED_EDGE('',*,*,#1230,.F.);
#1695=ORIENTED_EDGE('',*,*,#1158,.T.);
#1696=ORIENTED_EDGE('',*,*,#1181,.F.);
#1697=ORIENTED_EDGE('',*,*,#1229,.F.);
#1698=ORIENTED_EDGE('',*,*,#1258,.T.);
#1699=ORIENTED_EDGE('',*,*,#1236,.T.);
#1700=ORIENTED_EDGE('',*,*,#1235,.T.);
#1701=ORIENTED_EDGE('',*,*,#1259,.F.);
#1702=ORIENTED_EDGE('',*,*,#1260,.F.);
#1703=ORIENTED_EDGE('',*,*,#1186,.T.);
#1704=ORIENTED_EDGE('',*,*,#1254,.F.);
#1705=ORIENTED_EDGE('',*,*,#1183,.F.);
#1706=ORIENTED_EDGE('',*,*,#1261,.T.);
#1707=ORIENTED_EDGE('',*,*,#1262,.T.);
#1708=ORIENTED_EDGE('',*,*,#1263,.F.);
#1709=ORIENTED_EDGE('',*,*,#1264,.T.);
#1710=ORIENTED_EDGE('',*,*,#1222,.T.);
#1711=ORIENTED_EDGE('',*,*,#1265,.F.);
#1712=ORIENTED_EDGE('',*,*,#1266,.F.);
#1713=ORIENTED_EDGE('',*,*,#1267,.T.);
#1714=ORIENTED_EDGE('',*,*,#1218,.T.);
#1715=ORIENTED_EDGE('',*,*,#1268,.F.);
#1716=ORIENTED_EDGE('',*,*,#1269,.F.);
#1717=ORIENTED_EDGE('',*,*,#1270,.T.);
#1718=ORIENTED_EDGE('',*,*,#1214,.T.);
#1719=ORIENTED_EDGE('',*,*,#1271,.F.);
#1720=ORIENTED_EDGE('',*,*,#1272,.F.);
#1721=ORIENTED_EDGE('',*,*,#1273,.T.);
#1722=ORIENTED_EDGE('',*,*,#1210,.T.);
#1723=ORIENTED_EDGE('',*,*,#1274,.F.);
#1724=ORIENTED_EDGE('',*,*,#1275,.F.);
#1725=ORIENTED_EDGE('',*,*,#1276,.T.);
#1726=ORIENTED_EDGE('',*,*,#1206,.T.);
#1727=ORIENTED_EDGE('',*,*,#1277,.F.);
#1728=ORIENTED_EDGE('',*,*,#1278,.F.);
#1729=ORIENTED_EDGE('',*,*,#1279,.T.);
#1730=ORIENTED_EDGE('',*,*,#1202,.T.);
#1731=ORIENTED_EDGE('',*,*,#1250,.F.);
#1732=ORIENTED_EDGE('',*,*,#1280,.F.);
#1733=ORIENTED_EDGE('',*,*,#1281,.T.);
#1734=ORIENTED_EDGE('',*,*,#1188,.F.);
#1735=ORIENTED_EDGE('',*,*,#1282,.F.);
#1736=ORIENTED_EDGE('',*,*,#1283,.T.);
#1737=ORIENTED_EDGE('',*,*,#1239,.T.);
#1738=ORIENTED_EDGE('',*,*,#1193,.T.);
#1739=ORIENTED_EDGE('',*,*,#1284,.F.);
#1740=ORIENTED_EDGE('',*,*,#1285,.F.);
#1741=ORIENTED_EDGE('',*,*,#1261,.F.);
#1742=ORIENTED_EDGE('',*,*,#1189,.F.);
#1743=ORIENTED_EDGE('',*,*,#1281,.F.);
#1744=ORIENTED_EDGE('',*,*,#1286,.F.);
#1745=ORIENTED_EDGE('',*,*,#1287,.F.);
#1746=ORIENTED_EDGE('',*,*,#1288,.T.);
#1747=ORIENTED_EDGE('',*,*,#1289,.T.);
#1748=ORIENTED_EDGE('',*,*,#1290,.T.);
#1749=ORIENTED_EDGE('',*,*,#1282,.T.);
#1750=ORIENTED_EDGE('',*,*,#1187,.T.);
#1751=ORIENTED_EDGE('',*,*,#1260,.T.);
#1752=ORIENTED_EDGE('',*,*,#1291,.F.);
#1753=ORIENTED_EDGE('',*,*,#1268,.T.);
#1754=ORIENTED_EDGE('',*,*,#1217,.F.);
#1755=ORIENTED_EDGE('',*,*,#1292,.F.);
#1756=ORIENTED_EDGE('',*,*,#1293,.F.);
#1757=ORIENTED_EDGE('',*,*,#1294,.F.);
#1758=ORIENTED_EDGE('',*,*,#1220,.F.);
#1759=ORIENTED_EDGE('',*,*,#1295,.F.);
#1760=ORIENTED_EDGE('',*,*,#1296,.T.);
#1761=ORIENTED_EDGE('',*,*,#1297,.T.);
#1762=ORIENTED_EDGE('',*,*,#1273,.F.);
#1763=ORIENTED_EDGE('',*,*,#1298,.T.);
#1764=ORIENTED_EDGE('',*,*,#1299,.T.);
#1765=ORIENTED_EDGE('',*,*,#1300,.T.);
#1766=ORIENTED_EDGE('',*,*,#1301,.T.);
#1767=ORIENTED_EDGE('',*,*,#1211,.T.);
#1768=ORIENTED_EDGE('',*,*,#1302,.F.);
#1769=ORIENTED_EDGE('',*,*,#1232,.T.);
#1770=ORIENTED_EDGE('',*,*,#1195,.T.);
#1771=ORIENTED_EDGE('',*,*,#1238,.T.);
#1772=ORIENTED_EDGE('',*,*,#1264,.F.);
#1773=ORIENTED_EDGE('',*,*,#1303,.T.);
#1774=ORIENTED_EDGE('',*,*,#1304,.T.);
#1775=ORIENTED_EDGE('',*,*,#1305,.T.);
#1776=ORIENTED_EDGE('',*,*,#1306,.T.);
#1777=ORIENTED_EDGE('',*,*,#1190,.T.);
#1778=ORIENTED_EDGE('',*,*,#1307,.F.);
#1779=ORIENTED_EDGE('',*,*,#1274,.T.);
#1780=ORIENTED_EDGE('',*,*,#1209,.F.);
#1781=ORIENTED_EDGE('',*,*,#1308,.F.);
#1782=ORIENTED_EDGE('',*,*,#1309,.F.);
#1783=ORIENTED_EDGE('',*,*,#1310,.F.);
#1784=ORIENTED_EDGE('',*,*,#1270,.F.);
#1785=ORIENTED_EDGE('',*,*,#1311,.T.);
#1786=ORIENTED_EDGE('',*,*,#1312,.T.);
#1787=ORIENTED_EDGE('',*,*,#1313,.T.);
#1788=ORIENTED_EDGE('',*,*,#1314,.T.);
#1789=ORIENTED_EDGE('',*,*,#1215,.T.);
#1790=ORIENTED_EDGE('',*,*,#1212,.F.);
#1791=ORIENTED_EDGE('',*,*,#1301,.F.);
#1792=ORIENTED_EDGE('',*,*,#1315,.T.);
#1793=ORIENTED_EDGE('',*,*,#1316,.T.);
#1794=ORIENTED_EDGE('',*,*,#1317,.F.);
#1795=ORIENTED_EDGE('',*,*,#1277,.T.);
#1796=ORIENTED_EDGE('',*,*,#1205,.F.);
#1797=ORIENTED_EDGE('',*,*,#1318,.F.);
#1798=ORIENTED_EDGE('',*,*,#1319,.F.);
#1799=ORIENTED_EDGE('',*,*,#1320,.F.);
#1800=ORIENTED_EDGE('',*,*,#1225,.T.);
#1801=ORIENTED_EDGE('',*,*,#1199,.F.);
#1802=ORIENTED_EDGE('',*,*,#1248,.F.);
#1803=ORIENTED_EDGE('',*,*,#1243,.F.);
#1804=ORIENTED_EDGE('',*,*,#1196,.T.);
#1805=ORIENTED_EDGE('',*,*,#1231,.F.);
#1806=ORIENTED_EDGE('',*,*,#1257,.T.);
#1807=ORIENTED_EDGE('',*,*,#1244,.T.);
#1808=ORIENTED_EDGE('',*,*,#1208,.F.);
#1809=ORIENTED_EDGE('',*,*,#1321,.F.);
#1810=ORIENTED_EDGE('',*,*,#1322,.T.);
#1811=ORIENTED_EDGE('',*,*,#1308,.T.);
#1812=ORIENTED_EDGE('',*,*,#1276,.F.);
#1813=ORIENTED_EDGE('',*,*,#1323,.T.);
#1814=ORIENTED_EDGE('',*,*,#1324,.T.);
#1815=ORIENTED_EDGE('',*,*,#1325,.T.);
#1816=ORIENTED_EDGE('',*,*,#1321,.T.);
#1817=ORIENTED_EDGE('',*,*,#1207,.T.);
#1818=ORIENTED_EDGE('',*,*,#1326,.F.);
#1819=ORIENTED_EDGE('',*,*,#1284,.T.);
#1820=ORIENTED_EDGE('',*,*,#1192,.F.);
#1821=ORIENTED_EDGE('',*,*,#1327,.F.);
#1822=ORIENTED_EDGE('',*,*,#1328,.F.);
#1823=ORIENTED_EDGE('',*,*,#1329,.F.);
#1824=ORIENTED_EDGE('',*,*,#1204,.F.);
#1825=ORIENTED_EDGE('',*,*,#1330,.F.);
#1826=ORIENTED_EDGE('',*,*,#1331,.T.);
#1827=ORIENTED_EDGE('',*,*,#1318,.T.);
#1828=ORIENTED_EDGE('',*,*,#1224,.T.);
#1829=ORIENTED_EDGE('',*,*,#1332,.T.);
#1830=ORIENTED_EDGE('',*,*,#1251,.F.);
#1831=ORIENTED_EDGE('',*,*,#1200,.F.);
#1832=ORIENTED_EDGE('',*,*,#1267,.F.);
#1833=ORIENTED_EDGE('',*,*,#1333,.T.);
#1834=ORIENTED_EDGE('',*,*,#1334,.T.);
#1835=ORIENTED_EDGE('',*,*,#1335,.T.);
#1836=ORIENTED_EDGE('',*,*,#1295,.T.);
#1837=ORIENTED_EDGE('',*,*,#1219,.T.);
#1838=ORIENTED_EDGE('',*,*,#1191,.F.);
#1839=ORIENTED_EDGE('',*,*,#1306,.F.);
#1840=ORIENTED_EDGE('',*,*,#1336,.T.);
#1841=ORIENTED_EDGE('',*,*,#1327,.T.);
#1842=ORIENTED_EDGE('',*,*,#1216,.F.);
#1843=ORIENTED_EDGE('',*,*,#1314,.F.);
#1844=ORIENTED_EDGE('',*,*,#1337,.T.);
#1845=ORIENTED_EDGE('',*,*,#1292,.T.);
#1846=ORIENTED_EDGE('',*,*,#1279,.F.);
#1847=ORIENTED_EDGE('',*,*,#1338,.T.);
#1848=ORIENTED_EDGE('',*,*,#1339,.T.);
#1849=ORIENTED_EDGE('',*,*,#1340,.T.);
#1850=ORIENTED_EDGE('',*,*,#1330,.T.);
#1851=ORIENTED_EDGE('',*,*,#1203,.T.);
#1852=ORIENTED_EDGE('',*,*,#1341,.F.);
#1853=ORIENTED_EDGE('',*,*,#1265,.T.);
#1854=ORIENTED_EDGE('',*,*,#1221,.F.);
#1855=ORIENTED_EDGE('',*,*,#1297,.F.);
#1856=ORIENTED_EDGE('',*,*,#1342,.F.);
#1857=ORIENTED_EDGE('',*,*,#1343,.F.);
#1858=ORIENTED_EDGE('',*,*,#1344,.F.);
#1859=ORIENTED_EDGE('',*,*,#1271,.T.);
#1860=ORIENTED_EDGE('',*,*,#1213,.F.);
#1861=ORIENTED_EDGE('',*,*,#1316,.F.);
#1862=ORIENTED_EDGE('',*,*,#1345,.F.);
#1863=ORIENTED_EDGE('',*,*,#1346,.F.);
#1864=ORIENTED_EDGE('',*,*,#1223,.T.);
#1865=ORIENTED_EDGE('',*,*,#1347,.T.);
#1866=ORIENTED_EDGE('',*,*,#1252,.F.);
#1867=ORIENTED_EDGE('',*,*,#1332,.F.);
#1868=ORIENTED_EDGE('',*,*,#1228,.T.);
#1869=ORIENTED_EDGE('',*,*,#1247,.T.);
#1870=ORIENTED_EDGE('',*,*,#1253,.F.);
#1871=ORIENTED_EDGE('',*,*,#1347,.F.);
#1872=ORIENTED_EDGE('',*,*,#1258,.F.);
#1873=ORIENTED_EDGE('',*,*,#1233,.F.);
#1874=ORIENTED_EDGE('',*,*,#1302,.T.);
#1875=ORIENTED_EDGE('',*,*,#1237,.T.);
#1876=ORIENTED_EDGE('',*,*,#1241,.T.);
#1877=ORIENTED_EDGE('',*,*,#1348,.F.);
#1878=ORIENTED_EDGE('',*,*,#1289,.F.);
#1879=ORIENTED_EDGE('',*,*,#1349,.T.);
#1880=ORIENTED_EDGE('',*,*,#1234,.T.);
#1881=ORIENTED_EDGE('',*,*,#1349,.F.);
#1882=ORIENTED_EDGE('',*,*,#1288,.F.);
#1883=ORIENTED_EDGE('',*,*,#1259,.T.);
#1884=ORIENTED_EDGE('',*,*,#1240,.T.);
#1885=ORIENTED_EDGE('',*,*,#1283,.F.);
#1886=ORIENTED_EDGE('',*,*,#1290,.F.);
#1887=ORIENTED_EDGE('',*,*,#1348,.T.);
#1888=ORIENTED_EDGE('',*,*,#1255,.F.);
#1889=ORIENTED_EDGE('',*,*,#1262,.F.);
#1890=ORIENTED_EDGE('',*,*,#1285,.T.);
#1891=ORIENTED_EDGE('',*,*,#1350,.T.);
#1892=ORIENTED_EDGE('',*,*,#1256,.F.);
#1893=ORIENTED_EDGE('',*,*,#1350,.F.);
#1894=ORIENTED_EDGE('',*,*,#1287,.T.);
#1895=ORIENTED_EDGE('',*,*,#1351,.T.);
#1896=ORIENTED_EDGE('',*,*,#1249,.F.);
#1897=ORIENTED_EDGE('',*,*,#1351,.F.);
#1898=ORIENTED_EDGE('',*,*,#1286,.T.);
#1899=ORIENTED_EDGE('',*,*,#1280,.T.);
#1900=ORIENTED_EDGE('',*,*,#1317,.T.);
#1901=ORIENTED_EDGE('',*,*,#1352,.F.);
#1902=ORIENTED_EDGE('',*,*,#1338,.F.);
#1903=ORIENTED_EDGE('',*,*,#1278,.T.);
#1904=ORIENTED_EDGE('',*,*,#1326,.T.);
#1905=ORIENTED_EDGE('',*,*,#1353,.F.);
#1906=ORIENTED_EDGE('',*,*,#1303,.F.);
#1907=ORIENTED_EDGE('',*,*,#1263,.T.);
#1908=ORIENTED_EDGE('',*,*,#1344,.T.);
#1909=ORIENTED_EDGE('',*,*,#1354,.F.);
#1910=ORIENTED_EDGE('',*,*,#1298,.F.);
#1911=ORIENTED_EDGE('',*,*,#1272,.T.);
#1912=ORIENTED_EDGE('',*,*,#1291,.T.);
#1913=ORIENTED_EDGE('',*,*,#1355,.F.);
#1914=ORIENTED_EDGE('',*,*,#1311,.F.);
#1915=ORIENTED_EDGE('',*,*,#1269,.T.);
#1916=ORIENTED_EDGE('',*,*,#1341,.T.);
#1917=ORIENTED_EDGE('',*,*,#1356,.F.);
#1918=ORIENTED_EDGE('',*,*,#1333,.F.);
#1919=ORIENTED_EDGE('',*,*,#1266,.T.);
#1920=ORIENTED_EDGE('',*,*,#1307,.T.);
#1921=ORIENTED_EDGE('',*,*,#1357,.F.);
#1922=ORIENTED_EDGE('',*,*,#1323,.F.);
#1923=ORIENTED_EDGE('',*,*,#1275,.T.);
#1924=ORIENTED_EDGE('',*,*,#1294,.T.);
#1925=ORIENTED_EDGE('',*,*,#1358,.F.);
#1926=ORIENTED_EDGE('',*,*,#1312,.F.);
#1927=ORIENTED_EDGE('',*,*,#1355,.T.);
#1928=ORIENTED_EDGE('',*,*,#1293,.T.);
#1929=ORIENTED_EDGE('',*,*,#1337,.F.);
#1930=ORIENTED_EDGE('',*,*,#1313,.F.);
#1931=ORIENTED_EDGE('',*,*,#1358,.T.);
#1932=ORIENTED_EDGE('',*,*,#1342,.T.);
#1933=ORIENTED_EDGE('',*,*,#1296,.F.);
#1934=ORIENTED_EDGE('',*,*,#1335,.F.);
#1935=ORIENTED_EDGE('',*,*,#1359,.T.);
#1936=ORIENTED_EDGE('',*,*,#1345,.T.);
#1937=ORIENTED_EDGE('',*,*,#1315,.F.);
#1938=ORIENTED_EDGE('',*,*,#1300,.F.);
#1939=ORIENTED_EDGE('',*,*,#1360,.T.);
#1940=ORIENTED_EDGE('',*,*,#1346,.T.);
#1941=ORIENTED_EDGE('',*,*,#1360,.F.);
#1942=ORIENTED_EDGE('',*,*,#1299,.F.);
#1943=ORIENTED_EDGE('',*,*,#1354,.T.);
#1944=ORIENTED_EDGE('',*,*,#1328,.T.);
#1945=ORIENTED_EDGE('',*,*,#1336,.F.);
#1946=ORIENTED_EDGE('',*,*,#1305,.F.);
#1947=ORIENTED_EDGE('',*,*,#1361,.T.);
#1948=ORIENTED_EDGE('',*,*,#1329,.T.);
#1949=ORIENTED_EDGE('',*,*,#1361,.F.);
#1950=ORIENTED_EDGE('',*,*,#1304,.F.);
#1951=ORIENTED_EDGE('',*,*,#1353,.T.);
#1952=ORIENTED_EDGE('',*,*,#1309,.T.);
#1953=ORIENTED_EDGE('',*,*,#1322,.F.);
#1954=ORIENTED_EDGE('',*,*,#1325,.F.);
#1955=ORIENTED_EDGE('',*,*,#1362,.T.);
#1956=ORIENTED_EDGE('',*,*,#1310,.T.);
#1957=ORIENTED_EDGE('',*,*,#1362,.F.);
#1958=ORIENTED_EDGE('',*,*,#1324,.F.);
#1959=ORIENTED_EDGE('',*,*,#1357,.T.);
#1960=ORIENTED_EDGE('',*,*,#1320,.T.);
#1961=ORIENTED_EDGE('',*,*,#1363,.F.);
#1962=ORIENTED_EDGE('',*,*,#1339,.F.);
#1963=ORIENTED_EDGE('',*,*,#1352,.T.);
#1964=ORIENTED_EDGE('',*,*,#1319,.T.);
#1965=ORIENTED_EDGE('',*,*,#1331,.F.);
#1966=ORIENTED_EDGE('',*,*,#1340,.F.);
#1967=ORIENTED_EDGE('',*,*,#1363,.T.);
#1968=ORIENTED_EDGE('',*,*,#1343,.T.);
#1969=ORIENTED_EDGE('',*,*,#1359,.F.);
#1970=ORIENTED_EDGE('',*,*,#1334,.F.);
#1971=ORIENTED_EDGE('',*,*,#1356,.T.);
#1972=PLANE('',#2329);
#1973=PLANE('',#2330);
#1974=PLANE('',#2331);
#1975=PLANE('',#2332);
#1976=PLANE('',#2333);
#1977=PLANE('',#2334);
#1978=PLANE('',#2335);
#1979=PLANE('',#2336);
#1980=PLANE('',#2337);
#1981=PLANE('',#2338);
#1982=PLANE('',#2339);
#1983=PLANE('',#2340);
#1984=PLANE('',#2341);
#1985=PLANE('',#2342);
#1986=PLANE('',#2343);
#1987=PLANE('',#2344);
#1988=PLANE('',#2345);
#1989=PLANE('',#2346);
#1990=PLANE('',#2347);
#1991=PLANE('',#2348);
#1992=PLANE('',#2349);
#1993=PLANE('',#2350);
#1994=PLANE('',#2351);
#1995=PLANE('',#2352);
#1996=PLANE('',#2353);
#1997=PLANE('',#2354);
#1998=PLANE('',#2355);
#1999=PLANE('',#2356);
#2000=PLANE('',#2357);
#2001=PLANE('',#2358);
#2002=PLANE('',#2359);
#2003=PLANE('',#2360);
#2004=PLANE('',#2361);
#2005=PLANE('',#2362);
#2006=PLANE('',#2363);
#2007=PLANE('',#2364);
#2008=PLANE('',#2365);
#2009=PLANE('',#2366);
#2010=PLANE('',#2367);
#2011=PLANE('',#2368);
#2012=PLANE('',#2369);
#2013=PLANE('',#2370);
#2014=PLANE('',#2371);
#2015=PLANE('',#2372);
#2016=PLANE('',#2373);
#2017=PLANE('',#2374);
#2018=PLANE('',#2375);
#2019=PLANE('',#2376);
#2020=PLANE('',#2377);
#2021=PLANE('',#2378);
#2022=PLANE('',#2379);
#2023=PLANE('',#2380);
#2024=PLANE('',#2381);
#2025=PLANE('',#2382);
#2026=PLANE('',#2383);
#2027=PLANE('',#2384);
#2028=PLANE('',#2385);
#2029=PLANE('',#2386);
#2030=PLANE('',#2387);
#2031=PLANE('',#2388);
#2032=PLANE('',#2389);
#2033=PLANE('',#2390);
#2034=PLANE('',#2391);
#2035=PLANE('',#2392);
#2036=PLANE('',#2393);
#2037=PLANE('',#2394);
#2038=PLANE('',#2395);
#2039=PLANE('',#2396);
#2040=PLANE('',#2397);
#2041=PLANE('',#2398);
#2042=PLANE('',#2399);
#2043=PLANE('',#2400);
#2044=PLANE('',#2401);
#2045=PLANE('',#2402);
#2046=PLANE('',#2403);
#2047=PLANE('',#2404);
#2048=PLANE('',#2405);
#2049=PLANE('',#2406);
#2050=PLANE('',#2407);
#2051=PLANE('',#2408);
#2052=PLANE('',#2409);
#2053=PLANE('',#2410);
#2054=PLANE('',#2411);
#2055=PLANE('',#2412);
#2056=PLANE('',#2413);
#2057=PLANE('',#2414);
#2058=PLANE('',#2415);
#2059=PLANE('',#2416);
#2060=PLANE('',#2417);
#2061=PLANE('',#2418);
#2062=PLANE('',#2419);
#2063=PLANE('',#2420);
#2064=PLANE('',#2421);
#2065=PLANE('',#2422);
#2066=PLANE('',#2423);
#2067=PLANE('',#2424);
#2068=PLANE('',#2425);
#2069=PLANE('',#2426);
#2070=PLANE('',#2427);
#2071=PLANE('',#2428);
#2072=PLANE('',#2429);
#2073=PLANE('',#2430);
#2074=PLANE('',#2431);
#2075=PLANE('',#2432);
#2076=PLANE('',#2433);
#2077=PLANE('',#2434);
#2078=PLANE('',#2435);
#2079=PLANE('',#2436);
#2080=PLANE('',#2437);
#2081=PLANE('',#2438);
#2082=PLANE('',#2439);
#2083=STYLED_ITEM('',(#3607),#2195);
#2084=STYLED_ITEM('',(#3607),#2196);
#2085=STYLED_ITEM('',(#3608),#2197);
#2086=STYLED_ITEM('',(#3607),#2198);
#2087=STYLED_ITEM('',(#3607),#2199);
#2088=STYLED_ITEM('',(#3607),#2200);
#2089=STYLED_ITEM('',(#3607),#2201);
#2090=STYLED_ITEM('',(#3607),#2202);
#2091=STYLED_ITEM('',(#3607),#2203);
#2092=STYLED_ITEM('',(#3607),#2204);
#2093=STYLED_ITEM('',(#3607),#2205);
#2094=STYLED_ITEM('',(#3608),#2206);
#2095=STYLED_ITEM('',(#3607),#2207);
#2096=STYLED_ITEM('',(#3607),#2208);
#2097=STYLED_ITEM('',(#3608),#2209);
#2098=STYLED_ITEM('',(#3607),#2210);
#2099=STYLED_ITEM('',(#3607),#2211);
#2100=STYLED_ITEM('',(#3607),#2212);
#2101=STYLED_ITEM('',(#3607),#2213);
#2102=STYLED_ITEM('',(#3607),#2214);
#2103=STYLED_ITEM('',(#3607),#2215);
#2104=STYLED_ITEM('',(#3608),#2216);
#2105=STYLED_ITEM('',(#3608),#2217);
#2106=STYLED_ITEM('',(#3607),#2218);
#2107=STYLED_ITEM('',(#3607),#2219);
#2108=STYLED_ITEM('',(#3607),#2220);
#2109=STYLED_ITEM('',(#3607),#2221);
#2110=STYLED_ITEM('',(#3607),#2222);
#2111=STYLED_ITEM('',(#3607),#2223);
#2112=STYLED_ITEM('',(#3607),#2224);
#2113=STYLED_ITEM('',(#3607),#2225);
#2114=STYLED_ITEM('',(#3607),#2226);
#2115=STYLED_ITEM('',(#3607),#2227);
#2116=STYLED_ITEM('',(#3607),#2228);
#2117=STYLED_ITEM('',(#3607),#2229);
#2118=STYLED_ITEM('',(#3608),#2230);
#2119=STYLED_ITEM('',(#3608),#2231);
#2120=STYLED_ITEM('',(#3608),#2232);
#2121=STYLED_ITEM('',(#3608),#2233);
#2122=STYLED_ITEM('',(#3608),#2234);
#2123=STYLED_ITEM('',(#3608),#2235);
#2124=STYLED_ITEM('',(#3608),#2236);
#2125=STYLED_ITEM('',(#3608),#2237);
#2126=STYLED_ITEM('',(#3608),#2238);
#2127=STYLED_ITEM('',(#3608),#2239);
#2128=STYLED_ITEM('',(#3608),#2240);
#2129=STYLED_ITEM('',(#3608),#2241);
#2130=STYLED_ITEM('',(#3607),#2242);
#2131=STYLED_ITEM('',(#3607),#2243);
#2132=STYLED_ITEM('',(#3608),#2244);
#2133=STYLED_ITEM('',(#3608),#2245);
#2134=STYLED_ITEM('',(#3608),#2246);
#2135=STYLED_ITEM('',(#3608),#2247);
#2136=STYLED_ITEM('',(#3608),#2248);
#2137=STYLED_ITEM('',(#3608),#2249);
#2138=STYLED_ITEM('',(#3608),#2250);
#2139=STYLED_ITEM('',(#3608),#2251);
#2140=STYLED_ITEM('',(#3608),#2252);
#2141=STYLED_ITEM('',(#3608),#2253);
#2142=STYLED_ITEM('',(#3608),#2254);
#2143=STYLED_ITEM('',(#3608),#2255);
#2144=STYLED_ITEM('',(#3608),#2256);
#2145=STYLED_ITEM('',(#3607),#2257);
#2146=STYLED_ITEM('',(#3608),#2258);
#2147=STYLED_ITEM('',(#3607),#2259);
#2148=STYLED_ITEM('',(#3608),#2260);
#2149=STYLED_ITEM('',(#3607),#2261);
#2150=STYLED_ITEM('',(#3607),#2262);
#2151=STYLED_ITEM('',(#3607),#2263);
#2152=STYLED_ITEM('',(#3608),#2264);
#2153=STYLED_ITEM('',(#3607),#2265);
#2154=STYLED_ITEM('',(#3608),#2266);
#2155=STYLED_ITEM('',(#3608),#2267);
#2156=STYLED_ITEM('',(#3608),#2268);
#2157=STYLED_ITEM('',(#3607),#2269);
#2158=STYLED_ITEM('',(#3607),#2270);
#2159=STYLED_ITEM('',(#3608),#2271);
#2160=STYLED_ITEM('',(#3608),#2272);
#2161=STYLED_ITEM('',(#3607),#2273);
#2162=STYLED_ITEM('',(#3608),#2274);
#2163=STYLED_ITEM('',(#3608),#2275);
#2164=STYLED_ITEM('',(#3607),#2276);
#2165=STYLED_ITEM('',(#3607),#2277);
#2166=STYLED_ITEM('',(#3607),#2278);
#2167=STYLED_ITEM('',(#3608),#2279);
#2168=STYLED_ITEM('',(#3608),#2280);
#2169=STYLED_ITEM('',(#3608),#2281);
#2170=STYLED_ITEM('',(#3608),#2282);
#2171=STYLED_ITEM('',(#3608),#2283);
#2172=STYLED_ITEM('',(#3608),#2284);
#2173=STYLED_ITEM('',(#3608),#2285);
#2174=STYLED_ITEM('',(#3608),#2286);
#2175=STYLED_ITEM('',(#3608),#2287);
#2176=STYLED_ITEM('',(#3607),#2288);
#2177=STYLED_ITEM('',(#3607),#2289);
#2178=STYLED_ITEM('',(#3607),#2290);
#2179=STYLED_ITEM('',(#3607),#2291);
#2180=STYLED_ITEM('',(#3607),#2292);
#2181=STYLED_ITEM('',(#3607),#2293);
#2182=STYLED_ITEM('',(#3607),#2294);
#2183=STYLED_ITEM('',(#3607),#2295);
#2184=STYLED_ITEM('',(#3607),#2296);
#2185=STYLED_ITEM('',(#3607),#2297);
#2186=STYLED_ITEM('',(#3607),#2298);
#2187=STYLED_ITEM('',(#3607),#2299);
#2188=STYLED_ITEM('',(#3607),#2300);
#2189=STYLED_ITEM('',(#3607),#2301);
#2190=STYLED_ITEM('',(#3607),#2302);
#2191=STYLED_ITEM('',(#3607),#2303);
#2192=STYLED_ITEM('',(#3607),#2304);
#2193=STYLED_ITEM('',(#3607),#2305);
#2194=STYLED_ITEM('',(#3606),#13);
#2195=ADVANCED_FACE('',(#21),#1972,.F.);
#2196=ADVANCED_FACE('',(#22),#1973,.F.);
#2197=ADVANCED_FACE('',(#23,#14,#15,#16,#17,#18,#19),#1974,.T.);
#2198=ADVANCED_FACE('',(#24),#1975,.T.);
#2199=ADVANCED_FACE('',(#25),#1976,.F.);
#2200=ADVANCED_FACE('',(#26),#1977,.F.);
#2201=ADVANCED_FACE('',(#27),#1978,.T.);
#2202=ADVANCED_FACE('',(#28),#1979,.T.);
#2203=ADVANCED_FACE('',(#29),#1980,.F.);
#2204=ADVANCED_FACE('',(#30),#1981,.T.);
#2205=ADVANCED_FACE('',(#31),#1982,.F.);
#2206=ADVANCED_FACE('',(#32),#1983,.F.);
#2207=ADVANCED_FACE('',(#33),#1984,.F.);
#2208=ADVANCED_FACE('',(#34),#1985,.F.);
#2209=ADVANCED_FACE('',(#35),#1986,.F.);
#2210=ADVANCED_FACE('',(#36),#1987,.F.);
#2211=ADVANCED_FACE('',(#37),#1988,.F.);
#2212=ADVANCED_FACE('',(#38),#1989,.F.);
#2213=ADVANCED_FACE('',(#39),#1990,.F.);
#2214=ADVANCED_FACE('',(#40),#1991,.F.);
#2215=ADVANCED_FACE('',(#41),#1992,.T.);
#2216=ADVANCED_FACE('',(#42),#1993,.F.);
#2217=ADVANCED_FACE('',(#43),#1994,.F.);
#2218=ADVANCED_FACE('',(#44),#1995,.T.);
#2219=ADVANCED_FACE('',(#45),#1996,.F.);
#2220=ADVANCED_FACE('',(#46),#1997,.F.);
#2221=ADVANCED_FACE('',(#47),#1998,.F.);
#2222=ADVANCED_FACE('',(#48),#1999,.F.);
#2223=ADVANCED_FACE('',(#49),#2000,.F.);
#2224=ADVANCED_FACE('',(#50),#2001,.F.);
#2225=ADVANCED_FACE('',(#51),#2002,.F.);
#2226=ADVANCED_FACE('',(#52),#2003,.F.);
#2227=ADVANCED_FACE('',(#53),#2004,.F.);
#2228=ADVANCED_FACE('',(#54),#2005,.F.);
#2229=ADVANCED_FACE('',(#55),#2006,.F.);
#2230=ADVANCED_FACE('',(#56,#20),#2007,.F.);
#2231=ADVANCED_FACE('',(#57),#2008,.T.);
#2232=ADVANCED_FACE('',(#58),#2009,.F.);
#2233=ADVANCED_FACE('',(#59),#2010,.F.);
#2234=ADVANCED_FACE('',(#60),#2011,.F.);
#2235=ADVANCED_FACE('',(#61),#2012,.T.);
#2236=ADVANCED_FACE('',(#62),#2013,.F.);
#2237=ADVANCED_FACE('',(#63),#2014,.F.);
#2238=ADVANCED_FACE('',(#64),#2015,.F.);
#2239=ADVANCED_FACE('',(#65),#2016,.T.);
#2240=ADVANCED_FACE('',(#66),#2017,.F.);
#2241=ADVANCED_FACE('',(#67),#2018,.F.);
#2242=ADVANCED_FACE('',(#68),#2019,.T.);
#2243=ADVANCED_FACE('',(#69),#2020,.T.);
#2244=ADVANCED_FACE('',(#70),#2021,.F.);
#2245=ADVANCED_FACE('',(#71),#2022,.T.);
#2246=ADVANCED_FACE('',(#72),#2023,.F.);
#2247=ADVANCED_FACE('',(#73),#2024,.T.);
#2248=ADVANCED_FACE('',(#74),#2025,.F.);
#2249=ADVANCED_FACE('',(#75),#2026,.F.);
#2250=ADVANCED_FACE('',(#76),#2027,.F.);
#2251=ADVANCED_FACE('',(#77),#2028,.F.);
#2252=ADVANCED_FACE('',(#78),#2029,.F.);
#2253=ADVANCED_FACE('',(#79),#2030,.T.);
#2254=ADVANCED_FACE('',(#80),#2031,.F.);
#2255=ADVANCED_FACE('',(#81),#2032,.F.);
#2256=ADVANCED_FACE('',(#82),#2033,.F.);
#2257=ADVANCED_FACE('',(#83),#2034,.F.);
#2258=ADVANCED_FACE('',(#84),#2035,.F.);
#2259=ADVANCED_FACE('',(#85),#2036,.T.);
#2260=ADVANCED_FACE('',(#86),#2037,.F.);
#2261=ADVANCED_FACE('',(#87),#2038,.T.);
#2262=ADVANCED_FACE('',(#88),#2039,.F.);
#2263=ADVANCED_FACE('',(#89),#2040,.T.);
#2264=ADVANCED_FACE('',(#90),#2041,.F.);
#2265=ADVANCED_FACE('',(#91),#2042,.F.);
#2266=ADVANCED_FACE('',(#92),#2043,.T.);
#2267=ADVANCED_FACE('',(#93),#2044,.F.);
#2268=ADVANCED_FACE('',(#94),#2045,.F.);
#2269=ADVANCED_FACE('',(#95),#2046,.T.);
#2270=ADVANCED_FACE('',(#96),#2047,.F.);
#2271=ADVANCED_FACE('',(#97),#2048,.F.);
#2272=ADVANCED_FACE('',(#98),#2049,.T.);
#2273=ADVANCED_FACE('',(#99),#2050,.T.);
#2274=ADVANCED_FACE('',(#100),#2051,.F.);
#2275=ADVANCED_FACE('',(#101),#2052,.F.);
#2276=ADVANCED_FACE('',(#102),#2053,.T.);
#2277=ADVANCED_FACE('',(#103),#2054,.F.);
#2278=ADVANCED_FACE('',(#104),#2055,.F.);
#2279=ADVANCED_FACE('',(#105),#2056,.T.);
#2280=ADVANCED_FACE('',(#106),#2057,.T.);
#2281=ADVANCED_FACE('',(#107),#2058,.F.);
#2282=ADVANCED_FACE('',(#108),#2059,.F.);
#2283=ADVANCED_FACE('',(#109),#2060,.F.);
#2284=ADVANCED_FACE('',(#110),#2061,.F.);
#2285=ADVANCED_FACE('',(#111),#2062,.T.);
#2286=ADVANCED_FACE('',(#112),#2063,.T.);
#2287=ADVANCED_FACE('',(#113),#2064,.T.);
#2288=ADVANCED_FACE('',(#114),#2065,.F.);
#2289=ADVANCED_FACE('',(#115),#2066,.F.);
#2290=ADVANCED_FACE('',(#116),#2067,.F.);
#2291=ADVANCED_FACE('',(#117),#2068,.F.);
#2292=ADVANCED_FACE('',(#118),#2069,.F.);
#2293=ADVANCED_FACE('',(#119),#2070,.F.);
#2294=ADVANCED_FACE('',(#120),#2071,.F.);
#2295=ADVANCED_FACE('',(#121),#2072,.F.);
#2296=ADVANCED_FACE('',(#122),#2073,.F.);
#2297=ADVANCED_FACE('',(#123),#2074,.F.);
#2298=ADVANCED_FACE('',(#124),#2075,.F.);
#2299=ADVANCED_FACE('',(#125),#2076,.F.);
#2300=ADVANCED_FACE('',(#126),#2077,.F.);
#2301=ADVANCED_FACE('',(#127),#2078,.F.);
#2302=ADVANCED_FACE('',(#128),#2079,.F.);
#2303=ADVANCED_FACE('',(#129),#2080,.F.);
#2304=ADVANCED_FACE('',(#130),#2081,.F.);
#2305=ADVANCED_FACE('',(#131),#2082,.F.);
#2306=CLOSED_SHELL('',(#2195,#2196,#2197,#2198,#2199,#2200,#2201,#2202,
#2203,#2204,#2205,#2206,#2207,#2208,#2209,#2210,#2211,#2212,#2213,#2214,
#2215,#2216,#2217,#2218,#2219,#2220,#2221,#2222,#2223,#2224,#2225,#2226,
#2227,#2228,#2229,#2230,#2231,#2232,#2233,#2234,#2235,#2236,#2237,#2238,
#2239,#2240,#2241,#2242,#2243,#2244,#2245,#2246,#2247,#2248,#2249,#2250,
#2251,#2252,#2253,#2254,#2255,#2256,#2257,#2258,#2259,#2260,#2261,#2262,
#2263,#2264,#2265,#2266,#2267,#2268,#2269,#2270,#2271,#2272,#2273,#2274,
#2275,#2276,#2277,#2278,#2279,#2280,#2281,#2282,#2283,#2284,#2285,#2286,
#2287,#2288,#2289,#2290,#2291,#2292,#2293,#2294,#2295,#2296,#2297,#2298,
#2299,#2300,#2301,#2302,#2303,#2304,#2305));
#2307=DERIVED_UNIT_ELEMENT(#2310,1.);
#2308=DERIVED_UNIT_ELEMENT(#3591,-3.);
#2309=DIMENSIONAL_EXPONENTS(0.,1.,0.,0.,0.,0.,0.);
#2310=(
CONVERSION_BASED_UNIT('gram',#2312)
MASS_UNIT()
NAMED_UNIT(#2309)
);
#2311=(
MASS_UNIT()
NAMED_UNIT(*)
SI_UNIT(.KILO.,.GRAM.)
);
#2312=MASS_MEASURE_WITH_UNIT(MASS_MEASURE(0.001),#2311);
#2313=DERIVED_UNIT((#2307,#2308));
#2314=MEASURE_REPRESENTATION_ITEM('density measure',
POSITIVE_RATIO_MEASURE(1.),#2313);
#2315=PROPERTY_DEFINITION_REPRESENTATION(#2320,#2317);
#2316=PROPERTY_DEFINITION_REPRESENTATION(#2321,#2318);
#2317=REPRESENTATION('material name',(#2319),#3588);
#2318=REPRESENTATION('density',(#2314),#3588);
#2319=DESCRIPTIVE_REPRESENTATION_ITEM('Generic','Generic');
#2320=PROPERTY_DEFINITION('material property','material name',#3598);
#2321=PROPERTY_DEFINITION('material property','density of part',#3598);
#2322=DATE_TIME_ROLE('creation_date');
#2323=APPLIED_DATE_AND_TIME_ASSIGNMENT(#2324,#2322,(#3598));
#2324=DATE_AND_TIME(#2325,#2326);
#2325=CALENDAR_DATE(2010,17,6);
#2326=LOCAL_TIME(0,42,9.,#2327);
#2327=COORDINATED_UNIVERSAL_TIME_OFFSET(0,0,.BEHIND.);
#2328=AXIS2_PLACEMENT_3D('',#2968,#2440,#2441);
#2329=AXIS2_PLACEMENT_3D('',#2969,#2442,#2443);
#2330=AXIS2_PLACEMENT_3D('',#2978,#2448,#2449);
#2331=AXIS2_PLACEMENT_3D('',#2984,#2453,#2454);
#2332=AXIS2_PLACEMENT_3D('',#3036,#2481,#2482);
#2333=AXIS2_PLACEMENT_3D('',#3040,#2485,#2486);
#2334=AXIS2_PLACEMENT_3D('',#3042,#2488,#2489);
#2335=AXIS2_PLACEMENT_3D('',#3043,#2490,#2491);
#2336=AXIS2_PLACEMENT_3D('',#3049,#2495,#2496);
#2337=AXIS2_PLACEMENT_3D('',#3055,#2500,#2501);
#2338=AXIS2_PLACEMENT_3D('',#3061,#2505,#2506);
#2339=AXIS2_PLACEMENT_3D('',#3067,#2510,#2511);
#2340=AXIS2_PLACEMENT_3D('',#3073,#2515,#2516);
#2341=AXIS2_PLACEMENT_3D('',#3079,#2520,#2521);
#2342=AXIS2_PLACEMENT_3D('',#3083,#2524,#2525);
#2343=AXIS2_PLACEMENT_3D('',#3087,#2528,#2529);
#2344=AXIS2_PLACEMENT_3D('',#3099,#2536,#2537);
#2345=AXIS2_PLACEMENT_3D('',#3103,#2540,#2541);
#2346=AXIS2_PLACEMENT_3D('',#3107,#2544,#2545);
#2347=AXIS2_PLACEMENT_3D('',#3111,#2548,#2549);
#2348=AXIS2_PLACEMENT_3D('',#3115,#2552,#2553);
#2349=AXIS2_PLACEMENT_3D('',#3121,#2557,#2558);
#2350=AXIS2_PLACEMENT_3D('',#3125,#2561,#2562);
#2351=AXIS2_PLACEMENT_3D('',#3129,#2565,#2566);
#2352=AXIS2_PLACEMENT_3D('',#3139,#2572,#2573);
#2353=AXIS2_PLACEMENT_3D('',#3141,#2575,#2576);
#2354=AXIS2_PLACEMENT_3D('',#3143,#2578,#2579);
#2355=AXIS2_PLACEMENT_3D('',#3145,#2581,#2582);
#2356=AXIS2_PLACEMENT_3D('',#3149,#2585,#2586);
#2357=AXIS2_PLACEMENT_3D('',#3151,#2588,#2589);
#2358=AXIS2_PLACEMENT_3D('',#3153,#2591,#2592);
#2359=AXIS2_PLACEMENT_3D('',#3155,#2594,#2595);
#2360=AXIS2_PLACEMENT_3D('',#3156,#2596,#2597);
#2361=AXIS2_PLACEMENT_3D('',#3157,#2598,#2599);
#2362=AXIS2_PLACEMENT_3D('',#3158,#2600,#2601);
#2363=AXIS2_PLACEMENT_3D('',#3159,#2602,#2603);
#2364=AXIS2_PLACEMENT_3D('',#3160,#2604,#2605);
#2365=AXIS2_PLACEMENT_3D('',#3195,#2624,#2625);
#2366=AXIS2_PLACEMENT_3D('',#3201,#2629,#2630);
#2367=AXIS2_PLACEMENT_3D('',#3203,#2632,#2633);
#2368=AXIS2_PLACEMENT_3D('',#3205,#2635,#2636);
#2369=AXIS2_PLACEMENT_3D('',#3209,#2639,#2640);
#2370=AXIS2_PLACEMENT_3D('',#3213,#2643,#2644);
#2371=AXIS2_PLACEMENT_3D('',#3215,#2646,#2647);
#2372=AXIS2_PLACEMENT_3D('',#3221,#2651,#2652);
#2373=AXIS2_PLACEMENT_3D('',#3235,#2660,#2661);
#2374=AXIS2_PLACEMENT_3D('',#3301,#2695,#2696);
#2375=AXIS2_PLACEMENT_3D('',#3302,#2697,#2698);
#2376=AXIS2_PLACEMENT_3D('',#3303,#2699,#2700);
#2377=AXIS2_PLACEMENT_3D('',#3314,#2707,#2708);
#2378=AXIS2_PLACEMENT_3D('',#3323,#2714,#2715);
#2379=AXIS2_PLACEMENT_3D('',#3338,#2724,#2725);
#2380=AXIS2_PLACEMENT_3D('',#3342,#2728,#2729);
#2381=AXIS2_PLACEMENT_3D('',#3346,#2732,#2733);
#2382=AXIS2_PLACEMENT_3D('',#3350,#2736,#2737);
#2383=AXIS2_PLACEMENT_3D('',#3352,#2739,#2740);
#2384=AXIS2_PLACEMENT_3D('',#3367,#2749,#2750);
#2385=AXIS2_PLACEMENT_3D('',#3369,#2752,#2753);
#2386=AXIS2_PLACEMENT_3D('',#3371,#2755,#2756);
#2387=AXIS2_PLACEMENT_3D('',#3375,#2759,#2760);
#2388=AXIS2_PLACEMENT_3D('',#3379,#2763,#2764);
#2389=AXIS2_PLACEMENT_3D('',#3416,#2787,#2788);
#2390=AXIS2_PLACEMENT_3D('',#3422,#2792,#2793);
#2391=AXIS2_PLACEMENT_3D('',#3428,#2797,#2798);
#2392=AXIS2_PLACEMENT_3D('',#3436,#2803,#2804);
#2393=AXIS2_PLACEMENT_3D('',#3442,#2808,#2809);
#2394=AXIS2_PLACEMENT_3D('',#3450,#2814,#2815);
#2395=AXIS2_PLACEMENT_3D('',#3452,#2817,#2818);
#2396=AXIS2_PLACEMENT_3D('',#3460,#2823,#2824);
#2397=AXIS2_PLACEMENT_3D('',#3468,#2829,#2830);
#2398=AXIS2_PLACEMENT_3D('',#3476,#2835,#2836);
#2399=AXIS2_PLACEMENT_3D('',#3480,#2839,#2840);
#2400=AXIS2_PLACEMENT_3D('',#3488,#2845,#2846);
#2401=AXIS2_PLACEMENT_3D('',#3489,#2847,#2848);
#2402=AXIS2_PLACEMENT_3D('',#3490,#2849,#2850);
#2403=AXIS2_PLACEMENT_3D('',#3494,#2853,#2854);
#2404=AXIS2_PLACEMENT_3D('',#3500,#2858,#2859);
#2405=AXIS2_PLACEMENT_3D('',#3508,#2864,#2865);
#2406=AXIS2_PLACEMENT_3D('',#3512,#2868,#2869);
#2407=AXIS2_PLACEMENT_3D('',#3514,#2871,#2872);
#2408=AXIS2_PLACEMENT_3D('',#3520,#2876,#2877);
#2409=AXIS2_PLACEMENT_3D('',#3522,#2879,#2880);
#2410=AXIS2_PLACEMENT_3D('',#3524,#2882,#2883);
#2411=AXIS2_PLACEMENT_3D('',#3530,#2887,#2888);
#2412=AXIS2_PLACEMENT_3D('',#3536,#2892,#2893);
#2413=AXIS2_PLACEMENT_3D('',#3542,#2897,#2898);
#2414=AXIS2_PLACEMENT_3D('',#3544,#2900,#2901);
#2415=AXIS2_PLACEMENT_3D('',#3545,#2902,#2903);
#2416=AXIS2_PLACEMENT_3D('',#3546,#2904,#2905);
#2417=AXIS2_PLACEMENT_3D('',#3549,#2908,#2909);
#2418=AXIS2_PLACEMENT_3D('',#3550,#2910,#2911);
#2419=AXIS2_PLACEMENT_3D('',#3551,#2912,#2913);
#2420=AXIS2_PLACEMENT_3D('',#3553,#2915,#2916);
#2421=AXIS2_PLACEMENT_3D('',#3555,#2918,#2919);
#2422=AXIS2_PLACEMENT_3D('',#3556,#2920,#2921);
#2423=AXIS2_PLACEMENT_3D('',#3558,#2923,#2924);
#2424=AXIS2_PLACEMENT_3D('',#3560,#2926,#2927);
#2425=AXIS2_PLACEMENT_3D('',#3562,#2929,#2930);
#2426=AXIS2_PLACEMENT_3D('',#3564,#2932,#2933);
#2427=AXIS2_PLACEMENT_3D('',#3566,#2935,#2936);
#2428=AXIS2_PLACEMENT_3D('',#3568,#2938,#2939);
#2429=AXIS2_PLACEMENT_3D('',#3570,#2941,#2942);
#2430=AXIS2_PLACEMENT_3D('',#3571,#2943,#2944);
#2431=AXIS2_PLACEMENT_3D('',#3573,#2946,#2947);
#2432=AXIS2_PLACEMENT_3D('',#3575,#2949,#2950);
#2433=AXIS2_PLACEMENT_3D('',#3576,#2951,#2952);
#2434=AXIS2_PLACEMENT_3D('',#3578,#2954,#2955);
#2435=AXIS2_PLACEMENT_3D('',#3579,#2956,#2957);
#2436=AXIS2_PLACEMENT_3D('',#3581,#2959,#2960);
#2437=AXIS2_PLACEMENT_3D('',#3582,#2961,#2962);
#2438=AXIS2_PLACEMENT_3D('',#3584,#2964,#2965);
#2439=AXIS2_PLACEMENT_3D('',#3585,#2966,#2967);
#2440=DIRECTION('axis',(0.,0.,1.));
#2441=DIRECTION('refdir',(1.,0.,0.));
#2442=DIRECTION('center_axis',(-2.5616985214154E-29,-1.,-3.66849596069885E-15));
#2443=DIRECTION('ref_axis',(6.98296672221876E-15,-3.66849596069885E-15,
1.));
#2444=DIRECTION('',(1.,0.,-6.98296672221876E-15));
#2445=DIRECTION('',(-6.98296672221876E-15,3.66849596069885E-15,-1.));
#2446=DIRECTION('',(1.,0.,-6.98296672221876E-15));
#2447=DIRECTION('',(-6.98296672221876E-15,3.66849596069885E-15,-1.));
#2448=DIRECTION('center_axis',(-1.,0.,6.98296672221876E-15));
#2449=DIRECTION('ref_axis',(-2.43809121218073E-29,-1.,-3.49148336110938E-15));
#2450=DIRECTION('',(-2.43809121218073E-29,-1.,-3.49148336110938E-15));
#2451=DIRECTION('',(2.43809121218073E-29,1.,3.49148336110938E-15));
#2452=DIRECTION('',(6.96377881247794E-15,0.0740815907895742,0.99725218370585));
#2453=DIRECTION('center_axis',(6.98296672221876E-15,-3.49148336110938E-15,
1.));
#2454=DIRECTION('ref_axis',(2.43809121218073E-29,1.,3.49148336110938E-15));
#2455=DIRECTION('',(-4.13029399042073E-16,1.,3.49148336110939E-15));
#2456=DIRECTION('',(-1.,-1.35525271560688E-16,6.98296672221876E-15));
#2457=DIRECTION('',(-2.43809121218073E-29,-1.,-3.49148336110938E-15));
#2458=DIRECTION('',(1.,1.18584612615602E-16,-6.98296672221876E-15));
#2459=DIRECTION('',(-2.43809121218073E-29,-1.,-3.49148336110938E-15));
#2460=DIRECTION('',(1.,0.,-6.98296672221876E-15));
#2461=DIRECTION('',(-2.43809121218073E-29,-1.,-3.49148336110938E-15));
#2462=DIRECTION('',(1.,0.,-6.98296672221876E-15));
#2463=DIRECTION('',(-2.43809121218073E-29,-1.,-3.49148336110938E-15));
#2464=DIRECTION('',(1.,0.,-6.98296672221876E-15));
#2465=DIRECTION('',(-2.43809121218073E-29,-1.,-3.49148336110938E-15));
#2466=DIRECTION('',(1.,0.,-6.98296672221876E-15));
#2467=DIRECTION('',(-2.43809121218073E-29,-1.,-3.49148336110938E-15));
#2468=DIRECTION('',(1.,0.,-6.98296672221876E-15));
#2469=DIRECTION('',(-2.43809121218073E-29,-1.,-3.49148336110938E-15));
#2470=DIRECTION('',(1.,0.,-6.98296672221876E-15));
#2471=DIRECTION('',(-2.43809121218073E-29,-1.,-3.49148336110938E-15));
#2472=DIRECTION('',(1.,0.,-6.98296672221876E-15));
#2473=DIRECTION('',(-2.43809121218073E-29,-1.,-3.49148336110938E-15));
#2474=DIRECTION('',(1.,0.,-6.98296672221876E-15));
#2475=DIRECTION('',(-2.43809121218073E-29,-1.,-3.49148336110938E-15));
#2476=DIRECTION('',(1.,0.,-6.98296672221876E-15));
#2477=DIRECTION('',(-2.43809121218073E-29,-1.,-3.49148336110938E-15));
#2478=DIRECTION('',(1.,0.,-6.98296672221876E-15));
#2479=DIRECTION('',(-2.43809121218073E-29,-1.,-3.49148336110938E-15));
#2480=DIRECTION('',(1.,0.,-6.98296672221876E-15));
#2481=DIRECTION('center_axis',(-1.,0.,6.98296672221876E-15));
#2482=DIRECTION('ref_axis',(-2.43809121218073E-29,-1.,-3.49148336110938E-15));
#2483=DIRECTION('',(6.96377881247794E-15,0.0740815907895742,0.99725218370585));
#2484=DIRECTION('',(2.43809121218073E-29,1.,3.49148336110938E-15));
#2485=DIRECTION('center_axis',(-6.98296672221876E-15,3.49148336110938E-15,
-1.));
#2486=DIRECTION('ref_axis',(-2.43809121218073E-29,-1.,-3.49148336110938E-15));
#2487=DIRECTION('',(1.,0.,-6.98296672221876E-15));
#2488=DIRECTION('center_axis',(-5.17309283212625E-16,0.99725218370585,-0.0740815907895742));
#2489=DIRECTION('ref_axis',(-6.96377881247795E-15,-0.0740815907895742,-0.99725218370585));
#2490=DIRECTION('center_axis',(-1.,0.,6.98296672221876E-15));
#2491=DIRECTION('ref_axis',(-2.43809121218073E-29,-1.,-3.49148336110938E-15));
#2492=DIRECTION('',(-6.98296672221876E-15,3.66849596069885E-15,-1.));
#2493=DIRECTION('',(6.96377881247794E-15,0.0740815907895742,0.99725218370585));
#2494=DIRECTION('',(2.43809121218073E-29,1.,3.49148336110938E-15));
#2495=DIRECTION('center_axis',(-1.,0.,6.98296672221876E-15));
#2496=DIRECTION('ref_axis',(-2.43809121218073E-29,-1.,-3.49148336110938E-15));
#2497=DIRECTION('',(-6.98296672221876E-15,3.66849596069885E-15,-1.));
#2498=DIRECTION('',(6.96377881247794E-15,0.0740815907895742,0.99725218370585));
#2499=DIRECTION('',(2.43809121218073E-29,1.,3.49148336110938E-15));
#2500=DIRECTION('center_axis',(-1.,0.,6.98296672221876E-15));
#2501=DIRECTION('ref_axis',(-2.43809121218073E-29,-1.,-3.49148336110938E-15));
#2502=DIRECTION('',(-6.98296672221876E-15,3.66849596069885E-15,-1.));
#2503=DIRECTION('',(2.43809121218073E-29,1.,3.49148336110938E-15));
#2504=DIRECTION('',(6.96377881247794E-15,0.0740815907895742,0.99725218370585));
#2505=DIRECTION('center_axis',(-1.,0.,6.98296672221876E-15));
#2506=DIRECTION('ref_axis',(-2.43809121218073E-29,-1.,-3.49148336110938E-15));
#2507=DIRECTION('',(-6.98296672221876E-15,3.66849596069885E-15,-1.));
#2508=DIRECTION('',(6.96377881247794E-15,0.0740815907895742,0.99725218370585));
#2509=DIRECTION('',(2.43809121218073E-29,1.,3.49148336110938E-15));
#2510=DIRECTION('center_axis',(-5.17309283212625E-16,0.99725218370585,-0.0740815907895742));
#2511=DIRECTION('ref_axis',(-6.96377881247795E-15,-0.0740815907895742,-0.99725218370585));
#2512=DIRECTION('',(6.96377881247794E-15,0.0740815907895742,0.99725218370585));
#2513=DIRECTION('',(1.,0.,-6.98296672221876E-15));
#2514=DIRECTION('',(6.96377881247794E-15,0.0740815907895742,0.99725218370585));
#2515=DIRECTION('center_axis',(1.18584612615578E-16,-1.,-3.49148336110938E-15));
#2516=DIRECTION('ref_axis',(1.,1.18584612615602E-16,-6.98296672221876E-15));
#2517=DIRECTION('',(1.,1.18584612615602E-16,-6.98296672221876E-15));
#2518=DIRECTION('',(7.08500927962916E-15,-3.49148336110938E-15,1.));
#2519=DIRECTION('',(7.08500927962916E-15,-3.49148336110938E-15,1.));
#2520=DIRECTION('center_axis',(-2.5616985214154E-29,-1.,-3.66849596069885E-15));
#2521=DIRECTION('ref_axis',(6.98296672221876E-15,-3.66849596069885E-15,
1.));
#2522=DIRECTION('',(1.,0.,-6.98296672221876E-15));
#2523=DIRECTION('',(-6.98296672221876E-15,3.66849596069885E-15,-1.));
#2524=DIRECTION('center_axis',(-1.,0.,6.98296672221876E-15));
#2525=DIRECTION('ref_axis',(-2.43809121218073E-29,-1.,-3.49148336110938E-15));
#2526=DIRECTION('',(2.43809121218073E-29,1.,3.49148336110938E-15));
#2527=DIRECTION('',(6.96377881247794E-15,0.0740815907895742,0.99725218370585));
#2528=DIRECTION('center_axis',(1.,4.13029399042097E-16,-7.08500927962916E-15));
#2529=DIRECTION('ref_axis',(-4.13029399042072E-16,1.,3.49148336110938E-15));
#2530=DIRECTION('',(-2.43809121218073E-29,-1.,-3.49148336110938E-15));
#2531=DIRECTION('',(7.08500927962916E-15,-3.49148336110938E-15,1.));
#2532=DIRECTION('',(-4.13029399042073E-16,1.,3.49148336110939E-15));
#2533=DIRECTION('',(7.08500927962916E-15,-3.49148336110938E-15,1.));
#2534=DIRECTION('',(-4.13029399042073E-16,1.,3.49148336110939E-15));
#2535=DIRECTION('',(7.08500927962916E-15,-3.49148336110938E-15,1.));
#2536=DIRECTION('center_axis',(-2.5616985214154E-29,-1.,-3.66849596069885E-15));
#2537=DIRECTION('ref_axis',(6.98296672221876E-15,-3.66849596069885E-15,
1.));
#2538=DIRECTION('',(1.,0.,-6.98296672221876E-15));
#2539=DIRECTION('',(-6.98296672221876E-15,3.66849596069885E-15,-1.));
#2540=DIRECTION('center_axis',(-1.,0.,6.98296672221876E-15));
#2541=DIRECTION('ref_axis',(-2.43809121218073E-29,-1.,-3.49148336110938E-15));
#2542=DIRECTION('',(2.43809121218073E-29,1.,3.49148336110938E-15));
#2543=DIRECTION('',(6.96377881247794E-15,0.0740815907895742,0.99725218370585));
#2544=DIRECTION('center_axis',(-2.5616985214154E-29,-1.,-3.66849596069885E-15));
#2545=DIRECTION('ref_axis',(6.98296672221876E-15,-3.66849596069885E-15,
1.));
#2546=DIRECTION('',(-6.98296672221876E-15,3.66849596069885E-15,-1.));
#2547=DIRECTION('',(1.,0.,-6.98296672221876E-15));
#2548=DIRECTION('center_axis',(-5.17309283212625E-16,0.99725218370585,-0.0740815907895742));
#2549=DIRECTION('ref_axis',(-6.96377881247795E-15,-0.0740815907895742,-0.99725218370585));
#2550=DIRECTION('',(1.,0.,-6.98296672221876E-15));
#2551=DIRECTION('',(6.96377881247794E-15,0.0740815907895742,0.99725218370585));
#2552=DIRECTION('center_axis',(-1.,0.,6.98296672221876E-15));
#2553=DIRECTION('ref_axis',(-2.43809121218073E-29,-1.,-3.49148336110938E-15));
#2554=DIRECTION('',(-6.98296672221876E-15,3.66849596069885E-15,-1.));
#2555=DIRECTION('',(2.43809121218073E-29,1.,3.49148336110938E-15));
#2556=DIRECTION('',(6.96377881247794E-15,0.0740815907895742,0.99725218370585));
#2557=DIRECTION('center_axis',(-1.,0.,6.98296672221876E-15));
#2558=DIRECTION('ref_axis',(-2.43809121218073E-29,-1.,-3.49148336110938E-15));
#2559=DIRECTION('',(-6.98296672221876E-15,3.66849596069885E-15,-1.));
#2560=DIRECTION('',(2.43809121218073E-29,1.,3.49148336110938E-15));
#2561=DIRECTION('center_axis',(-1.35525271560664E-16,1.,3.49148336110938E-15));
#2562=DIRECTION('ref_axis',(-1.,-1.35525271560688E-16,6.98296672221876E-15));
#2563=DIRECTION('',(-1.,-1.35525271560688E-16,6.98296672221876E-15));
#2564=DIRECTION('',(7.08500927962916E-15,-3.49148336110938E-15,1.));
#2565=DIRECTION('center_axis',(-1.,-3.5627989132346E-31,7.08500927962916E-15));
#2566=DIRECTION('ref_axis',(7.08500927962916E-15,-3.49148336110938E-15,
1.));
#2567=DIRECTION('',(-2.43809121218073E-29,-1.,-3.49148336110938E-15));
#2568=DIRECTION('',(7.08500927962916E-15,-3.49148336110938E-15,1.));
#2569=DIRECTION('',(-1.44560289664731E-15,1.,3.49148336110939E-15));
#2570=DIRECTION('',(7.08500927962916E-15,-3.49148336110938E-15,1.));
#2571=DIRECTION('',(-2.43809121218073E-29,-1.,-3.49148336110938E-15));
#2572=DIRECTION('center_axis',(-1.,0.,6.98296672221876E-15));
#2573=DIRECTION('ref_axis',(-2.43809121218073E-29,-1.,-3.49148336110938E-15));
#2574=DIRECTION('',(2.43809121218073E-29,1.,3.49148336110938E-15));
#2575=DIRECTION('center_axis',(-5.17309283212625E-16,0.99725218370585,-0.0740815907895742));
#2576=DIRECTION('ref_axis',(-6.96377881247795E-15,-0.0740815907895742,-0.99725218370585));
#2577=DIRECTION('',(1.,0.,-6.98296672221876E-15));
#2578=DIRECTION('center_axis',(-2.5616985214154E-29,-1.,-3.66849596069885E-15));
#2579=DIRECTION('ref_axis',(6.98296672221876E-15,-3.66849596069885E-15,
1.));
#2580=DIRECTION('',(1.,0.,-6.98296672221876E-15));
#2581=DIRECTION('center_axis',(-2.5616985214154E-29,-1.,-3.66849596069885E-15));
#2582=DIRECTION('ref_axis',(6.98296672221876E-15,-3.66849596069885E-15,
1.));
#2583=DIRECTION('',(1.,0.,-6.98296672221876E-15));
#2584=DIRECTION('',(-6.98296672221876E-15,3.66849596069885E-15,-1.));
#2585=DIRECTION('center_axis',(-1.,0.,6.98296672221876E-15));
#2586=DIRECTION('ref_axis',(-2.43809121218073E-29,-1.,-3.49148336110938E-15));
#2587=DIRECTION('',(2.43809121218073E-29,1.,3.49148336110938E-15));
#2588=DIRECTION('center_axis',(-5.17309283212625E-16,0.99725218370585,-0.0740815907895742));
#2589=DIRECTION('ref_axis',(-6.96377881247795E-15,-0.0740815907895742,-0.99725218370585));
#2590=DIRECTION('',(1.,0.,-6.98296672221876E-15));
#2591=DIRECTION('center_axis',(-5.17309283212625E-16,0.99725218370585,-0.0740815907895742));
#2592=DIRECTION('ref_axis',(-6.96377881247795E-15,-0.0740815907895742,-0.99725218370585));
#2593=DIRECTION('',(1.,0.,-6.98296672221876E-15));
#2594=DIRECTION('center_axis',(-6.98296672221876E-15,3.49148336110938E-15,
-1.));
#2595=DIRECTION('ref_axis',(-2.43809121218073E-29,-1.,-3.49148336110938E-15));
#2596=DIRECTION('center_axis',(-6.98296672221876E-15,3.49148336110938E-15,
-1.));
#2597=DIRECTION('ref_axis',(-2.43809121218073E-29,-1.,-3.49148336110938E-15));
#2598=DIRECTION('center_axis',(-6.98296672221876E-15,3.49148336110938E-15,
-1.));
#2599=DIRECTION('ref_axis',(-2.43809121218073E-29,-1.,-3.49148336110938E-15));
#2600=DIRECTION('center_axis',(-6.98296672221876E-15,3.49148336110938E-15,
-1.));
#2601=DIRECTION('ref_axis',(-2.43809121218073E-29,-1.,-3.49148336110938E-15));
#2602=DIRECTION('center_axis',(-6.98296672221876E-15,3.49148336110938E-15,
-1.));
#2603=DIRECTION('ref_axis',(-2.43809121218073E-29,-1.,-3.49148336110938E-15));
#2604=DIRECTION('center_axis',(-7.09138693946731E-15,3.49148336110938E-15,
-1.));
#2605=DIRECTION('ref_axis',(-1.,-3.78547384531178E-31,7.09138693946732E-15));
#2606=DIRECTION('',(-1.,0.,6.98296672221876E-15));
#2607=DIRECTION('',(-2.43809121218073E-29,-1.,-3.49148336110938E-15));
#2608=DIRECTION('',(1.,0.,-6.98296672221876E-15));
#2609=DIRECTION('',(-2.43809121218073E-29,-1.,-3.49148336110938E-15));
#2610=DIRECTION('',(1.,3.78547384531178E-31,-7.09138693946731E-15));
#2611=DIRECTION('',(-2.43809121218073E-29,-1.,-3.49148336110938E-15));
#2612=DIRECTION('',(-1.,0.,6.98296672221876E-15));
#2613=DIRECTION('',(-2.43809121218073E-29,-1.,-3.49148336110938E-15));
#2614=DIRECTION('',(1.,0.,-6.98296672221876E-15));
#2615=DIRECTION('',(-2.43809121218073E-29,-1.,-3.49148336110938E-15));
#2616=DIRECTION('',(1.,3.78547384531178E-31,-7.09138693946731E-15));
#2617=DIRECTION('',(-2.43809121218073E-29,-1.,-3.49148336110938E-15));
#2618=DIRECTION('',(1.44560289664731E-15,-1.,-3.49148336110939E-15));
#2619=DIRECTION('',(-1.,0.,6.98296672221876E-15));
#2620=DIRECTION('',(-1.,0.,6.98296672221876E-15));
#2621=DIRECTION('',(2.43809121218073E-29,1.,3.49148336110938E-15));
#2622=DIRECTION('',(1.,0.,-6.98296672221876E-15));
#2623=DIRECTION('',(1.,0.,-6.98296672221876E-15));
#2624=DIRECTION('center_axis',(6.98296672221876E-15,-3.49148336110938E-15,
1.));
#2625=DIRECTION('ref_axis',(2.43809121218073E-29,1.,3.49148336110938E-15));
#2626=DIRECTION('',(1.,0.,-6.98296672221876E-15));
#2627=DIRECTION('',(2.43809121218073E-29,1.,3.49148336110938E-15));
#2628=DIRECTION('',(-1.,0.,6.98296672221876E-15));
#2629=DIRECTION('center_axis',(-2.43809121218073E-29,-1.,-3.49148336110938E-15));
#2630=DIRECTION('ref_axis',(1.,0.,-6.98296672221876E-15));
#2631=DIRECTION('',(7.08500927962916E-15,-3.49148336110938E-15,1.));
#2632=DIRECTION('center_axis',(2.43809121218073E-29,1.,3.49148336110938E-15));
#2633=DIRECTION('ref_axis',(-1.,0.,6.98296672221876E-15));
#2634=DIRECTION('',(7.08500927962916E-15,-3.49148336110938E-15,1.));
#2635=DIRECTION('center_axis',(-2.43809121218073E-29,-1.,-3.49148336110938E-15));
#2636=DIRECTION('ref_axis',(1.,0.,-6.98296672221876E-15));
#2637=DIRECTION('',(1.,0.,-6.98296672221876E-15));
#2638=DIRECTION('',(7.08500927962916E-15,-3.49148336110938E-15,1.));
#2639=DIRECTION('center_axis',(6.98296672221876E-15,-3.49148336110938E-15,
1.));
#2640=DIRECTION('ref_axis',(2.43809121218073E-29,1.,3.49148336110938E-15));
#2641=DIRECTION('',(-1.,0.,6.98296672221876E-15));
#2642=DIRECTION('',(1.44560289664731E-15,-1.,-3.49148336110939E-15));
#2643=DIRECTION('center_axis',(2.43809121218073E-29,1.,3.49148336110938E-15));
#2644=DIRECTION('ref_axis',(-1.,0.,6.98296672221876E-15));
#2645=DIRECTION('',(7.08500927962916E-15,-3.49148336110938E-15,1.));
#2646=DIRECTION('center_axis',(2.13525330455579E-29,1.,3.05780249211518E-15));
#2647=DIRECTION('ref_axis',(-6.98296672221876E-15,3.05780249211518E-15,
-1.));
#2648=DIRECTION('',(6.98296672221876E-15,-3.49148336110938E-15,1.));
#2649=DIRECTION('',(1.,0.,-6.98296672221876E-15));
#2650=DIRECTION('',(6.98296672221876E-15,-3.05780249211518E-15,1.));
#2651=DIRECTION('center_axis',(-2.43809121218073E-29,-1.,-3.49148336110938E-15));
#2652=DIRECTION('ref_axis',(1.,0.,-6.98296672221876E-15));
#2653=DIRECTION('',(-1.,0.,6.98296672221876E-15));
#2654=DIRECTION('',(7.39113695186037E-15,-3.49148336110938E-15,1.));
#2655=DIRECTION('',(-6.98296672221876E-15,3.49148336110938E-15,-1.));
#2656=DIRECTION('',(1.,0.,-6.98296672221876E-15));
#2657=DIRECTION('',(6.98296672221876E-15,-3.49148336110938E-15,1.));
#2658=DIRECTION('',(-1.,-4.27569270827966E-31,7.105427357601E-15));
#2659=DIRECTION('',(6.98296672221876E-15,-3.49148336110938E-15,1.));
#2660=DIRECTION('center_axis',(-2.43809121218073E-29,-1.,-3.49148336110938E-15));
#2661=DIRECTION('ref_axis',(1.,0.,-6.98296672221876E-15));
#2662=DIRECTION('',(-6.98296672221876E-15,3.49148336110938E-15,-1.));
#2663=DIRECTION('',(1.,0.,-6.98296672221876E-15));
#2664=DIRECTION('',(-6.98296672221876E-15,3.49148336110938E-15,-1.));
#2665=DIRECTION('',(-1.,-4.27569270827966E-31,7.105427357601E-15));
#2666=DIRECTION('',(-6.98296672221876E-15,3.49148336110938E-15,-1.));
#2667=DIRECTION('',(1.,0.,-6.98296672221876E-15));
#2668=DIRECTION('',(1.,0.,-6.98296672221876E-15));
#2669=DIRECTION('',(-6.98296672221876E-15,3.49148336110938E-15,-1.));
#2670=DIRECTION('',(-6.98296672221876E-15,3.49148336110938E-15,-1.));
#2671=DIRECTION('',(-1.,0.,6.98296672221876E-15));
#2672=DIRECTION('',(-1.,0.,6.98296672221876E-15));
#2673=DIRECTION('',(7.39113695186037E-15,-3.49148336110938E-15,1.));
#2674=DIRECTION('',(-1.,-4.27569270827966E-31,7.105427357601E-15));
#2675=DIRECTION('',(-6.98296672221876E-15,3.49148336110938E-15,-1.));
#2676=DIRECTION('',(1.,0.,-6.98296672221876E-15));
#2677=DIRECTION('',(-6.98296672221876E-15,3.49148336110938E-15,-1.));
#2678=DIRECTION('',(-1.,-4.27569270827966E-31,7.105427357601E-15));
#2679=DIRECTION('',(-6.98296672221876E-15,3.49148336110938E-15,-1.));
#2680=DIRECTION('',(1.,0.,-6.98296672221876E-15));
#2681=DIRECTION('',(-6.98296672221876E-15,3.49148336110938E-15,-1.));
#2682=DIRECTION('',(-1.,-4.27569270827966E-31,7.105427357601E-15));
#2683=DIRECTION('',(-6.98296672221876E-15,3.49148336110938E-15,-1.));
#2684=DIRECTION('',(1.,0.,-6.98296672221876E-15));
#2685=DIRECTION('',(-6.98296672221876E-15,3.49148336110938E-15,-1.));
#2686=DIRECTION('',(-1.,-4.27569270827966E-31,7.105427357601E-15));
#2687=DIRECTION('',(-6.98296672221876E-15,3.49148336110938E-15,-1.));
#2688=DIRECTION('',(1.,0.,-6.98296672221876E-15));
#2689=DIRECTION('',(-6.98296672221876E-15,3.49148336110938E-15,-1.));
#2690=DIRECTION('',(-1.,-4.27569270827966E-31,7.105427357601E-15));
#2691=DIRECTION('',(-6.98296672221876E-15,3.49148336110938E-15,-1.));
#2692=DIRECTION('',(1.,0.,-6.98296672221876E-15));
#2693=DIRECTION('',(-6.98296672221876E-15,3.49148336110938E-15,-1.));
#2694=DIRECTION('',(-1.,-4.27569270827966E-31,7.105427357601E-15));
#2695=DIRECTION('center_axis',(1.,3.5627989132346E-31,-7.08500927962916E-15));
#2696=DIRECTION('ref_axis',(-7.08500927962916E-15,3.49148336110938E-15,
-1.));
#2697=DIRECTION('center_axis',(-1.,-1.44560289664734E-15,7.08500927962916E-15));
#2698=DIRECTION('ref_axis',(1.44560289664731E-15,-1.,-3.49148336110939E-15));
#2699=DIRECTION('center_axis',(-1.,0.,6.98296672221876E-15));
#2700=DIRECTION('ref_axis',(2.43809121218073E-29,1.,3.49148336110938E-15));
#2701=DIRECTION('',(6.98296672221876E-15,-3.49148336110938E-15,1.));
#2702=DIRECTION('',(2.43809121218073E-29,1.,3.49148336110938E-15));
#2703=DIRECTION('',(2.43809121218073E-29,1.,3.49148336110938E-15));
#2704=DIRECTION('',(-6.98296672221876E-15,3.613456105514E-15,-1.));
#2705=DIRECTION('',(6.98296672221876E-15,-3.49148336110938E-15,1.));
#2706=DIRECTION('',(2.43809121218073E-29,1.,3.49148336110938E-15));
#2707=DIRECTION('center_axis',(1.,0.,-6.98296672221876E-15));
#2708=DIRECTION('ref_axis',(2.43809121218073E-29,1.,3.49148336110938E-15));
#2709=DIRECTION('',(2.43809121218073E-29,1.,3.49148336110938E-15));
#2710=DIRECTION('',(-6.98296672221876E-15,3.613456105514E-15,-1.));
#2711=DIRECTION('',(2.43809121218073E-29,1.,3.49148336110938E-15));
#2712=DIRECTION('',(-2.43809121218073E-29,-1.,-3.49148336110938E-15));
#2713=DIRECTION('',(6.98296672221876E-15,-3.49148336110938E-15,1.));
#2714=DIRECTION('center_axis',(-1.,0.,6.98296672221876E-15));
#2715=DIRECTION('ref_axis',(-2.43809121218073E-29,-1.,-3.49148336110938E-15));
#2716=DIRECTION('',(-6.98296672221876E-15,3.49148336110938E-15,-1.));
#2717=DIRECTION('',(-3.49148336110939E-15,-0.866025403784438,-0.500000000000001));
#2718=DIRECTION('',(2.43809121218073E-29,1.,3.49148336110938E-15));
#2719=DIRECTION('',(6.98296672221876E-15,-3.59990357835793E-15,1.));
#2720=DIRECTION('',(2.43809121218073E-29,1.,3.49148336110938E-15));
#2721=DIRECTION('',(-2.43809121218073E-29,-1.,-3.49148336110938E-15));
#2722=DIRECTION('',(-6.98296672221876E-15,3.49148336110938E-15,-1.));
#2723=DIRECTION('',(-2.51380068908697E-29,-1.,-3.59990357835793E-15));
#2724=DIRECTION('center_axis',(-2.52326437370025E-29,-1.,-3.613456105514E-15));
#2725=DIRECTION('ref_axis',(6.98296672221876E-15,-3.613456105514E-15,1.));
#2726=DIRECTION('',(-6.98296672221876E-15,3.613456105514E-15,-1.));
#2727=DIRECTION('',(1.,0.,-6.98296672221876E-15));
#2728=DIRECTION('center_axis',(1.,0.,-6.98296672221876E-15));
#2729=DIRECTION('ref_axis',(2.43809121218073E-29,1.,3.49148336110938E-15));
#2730=DIRECTION('',(2.43809121218073E-29,1.,3.49148336110938E-15));
#2731=DIRECTION('',(-6.98296672221876E-15,3.613456105514E-15,-1.));
#2732=DIRECTION('center_axis',(-2.13525330455579E-29,-1.,-3.05780249211518E-15));
#2733=DIRECTION('ref_axis',(6.98296672221876E-15,-3.05780249211518E-15,
1.));
#2734=DIRECTION('',(6.98296672221876E-15,-3.05780249211518E-15,1.));
#2735=DIRECTION('',(-1.,0.,6.98296672221876E-15));
#2736=DIRECTION('center_axis',(-1.,0.,6.98296672221876E-15));
#2737=DIRECTION('ref_axis',(2.43809121218073E-29,1.,3.49148336110938E-15));
#2738=DIRECTION('',(2.43809121218073E-29,1.,3.49148336110938E-15));
#2739=DIRECTION('center_axis',(1.,1.42511956529385E-30,-7.39113695186037E-15));
#2740=DIRECTION('ref_axis',(-7.39113695186037E-15,3.49148336110938E-15,
-1.));
#2741=DIRECTION('',(-6.98296672221876E-15,3.49148336110938E-15,-1.));
#2742=DIRECTION('',(-2.43809121218073E-29,-1.,-3.49148336110938E-15));
#2743=DIRECTION('',(2.43809121218073E-29,1.,3.49148336110938E-15));
#2744=DIRECTION('',(6.98296672221876E-15,-3.59990357835793E-15,1.));
#2745=DIRECTION('',(2.43809121218073E-29,1.,3.49148336110938E-15));
#2746=DIRECTION('',(-3.49148336110939E-15,-0.866025403784438,-0.500000000000001));
#2747=DIRECTION('',(-6.98296672221876E-15,3.49148336110938E-15,-1.));
#2748=DIRECTION('',(-2.51380068908697E-29,-1.,-3.59990357835793E-15));
#2749=DIRECTION('center_axis',(2.52326437370025E-29,1.,3.613456105514E-15));
#2750=DIRECTION('ref_axis',(-6.98296672221876E-15,3.613456105514E-15,-1.));
#2751=DIRECTION('',(-1.,0.,6.98296672221876E-15));
#2752=DIRECTION('center_axis',(-6.98296672221876E-15,3.49148336110938E-15,
-1.));
#2753=DIRECTION('ref_axis',(-2.43809121218073E-29,-1.,-3.49148336110938E-15));
#2754=DIRECTION('',(1.,0.,-6.98296672221876E-15));
#2755=DIRECTION('center_axis',(6.0474265752228E-15,-0.500000000000001,0.866025403784438));
#2756=DIRECTION('ref_axis',(3.49148336110939E-15,0.866025403784438,0.500000000000001));
#2757=DIRECTION('',(1.,0.,-6.98296672221876E-15));
#2758=DIRECTION('',(-3.49148336110939E-15,-0.866025403784438,-0.500000000000001));
#2759=DIRECTION('center_axis',(-6.0474265752228E-15,0.500000000000001,-0.866025403784438));
#2760=DIRECTION('ref_axis',(-3.49148336110939E-15,-0.866025403784438,-0.500000000000001));
#2761=DIRECTION('',(-3.49148336110939E-15,-0.866025403784438,-0.500000000000001));
#2762=DIRECTION('',(-1.,0.,6.98296672221876E-15));
#2763=DIRECTION('center_axis',(7.105427357601E-15,-3.49148336110938E-15,
1.));
#2764=DIRECTION('ref_axis',(1.,4.27569270827966E-31,-7.105427357601E-15));
#2765=DIRECTION('',(1.,0.,-6.98296672221876E-15));
#2766=DIRECTION('',(-2.43809121218073E-29,-1.,-3.49148336110938E-15));
#2767=DIRECTION('',(-2.43809121218073E-29,-1.,-3.49148336110938E-15));
#2768=DIRECTION('',(1.,0.,-6.98296672221876E-15));
#2769=DIRECTION('',(-2.43809121218073E-29,-1.,-3.49148336110938E-15));
#2770=DIRECTION('',(-2.43809121218073E-29,-1.,-3.49148336110938E-15));
#2771=DIRECTION('',(1.,0.,-6.98296672221876E-15));
#2772=DIRECTION('',(-2.43809121218073E-29,-1.,-3.49148336110938E-15));
#2773=DIRECTION('',(-2.43809121218073E-29,-1.,-3.49148336110938E-15));
#2774=DIRECTION('',(1.,0.,-6.98296672221876E-15));
#2775=DIRECTION('',(-2.43809121218073E-29,-1.,-3.49148336110938E-15));
#2776=DIRECTION('',(-2.43809121218073E-29,-1.,-3.49148336110938E-15));
#2777=DIRECTION('',(1.,0.,-6.98296672221876E-15));
#2778=DIRECTION('',(-2.43809121218073E-29,-1.,-3.49148336110938E-15));
#2779=DIRECTION('',(-2.43809121218073E-29,-1.,-3.49148336110938E-15));
#2780=DIRECTION('',(1.,0.,-6.98296672221876E-15));
#2781=DIRECTION('',(-2.43809121218073E-29,-1.,-3.49148336110938E-15));
#2782=DIRECTION('',(-1.,0.,6.98296672221876E-15));
#2783=DIRECTION('',(2.40524298030296E-29,1.,3.44444285070102E-15));
#2784=DIRECTION('',(2.43809121218073E-29,1.,3.49148336110938E-15));
#2785=DIRECTION('',(1.,0.,-6.98296672221876E-15));
#2786=DIRECTION('',(-2.43809121218073E-29,-1.,-3.49148336110938E-15));
#2787=DIRECTION('center_axis',(1.,0.,-6.98296672221876E-15));
#2788=DIRECTION('ref_axis',(-2.43809121218073E-29,-1.,-3.49148336110938E-15));
#2789=DIRECTION('',(-6.98296672221876E-15,3.49148336110938E-15,-1.));
#2790=DIRECTION('',(-6.98296672221876E-15,3.49148336110938E-15,-1.));
#2791=DIRECTION('',(-2.51380068908697E-29,-1.,-3.59990357835793E-15));
#2792=DIRECTION('center_axis',(-1.,0.,6.98296672221876E-15));
#2793=DIRECTION('ref_axis',(-2.43809121218073E-29,-1.,-3.49148336110938E-15));
#2794=DIRECTION('',(-6.98296672221876E-15,3.49148336110938E-15,-1.));
#2795=DIRECTION('',(-2.51380068908697E-29,-1.,-3.59990357835793E-15));
#2796=DIRECTION('',(-6.98296672221876E-15,3.49148336110938E-15,-1.));
#2797=DIRECTION('center_axis',(-1.,0.,6.98296672221876E-15));
#2798=DIRECTION('ref_axis',(-2.43809121218073E-29,-1.,-3.49148336110938E-15));
#2799=DIRECTION('',(-6.98296672221876E-15,3.56892637342978E-15,-1.));
#2800=DIRECTION('',(2.37499998142554E-29,1.,3.40113318006892E-15));
#2801=DIRECTION('',(6.98296672221876E-15,-3.38136907796632E-15,1.));
#2802=DIRECTION('',(-4.33082813483662E-29,-1.,-6.20198879232314E-15));
#2803=DIRECTION('center_axis',(-6.98296672221876E-15,3.40113318006892E-15,
-1.));
#2804=DIRECTION('ref_axis',(-2.37499998142554E-29,-1.,-3.40113318006892E-15));
#2805=DIRECTION('',(2.37499998142554E-29,1.,3.40113318006892E-15));
#2806=DIRECTION('',(1.,0.,-6.98296672221876E-15));
#2807=DIRECTION('',(2.37499998142554E-29,1.,3.40113318006892E-15));
#2808=DIRECTION('center_axis',(-1.,0.,6.98296672221876E-15));
#2809=DIRECTION('ref_axis',(-2.43809121218073E-29,-1.,-3.49148336110938E-15));
#2810=DIRECTION('',(-6.98296672221876E-15,3.56892637342978E-15,-1.));
#2811=DIRECTION('',(-4.33082813483662E-29,-1.,-6.20198879232314E-15));
#2812=DIRECTION('',(6.98296672221876E-15,-3.38136907796632E-15,1.));
#2813=DIRECTION('',(2.37499998142554E-29,1.,3.40113318006892E-15));
#2814=DIRECTION('center_axis',(-6.98296672221876E-15,3.49148336110938E-15,
-1.));
#2815=DIRECTION('ref_axis',(-2.43809121218073E-29,-1.,-3.49148336110938E-15));
#2816=DIRECTION('',(1.,0.,-6.98296672221876E-15));
#2817=DIRECTION('center_axis',(-1.,0.,6.98296672221876E-15));
#2818=DIRECTION('ref_axis',(-2.43809121218073E-29,-1.,-3.49148336110938E-15));
#2819=DIRECTION('',(-6.98296672221876E-15,3.56892637342978E-15,-1.));
#2820=DIRECTION('',(-4.33082813483662E-29,-1.,-6.20198879232314E-15));
#2821=DIRECTION('',(6.98296672221876E-15,-3.38136907796632E-15,1.));
#2822=DIRECTION('',(2.37499998142554E-29,1.,3.40113318006892E-15));
#2823=DIRECTION('center_axis',(-1.,0.,6.98296672221876E-15));
#2824=DIRECTION('ref_axis',(-2.43809121218073E-29,-1.,-3.49148336110938E-15));
#2825=DIRECTION('',(-6.98296672221876E-15,3.56892637342978E-15,-1.));
#2826=DIRECTION('',(2.37499998142554E-29,1.,3.40113318006892E-15));
#2827=DIRECTION('',(6.98296672221876E-15,-3.38136907796632E-15,1.));
#2828=DIRECTION('',(-4.33082813483662E-29,-1.,-6.20198879232314E-15));
#2829=DIRECTION('center_axis',(-1.,0.,6.98296672221876E-15));
#2830=DIRECTION('ref_axis',(-2.43809121218073E-29,-1.,-3.49148336110938E-15));
#2831=DIRECTION('',(-6.98296672221876E-15,3.56892637342978E-15,-1.));
#2832=DIRECTION('',(-4.33082813483662E-29,-1.,-6.20198879232314E-15));
#2833=DIRECTION('',(6.98296672221876E-15,-3.38136907796632E-15,1.));
#2834=DIRECTION('',(2.37499998142554E-29,1.,3.40113318006892E-15));
#2835=DIRECTION('center_axis',(-6.98296672221876E-15,3.40113318006892E-15,
-1.));
#2836=DIRECTION('ref_axis',(-2.37499998142554E-29,-1.,-3.40113318006892E-15));
#2837=DIRECTION('',(1.,0.,-6.98296672221876E-15));
#2838=DIRECTION('',(2.37499998142554E-29,1.,3.40113318006892E-15));
#2839=DIRECTION('center_axis',(-1.,0.,6.98296672221876E-15));
#2840=DIRECTION('ref_axis',(-2.43809121218073E-29,-1.,-3.49148336110938E-15));
#2841=DIRECTION('',(-6.98296672221876E-15,3.56892637342978E-15,-1.));
#2842=DIRECTION('',(2.37499998142554E-29,1.,3.40113318006892E-15));
#2843=DIRECTION('',(6.98296672221876E-15,-3.38136907796632E-15,1.));
#2844=DIRECTION('',(-4.33082813483662E-29,-1.,-6.20198879232314E-15));
#2845=DIRECTION('center_axis',(-6.98296672221876E-15,3.49148336110938E-15,
-1.));
#2846=DIRECTION('ref_axis',(-2.43809121218073E-29,-1.,-3.49148336110938E-15));
#2847=DIRECTION('center_axis',(6.98296672221876E-15,-3.49148336110938E-15,
1.));
#2848=DIRECTION('ref_axis',(2.43809121218073E-29,1.,3.49148336110938E-15));
#2849=DIRECTION('center_axis',(-6.98296672221876E-15,3.40113318006892E-15,
-1.));
#2850=DIRECTION('ref_axis',(-2.37499998142554E-29,-1.,-3.40113318006892E-15));
#2851=DIRECTION('',(2.37499998142554E-29,1.,3.40113318006892E-15));
#2852=DIRECTION('',(1.,0.,-6.98296672221876E-15));
#2853=DIRECTION('center_axis',(-1.,0.,6.98296672221876E-15));
#2854=DIRECTION('ref_axis',(-2.43809121218073E-29,-1.,-3.49148336110938E-15));
#2855=DIRECTION('',(-6.98296672221876E-15,3.56892637342978E-15,-1.));
#2856=DIRECTION('',(-4.33082813483662E-29,-1.,-6.20198879232314E-15));
#2857=DIRECTION('',(6.98296672221876E-15,-3.38136907796632E-15,1.));
#2858=DIRECTION('center_axis',(-1.,0.,6.98296672221876E-15));
#2859=DIRECTION('ref_axis',(-2.43809121218073E-29,-1.,-3.49148336110938E-15));
#2860=DIRECTION('',(-6.98296672221876E-15,3.56892637342978E-15,-1.));
#2861=DIRECTION('',(2.37499998142554E-29,1.,3.40113318006892E-15));
#2862=DIRECTION('',(6.98296672221876E-15,-3.38136907796632E-15,1.));
#2863=DIRECTION('',(-4.33082813483662E-29,-1.,-6.20198879232314E-15));
#2864=DIRECTION('center_axis',(-6.98296672221876E-15,3.40113318006892E-15,
-1.));
#2865=DIRECTION('ref_axis',(-2.37499998142554E-29,-1.,-3.40113318006892E-15));
#2866=DIRECTION('',(2.37499998142554E-29,1.,3.40113318006892E-15));
#2867=DIRECTION('',(1.,0.,-6.98296672221876E-15));
#2868=DIRECTION('center_axis',(6.98296672221876E-15,-3.49148336110938E-15,
1.));
#2869=DIRECTION('ref_axis',(2.43809121218073E-29,1.,3.49148336110938E-15));
#2870=DIRECTION('',(-1.,0.,6.98296672221876E-15));
#2871=DIRECTION('center_axis',(-1.,0.,6.98296672221876E-15));
#2872=DIRECTION('ref_axis',(-2.43809121218073E-29,-1.,-3.49148336110938E-15));
#2873=DIRECTION('',(-6.98296672221876E-15,3.56892637342978E-15,-1.));
#2874=DIRECTION('',(-4.33082813483662E-29,-1.,-6.20198879232314E-15));
#2875=DIRECTION('',(6.98296672221876E-15,-3.38136907796632E-15,1.));
#2876=DIRECTION('center_axis',(-6.98296672221876E-15,3.40113318006892E-15,
-1.));
#2877=DIRECTION('ref_axis',(-2.37499998142554E-29,-1.,-3.40113318006892E-15));
#2878=DIRECTION('',(1.,0.,-6.98296672221876E-15));
#2879=DIRECTION('center_axis',(-6.98296672221876E-15,3.40113318006892E-15,
-1.));
#2880=DIRECTION('ref_axis',(-2.37499998142554E-29,-1.,-3.40113318006892E-15));
#2881=DIRECTION('',(1.,0.,-6.98296672221876E-15));
#2882=DIRECTION('center_axis',(-1.,0.,6.98296672221876E-15));
#2883=DIRECTION('ref_axis',(-2.43809121218073E-29,-1.,-3.49148336110938E-15));
#2884=DIRECTION('',(-6.98296672221876E-15,3.56892637342978E-15,-1.));
#2885=DIRECTION('',(-4.33082813483662E-29,-1.,-6.20198879232314E-15));
#2886=DIRECTION('',(6.98296672221876E-15,-3.38136907796632E-15,1.));
#2887=DIRECTION('center_axis',(-1.,0.,6.98296672221876E-15));
#2888=DIRECTION('ref_axis',(-2.43809121218073E-29,-1.,-3.49148336110938E-15));
#2889=DIRECTION('',(-6.98296672221876E-15,3.56892637342978E-15,-1.));
#2890=DIRECTION('',(6.98296672221876E-15,-3.38136907796632E-15,1.));
#2891=DIRECTION('',(-4.33082813483662E-29,-1.,-6.20198879232314E-15));
#2892=DIRECTION('center_axis',(-1.,0.,6.98296672221876E-15));
#2893=DIRECTION('ref_axis',(-2.43809121218073E-29,-1.,-3.49148336110938E-15));
#2894=DIRECTION('',(-6.98296672221876E-15,3.56892637342978E-15,-1.));
#2895=DIRECTION('',(6.98296672221876E-15,-3.38136907796632E-15,1.));
#2896=DIRECTION('',(-4.33082813483662E-29,-1.,-6.20198879232314E-15));
#2897=DIRECTION('center_axis',(-2.51380068908697E-29,-1.,-3.59990357835793E-15));
#2898=DIRECTION('ref_axis',(6.98296672221876E-15,-3.59990357835793E-15,
1.));
#2899=DIRECTION('',(-1.,0.,6.98296672221876E-15));
#2900=DIRECTION('center_axis',(6.98296672221876E-15,-3.49148336110938E-15,
1.));
#2901=DIRECTION('ref_axis',(2.43809121218073E-29,1.,3.49148336110938E-15));
#2902=DIRECTION('center_axis',(2.51380068908697E-29,1.,3.59990357835793E-15));
#2903=DIRECTION('ref_axis',(-6.98296672221876E-15,3.59990357835793E-15,
-1.));
#2904=DIRECTION('center_axis',(6.98296672221876E-15,-3.59990357835793E-15,
1.));
#2905=DIRECTION('ref_axis',(2.51380068908697E-29,1.,3.59990357835793E-15));
#2906=DIRECTION('',(1.,0.,-6.98296672221876E-15));
#2907=DIRECTION('',(1.,0.,-6.98296672221876E-15));
#2908=DIRECTION('center_axis',(-2.43809121218073E-29,-1.,-3.49148336110938E-15));
#2909=DIRECTION('ref_axis',(1.,0.,-6.98296672221876E-15));
#2910=DIRECTION('center_axis',(-2.43809121218073E-29,-1.,-3.49148336110938E-15));
#2911=DIRECTION('ref_axis',(1.,0.,-6.98296672221876E-15));
#2912=DIRECTION('center_axis',(2.43809121218073E-29,1.,3.49148336110938E-15));
#2913=DIRECTION('ref_axis',(-1.,0.,6.98296672221876E-15));
#2914=DIRECTION('',(-1.,0.,6.98296672221876E-15));
#2915=DIRECTION('center_axis',(-6.98296672221876E-15,3.59990357835793E-15,
-1.));
#2916=DIRECTION('ref_axis',(-2.51380068908697E-29,-1.,-3.59990357835793E-15));
#2917=DIRECTION('',(-1.,0.,6.98296672221876E-15));
#2918=DIRECTION('center_axis',(2.43809121218073E-29,1.,3.49148336110938E-15));
#2919=DIRECTION('ref_axis',(-1.,0.,6.98296672221876E-15));
#2920=DIRECTION('center_axis',(-2.4921694099709E-29,-1.,-3.56892637342978E-15));
#2921=DIRECTION('ref_axis',(6.98296672221876E-15,-3.56892637342978E-15,
1.));
#2922=DIRECTION('',(1.,0.,-6.98296672221876E-15));
#2923=DIRECTION('center_axis',(-2.4921694099709E-29,-1.,-3.56892637342978E-15));
#2924=DIRECTION('ref_axis',(6.98296672221876E-15,-3.56892637342978E-15,
1.));
#2925=DIRECTION('',(1.,0.,-6.98296672221876E-15));
#2926=DIRECTION('center_axis',(-2.4921694099709E-29,-1.,-3.56892637342978E-15));
#2927=DIRECTION('ref_axis',(6.98296672221876E-15,-3.56892637342978E-15,
1.));
#2928=DIRECTION('',(1.,0.,-6.98296672221876E-15));
#2929=DIRECTION('center_axis',(-2.4921694099709E-29,-1.,-3.56892637342978E-15));
#2930=DIRECTION('ref_axis',(6.98296672221876E-15,-3.56892637342978E-15,
1.));
#2931=DIRECTION('',(1.,0.,-6.98296672221876E-15));
#2932=DIRECTION('center_axis',(-2.4921694099709E-29,-1.,-3.56892637342978E-15));
#2933=DIRECTION('ref_axis',(6.98296672221876E-15,-3.56892637342978E-15,
1.));
#2934=DIRECTION('',(1.,0.,-6.98296672221876E-15));
#2935=DIRECTION('center_axis',(-2.4921694099709E-29,-1.,-3.56892637342978E-15));
#2936=DIRECTION('ref_axis',(6.98296672221876E-15,-3.56892637342978E-15,
1.));
#2937=DIRECTION('',(1.,0.,-6.98296672221876E-15));
#2938=DIRECTION('center_axis',(6.98296672221876E-15,-6.20198879232314E-15,
1.));
#2939=DIRECTION('ref_axis',(4.33082813483662E-29,1.,6.20198879232314E-15));
#2940=DIRECTION('',(1.,0.,-6.98296672221876E-15));
#2941=DIRECTION('center_axis',(2.36119877469784E-29,1.,3.38136907796632E-15));
#2942=DIRECTION('ref_axis',(-6.98296672221876E-15,3.38136907796632E-15,
-1.));
#2943=DIRECTION('center_axis',(2.36119877469784E-29,1.,3.38136907796632E-15));
#2944=DIRECTION('ref_axis',(-6.98296672221876E-15,3.38136907796632E-15,
-1.));
#2945=DIRECTION('',(1.,0.,-6.98296672221876E-15));
#2946=DIRECTION('center_axis',(2.36119877469784E-29,1.,3.38136907796632E-15));
#2947=DIRECTION('ref_axis',(-6.98296672221876E-15,3.38136907796632E-15,
-1.));
#2948=DIRECTION('',(1.,0.,-6.98296672221876E-15));
#2949=DIRECTION('center_axis',(6.98296672221876E-15,-6.20198879232314E-15,
1.));
#2950=DIRECTION('ref_axis',(4.33082813483662E-29,1.,6.20198879232314E-15));
#2951=DIRECTION('center_axis',(2.36119877469784E-29,1.,3.38136907796632E-15));
#2952=DIRECTION('ref_axis',(-6.98296672221876E-15,3.38136907796632E-15,
-1.));
#2953=DIRECTION('',(1.,0.,-6.98296672221876E-15));
#2954=DIRECTION('center_axis',(6.98296672221876E-15,-6.20198879232314E-15,
1.));
#2955=DIRECTION('ref_axis',(4.33082813483662E-29,1.,6.20198879232314E-15));
#2956=DIRECTION('center_axis',(2.36119877469784E-29,1.,3.38136907796632E-15));
#2957=DIRECTION('ref_axis',(-6.98296672221876E-15,3.38136907796632E-15,
-1.));
#2958=DIRECTION('',(1.,0.,-6.98296672221876E-15));
#2959=DIRECTION('center_axis',(6.98296672221876E-15,-6.20198879232314E-15,
1.));
#2960=DIRECTION('ref_axis',(4.33082813483662E-29,1.,6.20198879232314E-15));
#2961=DIRECTION('center_axis',(6.98296672221876E-15,-6.20198879232314E-15,
1.));
#2962=DIRECTION('ref_axis',(4.33082813483662E-29,1.,6.20198879232314E-15));
#2963=DIRECTION('',(1.,0.,-6.98296672221876E-15));
#2964=DIRECTION('center_axis',(2.36119877469784E-29,1.,3.38136907796632E-15));
#2965=DIRECTION('ref_axis',(-6.98296672221876E-15,3.38136907796632E-15,
-1.));
#2966=DIRECTION('center_axis',(6.98296672221876E-15,-6.20198879232314E-15,
1.));
#2967=DIRECTION('ref_axis',(4.33082813483662E-29,1.,6.20198879232314E-15));
#2968=CARTESIAN_POINT('',(0.,0.,0.));
#2969=CARTESIAN_POINT('Origin',(1.40000000000001,2.435,2.64499999999999));
#2970=CARTESIAN_POINT('',(1.4,2.435,0.894999999999993));
#2971=CARTESIAN_POINT('',(1.6,2.435,0.894999999999991));
#2972=CARTESIAN_POINT('',(3.19999999999999,2.435,0.89499999999998));
#2973=CARTESIAN_POINT('',(1.40000000000001,2.435,2.64499999999999));
#2974=CARTESIAN_POINT('',(1.40000000000001,2.435,2.64499999999999));
#2975=CARTESIAN_POINT('',(1.60000000000001,2.435,2.64499999999999));
#2976=CARTESIAN_POINT('',(1.40000000000001,2.435,2.64499999999999));
#2977=CARTESIAN_POINT('',(1.60000000000001,2.435,2.64499999999999));
#2978=CARTESIAN_POINT('Origin',(1.59999999999999,0.445000000000004,0.194999999999985));
#2979=CARTESIAN_POINT('',(1.6,1.955,0.89499999999999));
#2980=CARTESIAN_POINT('',(1.6,2.855,0.894999999999993));
#2981=CARTESIAN_POINT('',(1.60000000000001,2.085,2.64499999999999));
#2982=CARTESIAN_POINT('',(1.60000000000001,2.435,2.64499999999999));
#2983=CARTESIAN_POINT('',(1.60000000000001,2.085,2.64499999999999));
#2984=CARTESIAN_POINT('Origin',(3.19999999999999,2.855,0.894999999999981));
#2985=CARTESIAN_POINT('',(3.2,0.755000000000002,0.894999999999974));
#2986=CARTESIAN_POINT('',(3.2,2.855,0.894999999999981));
#2987=CARTESIAN_POINT('',(3.2,2.855,0.894999999999981));
#2988=CARTESIAN_POINT('',(-3.2,2.855,0.895000000000026));
#2989=CARTESIAN_POINT('',(-3.2,2.855,0.895000000000026));
#2990=CARTESIAN_POINT('',(-3.2,0.755000000000001,0.895000000000019));
#2991=CARTESIAN_POINT('',(-3.2,2.855,0.895000000000026));
#2992=CARTESIAN_POINT('',(3.2,0.755000000000002,0.894999999999974));
#2993=CARTESIAN_POINT('',(2.4,2.435,0.894999999999986));
#2994=CARTESIAN_POINT('',(2.4,1.955,0.894999999999983));
#2995=CARTESIAN_POINT('',(2.4,2.855,0.894999999999987));
#2996=CARTESIAN_POINT('',(2.6,2.435,0.894999999999984));
#2997=CARTESIAN_POINT('',(3.19999999999999,2.435,0.89499999999998));
#2998=CARTESIAN_POINT('',(2.6,1.955,0.894999999999983));
#2999=CARTESIAN_POINT('',(2.6,2.855,0.894999999999986));
#3000=CARTESIAN_POINT('',(2.4,1.955,0.894999999999983));
#3001=CARTESIAN_POINT('',(1.4,1.955,0.89499999999999));
#3002=CARTESIAN_POINT('',(1.4,2.855,0.894999999999994));
#3003=CARTESIAN_POINT('',(1.4,1.955,0.89499999999999));
#3004=CARTESIAN_POINT('',(0.399999999999999,2.435,0.895));
#3005=CARTESIAN_POINT('',(0.399999999999999,1.955,0.894999999999997));
#3006=CARTESIAN_POINT('',(0.399999999999999,2.855,0.895000000000001));
#3007=CARTESIAN_POINT('',(0.599999999999999,2.435,0.894999999999998));
#3008=CARTESIAN_POINT('',(3.19999999999999,2.435,0.89499999999998));
#3009=CARTESIAN_POINT('',(0.599999999999999,1.955,0.894999999999997));
#3010=CARTESIAN_POINT('',(0.599999999999999,2.855,0.895));
#3011=CARTESIAN_POINT('',(0.399999999999999,1.955,0.894999999999997));
#3012=CARTESIAN_POINT('',(-0.600000000000001,2.435,0.895000000000006));
#3013=CARTESIAN_POINT('',(-0.600000000000001,1.955,0.895000000000004));
#3014=CARTESIAN_POINT('',(-0.600000000000001,2.855,0.895000000000008));
#3015=CARTESIAN_POINT('',(-0.400000000000001,2.435,0.895000000000005));
#3016=CARTESIAN_POINT('',(3.19999999999999,2.435,0.89499999999998));
#3017=CARTESIAN_POINT('',(-0.400000000000001,1.955,0.895000000000004));
#3018=CARTESIAN_POINT('',(-0.400000000000001,2.855,0.895000000000007));
#3019=CARTESIAN_POINT('',(-0.600000000000001,1.955,0.895000000000004));
#3020=CARTESIAN_POINT('',(-1.6,2.435,0.895000000000014));
#3021=CARTESIAN_POINT('',(-1.6,1.955,0.895000000000011));
#3022=CARTESIAN_POINT('',(-1.6,2.855,0.895000000000015));
#3023=CARTESIAN_POINT('',(-1.4,2.435,0.895000000000012));
#3024=CARTESIAN_POINT('',(3.19999999999999,2.435,0.89499999999998));
#3025=CARTESIAN_POINT('',(-1.4,1.955,0.895000000000011));
#3026=CARTESIAN_POINT('',(-1.4,2.855,0.895000000000014));
#3027=CARTESIAN_POINT('',(-1.6,1.955,0.895000000000011));
#3028=CARTESIAN_POINT('',(-2.6,2.435,0.895000000000021));
#3029=CARTESIAN_POINT('',(-2.6,1.955,0.895000000000019));
#3030=CARTESIAN_POINT('',(-2.6,2.855,0.895000000000022));
#3031=CARTESIAN_POINT('',(-2.4,2.435,0.895000000000019));
#3032=CARTESIAN_POINT('',(3.19999999999999,2.435,0.89499999999998));
#3033=CARTESIAN_POINT('',(-2.4,1.955,0.895000000000018));
#3034=CARTESIAN_POINT('',(-2.4,2.855,0.895000000000021));
#3035=CARTESIAN_POINT('',(-2.6,1.955,0.895000000000019));
#3036=CARTESIAN_POINT('Origin',(1.39999999999999,0.445000000000004,0.194999999999987));
#3037=CARTESIAN_POINT('',(1.40000000000001,2.085,2.64499999999999));
#3038=CARTESIAN_POINT('',(1.40000000000001,2.085,2.64499999999999));
#3039=CARTESIAN_POINT('',(1.40000000000001,2.435,2.64499999999999));
#3040=CARTESIAN_POINT('Origin',(1.40000000000001,2.435,2.64499999999999));
#3041=CARTESIAN_POINT('',(1.40000000000001,2.085,2.64499999999999));
#3042=CARTESIAN_POINT('Origin',(1.40000000000001,2.085,2.64499999999999));
#3043=CARTESIAN_POINT('Origin',(-1.60000000000001,0.445000000000004,0.195000000000008));
#3044=CARTESIAN_POINT('',(-1.59999999999999,2.435,2.64500000000001));
#3045=CARTESIAN_POINT('',(-1.59999999999999,2.435,2.64500000000001));
#3046=CARTESIAN_POINT('',(-1.59999999999999,2.085,2.64500000000001));
#3047=CARTESIAN_POINT('',(-1.59999999999999,2.085,2.64500000000001));
#3048=CARTESIAN_POINT('',(-1.59999999999999,2.435,2.64500000000001));
#3049=CARTESIAN_POINT('Origin',(0.399999999999994,0.445000000000004,0.194999999999994));
#3050=CARTESIAN_POINT('',(0.400000000000011,2.435,2.645));
#3051=CARTESIAN_POINT('',(0.400000000000011,2.435,2.645));
#3052=CARTESIAN_POINT('',(0.400000000000011,2.085,2.645));
#3053=CARTESIAN_POINT('',(0.400000000000011,2.085,2.645));
#3054=CARTESIAN_POINT('',(0.400000000000011,2.435,2.645));
#3055=CARTESIAN_POINT('Origin',(-0.400000000000006,0.445000000000004,0.194999999999999));
#3056=CARTESIAN_POINT('',(-0.399999999999989,2.435,2.645));
#3057=CARTESIAN_POINT('',(-0.399999999999989,2.435,2.645));
#3058=CARTESIAN_POINT('',(-0.399999999999989,2.085,2.645));
#3059=CARTESIAN_POINT('',(-0.399999999999989,2.435,2.645));
#3060=CARTESIAN_POINT('',(-0.399999999999989,2.085,2.645));
#3061=CARTESIAN_POINT('Origin',(-2.60000000000001,0.445000000000004,0.195000000000015));
#3062=CARTESIAN_POINT('',(-2.59999999999999,2.435,2.64500000000002));
#3063=CARTESIAN_POINT('',(-2.59999999999999,2.435,2.64500000000002));
#3064=CARTESIAN_POINT('',(-2.59999999999999,2.085,2.64500000000002));
#3065=CARTESIAN_POINT('',(-2.59999999999999,2.085,2.64500000000002));
#3066=CARTESIAN_POINT('',(-2.59999999999999,2.435,2.64500000000002));
#3067=CARTESIAN_POINT('Origin',(2.40000000000001,2.085,2.64499999999998));
#3068=CARTESIAN_POINT('',(2.60000000000001,2.085,2.64499999999998));
#3069=CARTESIAN_POINT('',(2.60000000000001,2.085,2.64499999999998));
#3070=CARTESIAN_POINT('',(2.40000000000001,2.085,2.64499999999998));
#3071=CARTESIAN_POINT('',(2.40000000000001,2.085,2.64499999999998));
#3072=CARTESIAN_POINT('',(2.40000000000001,2.085,2.64499999999998));
#3073=CARTESIAN_POINT('Origin',(3.2,0.755000000000002,0.894999999999974));
#3074=CARTESIAN_POINT('',(-3.19999999999998,0.754999999999991,3.89500000000002));
#3075=CARTESIAN_POINT('',(3.20000000000002,0.754999999999992,3.89499999999997));
#3076=CARTESIAN_POINT('',(3.20000000000002,0.754999999999992,3.89499999999997));
#3077=CARTESIAN_POINT('',(3.2,0.755000000000002,0.894999999999974));
#3078=CARTESIAN_POINT('',(-3.2,0.755000000000001,0.895000000000019));
#3079=CARTESIAN_POINT('Origin',(-1.59999999999999,2.435,2.64500000000001));
#3080=CARTESIAN_POINT('',(-1.39999999999999,2.435,2.64500000000001));
#3081=CARTESIAN_POINT('',(-1.59999999999999,2.435,2.64500000000001));
#3082=CARTESIAN_POINT('',(-1.39999999999999,2.435,2.64500000000001));
#3083=CARTESIAN_POINT('Origin',(-1.40000000000001,0.445000000000004,0.195000000000007));
#3084=CARTESIAN_POINT('',(-1.39999999999999,2.085,2.64500000000001));
#3085=CARTESIAN_POINT('',(-1.39999999999999,2.435,2.64500000000001));
#3086=CARTESIAN_POINT('',(-1.39999999999999,2.085,2.64500000000001));
#3087=CARTESIAN_POINT('Origin',(3.2,2.855,0.894999999999981));
#3088=CARTESIAN_POINT('',(3.2,2.355,1.49499999999998));
#3089=CARTESIAN_POINT('',(3.2,1.755,1.49499999999998));
#3090=CARTESIAN_POINT('',(3.2,2.355,1.49499999999998));
#3091=CARTESIAN_POINT('',(3.20000000000002,2.35499999999999,3.89499999999998));
#3092=CARTESIAN_POINT('',(3.2,2.355,1.49499999999998));
#3093=CARTESIAN_POINT('',(3.20000000000002,2.85499999999999,3.89499999999998));
#3094=CARTESIAN_POINT('',(3.20000000000002,2.85499999999999,3.89499999999998));
#3095=CARTESIAN_POINT('',(3.2,2.855,0.894999999999981));
#3096=CARTESIAN_POINT('',(3.20000000000002,1.75499999999999,3.89499999999998));
#3097=CARTESIAN_POINT('',(3.20000000000002,2.85499999999999,3.89499999999998));
#3098=CARTESIAN_POINT('',(3.2,1.755,1.49499999999998));
#3099=CARTESIAN_POINT('Origin',(-2.59999999999999,2.435,2.64500000000002));
#3100=CARTESIAN_POINT('',(-2.39999999999999,2.435,2.64500000000002));
#3101=CARTESIAN_POINT('',(-2.59999999999999,2.435,2.64500000000002));
#3102=CARTESIAN_POINT('',(-2.39999999999999,2.435,2.64500000000002));
#3103=CARTESIAN_POINT('Origin',(-2.40000000000001,0.445000000000004,0.195000000000014));
#3104=CARTESIAN_POINT('',(-2.39999999999999,2.085,2.64500000000002));
#3105=CARTESIAN_POINT('',(-2.39999999999999,2.435,2.64500000000002));
#3106=CARTESIAN_POINT('',(-2.39999999999999,2.085,2.64500000000002));
#3107=CARTESIAN_POINT('Origin',(-0.599999999999989,2.435,2.64500000000001));
#3108=CARTESIAN_POINT('',(-0.599999999999989,2.435,2.64500000000001));
#3109=CARTESIAN_POINT('',(-0.599999999999989,2.435,2.64500000000001));
#3110=CARTESIAN_POINT('',(-0.599999999999989,2.435,2.64500000000001));
#3111=CARTESIAN_POINT('Origin',(-0.599999999999989,2.085,2.645));
#3112=CARTESIAN_POINT('',(-0.599999999999989,2.085,2.645));
#3113=CARTESIAN_POINT('',(-0.599999999999989,2.085,2.645));
#3114=CARTESIAN_POINT('',(-0.599999999999989,2.085,2.645));
#3115=CARTESIAN_POINT('Origin',(0.599999999999994,0.445000000000004,0.194999999999992));
#3116=CARTESIAN_POINT('',(0.600000000000011,2.435,2.645));
#3117=CARTESIAN_POINT('',(0.600000000000011,2.435,2.645));
#3118=CARTESIAN_POINT('',(0.600000000000011,2.085,2.645));
#3119=CARTESIAN_POINT('',(0.600000000000011,2.435,2.645));
#3120=CARTESIAN_POINT('',(0.600000000000011,2.085,2.645));
#3121=CARTESIAN_POINT('Origin',(2.39999999999999,0.445000000000004,0.194999999999979));
#3122=CARTESIAN_POINT('',(2.40000000000001,2.435,2.64499999999999));
#3123=CARTESIAN_POINT('',(2.40000000000001,2.435,2.64499999999999));
#3124=CARTESIAN_POINT('',(2.40000000000001,2.435,2.64499999999999));
#3125=CARTESIAN_POINT('Origin',(-3.2,2.855,0.895000000000026));
#3126=CARTESIAN_POINT('',(-3.19999999999998,2.85499999999999,3.89500000000003));
#3127=CARTESIAN_POINT('',(-3.19999999999998,2.85499999999999,3.89500000000003));
#3128=CARTESIAN_POINT('',(-3.2,2.855,0.895000000000026));
#3129=CARTESIAN_POINT('Origin',(-3.2,2.855,0.895000000000026));
#3130=CARTESIAN_POINT('',(-3.19999999999998,2.35499999999999,3.89500000000003));
#3131=CARTESIAN_POINT('',(-3.19999999999998,2.85499999999999,3.89500000000003));
#3132=CARTESIAN_POINT('',(-3.2,2.355,1.49500000000002));
#3133=CARTESIAN_POINT('',(-3.2,2.355,1.49500000000002));
#3134=CARTESIAN_POINT('',(-3.2,1.755,1.49500000000002));
#3135=CARTESIAN_POINT('',(-3.2,2.355,1.49500000000002));
#3136=CARTESIAN_POINT('',(-3.19999999999998,1.75499999999999,3.89500000000002));
#3137=CARTESIAN_POINT('',(-3.2,1.755,1.49500000000002));
#3138=CARTESIAN_POINT('',(-3.19999999999998,2.85499999999999,3.89500000000003));
#3139=CARTESIAN_POINT('Origin',(-0.600000000000006,0.445000000000004,0.195000000000001));
#3140=CARTESIAN_POINT('',(-0.599999999999989,2.435,2.64500000000001));
#3141=CARTESIAN_POINT('Origin',(0.400000000000011,2.085,2.645));
#3142=CARTESIAN_POINT('',(0.400000000000011,2.085,2.645));
#3143=CARTESIAN_POINT('Origin',(0.400000000000011,2.435,2.645));
#3144=CARTESIAN_POINT('',(0.400000000000011,2.435,2.645));
#3145=CARTESIAN_POINT('Origin',(2.40000000000001,2.435,2.64499999999999));
#3146=CARTESIAN_POINT('',(2.60000000000001,2.435,2.64499999999998));
#3147=CARTESIAN_POINT('',(2.40000000000001,2.435,2.64499999999999));
#3148=CARTESIAN_POINT('',(2.60000000000001,2.435,2.64499999999998));
#3149=CARTESIAN_POINT('Origin',(2.59999999999999,0.445000000000004,0.194999999999978));
#3150=CARTESIAN_POINT('',(2.60000000000001,2.435,2.64499999999998));
#3151=CARTESIAN_POINT('Origin',(-1.59999999999999,2.085,2.64500000000001));
#3152=CARTESIAN_POINT('',(-1.59999999999999,2.085,2.64500000000001));
#3153=CARTESIAN_POINT('Origin',(-2.59999999999999,2.085,2.64500000000002));
#3154=CARTESIAN_POINT('',(-2.59999999999999,2.085,2.64500000000002));
#3155=CARTESIAN_POINT('Origin',(-1.59999999999999,2.435,2.64500000000001));
#3156=CARTESIAN_POINT('Origin',(0.400000000000011,2.435,2.645));
#3157=CARTESIAN_POINT('Origin',(-0.599999999999989,2.435,2.64500000000001));
#3158=CARTESIAN_POINT('Origin',(-2.59999999999999,2.435,2.64500000000002));
#3159=CARTESIAN_POINT('Origin',(2.40000000000001,2.435,2.64499999999999));
#3160=CARTESIAN_POINT('Origin',(-3.99999999999998,3.25499999999999,3.89500000000003));
#3161=CARTESIAN_POINT('',(-3.69999999999998,1.55499999999999,3.89500000000002));
#3162=CARTESIAN_POINT('',(-3.99999999999998,1.55499999999999,3.89500000000002));
#3163=CARTESIAN_POINT('',(-3.49999999999998,1.55499999999999,3.89500000000002));
#3164=CARTESIAN_POINT('',(-3.69999999999998,0.304999999999992,3.89500000000001));
#3165=CARTESIAN_POINT('',(-3.69999999999998,1.55499999999999,3.89500000000002));
#3166=CARTESIAN_POINT('',(-3.49999999999998,0.304999999999992,3.89500000000001));
#3167=CARTESIAN_POINT('',(-3.69999999999998,0.304999999999992,3.89500000000001));
#3168=CARTESIAN_POINT('',(-3.49999999999998,0.354999999999991,3.895));
#3169=CARTESIAN_POINT('',(-3.49999999999998,1.55499999999999,3.89500000000002));
#3170=CARTESIAN_POINT('',(3.50000000000002,0.354999999999991,3.89499999999996));
#3171=CARTESIAN_POINT('',(-3.99999999999998,0.354999999999991,3.89500000000002));
#3172=CARTESIAN_POINT('',(3.50000000000002,0.304999999999992,3.89499999999996));
#3173=CARTESIAN_POINT('',(3.50000000000002,1.55499999999999,3.89499999999997));
#3174=CARTESIAN_POINT('',(3.70000000000002,0.304999999999992,3.89499999999996));
#3175=CARTESIAN_POINT('',(3.70000000000002,0.304999999999992,3.89499999999996));
#3176=CARTESIAN_POINT('',(3.70000000000002,1.55499999999999,3.89499999999996));
#3177=CARTESIAN_POINT('',(3.70000000000002,1.55499999999999,3.89499999999996));
#3178=CARTESIAN_POINT('',(4.00000000000002,1.55499999999999,3.89499999999996));
#3179=CARTESIAN_POINT('',(3.50000000000002,1.55499999999999,3.89499999999997));
#3180=CARTESIAN_POINT('',(4.00000000000002,3.25499999999999,3.89499999999998));
#3181=CARTESIAN_POINT('',(4.00000000000002,3.25499999999999,3.89499999999998));
#3182=CARTESIAN_POINT('',(-3.99999999999998,3.25499999999999,3.89500000000003));
#3183=CARTESIAN_POINT('',(-3.99999999999998,3.25499999999999,3.89500000000003));
#3184=CARTESIAN_POINT('',(-3.99999999999998,3.25499999999999,3.89500000000003));
#3185=CARTESIAN_POINT('',(-3.54999999999998,2.35499999999999,3.89500000000003));
#3186=CARTESIAN_POINT('',(-3.54999999999998,1.75499999999999,3.89500000000003));
#3187=CARTESIAN_POINT('',(-3.54999999999998,2.35499999999999,3.89500000000003));
#3188=CARTESIAN_POINT('',(-3.19999999999998,2.35499999999999,3.89500000000003));
#3189=CARTESIAN_POINT('',(3.55000000000002,2.35499999999999,3.89499999999998));
#3190=CARTESIAN_POINT('',(3.20000000000002,2.35499999999999,3.89499999999998));
#3191=CARTESIAN_POINT('',(3.55000000000002,1.75499999999999,3.89499999999998));
#3192=CARTESIAN_POINT('',(3.55000000000002,2.35499999999999,3.89499999999998));
#3193=CARTESIAN_POINT('',(3.20000000000002,1.75499999999999,3.89499999999998));
#3194=CARTESIAN_POINT('',(-3.19999999999998,1.75499999999999,3.89500000000002));
#3195=CARTESIAN_POINT('Origin',(3.2,1.755,1.49499999999998));
#3196=CARTESIAN_POINT('',(3.55,1.755,1.49499999999998));
#3197=CARTESIAN_POINT('',(3.2,1.755,1.49499999999998));
#3198=CARTESIAN_POINT('',(3.55,2.355,1.49499999999998));
#3199=CARTESIAN_POINT('',(3.55,2.355,1.49499999999998));
#3200=CARTESIAN_POINT('',(3.2,2.355,1.49499999999998));
#3201=CARTESIAN_POINT('Origin',(3.2,1.755,1.49499999999998));
#3202=CARTESIAN_POINT('',(3.55,1.755,1.49499999999998));
#3203=CARTESIAN_POINT('Origin',(3.2,2.355,1.49499999999998));
#3204=CARTESIAN_POINT('',(3.55,2.355,1.49499999999998));
#3205=CARTESIAN_POINT('Origin',(-3.2,1.755,1.49500000000002));
#3206=CARTESIAN_POINT('',(-3.55,1.755,1.49500000000003));
#3207=CARTESIAN_POINT('',(-3.2,1.755,1.49500000000002));
#3208=CARTESIAN_POINT('',(-3.55,1.755,1.49500000000003));
#3209=CARTESIAN_POINT('Origin',(-3.55,2.355,1.49500000000003));
#3210=CARTESIAN_POINT('',(-3.55,2.355,1.49500000000003));
#3211=CARTESIAN_POINT('',(-3.2,2.355,1.49500000000002));
#3212=CARTESIAN_POINT('',(-3.55,2.355,1.49500000000003));
#3213=CARTESIAN_POINT('Origin',(-3.2,2.355,1.49500000000002));
#3214=CARTESIAN_POINT('',(-3.55,2.355,1.49500000000003));
#3215=CARTESIAN_POINT('Origin',(3.50000000000002,1.55499999999999,3.89499999999997));
#3216=CARTESIAN_POINT('',(3.70000000000001,1.55499999999999,3.39499999999997));
#3217=CARTESIAN_POINT('',(3.70000000000001,1.555,2.59499999999997));
#3218=CARTESIAN_POINT('',(4.00000000000002,1.55499999999999,3.39499999999996));
#3219=CARTESIAN_POINT('',(3.50000000000001,1.55499999999999,3.39499999999997));
#3220=CARTESIAN_POINT('',(4.00000000000002,1.55499999999999,3.89499999999996));
#3221=CARTESIAN_POINT('Origin',(-4.00000000000001,3.25500000000001,-0.354999999999966));
#3222=CARTESIAN_POINT('',(-3.5,3.255,1.13367513459484));
#3223=CARTESIAN_POINT('',(-4.,3.255,1.13367513459484));
#3224=CARTESIAN_POINT('',(-3.5,3.255,1.13367513459484));
#3225=CARTESIAN_POINT('',(-4.00000000000001,3.25500000000001,-0.354999999999966));
#3226=CARTESIAN_POINT('',(4.,3.255,1.13367513459479));
#3227=CARTESIAN_POINT('',(3.99999999999999,3.25500000000001,-0.355000000000023));
#3228=CARTESIAN_POINT('',(3.5,3.255,1.13367513459479));
#3229=CARTESIAN_POINT('',(3.5,3.255,1.13367513459479));
#3230=CARTESIAN_POINT('',(3.49999999999999,3.25500000000001,-0.355000000000019));
#3231=CARTESIAN_POINT('',(3.49999999999999,3.255,0.194999999999981));
#3232=CARTESIAN_POINT('',(-3.50000000000001,3.25500000000001,-0.354999999999971));
#3233=CARTESIAN_POINT('',(3.99999999999999,3.25500000000001,-0.355000000000023));
#3234=CARTESIAN_POINT('',(-3.5,3.255,1.13367513459484));
#3235=CARTESIAN_POINT('Origin',(-4.00000000000001,0.355000000000006,-0.354999999999976));
#3236=CARTESIAN_POINT('',(2.39999999999999,0.355000000000006,-0.255000000000023));
#3237=CARTESIAN_POINT('',(2.39999999999999,0.355000000000006,-0.355000000000022));
#3238=CARTESIAN_POINT('',(2.39999999999999,0.355000000000006,-0.355000000000021));
#3239=CARTESIAN_POINT('',(2.59999999999999,0.355000000000006,-0.255000000000024));
#3240=CARTESIAN_POINT('',(-4.00000000000001,0.355000000000006,-0.254999999999978));
#3241=CARTESIAN_POINT('',(2.59999999999999,0.355000000000006,-0.355000000000023));
#3242=CARTESIAN_POINT('',(2.59999999999999,0.355000000000006,-0.355000000000022));
#3243=CARTESIAN_POINT('',(3.99999999999999,0.355000000000006,-0.355000000000033));
#3244=CARTESIAN_POINT('',(3.99999999999999,0.355000000000006,-0.355000000000033));
#3245=CARTESIAN_POINT('',(4.00000000000001,0.354999999999997,2.39499999999996));
#3246=CARTESIAN_POINT('',(3.99999999999999,0.355000000000006,-0.355000000000033));
#3247=CARTESIAN_POINT('',(3.70000000000001,0.354999999999997,2.39499999999996));
#3248=CARTESIAN_POINT('',(3.50000000000001,0.354999999999997,2.39499999999996));
#3249=CARTESIAN_POINT('',(3.50000000000001,0.354999999999997,2.39499999999996));
#3250=CARTESIAN_POINT('',(3.50000000000001,0.354999999999997,2.39499999999996));
#3251=CARTESIAN_POINT('',(3.50000000000001,0.354999999999997,2.39499999999996));
#3252=CARTESIAN_POINT('',(-3.49999999999999,0.354999999999997,2.39500000000001));
#3253=CARTESIAN_POINT('',(-3.49999999999999,0.354999999999997,2.39500000000001));
#3254=CARTESIAN_POINT('',(-3.69999999999999,0.354999999999997,2.39500000000001));
#3255=CARTESIAN_POINT('',(-3.49999999999999,0.354999999999997,2.39500000000001));
#3256=CARTESIAN_POINT('',(-3.99999999999999,0.354999999999997,2.39500000000001));
#3257=CARTESIAN_POINT('',(-3.49999999999999,0.354999999999997,2.39500000000001));
#3258=CARTESIAN_POINT('',(-4.00000000000001,0.355000000000006,-0.354999999999976));
#3259=CARTESIAN_POINT('',(-4.00000000000001,0.355000000000006,-0.354999999999976));
#3260=CARTESIAN_POINT('',(-2.60000000000001,0.355000000000006,-0.354999999999987));
#3261=CARTESIAN_POINT('',(3.99999999999999,0.355000000000006,-0.355000000000033));
#3262=CARTESIAN_POINT('',(-2.60000000000001,0.355000000000006,-0.254999999999987));
#3263=CARTESIAN_POINT('',(-2.60000000000001,0.355000000000006,-0.354999999999986));
#3264=CARTESIAN_POINT('',(-2.40000000000001,0.355000000000006,-0.254999999999989));
#3265=CARTESIAN_POINT('',(-4.00000000000001,0.355000000000006,-0.254999999999978));
#3266=CARTESIAN_POINT('',(-2.40000000000001,0.355000000000006,-0.354999999999987));
#3267=CARTESIAN_POINT('',(-2.40000000000001,0.355000000000006,-0.354999999999987));
#3268=CARTESIAN_POINT('',(-1.60000000000001,0.355000000000006,-0.354999999999994));
#3269=CARTESIAN_POINT('',(3.99999999999999,0.355000000000006,-0.355000000000033));
#3270=CARTESIAN_POINT('',(-1.60000000000001,0.355000000000006,-0.254999999999995));
#3271=CARTESIAN_POINT('',(-1.60000000000001,0.355000000000006,-0.354999999999993));
#3272=CARTESIAN_POINT('',(-1.40000000000001,0.355000000000006,-0.254999999999996));
#3273=CARTESIAN_POINT('',(-4.00000000000001,0.355000000000006,-0.254999999999978));
#3274=CARTESIAN_POINT('',(-1.40000000000001,0.355000000000006,-0.354999999999995));
#3275=CARTESIAN_POINT('',(-1.40000000000001,0.355000000000006,-0.354999999999994));
#3276=CARTESIAN_POINT('',(-0.60000000000001,0.355000000000006,-0.355000000000001));
#3277=CARTESIAN_POINT('',(3.99999999999999,0.355000000000006,-0.355000000000033));
#3278=CARTESIAN_POINT('',(-0.600000000000009,0.355000000000006,-0.255000000000002));
#3279=CARTESIAN_POINT('',(-0.60000000000001,0.355000000000006,-0.355));
#3280=CARTESIAN_POINT('',(-0.400000000000009,0.355000000000006,-0.255000000000003));
#3281=CARTESIAN_POINT('',(-4.00000000000001,0.355000000000006,-0.254999999999978));
#3282=CARTESIAN_POINT('',(-0.40000000000001,0.355000000000006,-0.355000000000002));
#3283=CARTESIAN_POINT('',(-0.40000000000001,0.355000000000006,-0.355000000000001));
#3284=CARTESIAN_POINT('',(0.39999999999999,0.355000000000006,-0.355000000000008));
#3285=CARTESIAN_POINT('',(3.99999999999999,0.355000000000006,-0.355000000000033));
#3286=CARTESIAN_POINT('',(0.399999999999991,0.355000000000006,-0.255000000000009));
#3287=CARTESIAN_POINT('',(0.39999999999999,0.355000000000006,-0.355000000000007));
#3288=CARTESIAN_POINT('',(0.599999999999991,0.355000000000006,-0.25500000000001));
#3289=CARTESIAN_POINT('',(-4.00000000000001,0.355000000000006,-0.254999999999978));
#3290=CARTESIAN_POINT('',(0.59999999999999,0.355000000000006,-0.355000000000009));
#3291=CARTESIAN_POINT('',(0.59999999999999,0.355000000000006,-0.355000000000008));
#3292=CARTESIAN_POINT('',(1.39999999999999,0.355000000000006,-0.355000000000015));
#3293=CARTESIAN_POINT('',(3.99999999999999,0.355000000000006,-0.355000000000033));
#3294=CARTESIAN_POINT('',(1.39999999999999,0.355000000000006,-0.255000000000016));
#3295=CARTESIAN_POINT('',(1.39999999999999,0.355000000000006,-0.355000000000014));
#3296=CARTESIAN_POINT('',(1.59999999999999,0.355000000000006,-0.255000000000017));
#3297=CARTESIAN_POINT('',(-4.00000000000001,0.355000000000006,-0.254999999999978));
#3298=CARTESIAN_POINT('',(1.59999999999999,0.355000000000006,-0.355000000000016));
#3299=CARTESIAN_POINT('',(1.59999999999999,0.355000000000006,-0.355000000000015));
#3300=CARTESIAN_POINT('',(3.99999999999999,0.355000000000006,-0.355000000000033));
#3301=CARTESIAN_POINT('Origin',(3.55,2.355,1.49499999999998));
#3302=CARTESIAN_POINT('Origin',(-3.55,2.355,1.49500000000003));
#3303=CARTESIAN_POINT('Origin',(-3.69999999999999,0.904999999999997,2.39500000000001));
#3304=CARTESIAN_POINT('',(-3.69999999999999,0.904999999999997,2.39500000000001));
#3305=CARTESIAN_POINT('',(-3.69999999999998,0.904999999999993,3.39500000000001));
#3306=CARTESIAN_POINT('',(-3.69999999999999,0.904999999999998,2.09500000000001));
#3307=CARTESIAN_POINT('',(-3.69999999999999,0.304999999999997,2.39500000000001));
#3308=CARTESIAN_POINT('',(-3.69999999999999,0.304999999999997,2.39500000000001));
#3309=CARTESIAN_POINT('',(-3.69999999999999,0.304999999999997,2.39500000000001));
#3310=CARTESIAN_POINT('',(-3.69999999999998,0.304999999999992,3.89500000000001));
#3311=CARTESIAN_POINT('',(-3.69999999999998,1.55499999999999,3.39500000000002));
#3312=CARTESIAN_POINT('',(-3.69999999999999,1.555,2.59500000000002));
#3313=CARTESIAN_POINT('',(-3.69999999999998,0.904999999999993,3.39500000000001));
#3314=CARTESIAN_POINT('Origin',(3.70000000000001,0.904999999999997,2.39499999999996));
#3315=CARTESIAN_POINT('',(3.70000000000001,0.904999999999993,3.39499999999996));
#3316=CARTESIAN_POINT('',(3.70000000000001,0.904999999999993,3.39499999999996));
#3317=CARTESIAN_POINT('',(3.70000000000001,0.304999999999997,2.39499999999996));
#3318=CARTESIAN_POINT('',(3.70000000000002,0.304999999999992,3.89499999999996));
#3319=CARTESIAN_POINT('',(3.70000000000001,0.304999999999997,2.39499999999996));
#3320=CARTESIAN_POINT('',(3.70000000000001,0.904999999999997,2.39499999999996));
#3321=CARTESIAN_POINT('',(3.70000000000001,0.904999999999997,2.39499999999996));
#3322=CARTESIAN_POINT('',(3.70000000000001,0.904999999999998,2.09499999999996));
#3323=CARTESIAN_POINT('Origin',(3.99999999999999,3.25500000000001,-0.355000000000023));
#3324=CARTESIAN_POINT('',(4.,2.755,0.844999999999975));
#3325=CARTESIAN_POINT('',(3.99999999999999,2.755,0.194999999999975));
#3326=CARTESIAN_POINT('',(3.99999999999999,2.755,0.194999999999975));
#3327=CARTESIAN_POINT('',(4.,2.755,0.844999999999975));
#3328=CARTESIAN_POINT('',(4.00000000000002,0.904999999999993,3.39499999999996));
#3329=CARTESIAN_POINT('',(4.00000000000002,1.55499999999999,3.39499999999996));
#3330=CARTESIAN_POINT('',(4.00000000000001,0.904999999999997,2.39499999999996));
#3331=CARTESIAN_POINT('',(4.00000000000002,0.904999999999993,3.39499999999996));
#3332=CARTESIAN_POINT('',(4.00000000000001,0.904999999999997,2.39499999999996));
#3333=CARTESIAN_POINT('',(3.99999999999999,1.75500000000001,-0.355000000000028));
#3334=CARTESIAN_POINT('',(3.99999999999999,3.25500000000001,-0.355000000000023));
#3335=CARTESIAN_POINT('',(3.99999999999999,1.755,0.194999999999972));
#3336=CARTESIAN_POINT('',(3.99999999999999,1.755,0.194999999999972));
#3337=CARTESIAN_POINT('',(3.99999999999999,2.755,0.194999999999975));
#3338=CARTESIAN_POINT('Origin',(-3.69999999999998,0.304999999999992,3.89500000000001));
#3339=CARTESIAN_POINT('',(-3.49999999999999,0.304999999999997,2.39500000000001));
#3340=CARTESIAN_POINT('',(-3.49999999999998,0.304999999999992,3.89500000000001));
#3341=CARTESIAN_POINT('',(-3.69999999999999,0.304999999999997,2.39500000000001));
#3342=CARTESIAN_POINT('Origin',(3.50000000000001,0.904999999999997,2.39499999999996));
#3343=CARTESIAN_POINT('',(3.50000000000001,0.304999999999997,2.39499999999996));
#3344=CARTESIAN_POINT('',(3.50000000000001,0.304999999999997,2.39499999999996));
#3345=CARTESIAN_POINT('',(3.50000000000002,0.304999999999992,3.89499999999996));
#3346=CARTESIAN_POINT('Origin',(-3.49999999999998,1.55499999999999,3.89500000000002));
#3347=CARTESIAN_POINT('',(-3.99999999999998,1.55499999999999,3.39500000000002));
#3348=CARTESIAN_POINT('',(-3.99999999999998,1.55499999999999,3.89500000000002));
#3349=CARTESIAN_POINT('',(-3.49999999999998,1.55499999999999,3.39500000000002));
#3350=CARTESIAN_POINT('Origin',(-3.49999999999999,0.904999999999997,2.39500000000001));
#3351=CARTESIAN_POINT('',(-3.49999999999999,0.304999999999997,2.39500000000001));
#3352=CARTESIAN_POINT('Origin',(-4.00000000000001,3.25500000000001,-0.354999999999966));
#3353=CARTESIAN_POINT('',(-4.00000000000001,1.755,0.195000000000028));
#3354=CARTESIAN_POINT('',(-4.00000000000001,1.75500000000001,-0.354999999999972));
#3355=CARTESIAN_POINT('',(-4.00000000000001,1.755,0.195000000000028));
#3356=CARTESIAN_POINT('',(-4.00000000000001,3.25500000000001,-0.354999999999966));
#3357=CARTESIAN_POINT('',(-3.99999999999999,0.904999999999997,2.39500000000002));
#3358=CARTESIAN_POINT('',(-3.99999999999999,0.904999999999997,2.39500000000002));
#3359=CARTESIAN_POINT('',(-3.99999999999998,0.904999999999993,3.39500000000002));
#3360=CARTESIAN_POINT('',(-3.99999999999998,0.904999999999993,3.39500000000002));
#3361=CARTESIAN_POINT('',(-3.99999999999998,1.55499999999999,3.39500000000002));
#3362=CARTESIAN_POINT('',(-4.,2.755,0.845000000000031));
#3363=CARTESIAN_POINT('',(-4.,2.755,0.845000000000031));
#3364=CARTESIAN_POINT('',(-4.00000000000001,2.755,0.195000000000031));
#3365=CARTESIAN_POINT('',(-4.00000000000001,2.755,0.195000000000031));
#3366=CARTESIAN_POINT('',(-4.00000000000001,2.755,0.195000000000031));
#3367=CARTESIAN_POINT('Origin',(3.70000000000002,0.304999999999992,3.89499999999996));
#3368=CARTESIAN_POINT('',(3.70000000000001,0.304999999999997,2.39499999999996));
#3369=CARTESIAN_POINT('Origin',(3.50000000000001,1.55499999999999,3.39499999999997));
#3370=CARTESIAN_POINT('',(3.50000000000001,0.904999999999993,3.39499999999996));
#3371=CARTESIAN_POINT('Origin',(3.5,2.755,0.844999999999979));
#3372=CARTESIAN_POINT('',(3.5,2.755,0.844999999999979));
#3373=CARTESIAN_POINT('',(3.5,2.755,0.844999999999979));
#3374=CARTESIAN_POINT('',(3.5,2.755,0.844999999999979));
#3375=CARTESIAN_POINT('Origin',(-3.5,2.755,0.845000000000028));
#3376=CARTESIAN_POINT('',(-3.5,2.755,0.845000000000028));
#3377=CARTESIAN_POINT('',(-3.5,2.755,0.845000000000028));
#3378=CARTESIAN_POINT('',(-3.5,2.755,0.845000000000028));
#3379=CARTESIAN_POINT('Origin',(3.99999999999999,3.25500000000001,-0.355000000000023));
#3380=CARTESIAN_POINT('',(2.39999999999999,0.495000000000006,-0.355000000000022));
#3381=CARTESIAN_POINT('',(2.59999999999999,0.495000000000006,-0.355000000000023));
#3382=CARTESIAN_POINT('',(2.39999999999999,0.495000000000006,-0.355000000000022));
#3383=CARTESIAN_POINT('',(2.39999999999999,3.25500000000001,-0.355000000000012));
#3384=CARTESIAN_POINT('',(1.59999999999999,0.495000000000006,-0.355000000000016));
#3385=CARTESIAN_POINT('',(1.59999999999999,3.25500000000001,-0.355000000000006));
#3386=CARTESIAN_POINT('',(1.39999999999999,0.495000000000006,-0.355000000000015));
#3387=CARTESIAN_POINT('',(1.39999999999999,0.495000000000006,-0.355000000000015));
#3388=CARTESIAN_POINT('',(1.39999999999999,3.25500000000001,-0.355000000000004));
#3389=CARTESIAN_POINT('',(0.59999999999999,0.495000000000006,-0.355000000000009));
#3390=CARTESIAN_POINT('',(0.59999999999999,3.25500000000001,-0.354999999999999));
#3391=CARTESIAN_POINT('',(0.39999999999999,0.495000000000006,-0.355000000000008));
#3392=CARTESIAN_POINT('',(0.39999999999999,0.495000000000006,-0.355000000000008));
#3393=CARTESIAN_POINT('',(0.39999999999999,3.25500000000001,-0.354999999999997));
#3394=CARTESIAN_POINT('',(-0.40000000000001,0.495000000000006,-0.355000000000002));
#3395=CARTESIAN_POINT('',(-0.40000000000001,3.25500000000001,-0.354999999999992));
#3396=CARTESIAN_POINT('',(-0.60000000000001,0.495000000000006,-0.355000000000001));
#3397=CARTESIAN_POINT('',(-0.60000000000001,0.495000000000006,-0.355000000000001));
#3398=CARTESIAN_POINT('',(-0.60000000000001,3.25500000000001,-0.35499999999999));
#3399=CARTESIAN_POINT('',(-1.40000000000001,0.495000000000006,-0.354999999999995));
#3400=CARTESIAN_POINT('',(-1.40000000000001,3.25500000000001,-0.354999999999984));
#3401=CARTESIAN_POINT('',(-1.60000000000001,0.495000000000006,-0.354999999999994));
#3402=CARTESIAN_POINT('',(-1.60000000000001,0.495000000000006,-0.354999999999994));
#3403=CARTESIAN_POINT('',(-1.60000000000001,3.25500000000001,-0.354999999999983));
#3404=CARTESIAN_POINT('',(-2.40000000000001,0.495000000000006,-0.354999999999988));
#3405=CARTESIAN_POINT('',(-2.40000000000001,3.25500000000001,-0.354999999999977));
#3406=CARTESIAN_POINT('',(-2.60000000000001,0.495000000000006,-0.354999999999986));
#3407=CARTESIAN_POINT('',(-2.60000000000001,0.495000000000006,-0.354999999999986));
#3408=CARTESIAN_POINT('',(-2.60000000000001,3.25500000000001,-0.354999999999976));
#3409=CARTESIAN_POINT('',(-3.50000000000001,1.75500000000001,-0.354999999999976));
#3410=CARTESIAN_POINT('',(-3.50000000000001,1.75500000000001,-0.354999999999976));
#3411=CARTESIAN_POINT('',(-3.50000000000001,2.75500000000001,-0.354999999999972));
#3412=CARTESIAN_POINT('',(3.49999999999999,1.75500000000001,-0.355000000000025));
#3413=CARTESIAN_POINT('',(3.49999999999999,1.75500000000001,-0.355000000000025));
#3414=CARTESIAN_POINT('',(3.49999999999999,1.75500000000001,-0.355000000000025));
#3415=CARTESIAN_POINT('',(2.59999999999999,3.25500000000001,-0.355000000000013));
#3416=CARTESIAN_POINT('Origin',(-3.50000000000001,2.75500000000001,-0.354999999999972));
#3417=CARTESIAN_POINT('',(-3.50000000000001,2.755,0.195000000000028));
#3418=CARTESIAN_POINT('',(-3.50000000000001,2.755,0.195000000000028));
#3419=CARTESIAN_POINT('',(-3.50000000000001,1.755,0.195000000000024));
#3420=CARTESIAN_POINT('',(-3.50000000000001,1.755,0.195000000000024));
#3421=CARTESIAN_POINT('',(-3.50000000000001,2.755,0.195000000000028));
#3422=CARTESIAN_POINT('Origin',(3.49999999999999,2.75500000000001,-0.355000000000021));
#3423=CARTESIAN_POINT('',(3.49999999999999,2.755,0.194999999999979));
#3424=CARTESIAN_POINT('',(3.49999999999999,2.755,0.194999999999979));
#3425=CARTESIAN_POINT('',(3.49999999999999,1.755,0.194999999999975));
#3426=CARTESIAN_POINT('',(3.49999999999999,2.755,0.194999999999979));
#3427=CARTESIAN_POINT('',(3.49999999999999,1.755,0.194999999999975));
#3428=CARTESIAN_POINT('Origin',(0.599999999999994,0.445000000000004,0.194999999999992));
#3429=CARTESIAN_POINT('',(0.599999999999985,0.495000000000009,-1.05500000000001));
#3430=CARTESIAN_POINT('',(0.599999999999985,0.495000000000009,-1.05500000000001));
#3431=CARTESIAN_POINT('',(0.599999999999991,0.295000000000006,-0.25500000000001));
#3432=CARTESIAN_POINT('',(0.599999999999991,0.295000000000006,-0.25500000000001));
#3433=CARTESIAN_POINT('',(0.599999999999985,0.295000000000008,-1.05500000000001));
#3434=CARTESIAN_POINT('',(0.599999999999991,0.295000000000006,-0.25500000000001));
#3435=CARTESIAN_POINT('',(0.599999999999985,0.295000000000008,-1.05500000000001));
#3436=CARTESIAN_POINT('Origin',(1.39999999999999,0.295000000000006,-0.255000000000016));
#3437=CARTESIAN_POINT('',(1.39999999999999,0.295000000000006,-0.255000000000016));
#3438=CARTESIAN_POINT('',(1.39999999999999,0.295000000000006,-0.255000000000016));
#3439=CARTESIAN_POINT('',(1.59999999999999,0.295000000000006,-0.255000000000017));
#3440=CARTESIAN_POINT('',(1.39999999999999,0.295000000000006,-0.255000000000016));
#3441=CARTESIAN_POINT('',(1.59999999999999,0.295000000000006,-0.255000000000017));
#3442=CARTESIAN_POINT('Origin',(-0.600000000000006,0.445000000000004,0.195000000000001));
#3443=CARTESIAN_POINT('',(-0.600000000000015,0.495000000000009,-1.055));
#3444=CARTESIAN_POINT('',(-0.600000000000015,0.495000000000009,-1.055));
#3445=CARTESIAN_POINT('',(-0.600000000000015,0.295000000000008,-1.055));
#3446=CARTESIAN_POINT('',(-0.600000000000015,0.295000000000008,-1.055));
#3447=CARTESIAN_POINT('',(-0.600000000000009,0.295000000000006,-0.255000000000002));
#3448=CARTESIAN_POINT('',(-0.600000000000009,0.295000000000006,-0.255000000000002));
#3449=CARTESIAN_POINT('',(-0.600000000000009,0.295000000000006,-0.255000000000002));
#3450=CARTESIAN_POINT('Origin',(3.50000000000001,0.904999999999997,2.39499999999996));
#3451=CARTESIAN_POINT('',(3.50000000000001,0.904999999999997,2.39499999999996));
#3452=CARTESIAN_POINT('Origin',(2.39999999999999,0.445000000000004,0.194999999999979));
#3453=CARTESIAN_POINT('',(2.39999999999999,0.495000000000009,-1.05500000000002));
#3454=CARTESIAN_POINT('',(2.39999999999999,0.495000000000009,-1.05500000000002));
#3455=CARTESIAN_POINT('',(2.39999999999999,0.295000000000008,-1.05500000000002));
#3456=CARTESIAN_POINT('',(2.39999999999999,0.295000000000008,-1.05500000000002));
#3457=CARTESIAN_POINT('',(2.39999999999999,0.295000000000006,-0.255000000000023));
#3458=CARTESIAN_POINT('',(2.39999999999999,0.295000000000006,-0.255000000000023));
#3459=CARTESIAN_POINT('',(2.39999999999999,0.295000000000006,-0.255000000000023));
#3460=CARTESIAN_POINT('Origin',(-1.40000000000001,0.445000000000004,0.195000000000007));
#3461=CARTESIAN_POINT('',(-1.40000000000001,0.495000000000009,-1.055));
#3462=CARTESIAN_POINT('',(-1.40000000000001,0.495000000000009,-1.055));
#3463=CARTESIAN_POINT('',(-1.40000000000001,0.295000000000006,-0.254999999999996));
#3464=CARTESIAN_POINT('',(-1.40000000000001,0.295000000000006,-0.254999999999996));
#3465=CARTESIAN_POINT('',(-1.40000000000001,0.295000000000008,-1.055));
#3466=CARTESIAN_POINT('',(-1.40000000000001,0.295000000000006,-0.254999999999996));
#3467=CARTESIAN_POINT('',(-1.40000000000001,0.295000000000008,-1.055));
#3468=CARTESIAN_POINT('Origin',(0.399999999999994,0.445000000000004,0.194999999999994));
#3469=CARTESIAN_POINT('',(0.399999999999985,0.495000000000009,-1.05500000000001));
#3470=CARTESIAN_POINT('',(0.399999999999985,0.495000000000009,-1.05500000000001));
#3471=CARTESIAN_POINT('',(0.399999999999985,0.295000000000008,-1.05500000000001));
#3472=CARTESIAN_POINT('',(0.399999999999985,0.295000000000008,-1.05500000000001));
#3473=CARTESIAN_POINT('',(0.399999999999991,0.295000000000006,-0.255000000000009));
#3474=CARTESIAN_POINT('',(0.399999999999991,0.295000000000006,-0.255000000000009));
#3475=CARTESIAN_POINT('',(0.399999999999991,0.295000000000006,-0.255000000000009));
#3476=CARTESIAN_POINT('Origin',(-0.600000000000009,0.295000000000006,-0.255000000000002));
#3477=CARTESIAN_POINT('',(-0.400000000000009,0.295000000000006,-0.255000000000003));
#3478=CARTESIAN_POINT('',(-0.600000000000009,0.295000000000006,-0.255000000000002));
#3479=CARTESIAN_POINT('',(-0.400000000000009,0.295000000000006,-0.255000000000003));
#3480=CARTESIAN_POINT('Origin',(-2.40000000000001,0.445000000000004,0.195000000000014));
#3481=CARTESIAN_POINT('',(-2.40000000000002,0.495000000000009,-1.05499999999999));
#3482=CARTESIAN_POINT('',(-2.40000000000002,0.495000000000009,-1.05499999999999));
#3483=CARTESIAN_POINT('',(-2.40000000000001,0.295000000000006,-0.254999999999989));
#3484=CARTESIAN_POINT('',(-2.40000000000001,0.295000000000006,-0.254999999999989));
#3485=CARTESIAN_POINT('',(-2.40000000000002,0.295000000000008,-1.05499999999999));
#3486=CARTESIAN_POINT('',(-2.40000000000001,0.295000000000006,-0.254999999999989));
#3487=CARTESIAN_POINT('',(-2.40000000000002,0.295000000000008,-1.05499999999999));
#3488=CARTESIAN_POINT('Origin',(-3.69999999999999,0.304999999999997,2.39500000000001));
#3489=CARTESIAN_POINT('Origin',(3.70000000000001,0.304999999999997,2.39499999999996));
#3490=CARTESIAN_POINT('Origin',(-1.60000000000001,0.295000000000006,-0.254999999999995));
#3491=CARTESIAN_POINT('',(-1.60000000000001,0.295000000000006,-0.254999999999995));
#3492=CARTESIAN_POINT('',(-1.60000000000001,0.295000000000006,-0.254999999999995));
#3493=CARTESIAN_POINT('',(-1.60000000000001,0.295000000000006,-0.254999999999995));
#3494=CARTESIAN_POINT('Origin',(-1.60000000000001,0.445000000000004,0.195000000000008));
#3495=CARTESIAN_POINT('',(-1.60000000000001,0.495000000000009,-1.05499999999999));
#3496=CARTESIAN_POINT('',(-1.60000000000001,0.495000000000009,-1.05499999999999));
#3497=CARTESIAN_POINT('',(-1.60000000000001,0.295000000000008,-1.05499999999999));
#3498=CARTESIAN_POINT('',(-1.60000000000001,0.295000000000008,-1.05499999999999));
#3499=CARTESIAN_POINT('',(-1.60000000000001,0.295000000000006,-0.254999999999995));
#3500=CARTESIAN_POINT('Origin',(2.59999999999999,0.445000000000004,0.194999999999978));
#3501=CARTESIAN_POINT('',(2.59999999999998,0.495000000000009,-1.05500000000002));
#3502=CARTESIAN_POINT('',(2.59999999999998,0.495000000000009,-1.05500000000002));
#3503=CARTESIAN_POINT('',(2.59999999999999,0.295000000000006,-0.255000000000025));
#3504=CARTESIAN_POINT('',(2.59999999999999,0.295000000000006,-0.255000000000025));
#3505=CARTESIAN_POINT('',(2.59999999999998,0.295000000000008,-1.05500000000002));
#3506=CARTESIAN_POINT('',(2.59999999999999,0.295000000000006,-0.255000000000025));
#3507=CARTESIAN_POINT('',(2.59999999999998,0.295000000000008,-1.05500000000002));
#3508=CARTESIAN_POINT('Origin',(-2.60000000000001,0.295000000000006,-0.254999999999988));
#3509=CARTESIAN_POINT('',(-2.60000000000001,0.295000000000006,-0.254999999999988));
#3510=CARTESIAN_POINT('',(-2.60000000000001,0.295000000000006,-0.254999999999988));
#3511=CARTESIAN_POINT('',(-2.60000000000001,0.295000000000006,-0.254999999999988));
#3512=CARTESIAN_POINT('Origin',(-3.49999999999999,0.904999999999997,2.39500000000001));
#3513=CARTESIAN_POINT('',(-3.49999999999999,0.904999999999997,2.39500000000001));
#3514=CARTESIAN_POINT('Origin',(1.39999999999999,0.445000000000004,0.194999999999987));
#3515=CARTESIAN_POINT('',(1.39999999999999,0.495000000000009,-1.05500000000001));
#3516=CARTESIAN_POINT('',(1.39999999999999,0.495000000000009,-1.05500000000001));
#3517=CARTESIAN_POINT('',(1.39999999999999,0.295000000000008,-1.05500000000002));
#3518=CARTESIAN_POINT('',(1.39999999999999,0.295000000000008,-1.05500000000002));
#3519=CARTESIAN_POINT('',(1.39999999999999,0.295000000000006,-0.255000000000016));
#3520=CARTESIAN_POINT('Origin',(2.39999999999999,0.295000000000006,-0.255000000000023));
#3521=CARTESIAN_POINT('',(2.39999999999999,0.295000000000006,-0.255000000000023));
#3522=CARTESIAN_POINT('Origin',(0.399999999999991,0.295000000000006,-0.255000000000009));
#3523=CARTESIAN_POINT('',(0.399999999999991,0.295000000000006,-0.255000000000009));
#3524=CARTESIAN_POINT('Origin',(-2.60000000000001,0.445000000000004,0.195000000000015));
#3525=CARTESIAN_POINT('',(-2.60000000000002,0.495000000000009,-1.05499999999999));
#3526=CARTESIAN_POINT('',(-2.60000000000002,0.495000000000009,-1.05499999999999));
#3527=CARTESIAN_POINT('',(-2.60000000000002,0.295000000000008,-1.05499999999999));
#3528=CARTESIAN_POINT('',(-2.60000000000002,0.295000000000008,-1.05499999999999));
#3529=CARTESIAN_POINT('',(-2.60000000000001,0.295000000000006,-0.254999999999988));
#3530=CARTESIAN_POINT('Origin',(1.59999999999999,0.445000000000004,0.194999999999985));
#3531=CARTESIAN_POINT('',(1.59999999999999,0.495000000000009,-1.05500000000002));
#3532=CARTESIAN_POINT('',(1.59999999999999,0.495000000000009,-1.05500000000002));
#3533=CARTESIAN_POINT('',(1.59999999999999,0.295000000000008,-1.05500000000002));
#3534=CARTESIAN_POINT('',(1.59999999999999,0.295000000000006,-0.255000000000017));
#3535=CARTESIAN_POINT('',(1.59999999999999,0.295000000000008,-1.05500000000002));
#3536=CARTESIAN_POINT('Origin',(-0.400000000000006,0.445000000000004,0.194999999999999));
#3537=CARTESIAN_POINT('',(-0.400000000000015,0.495000000000009,-1.055));
#3538=CARTESIAN_POINT('',(-0.400000000000015,0.495000000000009,-1.055));
#3539=CARTESIAN_POINT('',(-0.400000000000015,0.295000000000008,-1.055));
#3540=CARTESIAN_POINT('',(-0.400000000000009,0.295000000000006,-0.255000000000003));
#3541=CARTESIAN_POINT('',(-0.400000000000015,0.295000000000008,-1.055));
#3542=CARTESIAN_POINT('Origin',(-3.49999999999998,0.904999999999993,3.39500000000001));
#3543=CARTESIAN_POINT('',(-3.49999999999998,0.904999999999993,3.39500000000001));
#3544=CARTESIAN_POINT('Origin',(-3.49999999999998,1.55499999999999,3.39500000000002));
#3545=CARTESIAN_POINT('Origin',(3.50000000000001,0.904999999999993,3.39499999999996));
#3546=CARTESIAN_POINT('Origin',(3.49999999999999,2.755,0.194999999999979));
#3547=CARTESIAN_POINT('',(3.49999999999999,1.755,0.194999999999975));
#3548=CARTESIAN_POINT('',(3.49999999999999,2.755,0.194999999999979));
#3549=CARTESIAN_POINT('Origin',(3.49999999999999,2.755,0.194999999999979));
#3550=CARTESIAN_POINT('Origin',(3.49999999999999,1.755,0.194999999999975));
#3551=CARTESIAN_POINT('Origin',(-3.50000000000001,2.755,0.195000000000028));
#3552=CARTESIAN_POINT('',(-3.50000000000001,2.755,0.195000000000028));
#3553=CARTESIAN_POINT('Origin',(-3.50000000000001,2.755,0.195000000000028));
#3554=CARTESIAN_POINT('',(-3.50000000000001,1.755,0.195000000000024));
#3555=CARTESIAN_POINT('Origin',(-3.50000000000001,1.755,0.195000000000024));
#3556=CARTESIAN_POINT('Origin',(-2.60000000000002,0.495000000000009,-1.05499999999999));
#3557=CARTESIAN_POINT('',(-2.60000000000002,0.495000000000009,-1.05499999999999));
#3558=CARTESIAN_POINT('Origin',(2.39999999999999,0.495000000000009,-1.05500000000002));
#3559=CARTESIAN_POINT('',(2.39999999999999,0.495000000000009,-1.05500000000002));
#3560=CARTESIAN_POINT('Origin',(-0.600000000000015,0.495000000000009,-1.055));
#3561=CARTESIAN_POINT('',(-0.600000000000015,0.495000000000009,-1.055));
#3562=CARTESIAN_POINT('Origin',(0.399999999999985,0.495000000000009,-1.05500000000001));
#3563=CARTESIAN_POINT('',(0.399999999999985,0.495000000000009,-1.05500000000001));
#3564=CARTESIAN_POINT('Origin',(1.39999999999999,0.495000000000009,-1.05500000000001));
#3565=CARTESIAN_POINT('',(1.39999999999999,0.495000000000009,-1.05500000000001));
#3566=CARTESIAN_POINT('Origin',(-1.60000000000001,0.495000000000009,-1.05499999999999));
#3567=CARTESIAN_POINT('',(-1.60000000000001,0.495000000000009,-1.05499999999999));
#3568=CARTESIAN_POINT('Origin',(0.399999999999985,0.295000000000008,-1.05500000000001));
#3569=CARTESIAN_POINT('',(0.399999999999985,0.295000000000008,-1.05500000000001));
#3570=CARTESIAN_POINT('Origin',(0.399999999999991,0.295000000000006,-0.255000000000009));
#3571=CARTESIAN_POINT('Origin',(1.39999999999999,0.295000000000006,-0.255000000000016));
#3572=CARTESIAN_POINT('',(1.39999999999999,0.295000000000008,-1.05500000000002));
#3573=CARTESIAN_POINT('Origin',(-0.600000000000009,0.295000000000006,-0.255000000000002));
#3574=CARTESIAN_POINT('',(-0.600000000000015,0.295000000000008,-1.055));
#3575=CARTESIAN_POINT('Origin',(-0.600000000000015,0.295000000000008,-1.055));
#3576=CARTESIAN_POINT('Origin',(2.39999999999999,0.295000000000006,-0.255000000000023));
#3577=CARTESIAN_POINT('',(2.39999999999999,0.295000000000008,-1.05500000000002));
#3578=CARTESIAN_POINT('Origin',(2.39999999999999,0.295000000000008,-1.05500000000002));
#3579=CARTESIAN_POINT('Origin',(-1.60000000000001,0.295000000000006,-0.254999999999995));
#3580=CARTESIAN_POINT('',(-1.60000000000001,0.295000000000008,-1.05499999999999));
#3581=CARTESIAN_POINT('Origin',(-1.60000000000001,0.295000000000008,-1.05499999999999));
#3582=CARTESIAN_POINT('Origin',(-2.60000000000002,0.295000000000008,-1.05499999999999));
#3583=CARTESIAN_POINT('',(-2.60000000000002,0.295000000000008,-1.05499999999999));
#3584=CARTESIAN_POINT('Origin',(-2.60000000000001,0.295000000000006,-0.254999999999988));
#3585=CARTESIAN_POINT('Origin',(1.39999999999999,0.295000000000008,-1.05500000000002));
#3586=UNCERTAINTY_MEASURE_WITH_UNIT(LENGTH_MEASURE(0.01),#3590,
'DISTANCE_ACCURACY_VALUE',
'Maximum model space distance between geometric entities at asserted c
onnectivities');
#3587=UNCERTAINTY_MEASURE_WITH_UNIT(LENGTH_MEASURE(0.01),#3590,
'DISTANCE_ACCURACY_VALUE',
'Maximum model space distance between geometric entities at asserted c
onnectivities');
#3588=(
GEOMETRIC_REPRESENTATION_CONTEXT(3)
GLOBAL_UNCERTAINTY_ASSIGNED_CONTEXT((#3586))
GLOBAL_UNIT_ASSIGNED_CONTEXT((#3590,#3592,#3593))
REPRESENTATION_CONTEXT('','3D')
);
#3589=(
GEOMETRIC_REPRESENTATION_CONTEXT(3)
GLOBAL_UNCERTAINTY_ASSIGNED_CONTEXT((#3587))
GLOBAL_UNIT_ASSIGNED_CONTEXT((#3590,#3592,#3593))
REPRESENTATION_CONTEXT('','3D')
);
#3590=(
LENGTH_UNIT()
NAMED_UNIT(*)
SI_UNIT(.MILLI.,.METRE.)
);
#3591=(
LENGTH_UNIT()
NAMED_UNIT(*)
SI_UNIT(.CENTI.,.METRE.)
);
#3592=(
NAMED_UNIT(*)
PLANE_ANGLE_UNIT()
SI_UNIT($,.RADIAN.)
);
#3593=(
NAMED_UNIT(*)
SI_UNIT($,.STERADIAN.)
SOLID_ANGLE_UNIT()
);
#3594=SHAPE_DEFINITION_REPRESENTATION(#3595,#3596);
#3595=PRODUCT_DEFINITION_SHAPE('',$,#3598);
#3596=SHAPE_REPRESENTATION('',(#2328),#3588);
#3597=PRODUCT_DEFINITION_CONTEXT('part definition',#3602,'design');
#3598=PRODUCT_DEFINITION('SM06B-SRSS-TB','SM06B-SRSS-TB',#3599,#3597);
#3599=PRODUCT_DEFINITION_FORMATION('ANY',$,#3604);
#3600=PRODUCT_RELATED_PRODUCT_CATEGORY('SM06B-SRSS-TB','SM06B-SRSS-TB',
(#3604));
#3601=APPLICATION_PROTOCOL_DEFINITION('international standard',
'automotive_design',2009,#3602);
#3602=APPLICATION_CONTEXT(
'Core Data for Automotive Mechanical Design Process');
#3603=PRODUCT_CONTEXT('part definition',#3602,'mechanical');
#3604=PRODUCT('SM06B-SRSS-TB','SM06B-SRSS-TB','STEP AP214',(#3603));
#3605=PRESENTATION_STYLE_ASSIGNMENT((#3609));
#3606=PRESENTATION_STYLE_ASSIGNMENT((#3610));
#3607=PRESENTATION_STYLE_ASSIGNMENT((#3611));
#3608=PRESENTATION_STYLE_ASSIGNMENT((#3612));
#3609=SURFACE_STYLE_USAGE(.BOTH.,#3621);
#3610=SURFACE_STYLE_USAGE(.BOTH.,#3622);
#3611=SURFACE_STYLE_USAGE(.BOTH.,#3623);
#3612=SURFACE_STYLE_USAGE(.BOTH.,#3624);
#3613=SURFACE_STYLE_RENDERING_WITH_PROPERTIES($,#3637,(#3617));
#3614=SURFACE_STYLE_RENDERING_WITH_PROPERTIES($,#3638,(#3618));
#3615=SURFACE_STYLE_RENDERING_WITH_PROPERTIES($,#3639,(#3619));
#3616=SURFACE_STYLE_RENDERING_WITH_PROPERTIES($,#3640,(#3620));
#3617=SURFACE_STYLE_TRANSPARENT(0.);
#3618=SURFACE_STYLE_TRANSPARENT(0.);
#3619=SURFACE_STYLE_TRANSPARENT(0.);
#3620=SURFACE_STYLE_TRANSPARENT(0.);
#3621=SURFACE_SIDE_STYLE('',(#3625,#3613));
#3622=SURFACE_SIDE_STYLE('',(#3626,#3614));
#3623=SURFACE_SIDE_STYLE('',(#3627,#3615));
#3624=SURFACE_SIDE_STYLE('',(#3628,#3616));
#3625=SURFACE_STYLE_FILL_AREA(#3629);
#3626=SURFACE_STYLE_FILL_AREA(#3630);
#3627=SURFACE_STYLE_FILL_AREA(#3631);
#3628=SURFACE_STYLE_FILL_AREA(#3632);
#3629=FILL_AREA_STYLE('',(#3633));
#3630=FILL_AREA_STYLE('',(#3634));
#3631=FILL_AREA_STYLE('',(#3635));
#3632=FILL_AREA_STYLE('',(#3636));
#3633=FILL_AREA_STYLE_COLOUR('',#3637);
#3634=FILL_AREA_STYLE_COLOUR('',#3638);
#3635=FILL_AREA_STYLE_COLOUR('',#3639);
#3636=FILL_AREA_STYLE_COLOUR('',#3640);
#3637=COLOUR_RGB('',0.749019607843137,0.749019607843137,0.749019607843137);
#3638=COLOUR_RGB('',0.,0.501960784313725,0.501960784313725);
#3639=COLOUR_RGB('',0.996078431372549,0.996078431372549,1.);
#3640=COLOUR_RGB('',0.905882352941176,0.83921568627451,0.674509803921569);
ENDSEC;
END-ISO-10303-21;
