ISO-10303-21;
HEADER;
FILE_DESCRIPTION (( 'STEP AP214' ),
    '1' );
FILE_NAME ('SO-8FL.STEP',
    '2022-08-08T14:07:41',
    ( '' ),
    ( '' ),
    'SwSTEP 2.0',
    'SolidWorks 2016',
    '' );
FILE_SCHEMA (( 'AUTOMOTIVE_DESIGN' ));
ENDSEC;

DATA;
#1 = LINE ( 'NONE', #3972, #579 ) ;
#2 = FILL_AREA_STYLE_COLOUR ( '', #2872 ) ;
#3 = CARTESIAN_POINT ( 'NONE',  ( -2.059999999999999600, -0.05000000000000002400, -3.050000000000000300 ) ) ;
#4 = DIRECTION ( 'NONE',  ( -0.7071067811865474600, 0.0000000000000000000, 0.7071067811865474600 ) ) ;
#5 = AXIS2_PLACEMENT_3D ( 'NONE', #1534, #3827, #220 ) ;
#6 = ORIENTED_EDGE ( 'NONE', *, *, #2984, .F. ) ;
#7 = CARTESIAN_POINT ( 'NONE',  ( 2.060000000000000100, -0.05000000000000005800, -3.049999999999999400 ) ) ;
#8 = FACE_OUTER_BOUND ( 'NONE', #2186, .T. ) ;
#9 = FILL_AREA_STYLE_COLOUR ( '', #2048 ) ;
#10 = FILL_AREA_STYLE ('',( #2001 ) ) ;
#11 = SURFACE_STYLE_FILL_AREA ( #1871 ) ;
#12 = AXIS2_PLACEMENT_3D ( 'NONE', #501, #1485, #3772 ) ;
#13 = FILL_AREA_STYLE_COLOUR ( '', #839 ) ;
#14 = VECTOR ( 'NONE', #4090, 1000.000000000000000 ) ;
#15 = EDGE_CURVE ( 'NONE', #3061, #824, #1462, .T. ) ;
#16 = MECHANICAL_DESIGN_GEOMETRIC_PRESENTATION_REPRESENTATION (  '', ( #520 ), #2837 ) ;
#17 = DIRECTION ( 'NONE',  ( -0.7071067811865517900, 0.0000000000000000000, -0.7071067811865433500 ) ) ;
#18 = SURFACE_SIDE_STYLE ('',( #3035 ) ) ;
#19 = FILL_AREA_STYLE_COLOUR ( '', #2037 ) ;
#20 = SURFACE_SIDE_STYLE ('',( #107 ) ) ;
#21 = LINE ( 'NONE', #4156, #2569 ) ;
#22 = FACE_OUTER_BOUND ( 'NONE', #1828, .T. ) ;
#23 = ORIENTED_EDGE ( 'NONE', *, *, #56, .T. ) ;
#24 = MECHANICAL_DESIGN_GEOMETRIC_PRESENTATION_REPRESENTATION (  '', ( #927 ), #2566 ) ;
#25 = DIRECTION ( 'NONE',  ( 0.0000000000000000000, 0.0000000000000000000, -1.000000000000000000 ) ) ;
#26 = CARTESIAN_POINT ( 'NONE',  ( -2.109999999999999900, 0.9499999999999999600, -2.899999999999999900 ) ) ;
#27 = FILL_AREA_STYLE ('',( #688 ) ) ;
#28 = CARTESIAN_POINT ( 'NONE',  ( 0.8400000000000000800, -0.05000000000000000300, -2.439999999999999900 ) ) ;
#29 = DIRECTION ( 'NONE',  ( -0.0000000000000000000, 0.0000000000000000000, -1.000000000000000000 ) ) ;
#30 = EDGE_LOOP ( 'NONE', ( #2179, #606, #4066, #4117 ) ) ;
#31 = PRESENTATION_LAYER_ASSIGNMENT (  '', '', ( #1630 ) ) ;
#32 = FILL_AREA_STYLE_COLOUR ( '', #2483 ) ;
#33 = VECTOR ( 'NONE', #3842, 1000.000000000000000 ) ;
#34 = SURFACE_SIDE_STYLE ('',( #1499 ) ) ;
#35 = UNCERTAINTY_MEASURE_WITH_UNIT (LENGTH_MEASURE( 1.000000000000000100E-005 ), #2612, 'distance_accuracy_value', 'NONE');
#36 = VECTOR ( 'NONE', #1288, 1000.000000000000000 ) ;
#37 = ORIENTED_EDGE ( 'NONE', *, *, #528, .T. ) ;
#38 = ORIENTED_EDGE ( 'NONE', *, *, #379, .T. ) ;
#39 = VERTEX_POINT ( 'NONE', #1321 ) ;
#40 = FACE_OUTER_BOUND ( 'NONE', #2132, .T. ) ;
#41 = AXIS2_PLACEMENT_3D ( 'NONE', #176, #3188, #538 ) ;
#42 = ADVANCED_FACE ( 'NONE', ( #3968 ), #3323, .F. ) ;
#43 = EDGE_LOOP ( 'NONE', ( #3291, #1280, #1437, #569, #4186, #4058 ) ) ;
#44 = DIRECTION ( 'NONE',  ( -0.0000000000000000000, -1.000000000000000000, 0.0000000000000000000 ) ) ;
#45 = CARTESIAN_POINT ( 'NONE',  ( -2.250000000000000400, 0.0000000000000000000, 2.899999999999999900 ) ) ;
#46 =( NAMED_UNIT ( * ) SI_UNIT ( $, .STERADIAN. ) SOLID_ANGLE_UNIT ( ) );
#47 = DIRECTION ( 'NONE',  ( -0.7071067811865474600, 0.7071067811865474600, 0.0000000000000000000 ) ) ;
#48 = EDGE_CURVE ( 'NONE', #1922, #3701, #1722, .T. ) ;
#49 = MECHANICAL_DESIGN_GEOMETRIC_PRESENTATION_REPRESENTATION (  '', ( #434 ), #489 ) ;
#50 = CARTESIAN_POINT ( 'NONE',  ( 1.700000000000001300, 0.0000000000000000000, 2.899999999999999900 ) ) ;
#51 = CARTESIAN_POINT ( 'NONE',  ( 0.0000000000000000000, 0.0000000000000000000, -1.240000000000000000 ) ) ;
#52 = CARTESIAN_POINT ( 'NONE',  ( 6.701401999457999700E-016, 0.05000000000000000300, -0.2950000000000000400 ) ) ;
#53 = FACE_OUTER_BOUND ( 'NONE', #567, .T. ) ;
#54 = ADVANCED_FACE ( 'NONE', ( #3523 ), #3059, .T. ) ;
#55 = ORIENTED_EDGE ( 'NONE', *, *, #1537, .T. ) ;
#56 = EDGE_CURVE ( 'NONE', #447, #1712, #3712, .T. ) ;
#57 = SURFACE_STYLE_FILL_AREA ( #3239 ) ;
#58 = EDGE_LOOP ( 'NONE', ( #3659, #4042, #1297, #2871, #3917, #3719 ) ) ;
#59 = DIRECTION ( 'NONE',  ( 1.000000000000000000, 0.0000000000000000000, -0.0000000000000000000 ) ) ;
#60 = CARTESIAN_POINT ( 'NONE',  ( 0.0000000000000000000, 0.05000000000000000300, -3.049999999999999800 ) ) ;
#61 = CARTESIAN_POINT ( 'NONE',  ( -2.075000000000000200, 0.05000000000000000300, 0.0000000000000000000 ) ) ;
#62 = FILL_AREA_STYLE ('',( #1439 ) ) ;
#63 =( NAMED_UNIT ( * ) SI_UNIT ( $, .STERADIAN. ) SOLID_ANGLE_UNIT ( ) );
#64 = UNCERTAINTY_MEASURE_WITH_UNIT (LENGTH_MEASURE( 1.000000000000000100E-005 ), #1111, 'distance_accuracy_value', 'NONE');
#65 = DIRECTION ( 'NONE',  ( -0.0000000000000000000, -1.000000000000000000, -0.0000000000000000000 ) ) ;
#66 = DIRECTION ( 'NONE',  ( -1.000000000000000000, 0.0000000000000000000, -2.684691093774000200E-015 ) ) ;
#67 = CARTESIAN_POINT ( 'NONE',  ( 0.4299999999999999900, 0.05000000000000000300, -3.049999999999999800 ) ) ;
#68 = AXIS2_PLACEMENT_3D ( 'NONE', #221, #559, #3298 ) ;
#69 = DIRECTION ( 'NONE',  ( 0.0000000000000000000, -0.0000000000000000000, 1.000000000000000000 ) ) ;
#70 = ORIENTED_EDGE ( 'NONE', *, *, #1113, .T. ) ;
#71 = LINE ( 'NONE', #643, #3932 ) ;
#72 = EDGE_CURVE ( 'NONE', #1954, #1677, #2394, .T. ) ;
#73 = AXIS2_PLACEMENT_3D ( 'NONE', #67, #2413, #2373 ) ;
#74 = FILL_AREA_STYLE_COLOUR ( '', #1728 ) ;
#75 = DIRECTION ( 'NONE',  ( 0.0000000000000000000, -0.0000000000000000000, 1.000000000000000000 ) ) ;
#76 = LINE ( 'NONE', #3280, #437 ) ;
#77 = ADVANCED_FACE ( 'NONE', ( #2143 ), #1893, .T. ) ;
#78 = SURFACE_STYLE_USAGE ( .BOTH. , #2077 ) ;
#79 = VECTOR ( 'NONE', #2536, 999.9999999999998900 ) ;
#81 = ORIENTED_EDGE ( 'NONE', *, *, #1736, .T. ) ;
#80 = DIRECTION ( 'NONE',  ( 1.000000000000000000, 0.0000000000000000000, -0.0000000000000000000 ) ) ;
#82 =( NAMED_UNIT ( * ) PLANE_ANGLE_UNIT ( ) SI_UNIT ( $, .RADIAN. ) );
#83 = EDGE_CURVE ( 'NONE', #325, #3954, #3863, .T. ) ;
#84 =( LENGTH_UNIT ( ) NAMED_UNIT ( * ) SI_UNIT ( .MILLI., .METRE. ) );
#85 = PRESENTATION_STYLE_ASSIGNMENT (( #149 ) ) ;
#86 = ORIENTED_EDGE ( 'NONE', *, *, #546, .F. ) ;
#87 = ORIENTED_EDGE ( 'NONE', *, *, #219, .T. ) ;
#88 = DIRECTION ( 'NONE',  ( -0.0000000000000000000, 0.0000000000000000000, -1.000000000000000000 ) ) ;
#89 = DIRECTION ( 'NONE',  ( 1.000000000000000000, 0.0000000000000000000, 0.0000000000000000000 ) ) ;
#90 = CARTESIAN_POINT ( 'NONE',  ( -0.8400000000000000800, 0.0000000000000000000, -2.899999999999999900 ) ) ;
#91 = SURFACE_STYLE_USAGE ( .BOTH. , #2093 ) ;
#92 = PLANE ( 'NONE',  #987 ) ;
#93 = FACE_OUTER_BOUND ( 'NONE', #992, .T. ) ;
#94 = ORIENTED_EDGE ( 'NONE', *, *, #2397, .F. ) ;
#95 =( NAMED_UNIT ( * ) PLANE_ANGLE_UNIT ( ) SI_UNIT ( $, .RADIAN. ) );
#96 = AXIS2_PLACEMENT_3D ( 'NONE', #2515, #3804, #2208 ) ;
#97 = SURFACE_SIDE_STYLE ('',( #3289 ) ) ;
#98 = EDGE_LOOP ( 'NONE', ( #3253, #1557, #1195, #3811, #2817, #2953 ) ) ;
#99 = FACE_OUTER_BOUND ( 'NONE', #2239, .T. ) ;
#100 = ADVANCED_FACE ( 'NONE', ( #1981 ), #1670, .F. ) ;
#101 = CARTESIAN_POINT ( 'NONE',  ( -2.250000000000000400, 0.7500000000959516900, -2.700000000000000200 ) ) ;
#102 = EDGE_CURVE ( 'NONE', #1915, #345, #3063, .T. ) ;
#103 = VERTEX_POINT ( 'NONE', #428 ) ;
#104 = AXIS2_PLACEMENT_3D ( 'NONE', #1808, #4088, #2138 ) ;
#105 = CARTESIAN_POINT ( 'NONE',  ( -1.700000000000002800, 0.05000000000000000300, 3.000000000000000000 ) ) ;
#106 = PRODUCT_CONTEXT ( 'NONE', #813, 'mechanical' ) ;
#107 = SURFACE_STYLE_FILL_AREA ( #4279 ) ;
#108 = DIRECTION ( 'NONE',  ( 0.0000000000000000000, 0.0000000000000000000, 1.000000000000000000 ) ) ;
#109 = FILL_AREA_STYLE_COLOUR ( '', #2975 ) ;
#110 = CARTESIAN_POINT ( 'NONE',  ( -2.450000000000000200, 0.0000000000000000000, -2.700000000000000200 ) ) ;
#111 = CARTESIAN_POINT ( 'NONE',  ( 0.7900000000000000400, 0.05000000000000000300, -3.049999999999999800 ) ) ;
#112 = PRESENTATION_STYLE_ASSIGNMENT (( #1304 ) ) ;
#113 = DIRECTION ( 'NONE',  ( 0.0000000000000000000, 1.000000000000000000, -0.0000000000000000000 ) ) ;
#114 = PLANE ( 'NONE',  #1966 ) ;
#115 = COLOUR_RGB ( '',0.7686274509803920900, 0.7686274509803920900, 0.7686274509803920900 ) ;
#116 = UNCERTAINTY_MEASURE_WITH_UNIT (LENGTH_MEASURE( 1.000000000000000100E-005 ), #1760, 'distance_accuracy_value', 'NONE');
#117 =( NAMED_UNIT ( * ) SI_UNIT ( $, .STERADIAN. ) SOLID_ANGLE_UNIT ( ) );
#118 = PRESENTATION_STYLE_ASSIGNMENT (( #3433 ) ) ;
#119 = SURFACE_STYLE_USAGE ( .BOTH. , #1118 ) ;
#120 = ADVANCED_FACE ( 'NONE', ( #2198 ), #2114, .T. ) ;
#121 = FILL_AREA_STYLE ('',( #4099 ) ) ;
#122 = AXIS2_PLACEMENT_3D ( 'NONE', #507, #1898, #2232 ) ;
#123 = DIRECTION ( 'NONE',  ( 0.0000000000000000000, 1.000000000000000000, 0.0000000000000000000 ) ) ;
#124 = AXIS2_PLACEMENT_3D ( 'NONE', #324, #1318, #1300 ) ;
#125 = VECTOR ( 'NONE', #2174, 1000.000000000000000 ) ;
#126 =( NAMED_UNIT ( * ) PLANE_ANGLE_UNIT ( ) SI_UNIT ( $, .RADIAN. ) );
#127 = CARTESIAN_POINT ( 'NONE',  ( 0.4299999999999999900, 0.05000000000000000300, -3.000000000000000000 ) ) ;
#128 = ADVANCED_FACE ( 'NONE', ( #3983 ), #2808, .F. ) ;
#129 = EDGE_CURVE ( 'NONE', #244, #972, #870, .T. ) ;
#130 = CARTESIAN_POINT ( 'NONE',  ( 2.060000000000000100, 0.05000000000000000300, -3.049999999999999400 ) ) ;
#131 =( NAMED_UNIT ( * ) SI_UNIT ( $, .STERADIAN. ) SOLID_ANGLE_UNIT ( ) );
#132 = ORIENTED_EDGE ( 'NONE', *, *, #3483, .F. ) ;
#133 = DIRECTION ( 'NONE',  ( 0.0000000000000000000, 1.000000000000000000, 0.0000000000000000000 ) ) ;
#134 = FILL_AREA_STYLE ('',( #2396 ) ) ;
#135 = ORIENTED_EDGE ( 'NONE', *, *, #83, .F. ) ;
#136 = EDGE_CURVE ( 'NONE', #3886, #3163, #4098, .T. ) ;
#137 = ADVANCED_FACE ( 'NONE', ( #1864 ), #1163, .T. ) ;
#138 = SURFACE_STYLE_USAGE ( .BOTH. , #2850 ) ;
#139 = VECTOR ( 'NONE', #3531, 1000.000000000000000 ) ;
#140 = ORIENTED_EDGE ( 'NONE', *, *, #1886, .T. ) ;
#141 =( GEOMETRIC_REPRESENTATION_CONTEXT ( 3 ) GLOBAL_UNCERTAINTY_ASSIGNED_CONTEXT ( ( #2124 ) ) GLOBAL_UNIT_ASSIGNED_CONTEXT ( ( #1512, #2220, #3840 ) ) REPRESENTATION_CONTEXT ( 'NONE', 'WORKASPACE' ) );
#142 = ORIENTED_EDGE ( 'NONE', *, *, #1972, .F. ) ;
#143 = COLOUR_RGB ( '',0.7686274509803920900, 0.7686274509803920900, 0.7686274509803920900 ) ;
#144 = ORIENTED_EDGE ( 'NONE', *, *, #1579, .T. ) ;
#145 =( NAMED_UNIT ( * ) SI_UNIT ( $, .STERADIAN. ) SOLID_ANGLE_UNIT ( ) );
#146 = ORIENTED_EDGE ( 'NONE', *, *, #2528, .T. ) ;
#147 = COLOUR_RGB ( '',0.7686274509803920900, 0.7686274509803920900, 0.7686274509803920900 ) ;
#148 = DIRECTION ( 'NONE',  ( 0.7071067811865474600, 0.0000000000000000000, -0.7071067811865474600 ) ) ;
#149 = SURFACE_STYLE_USAGE ( .BOTH. , #4103 ) ;
#150 = SURFACE_STYLE_USAGE ( .BOTH. , #2863 ) ;
#151 = CARTESIAN_POINT ( 'NONE',  ( -2.549999999999999800, -0.05000000000000000300, -0.2950000000000000400 ) ) ;
#152 = CARTESIAN_POINT ( 'NONE',  ( -0.7900000000000000400, -0.05000000000000005100, -3.049999999999999400 ) ) ;
#153 = EDGE_CURVE ( 'NONE', #3948, #1759, #644, .T. ) ;
#154 = PRESENTATION_LAYER_ASSIGNMENT (  '', '', ( #4050 ) ) ;
#155 = ORIENTED_EDGE ( 'NONE', *, *, #2205, .T. ) ;
#156 = ORIENTED_EDGE ( 'NONE', *, *, #153, .T. ) ;
#157 = LINE ( 'NONE', #2406, #624 ) ;
#158 = SURFACE_STYLE_USAGE ( .BOTH. , #3442 ) ;
#159 = CARTESIAN_POINT ( 'NONE',  ( 2.450000000000000600, 0.9499999999999999600, -0.7049999999999998500 ) ) ;
#160 = ADVANCED_FACE ( 'NONE', ( #1751 ), #533, .F. ) ;
#161 =( LENGTH_UNIT ( ) NAMED_UNIT ( * ) SI_UNIT ( .MILLI., .METRE. ) );
#162 = AXIS2_PLACEMENT_3D ( 'NONE', #2706, #316, #2042 ) ;
#163 = ORIENTED_EDGE ( 'NONE', *, *, #2099, .T. ) ;
#164 = CARTESIAN_POINT ( 'NONE',  ( 0.8400000000000000800, 0.05000000000000000300, -2.439999999999999900 ) ) ;
#165 = PLANE ( 'NONE',  #3309 ) ;
#166 = CARTESIAN_POINT ( 'NONE',  ( -0.4800000000000000400, 0.05000000000000000300, -3.049999999999999800 ) ) ;
#167 = PRESENTATION_LAYER_ASSIGNMENT (  '', '', ( #2190 ) ) ;
#168 = FILL_AREA_STYLE ('',( #746 ) ) ;
#169 = UNCERTAINTY_MEASURE_WITH_UNIT (LENGTH_MEASURE( 1.000000000000000100E-005 ), #2518, 'distance_accuracy_value', 'NONE');
#170 = VECTOR ( 'NONE', #360, 1000.000000000000000 ) ;
#171 = CARTESIAN_POINT ( 'NONE',  ( -2.109999999999999900, 0.9499999999999999600, 2.899999999999999900 ) ) ;
#172 = DIRECTION ( 'NONE',  ( -1.495451272394000000E-016, 0.0000000000000000000, -1.000000000000000000 ) ) ;
#173 = CARTESIAN_POINT ( 'NONE',  ( 0.0000000000000000000, 0.05000000000000000300, 0.0000000000000000000 ) ) ;
#174 = ORIENTED_EDGE ( 'NONE', *, *, #3832, .F. ) ;
#175 = PRESENTATION_STYLE_ASSIGNMENT (( #1654 ) ) ;
#176 = CARTESIAN_POINT ( 'NONE',  ( -0.4299999999999999900, 0.05000000000000000300, -3.049999999999999800 ) ) ;
#177 = STYLED_ITEM ( 'NONE', ( #3358 ), #1811 ) ;
#179 = ORIENTED_EDGE ( 'NONE', *, *, #1165, .T. ) ;
#178 = DIRECTION ( 'NONE',  ( -0.0000000000000000000, -1.000000000000000000, -0.0000000000000000000 ) ) ;
#180 = SURFACE_SIDE_STYLE ('',( #1659 ) ) ;
#181 = EDGE_CURVE ( 'NONE', #2290, #2082, #21, .T. ) ;
#182 =( GEOMETRIC_REPRESENTATION_CONTEXT ( 3 ) GLOBAL_UNCERTAINTY_ASSIGNED_CONTEXT ( ( #1789 ) ) GLOBAL_UNIT_ASSIGNED_CONTEXT ( ( #2095, #4025, #2390 ) ) REPRESENTATION_CONTEXT ( 'NONE', 'WORKASPACE' ) );
#183 = VECTOR ( 'NONE', #17, 1000.000000000000000 ) ;
#184 = SURFACE_STYLE_FILL_AREA ( #3868 ) ;
#185 = ORIENTED_EDGE ( 'NONE', *, *, #2333, .T. ) ;
#186 = ORIENTED_EDGE ( 'NONE', *, *, #946, .T. ) ;
#187 = AXIS2_PLACEMENT_3D ( 'NONE', #2342, #370, #975 ) ;
#188 = CARTESIAN_POINT ( 'NONE',  ( -0.7900000000000000400, -0.05000000000000000300, -3.049999999999999800 ) ) ;
#189 = EDGE_CURVE ( 'NONE', #3564, #3103, #2468, .T. ) ;
#190 = SURFACE_SIDE_STYLE ('',( #3237 ) ) ;
#191 = ORIENTED_EDGE ( 'NONE', *, *, #2664, .F. ) ;
#192 = ORIENTED_EDGE ( 'NONE', *, *, #2844, .T. ) ;
#193 =( LENGTH_UNIT ( ) NAMED_UNIT ( * ) SI_UNIT ( .MILLI., .METRE. ) );
#194 = LINE ( 'NONE', #376, #2751 ) ;
#195 = EDGE_CURVE ( 'NONE', #3509, #3644, #4256, .T. ) ;
#196 = FACE_OUTER_BOUND ( 'NONE', #3412, .T. ) ;
#197 = ORIENTED_EDGE ( 'NONE', *, *, #189, .F. ) ;
#198 = CARTESIAN_POINT ( 'NONE',  ( 0.8400000000000000800, 0.9499999999999999600, -2.899999999999999900 ) ) ;
#199 = DIRECTION ( 'NONE',  ( 0.0000000000000000000, 1.000000000000000000, 0.0000000000000000000 ) ) ;
#200 = ORIENTED_EDGE ( 'NONE', *, *, #2626, .T. ) ;
#201 = ORIENTED_EDGE ( 'NONE', *, *, #1886, .F. ) ;
#202 = STYLED_ITEM ( 'NONE', ( #3565 ), #1447 ) ;
#203 = EDGE_LOOP ( 'NONE', ( #1554, #1099, #680, #2537, #1965, #3109 ) ) ;
#204 = CARTESIAN_POINT ( 'NONE',  ( -2.109999999999999400, 0.0000000000000000000, 2.659999999999999700 ) ) ;
#205 =( LENGTH_UNIT ( ) NAMED_UNIT ( * ) SI_UNIT ( .MILLI., .METRE. ) );
#206 = VECTOR ( 'NONE', #3581, 1000.000000000000000 ) ;
#207 =( NAMED_UNIT ( * ) SI_UNIT ( $, .STERADIAN. ) SOLID_ANGLE_UNIT ( ) );
#208 = COLOUR_RGB ( '',0.1019607843137254900, 0.1019607843137254900, 0.1019607843137254900 ) ;
#209 = STYLED_ITEM ( 'NONE', ( #1610 ), #2439 ) ;
#210 = CARTESIAN_POINT ( 'NONE',  ( -1.700000000000002200, 0.0000000000000000000, 2.660000000000000600 ) ) ;
#211 = FILL_AREA_STYLE_COLOUR ( '', #2756 ) ;
#212 = VERTEX_POINT ( 'NONE', #2482 ) ;
#213 = EDGE_CURVE ( 'NONE', #4124, #2290, #1069, .T. ) ;
#214 = PRESENTATION_STYLE_ASSIGNMENT (( #1908 ) ) ;
#215 = EDGE_CURVE ( 'NONE', #3813, #3265, #3535, .T. ) ;
#216 = STYLED_ITEM ( 'NONE', ( #3784 ), #4055 ) ;
#217 = CARTESIAN_POINT ( 'NONE',  ( 1.850000000000000100, 0.9499999999999999600, -2.299999999999999800 ) ) ;
#218 = CARTESIAN_POINT ( 'NONE',  ( -2.250000000000000400, 0.7499999999822648500, -2.700000000000000200 ) ) ;
#219 = EDGE_CURVE ( 'NONE', #1285, #1583, #2169, .T. ) ;
#220 = DIRECTION ( 'NONE',  ( -0.7071067811865474600, -0.7071067811865474600, 0.0000000000000000000 ) ) ;
#221 = CARTESIAN_POINT ( 'NONE',  ( 0.8400000000000000800, 0.05000000000000000300, -2.439999999999999900 ) ) ;
#222 = UNCERTAINTY_MEASURE_WITH_UNIT (LENGTH_MEASURE( 1.000000000000000100E-005 ), #3614, 'distance_accuracy_value', 'NONE');
#223 = VERTEX_POINT ( 'NONE', #256 ) ;
#224 = PRESENTATION_LAYER_ASSIGNMENT (  '', '', ( #357 ) ) ;
#225 =( LENGTH_UNIT ( ) NAMED_UNIT ( * ) SI_UNIT ( .MILLI., .METRE. ) );
#226 = LINE ( 'NONE', #355, #2882 ) ;
#227 = ORIENTED_EDGE ( 'NONE', *, *, #3426, .T. ) ;
#228 = FILL_AREA_STYLE_COLOUR ( '', #1620 ) ;
#229 = MECHANICAL_DESIGN_GEOMETRIC_PRESENTATION_REPRESENTATION (  '', ( #3575 ), #4011 ) ;
#230 = PLANE ( 'NONE',  #1207 ) ;
#231 = ORIENTED_EDGE ( 'NONE', *, *, #195, .T. ) ;
#232 = PLANE ( 'NONE',  #1493 ) ;
#233 = PRESENTATION_LAYER_ASSIGNMENT (  '', '', ( #2178 ) ) ;
#234 =( LENGTH_UNIT ( ) NAMED_UNIT ( * ) SI_UNIT ( .MILLI., .METRE. ) );
#235 = ORIENTED_EDGE ( 'NONE', *, *, #339, .F. ) ;
#236 = EDGE_LOOP ( 'NONE', ( #2108, #4219, #3969, #3246, #2098, #2750 ) ) ;
#237 = UNCERTAINTY_MEASURE_WITH_UNIT (LENGTH_MEASURE( 1.000000000000000100E-005 ), #3495, 'distance_accuracy_value', 'NONE');
#238 = ORIENTED_EDGE ( 'NONE', *, *, #310, .F. ) ;
#239 = CARTESIAN_POINT ( 'NONE',  ( -2.449999999999999300, 0.0000000000000000000, 2.700000000000000200 ) ) ;
#240 = ORIENTED_EDGE ( 'NONE', *, *, #3108, .T. ) ;
#241 = DIRECTION ( 'NONE',  ( 1.000000000000000000, 0.0000000000000000000, -0.0000000000000000000 ) ) ;
#242 = CARTESIAN_POINT ( 'NONE',  ( 0.0000000000000000000, 0.05000000000000000300, 2.609999999999999900 ) ) ;
#243 =( GEOMETRIC_REPRESENTATION_CONTEXT ( 3 ) GLOBAL_UNCERTAINTY_ASSIGNED_CONTEXT ( ( #373 ) ) GLOBAL_UNIT_ASSIGNED_CONTEXT ( ( #658, #2303, #2631 ) ) REPRESENTATION_CONTEXT ( 'NONE', 'WORKASPACE' ) );
#244 = VERTEX_POINT ( 'NONE', #1617 ) ;
#245 = PRESENTATION_STYLE_ASSIGNMENT (( #2948 ) ) ;
#246 = COLOUR_RGB ( '',0.7686274509803920900, 0.7686274509803920900, 0.7686274509803920900 ) ;
#247 = CARTESIAN_POINT ( 'NONE',  ( -2.060000000000000100, -0.05000000000000005800, 3.049999999999999400 ) ) ;
#248 = PRESENTATION_LAYER_ASSIGNMENT (  '', '', ( #645 ) ) ;
#249 = ORIENTED_EDGE ( 'NONE', *, *, #2602, .F. ) ;
#250 =( LENGTH_UNIT ( ) NAMED_UNIT ( * ) SI_UNIT ( .MILLI., .METRE. ) );
#251 = ORIENTED_EDGE ( 'NONE', *, *, #3399, .F. ) ;
#252 = LINE ( 'NONE', #3033, #3921 ) ;
#253 = VECTOR ( 'NONE', #2923, 999.9999999999998900 ) ;
#254 = SURFACE_STYLE_USAGE ( .BOTH. , #3542 ) ;
#255 = VERTEX_POINT ( 'NONE', #2189 ) ;
#256 = CARTESIAN_POINT ( 'NONE',  ( -1.700000000000001100, 0.05000000000000000300, 3.000000000000000400 ) ) ;
#257 = CARTESIAN_POINT ( 'NONE',  ( 2.060000000000000100, -0.05000000000000005800, 2.609999999999999900 ) ) ;
#258 = STYLED_ITEM ( 'NONE', ( #1642 ), #3960 ) ;
#259 = EDGE_CURVE ( 'NONE', #1081, #3948, #1636, .T. ) ;
#260 = ORIENTED_EDGE ( 'NONE', *, *, #2184, .F. ) ;
#261 = FACE_OUTER_BOUND ( 'NONE', #2630, .T. ) ;
#262 = PRESENTATION_LAYER_ASSIGNMENT (  '', '', ( #1263 ) ) ;
#263 = CARTESIAN_POINT ( 'NONE',  ( 2.109999999999999400, 0.9499999999999999600, 2.899999999999999900 ) ) ;
#264 = ORIENTED_EDGE ( 'NONE', *, *, #4247, .F. ) ;
#265 = FACE_OUTER_BOUND ( 'NONE', #4177, .T. ) ;
#266 = ORIENTED_EDGE ( 'NONE', *, *, #2321, .T. ) ;
#267 =( LENGTH_UNIT ( ) NAMED_UNIT ( * ) SI_UNIT ( .MILLI., .METRE. ) );
#268 =( NAMED_UNIT ( * ) SI_UNIT ( $, .STERADIAN. ) SOLID_ANGLE_UNIT ( ) );
#269 = FACE_OUTER_BOUND ( 'NONE', #2755, .T. ) ;
#270 = ORIENTED_EDGE ( 'NONE', *, *, #2836, .F. ) ;
#271 = EDGE_CURVE ( 'NONE', #2447, #1929, #1860, .T. ) ;
#272 = PRESENTATION_LAYER_ASSIGNMENT (  '', '', ( #520 ) ) ;
#273 = DIRECTION ( 'NONE',  ( 0.0000000000000000000, -0.0000000000000000000, -1.000000000000000000 ) ) ;
#274 = CARTESIAN_POINT ( 'NONE',  ( -0.4299999999999999900, 0.05000000000000000300, -3.049999999999999800 ) ) ;
#275 = ORIENTED_EDGE ( 'NONE', *, *, #3718, .F. ) ;
#276 = LINE ( 'NONE', #1018, #1824 ) ;
#277 = VECTOR ( 'NONE', #1253, 1000.000000000000000 ) ;
#278 = ORIENTED_EDGE ( 'NONE', *, *, #1561, .T. ) ;
#279 = CYLINDRICAL_SURFACE ( 'NONE', #958, 0.2000000000000000900 ) ;
#280 = UNCERTAINTY_MEASURE_WITH_UNIT (LENGTH_MEASURE( 1.000000000000000100E-005 ), #435, 'distance_accuracy_value', 'NONE');
#281 = EDGE_LOOP ( 'NONE', ( #140, #2092, #3290, #1441 ) ) ;
#282 = EDGE_CURVE ( 'NONE', #824, #550, #2215, .T. ) ;
#283 = ORIENTED_EDGE ( 'NONE', *, *, #4144, .T. ) ;
#284 = CARTESIAN_POINT ( 'NONE',  ( -1.700000000000000000, 0.0000000000000000000, -1.675585175659000000E-015 ) ) ;
#285 = ORIENTED_EDGE ( 'NONE', *, *, #3526, .T. ) ;
#286 = DIRECTION ( 'NONE',  ( -0.0000000000000000000, 1.000000000000000000, -0.0000000000000000000 ) ) ;
#287 = SURFACE_STYLE_USAGE ( .BOTH. , #3238 ) ;
#288 = LINE ( 'NONE', #3569, #206 ) ;
#289 =( GEOMETRIC_REPRESENTATION_CONTEXT ( 3 ) GLOBAL_UNCERTAINTY_ASSIGNED_CONTEXT ( ( #3014 ) ) GLOBAL_UNIT_ASSIGNED_CONTEXT ( ( #2764, #3723, #3084 ) ) REPRESENTATION_CONTEXT ( 'NONE', 'WORKASPACE' ) );
#290 = VERTEX_POINT ( 'NONE', #1904 ) ;
#291 = VECTOR ( 'NONE', #763, 1000.000000000000000 ) ;
#292 = CARTESIAN_POINT ( 'NONE',  ( -2.075000000000000200, -0.05000000000000000300, -0.7049999999999998500 ) ) ;
#293 = SURFACE_STYLE_USAGE ( .BOTH. , #659 ) ;
#294 = PRESENTATION_STYLE_ASSIGNMENT (( #1312 ) ) ;
#295 = AXIS2_PLACEMENT_3D ( 'NONE', #2902, #592, #1939 ) ;
#296 = ADVANCED_FACE ( 'NONE', ( #261 ), #1598, .T. ) ;
#297 = ORIENTED_EDGE ( 'NONE', *, *, #3263, .T. ) ;
#298 = LINE ( 'NONE', #164, #3477 ) ;
#299 = SURFACE_STYLE_FILL_AREA ( #1887 ) ;
#300 = EDGE_CURVE ( 'NONE', #1759, #447, #3677, .T. ) ;
#301 = MECHANICAL_DESIGN_GEOMETRIC_PRESENTATION_REPRESENTATION (  '', ( #2050 ), #2498 ) ;
#302 = DIRECTION ( 'NONE',  ( -1.000000000000000000, 0.0000000000000000000, -0.0000000000000000000 ) ) ;
#303 = SURFACE_SIDE_STYLE ('',( #1108 ) ) ;
#304 = CARTESIAN_POINT ( 'NONE',  ( 0.4800000000000000400, -0.05000000000000000300, -3.049999999999999800 ) ) ;
#305 = DIRECTION ( 'NONE',  ( -1.000000000000000000, 0.0000000000000000000, -0.0000000000000000000 ) ) ;
#306 = CARTESIAN_POINT ( 'NONE',  ( -2.109999999999999900, 0.05000000000000000300, 0.0000000000000000000 ) ) ;
#307 = COLOUR_RGB ( '',0.7686274509803920900, 0.7686274509803920900, 0.7686274509803920900 ) ;
#308 = SURFACE_STYLE_USAGE ( .BOTH. , #1317 ) ;
#309 = SURFACE_SIDE_STYLE ('',( #1770 ) ) ;
#310 = EDGE_CURVE ( 'NONE', #3560, #1218, #71, .T. ) ;
#311 = ORIENTED_EDGE ( 'NONE', *, *, #625, .T. ) ;
#312 = VECTOR ( 'NONE', #1206, 1000.000000000000000 ) ;
#313 = VECTOR ( 'NONE', #2030, 1000.000000000000100 ) ;
#314 = AXIS2_PLACEMENT_3D ( 'NONE', #3897, #548, #4210 ) ;
#315 =( LENGTH_UNIT ( ) NAMED_UNIT ( * ) SI_UNIT ( .MILLI., .METRE. ) );
#316 = DIRECTION ( 'NONE',  ( 0.0000000000000000000, 0.0000000000000000000, 1.000000000000000000 ) ) ;
#317 = DIRECTION ( 'NONE',  ( 0.7071067811865474600, 0.0000000000000000000, 0.7071067811865474600 ) ) ;
#318 = DIRECTION ( 'NONE',  ( -0.0000000000000000000, -1.000000000000000000, 0.0000000000000000000 ) ) ;
#319 = LINE ( 'NONE', #589, #439 ) ;
#320 = FILL_AREA_STYLE_COLOUR ( '', #2157 ) ;
#321 =( LENGTH_UNIT ( ) NAMED_UNIT ( * ) SI_UNIT ( .MILLI., .METRE. ) );
#322 = VECTOR ( 'NONE', #1001, 1000.000000000000000 ) ;
#323 = STYLED_ITEM ( 'NONE', ( #294 ), #1427 ) ;
#324 = CARTESIAN_POINT ( 'NONE',  ( 2.109999999999999900, 0.05000000000000000300, -2.439999999999999900 ) ) ;
#325 = VERTEX_POINT ( 'NONE', #292 ) ;
#326 = LINE ( 'NONE', #1605, #1084 ) ;
#327 = ORIENTED_EDGE ( 'NONE', *, *, #3195, .T. ) ;
#328 = DIRECTION ( 'NONE',  ( 0.0000000000000000000, 0.0000000000000000000, -1.000000000000000000 ) ) ;
#329 = STYLED_ITEM ( 'NONE', ( #885 ), #2458 ) ;
#330 = VECTOR ( 'NONE', #2955, 1000.000000000000000 ) ;
#331 = COLOUR_RGB ( '',0.1019607843137254900, 0.1019607843137254900, 0.1019607843137254900 ) ;
#332 = ORIENTED_EDGE ( 'NONE', *, *, #3292, .F. ) ;
#333 = LINE ( 'NONE', #3817, #973 ) ;
#334 =( NAMED_UNIT ( * ) PLANE_ANGLE_UNIT ( ) SI_UNIT ( $, .RADIAN. ) );
#335 = DIRECTION ( 'NONE',  ( -1.000000000000000000, 0.0000000000000000000, -0.0000000000000000000 ) ) ;
#336 = DIRECTION ( 'NONE',  ( 0.0000000000000000000, -0.0000000000000000000, -1.000000000000000000 ) ) ;
#337 = DIRECTION ( 'NONE',  ( -0.7071067811865497900, 0.0000000000000000000, 0.7071067811865452400 ) ) ;
#338 = DIRECTION ( 'NONE',  ( 1.000000000000000000, 0.0000000000000000000, -0.0000000000000000000 ) ) ;
#339 = EDGE_CURVE ( 'NONE', #39, #876, #2928, .T. ) ;
#340 = VERTEX_POINT ( 'NONE', #1629 ) ;
#341 = PRESENTATION_LAYER_ASSIGNMENT (  '', '', ( #2889 ) ) ;
#342 = ORIENTED_EDGE ( 'NONE', *, *, #1303, .T. ) ;
#343 = CARTESIAN_POINT ( 'NONE',  ( 2.549999999999999800, 0.05000000000000000300, -0.7049999999999999600 ) ) ;
#344 = DIRECTION ( 'NONE',  ( 0.7071067811865474600, -0.7071067811865474600, -0.0000000000000000000 ) ) ;
#345 = VERTEX_POINT ( 'NONE', #3925 ) ;
#346 = CIRCLE ( 'NONE', #860, 0.2000000000000000900 ) ;
#347 = ADVANCED_FACE ( 'NONE', ( #3786 ), #995, .T. ) ;
#348 = VECTOR ( 'NONE', #1383, 1000.000000000000000 ) ;
#349 = PRESENTATION_LAYER_ASSIGNMENT (  '', '', ( #1479 ) ) ;
#350 =( NAMED_UNIT ( * ) SI_UNIT ( $, .STERADIAN. ) SOLID_ANGLE_UNIT ( ) );
#351 = CYLINDRICAL_SURFACE ( 'NONE', #3305, 0.2000000000000000900 ) ;
#352 = CARTESIAN_POINT ( 'NONE',  ( 0.0000000000000000000, 0.0000000000000000000, -0.7049999999999999600 ) ) ;
#353 = ORIENTED_EDGE ( 'NONE', *, *, #4225, .F. ) ;
#354 = DIRECTION ( 'NONE',  ( -0.0000000000000000000, 1.000000000000000000, -0.0000000000000000000 ) ) ;
#355 = CARTESIAN_POINT ( 'NONE',  ( -0.8400000000000000800, 0.0000000000000000000, 0.0000000000000000000 ) ) ;
#356 = SURFACE_SIDE_STYLE ('',( #3411 ) ) ;
#357 = STYLED_ITEM ( 'NONE', ( #1112 ), #738 ) ;
#358 = VERTEX_POINT ( 'NONE', #4251 ) ;
#359 = LINE ( 'NONE', #764, #3266 ) ;
#360 = DIRECTION ( 'NONE',  ( -0.7071067811865517900, 0.0000000000000000000, 0.7071067811865433500 ) ) ;
#361 = SURFACE_STYLE_FILL_AREA ( #2989 ) ;
#362 = CARTESIAN_POINT ( 'NONE',  ( 2.600000000000000100, 0.05000000000000000300, -0.6550000000000000300 ) ) ;
#363 = FILL_AREA_STYLE ('',( #3665 ) ) ;
#364 = ORIENTED_EDGE ( 'NONE', *, *, #4259, .T. ) ;
#365 = COLOUR_RGB ( '',0.7686274509803920900, 0.7686274509803920900, 0.7686274509803920900 ) ;
#366 = EDGE_CURVE ( 'NONE', #3951, #3912, #956, .T. ) ;
#367 = STYLED_ITEM ( 'NONE', ( #1545 ), #3394 ) ;
#368 = FILL_AREA_STYLE ('',( #2668 ) ) ;
#369 = CARTESIAN_POINT ( 'NONE',  ( -2.060000000000000100, 0.05000000000000000300, 3.049999999999999400 ) ) ;
#370 = DIRECTION ( 'NONE',  ( -2.065146995210000000E-016, 0.0000000000000000000, 1.000000000000000000 ) ) ;
#371 = ADVANCED_FACE ( 'NONE', ( #3583 ), #3636, .F. ) ;
#372 = CARTESIAN_POINT ( 'NONE',  ( -2.075000000000000200, -0.05000000000000000300, 0.0000000000000000000 ) ) ;
#373 = UNCERTAINTY_MEASURE_WITH_UNIT (LENGTH_MEASURE( 1.000000000000000100E-005 ), #658, 'distance_accuracy_value', 'NONE');
#374 = FILL_AREA_STYLE ('',( #2348 ) ) ;
#375 = ORIENTED_EDGE ( 'NONE', *, *, #3410, .T. ) ;
#376 = CARTESIAN_POINT ( 'NONE',  ( -0.7900000000000000400, 0.05000000000000000300, -3.049999999999999800 ) ) ;
#377 = AXIS2_PLACEMENT_3D ( 'NONE', #1325, #2736, #1989 ) ;
#378 =( NAMED_UNIT ( * ) SI_UNIT ( $, .STERADIAN. ) SOLID_ANGLE_UNIT ( ) );
#379 = EDGE_CURVE ( 'NONE', #1888, #2903, #3028, .T. ) ;
#380 = VECTOR ( 'NONE', #990, 1000.000000000000100 ) ;
#381 = ORIENTED_EDGE ( 'NONE', *, *, #3928, .T. ) ;
#382 = SURFACE_SIDE_STYLE ('',( #937 ) ) ;
#383 = ORIENTED_EDGE ( 'NONE', *, *, #3247, .T. ) ;
#384 = AXIS2_PLACEMENT_3D ( 'NONE', #343, #1355, #2361 ) ;
#385 = CARTESIAN_POINT ( 'NONE',  ( 2.600000000000000500, 0.05000000000000000300, -0.3450000000000000300 ) ) ;
#386 = DIRECTION ( 'NONE',  ( 0.7071067811865475700, 0.0000000000000000000, 0.7071067811865475700 ) ) ;
#387 =( NAMED_UNIT ( * ) SI_UNIT ( $, .STERADIAN. ) SOLID_ANGLE_UNIT ( ) );
#388 = ORIENTED_EDGE ( 'NONE', *, *, #845, .T. ) ;
#389 =( NAMED_UNIT ( * ) SI_UNIT ( $, .STERADIAN. ) SOLID_ANGLE_UNIT ( ) );
#390 = MECHANICAL_DESIGN_GEOMETRIC_PRESENTATION_REPRESENTATION (  '', ( #177 ), #2977 ) ;
#391 =( NAMED_UNIT ( * ) SI_UNIT ( $, .STERADIAN. ) SOLID_ANGLE_UNIT ( ) );
#392 = SURFACE_STYLE_FILL_AREA ( #3525 ) ;
#393 = CARTESIAN_POINT ( 'NONE',  ( -1.700000000000000000, 0.9499999999999999600, 2.899999999999999900 ) ) ;
#394 = VECTOR ( 'NONE', #1956, 1000.000000000000000 ) ;
#395 = ORIENTED_EDGE ( 'NONE', *, *, #433, .F. ) ;
#396 = ADVANCED_FACE ( 'NONE', ( #636 ), #953, .F. ) ;
#397 = FILL_AREA_STYLE ('',( #3395 ) ) ;
#398 = EDGE_LOOP ( 'NONE', ( #3179, #2760, #3994, #3608, #1844, #2853, #722, #2187 ) ) ;
#399 = FILL_AREA_STYLE ('',( #1082 ) ) ;
#400 = ORIENTED_EDGE ( 'NONE', *, *, #3856, .F. ) ;
#401 = EDGE_CURVE ( 'NONE', #1677, #2318, #1740, .T. ) ;
#402 = LINE ( 'NONE', #2587, #2322 ) ;
#403 =( GEOMETRIC_REPRESENTATION_CONTEXT ( 3 ) GLOBAL_UNCERTAINTY_ASSIGNED_CONTEXT ( ( #2545 ) ) GLOBAL_UNIT_ASSIGNED_CONTEXT ( ( #2299, #1672, #2972 ) ) REPRESENTATION_CONTEXT ( 'NONE', 'WORKASPACE' ) );
#404 = ORIENTED_EDGE ( 'NONE', *, *, #2968, .T. ) ;
#405 = SURFACE_STYLE_USAGE ( .BOTH. , #1377 ) ;
#406 =( NAMED_UNIT ( * ) PLANE_ANGLE_UNIT ( ) SI_UNIT ( $, .RADIAN. ) );
#407 = PRESENTATION_LAYER_ASSIGNMENT (  '', '', ( #584 ) ) ;
#408 = ORIENTED_EDGE ( 'NONE', *, *, #946, .F. ) ;
#409 = FACE_OUTER_BOUND ( 'NONE', #2286, .T. ) ;
#410 = EDGE_CURVE ( 'NONE', #2982, #667, #4094, .T. ) ;
#411 = CARTESIAN_POINT ( 'NONE',  ( 2.250000000000000400, 0.7499999999822648500, -2.700000000000000200 ) ) ;
#412 = DIRECTION ( 'NONE',  ( 0.0000000000000000000, 1.000000000000000000, -0.0000000000000000000 ) ) ;
#413 = DIRECTION ( 'NONE',  ( -0.0000000000000000000, 1.000000000000000000, -0.0000000000000000000 ) ) ;
#414 = ORIENTED_EDGE ( 'NONE', *, *, #3434, .T. ) ;
#415 = VECTOR ( 'NONE', #2974, 1000.000000000000100 ) ;
#416 = EDGE_CURVE ( 'NONE', #882, #3125, #3435, .T. ) ;
#417 = CARTESIAN_POINT ( 'NONE',  ( -2.060000000000000100, 0.05000000000000000300, -3.049999999999999400 ) ) ;
#418 = PRESENTATION_STYLE_ASSIGNMENT (( #690 ) ) ;
#419 = VERTEX_POINT ( 'NONE', #1024 ) ;
#420 = LINE ( 'NONE', #3235, #1209 ) ;
#421 = CARTESIAN_POINT ( 'NONE',  ( 2.250000000000000900, 0.9499999999999999600, -2.899999999999999900 ) ) ;
#422 = ADVANCED_FACE ( 'NONE', ( #862 ), #1059, .F. ) ;
#423 = CARTESIAN_POINT ( 'NONE',  ( 2.250000000000000400, 0.9499999999999997300, -2.700000000000001100 ) ) ;
#424 =( GEOMETRIC_REPRESENTATION_CONTEXT ( 3 ) GLOBAL_UNCERTAINTY_ASSIGNED_CONTEXT ( ( #1870 ) ) GLOBAL_UNIT_ASSIGNED_CONTEXT ( ( #1035, #334, #2643 ) ) REPRESENTATION_CONTEXT ( 'NONE', 'WORKASPACE' ) );
#425 =( NAMED_UNIT ( * ) SI_UNIT ( $, .STERADIAN. ) SOLID_ANGLE_UNIT ( ) );
#426 = FILL_AREA_STYLE ('',( #3714 ) ) ;
#427 = PRESENTATION_LAYER_ASSIGNMENT (  '', '', ( #209 ) ) ;
#428 = CARTESIAN_POINT ( 'NONE',  ( -2.600000000000000100, 0.05000000000000000300, -0.3450000000000000300 ) ) ;
#429 = SURFACE_SIDE_STYLE ('',( #669 ) ) ;
#430 = EDGE_LOOP ( 'NONE', ( #3551, #2234, #3256, #264 ) ) ;
#431 = COLOUR_RGB ( '',0.7686274509803920900, 0.7686274509803920900, 0.7686274509803920900 ) ;
#432 = EDGE_CURVE ( 'NONE', #3694, #2432, #1581, .T. ) ;
#433 = EDGE_CURVE ( 'NONE', #2803, #255, #481, .T. ) ;
#434 = STYLED_ITEM ( 'NONE', ( #1174 ), #4126 ) ;
#435 =( LENGTH_UNIT ( ) NAMED_UNIT ( * ) SI_UNIT ( .MILLI., .METRE. ) );
#436 = CARTESIAN_POINT ( 'NONE',  ( -2.109999999999999900, -0.05000000000000000300, 0.0000000000000000000 ) ) ;
#437 = VECTOR ( 'NONE', #318, 1000.000000000000000 ) ;
#438 = CARTESIAN_POINT ( 'NONE',  ( 2.600000000000000500, 0.05000000000000000300, 0.0000000000000000000 ) ) ;
#439 = VECTOR ( 'NONE', #1920, 1000.000000000000100 ) ;
#440 = CARTESIAN_POINT ( 'NONE',  ( 0.8400000000000000800, 0.05000000000000001700, -2.899999999999999900 ) ) ;
#441 = EDGE_CURVE ( 'NONE', #1627, #1285, #3576, .T. ) ;
#442 = ADVANCED_FACE ( 'NONE', ( #4151 ), #1364, .T. ) ;
#443 = SURFACE_SIDE_STYLE ('',( #2957 ) ) ;
#444 = EDGE_LOOP ( 'NONE', ( #1260, #1442, #1482, #3370, #3214, #1859 ) ) ;
#445 =( GEOMETRIC_REPRESENTATION_CONTEXT ( 3 ) GLOBAL_UNCERTAINTY_ASSIGNED_CONTEXT ( ( #4084 ) ) GLOBAL_UNIT_ASSIGNED_CONTEXT ( ( #989, #2237, #3941 ) ) REPRESENTATION_CONTEXT ( 'NONE', 'WORKASPACE' ) );
#446 = LINE ( 'NONE', #284, #3901 ) ;
#447 = VERTEX_POINT ( 'NONE', #3662 ) ;
#448 = DIRECTION ( 'NONE',  ( 0.0000000000000000000, -1.000000000000000000, -0.0000000000000000000 ) ) ;
#449 =( NAMED_UNIT ( * ) PLANE_ANGLE_UNIT ( ) SI_UNIT ( $, .RADIAN. ) );
#450 = FILL_AREA_STYLE ('',( #2407 ) ) ;
#451 =( NAMED_UNIT ( * ) SI_UNIT ( $, .STERADIAN. ) SOLID_ANGLE_UNIT ( ) );
#452 = VERTEX_POINT ( 'NONE', #3711 ) ;
#453 = AXIS2_PLACEMENT_3D ( 'NONE', #3030, #1370, #69 ) ;
#454 = CARTESIAN_POINT ( 'NONE',  ( -2.450000000000000200, 0.0000000000000000000, 2.899999999999999900 ) ) ;
#455 = EDGE_LOOP ( 'NONE', ( #3250, #3740, #4263, #2331, #1775, #2487 ) ) ;
#456 = CIRCLE ( 'NONE', #295, 0.1999999999454304700 ) ;
#457 = EDGE_LOOP ( 'NONE', ( #3185, #3519, #2938, #2420 ) ) ;
#458 = SURFACE_SIDE_STYLE ('',( #3259 ) ) ;
#459 = EDGE_CURVE ( 'NONE', #774, #961, #1361, .T. ) ;
#460 = MECHANICAL_DESIGN_GEOMETRIC_PRESENTATION_REPRESENTATION (  '', ( #4050 ), #2529 ) ;
#461 = COLOUR_RGB ( '',0.1019607843137254900, 0.1019607843137254900, 0.1019607843137254900 ) ;
#462 = CARTESIAN_POINT ( 'NONE',  ( -1.750000000000000000, -0.05000000000000005800, -3.049999999999999400 ) ) ;
#463 = FILL_AREA_STYLE ('',( #2519 ) ) ;
#464 = ADVANCED_FACE ( 'NONE', ( #2567 ), #3991, .F. ) ;
#465 =( NAMED_UNIT ( * ) PLANE_ANGLE_UNIT ( ) SI_UNIT ( $, .RADIAN. ) );
#466 = PRESENTATION_STYLE_ASSIGNMENT (( #2827 ) ) ;
#467 = DIRECTION ( 'NONE',  ( -0.7071067811865475700, 0.0000000000000000000, 0.7071067811865475700 ) ) ;
#468 = ORIENTED_EDGE ( 'NONE', *, *, #3195, .F. ) ;
#469 =( LENGTH_UNIT ( ) NAMED_UNIT ( * ) SI_UNIT ( .MILLI., .METRE. ) );
#470 = VERTEX_POINT ( 'NONE', #1764 ) ;
#471 = VECTOR ( 'NONE', #4023, 1000.000000000000000 ) ;
#472 = COLOUR_RGB ( '',0.7686274509803920900, 0.7686274509803920900, 0.7686274509803920900 ) ;
#473 = DIRECTION ( 'NONE',  ( -0.0000000000000000000, 0.0000000000000000000, -1.000000000000000000 ) ) ;
#474 =( GEOMETRIC_REPRESENTATION_CONTEXT ( 3 ) GLOBAL_UNCERTAINTY_ASSIGNED_CONTEXT ( ( #3757 ) ) GLOBAL_UNIT_ASSIGNED_CONTEXT ( ( #321, #675, #389 ) ) REPRESENTATION_CONTEXT ( 'NONE', 'WORKASPACE' ) );
#475 = CARTESIAN_POINT ( 'NONE',  ( -1.649999999999999700, -0.05000000000000007200, 2.609999999999999900 ) ) ;
#476 = DIRECTION ( 'NONE',  ( 1.000000000000000000, 0.0000000000000000000, -0.0000000000000000000 ) ) ;
#477 = DIRECTION ( 'NONE',  ( 0.7071067811865474600, 0.0000000000000000000, -0.7071067811865474600 ) ) ;
#478 = SURFACE_SIDE_STYLE ('',( #3753 ) ) ;
#479 = PRESENTATION_LAYER_ASSIGNMENT (  '', '', ( #1157 ) ) ;
#480 = PLANE ( 'NONE',  #3571 ) ;
#481 = LINE ( 'NONE', #691, #3669 ) ;
#482 = DIRECTION ( 'NONE',  ( -1.000000000000000000, 0.0000000000000000000, -2.271661694731999900E-015 ) ) ;
#483 = FILL_AREA_STYLE ('',( #1205 ) ) ;
#484 = PRESENTATION_LAYER_ASSIGNMENT (  '', '', ( #4105 ) ) ;
#485 = ORIENTED_EDGE ( 'NONE', *, *, #1879, .T. ) ;
#486 = ADVANCED_FACE ( 'NONE', ( #910 ), #3407, .F. ) ;
#487 = VECTOR ( 'NONE', #3624, 1000.000000000000100 ) ;
#488 = CARTESIAN_POINT ( 'NONE',  ( 2.450000000000000600, 0.9499999999999999600, -0.2950000000000001500 ) ) ;
#489 =( GEOMETRIC_REPRESENTATION_CONTEXT ( 3 ) GLOBAL_UNCERTAINTY_ASSIGNED_CONTEXT ( ( #3788 ) ) GLOBAL_UNIT_ASSIGNED_CONTEXT ( ( #2211, #2219, #1266 ) ) REPRESENTATION_CONTEXT ( 'NONE', 'WORKASPACE' ) );
#490 = CARTESIAN_POINT ( 'NONE',  ( -0.4299999999999999900, 0.05000000000000000300, -2.439999999999999900 ) ) ;
#491 = SURFACE_STYLE_USAGE ( .BOTH. , #2155 ) ;
#492 = CARTESIAN_POINT ( 'NONE',  ( 1.699999999999999500, 0.0000000000000000000, -2.899999999999999900 ) ) ;
#493 = LINE ( 'NONE', #3524, #2677 ) ;
#494 = VERTEX_POINT ( 'NONE', #2801 ) ;
#495 = DIRECTION ( 'NONE',  ( 0.0000000000000000000, 1.000000000000000000, 0.0000000000000000000 ) ) ;
#496 =( NAMED_UNIT ( * ) SI_UNIT ( $, .STERADIAN. ) SOLID_ANGLE_UNIT ( ) );
#497 = VERTEX_POINT ( 'NONE', #769 ) ;
#498 = DIRECTION ( 'NONE',  ( 1.495451272394000000E-016, 0.0000000000000000000, 1.000000000000000000 ) ) ;
#499 = AXIS2_PLACEMENT_3D ( 'NONE', #775, #3696, #2084 ) ;
#500 = SURFACE_SIDE_STYLE ('',( #595 ) ) ;
#501 = CARTESIAN_POINT ( 'NONE',  ( 0.0000000000000000000, 0.05000000000000000300, 0.0000000000000000000 ) ) ;
#502 = ORIENTED_EDGE ( 'NONE', *, *, #1470, .F. ) ;
#503 = PRESENTATION_LAYER_ASSIGNMENT (  '', '', ( #3204 ) ) ;
#504 = ORIENTED_EDGE ( 'NONE', *, *, #3023, .F. ) ;
#505 = SHAPE_REPRESENTATION ( 'SOLID_1_2', ( #162 ), #1619 ) ;
#506 = ORIENTED_EDGE ( 'NONE', *, *, #3773, .F. ) ;
#507 = CARTESIAN_POINT ( 'NONE',  ( 1.700000000000000000, 0.05000000000000000300, -1.675585175659000000E-015 ) ) ;
#508 = CARTESIAN_POINT ( 'NONE',  ( 2.109999999999999900, 0.05000000000000000300, 3.000000000000000000 ) ) ;
#509 = ORIENTED_EDGE ( 'NONE', *, *, #2725, .T. ) ;
#510 = FILL_AREA_STYLE_COLOUR ( '', #3018 ) ;
#511 = ORIENTED_EDGE ( 'NONE', *, *, #2699, .T. ) ;
#512 = MECHANICAL_DESIGN_GEOMETRIC_PRESENTATION_REPRESENTATION (  '', ( #2083 ), #2748 ) ;
#513 = FILL_AREA_STYLE_COLOUR ( '', #2575 ) ;
#514 = CARTESIAN_POINT ( 'NONE',  ( 1.750000000000000000, 0.05000000000000000300, 3.049999999999999800 ) ) ;
#515 = ORIENTED_EDGE ( 'NONE', *, *, #441, .F. ) ;
#516 = PRESENTATION_STYLE_ASSIGNMENT (( #4064 ) ) ;
#517 = CARTESIAN_POINT ( 'NONE',  ( 0.4299999999999999900, -0.05000000000000000300, -3.049999999999999800 ) ) ;
#518 = EDGE_CURVE ( 'NONE', #550, #1143, #3481, .T. ) ;
#519 = EDGE_CURVE ( 'NONE', #1323, #542, #1947, .T. ) ;
#520 = STYLED_ITEM ( 'NONE', ( #1178 ), #3428 ) ;
#521 = EDGE_LOOP ( 'NONE', ( #2744, #3067, #235, #610, #1021, #375 ) ) ;
#522 = LINE ( 'NONE', #3065, #1673 ) ;
#523 = VECTOR ( 'NONE', #3339, 1000.000000000000000 ) ;
#524 = DIRECTION ( 'NONE',  ( 1.000000000000000000, 0.0000000000000000000, -0.0000000000000000000 ) ) ;
#525 = CARTESIAN_POINT ( 'NONE',  ( 0.0000000000000000000, 0.9499999999999999600, 2.700000000000000200 ) ) ;
#526 = VECTOR ( 'NONE', #2601, 1000.000000000000000 ) ;
#527 = VERTEX_POINT ( 'NONE', #1476 ) ;
#528 = EDGE_CURVE ( 'NONE', #827, #3564, #2564, .T. ) ;
#529 = DIRECTION ( 'NONE',  ( -1.000000000000000000, 0.0000000000000000000, -0.0000000000000000000 ) ) ;
#530 = DIRECTION ( 'NONE',  ( -0.7071067811865505700, 0.0000000000000000000, -0.7071067811865444600 ) ) ;
#531 =( LENGTH_UNIT ( ) NAMED_UNIT ( * ) SI_UNIT ( .MILLI., .METRE. ) );
#532 = VECTOR ( 'NONE', #1213, 1000.000000000000000 ) ;
#533 = PLANE ( 'NONE',  #2705 ) ;
#534 = AXIS2_PLACEMENT_3D ( 'NONE', #3378, #2745, #1094 ) ;
#535 = PLANE ( 'NONE',  #2350 ) ;
#536 = LINE ( 'NONE', #1457, #3675 ) ;
#537 = ORIENTED_EDGE ( 'NONE', *, *, #3483, .T. ) ;
#538 = DIRECTION ( 'NONE',  ( -1.000000000000000000, 0.0000000000000000000, -0.0000000000000000000 ) ) ;
#539 = UNCERTAINTY_MEASURE_WITH_UNIT (LENGTH_MEASURE( 1.000000000000000100E-005 ), #205, 'distance_accuracy_value', 'NONE');
#540 = DIRECTION ( 'NONE',  ( -0.0000000000000000000, 0.0000000000000000000, -1.000000000000000000 ) ) ;
#541 = LINE ( 'NONE', #304, #959 ) ;
#542 = VERTEX_POINT ( 'NONE', #2787 ) ;
#543 = CARTESIAN_POINT ( 'NONE',  ( 2.109999999999999400, 0.0000000000000000000, 2.899999999999999900 ) ) ;
#544 = CARTESIAN_POINT ( 'NONE',  ( -2.600000000000000500, 0.05000000000000000300, 0.0000000000000000000 ) ) ;
#545 = UNCERTAINTY_MEASURE_WITH_UNIT (LENGTH_MEASURE( 1.000000000000000100E-005 ), #3926, 'distance_accuracy_value', 'NONE');
#546 = EDGE_CURVE ( 'NONE', #2305, #2856, #3623, .T. ) ;
#547 = STYLED_ITEM ( 'NONE', ( #1393 ), #2785 ) ;
#548 = DIRECTION ( 'NONE',  ( 0.0000000000000000000, -1.000000000000000000, 0.0000000000000000000 ) ) ;
#549 =( NAMED_UNIT ( * ) SI_UNIT ( $, .STERADIAN. ) SOLID_ANGLE_UNIT ( ) );
#550 = VERTEX_POINT ( 'NONE', #1798 ) ;
#551 =( GEOMETRIC_REPRESENTATION_CONTEXT ( 3 ) GLOBAL_UNCERTAINTY_ASSIGNED_CONTEXT ( ( #3729 ) ) GLOBAL_UNIT_ASSIGNED_CONTEXT ( ( #1803, #3705, #1778 ) ) REPRESENTATION_CONTEXT ( 'NONE', 'WORKASPACE' ) );
#552 = FILL_AREA_STYLE ('',( #2531 ) ) ;
#553 = EDGE_CURVE ( 'NONE', #3886, #2728, #3834, .T. ) ;
#554 = VECTOR ( 'NONE', #921, 1000.000000000000000 ) ;
#555 = EDGE_LOOP ( 'NONE', ( #4283, #2064, #3785, #2485 ) ) ;
#556 = CARTESIAN_POINT ( 'NONE',  ( -2.549999999999999800, 0.05000000000000000300, -0.2950000000000005400 ) ) ;
#557 = CARTESIAN_POINT ( 'NONE',  ( 1.850000000000000100, 0.9399999999999999500, -2.299999999999999800 ) ) ;
#558 = ORIENTED_EDGE ( 'NONE', *, *, #969, .F. ) ;
#559 = DIRECTION ( 'NONE',  ( 0.0000000000000000000, 0.0000000000000000000, 1.000000000000000000 ) ) ;
#560 = VECTOR ( 'NONE', #1631, 1000.000000000000000 ) ;
#561 = MECHANICAL_DESIGN_GEOMETRIC_PRESENTATION_REPRESENTATION (  '', ( #4240 ), #289 ) ;
#562 = ORIENTED_EDGE ( 'NONE', *, *, #1289, .F. ) ;
#563 = VECTOR ( 'NONE', #1259, 1000.000000000000000 ) ;
#564 = DIRECTION ( 'NONE',  ( 0.7071067811865474600, 0.0000000000000000000, 0.7071067811865474600 ) ) ;
#565 = ORIENTED_EDGE ( 'NONE', *, *, #1791, .T. ) ;
#566 = VECTOR ( 'NONE', #3240, 1000.000000000000000 ) ;
#567 = EDGE_LOOP ( 'NONE', ( #919, #768, #3529, #191 ) ) ;
#568 = PRESENTATION_LAYER_ASSIGNMENT (  '', '', ( #323 ) ) ;
#569 = ORIENTED_EDGE ( 'NONE', *, *, #721, .T. ) ;
#570 = PRESENTATION_STYLE_ASSIGNMENT (( #4046 ) ) ;
#571 =( NAMED_UNIT ( * ) PLANE_ANGLE_UNIT ( ) SI_UNIT ( $, .RADIAN. ) );
#572 =( LENGTH_UNIT ( ) NAMED_UNIT ( * ) SI_UNIT ( .MILLI., .METRE. ) );
#573 = LINE ( 'NONE', #3347, #4287 ) ;
#574 = UNCERTAINTY_MEASURE_WITH_UNIT (LENGTH_MEASURE( 1.000000000000000100E-005 ), #84, 'distance_accuracy_value', 'NONE');
#575 = SURFACE_SIDE_STYLE ('',( #855 ) ) ;
#576 = VECTOR ( 'NONE', #1988, 1000.000000000000000 ) ;
#577 = PRESENTATION_LAYER_ASSIGNMENT (  '', '', ( #1946 ) ) ;
#578 = VERTEX_POINT ( 'NONE', #2816 ) ;
#579 = VECTOR ( 'NONE', #44, 1000.000000000000000 ) ;
#580 = PLANE ( 'NONE',  #3422 ) ;
#581 = ORIENTED_EDGE ( 'NONE', *, *, #1851, .T. ) ;
#582 = VECTOR ( 'NONE', #75, 1000.000000000000000 ) ;
#583 = EDGE_CURVE ( 'NONE', #223, #2339, #1161, .T. ) ;
#584 = STYLED_ITEM ( 'NONE', ( #966 ), #4097 ) ;
#585 = COLOUR_RGB ( '',0.1019607843137254900, 0.1019607843137254900, 0.1019607843137254900 ) ;
#586 = FILL_AREA_STYLE_COLOUR ( '', #1877 ) ;
#587 = DIRECTION ( 'NONE',  ( -0.0000000000000000000, 1.000000000000000000, 0.0000000000000000000 ) ) ;
#588 = SURFACE_STYLE_FILL_AREA ( #374 ) ;
#589 = CARTESIAN_POINT ( 'NONE',  ( 2.060000000000000100, 0.05000000000000000300, -3.049999999999999800 ) ) ;
#590 = CARTESIAN_POINT ( 'NONE',  ( 0.0000000000000000000, -0.05000000000000000300, -3.049999999999999800 ) ) ;
#591 = AXIS2_PLACEMENT_3D ( 'NONE', #4206, #1241, #1257 ) ;
#592 = DIRECTION ( 'NONE',  ( 0.0000000000000000000, 1.000000000000000000, 0.0000000000000000000 ) ) ;
#593 = PRESENTATION_STYLE_ASSIGNMENT (( #491 ) ) ;
#594 = EDGE_LOOP ( 'NONE', ( #1600, #581, #2456, #515 ) ) ;
#595 = SURFACE_STYLE_FILL_AREA ( #2499 ) ;
#596 = MECHANICAL_DESIGN_GEOMETRIC_PRESENTATION_REPRESENTATION (  '', ( #2654 ), #3681 ) ;
#597 = COLOUR_RGB ( '',1.000000000000000000, 1.000000000000000000, 1.000000000000000000 ) ;
#598 = SURFACE_SIDE_STYLE ('',( #4192 ) ) ;
#599 = FACE_OUTER_BOUND ( 'NONE', #3875, .T. ) ;
#600 = PRESENTATION_STYLE_ASSIGNMENT (( #2897 ) ) ;
#601 = ORIENTED_EDGE ( 'NONE', *, *, #897, .F. ) ;
#602 = DIRECTION ( 'NONE',  ( 0.7071067811865474600, 0.0000000000000000000, -0.7071067811865474600 ) ) ;
#603 = EDGE_CURVE ( 'NONE', #3156, #494, #1683, .T. ) ;
#604 = EDGE_CURVE ( 'NONE', #668, #2486, #2969, .T. ) ;
#605 = PRESENTATION_STYLE_ASSIGNMENT (( #2818 ) ) ;
#606 = ORIENTED_EDGE ( 'NONE', *, *, #2553, .F. ) ;
#607 = PRESENTATION_STYLE_ASSIGNMENT (( #2259 ) ) ;
#608 = ORIENTED_EDGE ( 'NONE', *, *, #2088, .T. ) ;
#609 = CARTESIAN_POINT ( 'NONE',  ( 1.649999999999999700, -9.035018104045869800E-018, 2.609999999999999900 ) ) ;
#610 = ORIENTED_EDGE ( 'NONE', *, *, #3963, .T. ) ;
#611 = VERTEX_POINT ( 'NONE', #3447 ) ;
#612 = DIRECTION ( 'NONE',  ( 0.0000000000000000000, 1.000000000000000000, 0.0000000000000000000 ) ) ;
#613 = AXIS2_PLACEMENT_3D ( 'NONE', #3320, #3304, #273 ) ;
#614 = ORIENTED_EDGE ( 'NONE', *, *, #4247, .T. ) ;
#615 = SURFACE_STYLE_FILL_AREA ( #168 ) ;
#616 = FILL_AREA_STYLE ('',( #2647 ) ) ;
#617 =( NAMED_UNIT ( * ) SI_UNIT ( $, .STERADIAN. ) SOLID_ANGLE_UNIT ( ) );
#618 = ORIENTED_EDGE ( 'NONE', *, *, #779, .F. ) ;
#619 = ADVANCED_FACE ( 'NONE', ( #1214 ), #480, .T. ) ;
#620 = LINE ( 'NONE', #4237, #1894 ) ;
#621 = UNCERTAINTY_MEASURE_WITH_UNIT (LENGTH_MEASURE( 1.000000000000000100E-005 ), #1794, 'distance_accuracy_value', 'NONE');
#622 = CARTESIAN_POINT ( 'NONE',  ( -2.075000000000000200, 0.0000000000000000000, 0.0000000000000000000 ) ) ;
#623 = LINE ( 'NONE', #306, #3822 ) ;
#624 = VECTOR ( 'NONE', #3341, 1000.000000000000000 ) ;
#625 = EDGE_CURVE ( 'NONE', #4228, #1759, #907, .T. ) ;
#626 = PRESENTATION_LAYER_ASSIGNMENT (  '', '', ( #2117 ) ) ;
#627 = VECTOR ( 'NONE', #3910, 1000.000000000000000 ) ;
#628 = FILL_AREA_STYLE ('',( #1625 ) ) ;
#629 = DIRECTION ( 'NONE',  ( 0.0000000000000000000, 1.000000000000000000, -0.0000000000000000000 ) ) ;
#630 = ORIENTED_EDGE ( 'NONE', *, *, #3337, .T. ) ;
#631 = FILL_AREA_STYLE_COLOUR ( '', #2729 ) ;
#632 = FILL_AREA_STYLE_COLOUR ( '', #1882 ) ;
#633 =( GEOMETRIC_REPRESENTATION_CONTEXT ( 3 ) GLOBAL_UNCERTAINTY_ASSIGNED_CONTEXT ( ( #3183 ) ) GLOBAL_UNIT_ASSIGNED_CONTEXT ( ( #3386, #765, #145 ) ) REPRESENTATION_CONTEXT ( 'NONE', 'WORKASPACE' ) );
#634 = SURFACE_STYLE_FILL_AREA ( #2550 ) ;
#635 = EDGE_CURVE ( 'NONE', #4224, #527, #804, .T. ) ;
#636 = FACE_OUTER_BOUND ( 'NONE', #782, .T. ) ;
#637 = EDGE_CURVE ( 'NONE', #790, #3257, #684, .T. ) ;
#639 = VERTEX_POINT ( 'NONE', #3178 ) ;
#638 = FILL_AREA_STYLE ('',( #4249 ) ) ;
#640 =( LENGTH_UNIT ( ) NAMED_UNIT ( * ) SI_UNIT ( .MILLI., .METRE. ) );
#641 = ADVANCED_FACE ( 'NONE', ( #1416 ), #3505, .T. ) ;
#642 = FILL_AREA_STYLE ('',( #2629 ) ) ;
#643 = CARTESIAN_POINT ( 'NONE',  ( 1.700000000000000000, 0.05000000000000000300, -3.000000000000000000 ) ) ;
#644 = LINE ( 'NONE', #1175, #2883 ) ;
#645 = STYLED_ITEM ( 'NONE', ( #3310 ), #1127 ) ;
#646 = SURFACE_STYLE_USAGE ( .BOTH. , #1675 ) ;
#647 = PRESENTATION_LAYER_ASSIGNMENT (  '', '', ( #2654 ) ) ;
#648 = ORIENTED_EDGE ( 'NONE', *, *, #1194, .F. ) ;
#649 = DIRECTION ( 'NONE',  ( 1.000000000000000000, 0.0000000000000000000, -0.0000000000000000000 ) ) ;
#650 = FILL_AREA_STYLE_COLOUR ( '', #949 ) ;
#651 = FILL_AREA_STYLE ('',( #320 ) ) ;
#652 = LINE ( 'NONE', #3577, #1181 ) ;
#653 = EDGE_CURVE ( 'NONE', #3163, #3902, #3321, .T. ) ;
#654 = ORIENTED_EDGE ( 'NONE', *, *, #1553, .F. ) ;
#655 = CARTESIAN_POINT ( 'NONE',  ( -2.250000000000000400, 0.9499999999999999600, -2.700000000000000200 ) ) ;
#656 = EDGE_CURVE ( 'NONE', #497, #2982, #4089, .T. ) ;
#657 = PRESENTATION_LAYER_ASSIGNMENT (  '', '', ( #1381 ) ) ;
#658 =( LENGTH_UNIT ( ) NAMED_UNIT ( * ) SI_UNIT ( .MILLI., .METRE. ) );
#659 = SURFACE_SIDE_STYLE ('',( #4183 ) ) ;
#660 = CARTESIAN_POINT ( 'NONE',  ( -2.600000000000000500, 0.05000000000000000300, -0.6550000000000001400 ) ) ;
#661 = ORIENTED_EDGE ( 'NONE', *, *, #3277, .T. ) ;
#662 = ORIENTED_EDGE ( 'NONE', *, *, #1645, .F. ) ;
#663 = FACE_OUTER_BOUND ( 'NONE', #3226, .T. ) ;
#664 = CARTESIAN_POINT ( 'NONE',  ( 2.060000000000000100, 0.05000000000000000300, -3.049999999999999800 ) ) ;
#665 = ORIENTED_EDGE ( 'NONE', *, *, #3615, .T. ) ;
#666 = EDGE_CURVE ( 'NONE', #2318, #1542, #1990, .T. ) ;
#667 = VERTEX_POINT ( 'NONE', #1201 ) ;
#668 = VERTEX_POINT ( 'NONE', #1225 ) ;
#669 = SURFACE_STYLE_FILL_AREA ( #3075 ) ;
#670 = CARTESIAN_POINT ( 'NONE',  ( 2.600000000000000500, 0.05000000000000000300, 0.0000000000000000000 ) ) ;
#671 = SURFACE_SIDE_STYLE ('',( #2170 ) ) ;
#672 = CARTESIAN_POINT ( 'NONE',  ( 2.109999999999999900, -0.05000000000000002400, 2.660000000000000600 ) ) ;
#673 = FILL_AREA_STYLE_COLOUR ( '', #4258 ) ;
#674 = CARTESIAN_POINT ( 'NONE',  ( 1.700000000000000600, 0.05000000000000001000, 2.899999999999999900 ) ) ;
#675 =( NAMED_UNIT ( * ) PLANE_ANGLE_UNIT ( ) SI_UNIT ( $, .RADIAN. ) );
#676 = ADVANCED_FACE ( 'NONE', ( #2461 ), #4184, .T. ) ;
#677 = CARTESIAN_POINT ( 'NONE',  ( 2.549999999999999800, -0.05000000000000005800, -0.7049999999999999600 ) ) ;
#678 = SURFACE_STYLE_FILL_AREA ( #2813 ) ;
#679 = UNCERTAINTY_MEASURE_WITH_UNIT (LENGTH_MEASURE( 1.000000000000000100E-005 ), #3597, 'distance_accuracy_value', 'NONE');
#680 = ORIENTED_EDGE ( 'NONE', *, *, #213, .T. ) ;
#681 = LINE ( 'NONE', #352, #2596 ) ;
#682 = MECHANICAL_DESIGN_GEOMETRIC_PRESENTATION_REPRESENTATION (  '', ( #1809 ), #1899 ) ;
#683 = ORIENTED_EDGE ( 'NONE', *, *, #666, .F. ) ;
#684 = LINE ( 'NONE', #3814, #4202 ) ;
#685 = MECHANICAL_DESIGN_GEOMETRIC_PRESENTATION_REPRESENTATION (  '', ( #3686 ), #3047 ) ;
#686 = CARTESIAN_POINT ( 'NONE',  ( -2.450000000000000200, 0.9499999999999999600, 2.899999999999999900 ) ) ;
#687 = DIRECTION ( 'NONE',  ( -1.000000000000000000, 0.0000000000000000000, -0.0000000000000000000 ) ) ;
#688 = FILL_AREA_STYLE_COLOUR ( '', #365 ) ;
#689 = DIRECTION ( 'NONE',  ( 0.0000000000000000000, -0.0000000000000000000, 1.000000000000000000 ) ) ;
#690 = SURFACE_STYLE_USAGE ( .BOTH. , #1985 ) ;
#691 = CARTESIAN_POINT ( 'NONE',  ( -1.700000000000000000, 0.05000000000000000300, -3.000000000000000000 ) ) ;
#692 = DIRECTION ( 'NONE',  ( 2.684691093774000200E-015, 0.0000000000000000000, -1.000000000000000000 ) ) ;
#693 = PRESENTATION_STYLE_ASSIGNMENT (( #3977 ) ) ;
#694 = ORIENTED_EDGE ( 'NONE', *, *, #2333, .F. ) ;
#695 =( GEOMETRIC_REPRESENTATION_CONTEXT ( 3 ) GLOBAL_UNCERTAINTY_ASSIGNED_CONTEXT ( ( #2701 ) ) GLOBAL_UNIT_ASSIGNED_CONTEXT ( ( #1073, #2726, #3364 ) ) REPRESENTATION_CONTEXT ( 'NONE', 'WORKASPACE' ) );
#696 = FILL_AREA_STYLE_COLOUR ( '', #3314 ) ;
#697 = FILL_AREA_STYLE ('',( #2656 ) ) ;
#698 = DIRECTION ( 'NONE',  ( 0.0000000000000000000, 1.000000000000000000, 0.0000000000000000000 ) ) ;
#699 = DIRECTION ( 'NONE',  ( 0.7071067811865474600, 0.0000000000000000000, 0.7071067811865474600 ) ) ;
#700 = UNCERTAINTY_MEASURE_WITH_UNIT (LENGTH_MEASURE( 1.000000000000000100E-005 ), #1752, 'distance_accuracy_value', 'NONE');
#701 = DIRECTION ( 'NONE',  ( -0.0000000000000000000, 1.000000000000000000, 0.0000000000000000000 ) ) ;
#702 = VECTOR ( 'NONE', #717, 999.9999999999998900 ) ;
#703 = PRESENTATION_LAYER_ASSIGNMENT (  '', '', ( #2954 ) ) ;
#704 = FILL_AREA_STYLE ('',( #3993 ) ) ;
#705 = LINE ( 'NONE', #3492, #3243 ) ;
#707 = ORIENTED_EDGE ( 'NONE', *, *, #1165, .F. ) ;
#706 = CARTESIAN_POINT ( 'NONE',  ( 2.450000000000000600, 0.0000000000000000000, -0.7049999999999987400 ) ) ;
#708 = DIRECTION ( 'NONE',  ( -0.7071067811865475700, 0.0000000000000000000, -0.7071067811865475700 ) ) ;
#709 = UNCERTAINTY_MEASURE_WITH_UNIT (LENGTH_MEASURE( 1.000000000000000100E-005 ), #1750, 'distance_accuracy_value', 'NONE');
#710 = FILL_AREA_STYLE_COLOUR ( '', #1252 ) ;
#711 = EDGE_LOOP ( 'NONE', ( #3642, #4143 ) ) ;
#712 = FILL_AREA_STYLE ('',( #2653 ) ) ;
#713 = MECHANICAL_DESIGN_GEOMETRIC_PRESENTATION_REPRESENTATION (  '', ( #4105 ), #3168 ) ;
#714 = COLOUR_RGB ( '',0.7686274509803920900, 0.7686274509803920900, 0.7686274509803920900 ) ;
#715 = EDGE_LOOP ( 'NONE', ( #2819, #3850, #2641, #1986 ) ) ;
#716 = CARTESIAN_POINT ( 'NONE',  ( 2.450000000000000200, 0.05000000000000002400, -2.899999999999999900 ) ) ;
#717 = DIRECTION ( 'NONE',  ( 0.7071067811865521200, 0.0000000000000000000, -0.7071067811865430200 ) ) ;
#718 = CARTESIAN_POINT ( 'NONE',  ( -2.075000000000000200, -0.05000000000000000300, -0.2950000000000000400 ) ) ;
#719 = DIRECTION ( 'NONE',  ( 0.0000000000000000000, -1.000000000000000000, -0.0000000000000000000 ) ) ;
#720 = DIRECTION ( 'NONE',  ( 1.000000000000000000, 0.0000000000000000000, -0.0000000000000000000 ) ) ;
#721 = EDGE_CURVE ( 'NONE', #3818, #3564, #2158, .T. ) ;
#722 = ORIENTED_EDGE ( 'NONE', *, *, #2724, .F. ) ;
#723 = COLOUR_RGB ( '',0.7686274509803920900, 0.7686274509803920900, 0.7686274509803920900 ) ;
#724 = ORIENTED_EDGE ( 'NONE', *, *, #3200, .T. ) ;
#725 = COLOUR_RGB ( '',0.1019607843137254900, 0.1019607843137254900, 0.1019607843137254900 ) ;
#726 = DIRECTION ( 'NONE',  ( 0.0000000000000000000, 0.0000000000000000000, -1.000000000000000000 ) ) ;
#727 = CARTESIAN_POINT ( 'NONE',  ( -1.749999999999999800, 0.05000000000000000300, 3.049999999999999400 ) ) ;
#728 = PLANE ( 'NONE',  #3833 ) ;
#729 = ORIENTED_EDGE ( 'NONE', *, *, #747, .T. ) ;
#730 = LINE ( 'NONE', #3137, #2027 ) ;
#731 = EDGE_CURVE ( 'NONE', #103, #1176, #1261, .T. ) ;
#732 = VECTOR ( 'NONE', #1408, 1000.000000000000000 ) ;
#733 = SURFACE_STYLE_USAGE ( .BOTH. , #1777 ) ;
#734 = CARTESIAN_POINT ( 'NONE',  ( 0.0000000000000000000, -0.05000000000000000300, 3.049999999999999800 ) ) ;
#735 = ORIENTED_EDGE ( 'NONE', *, *, #963, .T. ) ;
#736 = LINE ( 'NONE', #2428, #1455 ) ;
#737 = DIRECTION ( 'NONE',  ( 0.7071067811865474600, 0.0000000000000000000, -0.7071067811865474600 ) ) ;
#738 = ADVANCED_FACE ( 'NONE', ( #856 ), #2509, .F. ) ;
#739 = MECHANICAL_DESIGN_GEOMETRIC_PRESENTATION_REPRESENTATION (  '', ( #1486 ), #445 ) ;
#740 = VECTOR ( 'NONE', #4037, 1000.000000000000100 ) ;
#741 = VECTOR ( 'NONE', #2344, 1000.000000000000000 ) ;
#742 = SURFACE_STYLE_USAGE ( .BOTH. , #3346 ) ;
#743 =( NAMED_UNIT ( * ) PLANE_ANGLE_UNIT ( ) SI_UNIT ( $, .RADIAN. ) );
#744 = MECHANICAL_DESIGN_GEOMETRIC_PRESENTATION_REPRESENTATION (  '', ( #1787 ), #2830 ) ;
#745 = CARTESIAN_POINT ( 'NONE',  ( 0.0000000000000000000, 0.05000000000000000300, 0.0000000000000000000 ) ) ;
#746 = FILL_AREA_STYLE_COLOUR ( '', #1286 ) ;
#747 = EDGE_CURVE ( 'NONE', #345, #2851, #420, .T. ) ;
#748 = PRESENTATION_LAYER_ASSIGNMENT (  '', '', ( #2470 ) ) ;
#749 = CARTESIAN_POINT ( 'NONE',  ( 1.700000000000000000, -0.05000000000000000300, 3.000000000000000400 ) ) ;
#750 = DIRECTION ( 'NONE',  ( -0.7071067811865497900, 0.0000000000000000000, -0.7071067811865452400 ) ) ;
#751 =( LENGTH_UNIT ( ) NAMED_UNIT ( * ) SI_UNIT ( .MILLI., .METRE. ) );
#752 =( LENGTH_UNIT ( ) NAMED_UNIT ( * ) SI_UNIT ( .MILLI., .METRE. ) );
#753 = EDGE_LOOP ( 'NONE', ( #3750, #1349, #1569, #4285, #179, #2680 ) ) ;
#754 = DIRECTION ( 'NONE',  ( 0.0000000000000000000, -1.000000000000000000, -0.0000000000000000000 ) ) ;
#755 = CARTESIAN_POINT ( 'NONE',  ( -1.700000000000000000, 0.05000000000000000300, -2.439999999999999900 ) ) ;
#756 = SURFACE_STYLE_USAGE ( .BOTH. , #1061 ) ;
#757 = EDGE_CURVE ( 'NONE', #2447, #290, #298, .T. ) ;
#758 = ADVANCED_FACE ( 'NONE', ( #1944 ), #1351, .T. ) ;
#759 = CARTESIAN_POINT ( 'NONE',  ( -2.109999999999999900, 0.05000000000000000300, 0.0000000000000000000 ) ) ;
#760 = FILL_AREA_STYLE_COLOUR ( '', #2956 ) ;
#761 = STYLED_ITEM ( 'NONE', ( #118 ), #486 ) ;
#762 = UNCERTAINTY_MEASURE_WITH_UNIT (LENGTH_MEASURE( 1.000000000000000100E-005 ), #3882, 'distance_accuracy_value', 'NONE');
#763 = DIRECTION ( 'NONE',  ( 1.495451272394000000E-016, 0.0000000000000000000, 1.000000000000000000 ) ) ;
#764 = CARTESIAN_POINT ( 'NONE',  ( 2.549999999999999800, 0.05000000000000000300, -0.7049999999999931900 ) ) ;
#765 =( NAMED_UNIT ( * ) PLANE_ANGLE_UNIT ( ) SI_UNIT ( $, .RADIAN. ) );
#766 = DIRECTION ( 'NONE',  ( 1.000000000000000000, 0.0000000000000000000, -0.0000000000000000000 ) ) ;
#767 = LINE ( 'NONE', #2111, #1964 ) ;
#768 = ORIENTED_EDGE ( 'NONE', *, *, #2253, .T. ) ;
#769 = CARTESIAN_POINT ( 'NONE',  ( 1.700000000000000000, 0.0000000000000000000, -2.439999999999999900 ) ) ;
#770 = UNCERTAINTY_MEASURE_WITH_UNIT (LENGTH_MEASURE( 1.000000000000000100E-005 ), #3054, 'distance_accuracy_value', 'NONE');
#771 = STYLED_ITEM ( 'NONE', ( #3110 ), #2094 ) ;
#772 = CARTESIAN_POINT ( 'NONE',  ( 2.075000000000000200, 0.0000000000000000000, 0.0000000000000000000 ) ) ;
#773 = LINE ( 'NONE', #772, #4172 ) ;
#774 = VERTEX_POINT ( 'NONE', #2309 ) ;
#775 = CARTESIAN_POINT ( 'NONE',  ( -1.649999999999999900, 0.05000000000000000300, 2.609999999999999900 ) ) ;
#776 = ORIENTED_EDGE ( 'NONE', *, *, #4205, .T. ) ;
#777 = PLANE ( 'NONE',  #2777 ) ;
#778 = ORIENTED_EDGE ( 'NONE', *, *, #1062, .F. ) ;
#779 = EDGE_CURVE ( 'NONE', #340, #2803, #2041, .T. ) ;
#780 = VECTOR ( 'NONE', #4120, 1000.000000000000000 ) ;
#781 = PRESENTATION_LAYER_ASSIGNMENT (  '', '', ( #547 ) ) ;
#782 = EDGE_LOOP ( 'NONE', ( #2625, #260, #408, #2280 ) ) ;
#783 = VECTOR ( 'NONE', #3225, 1000.000000000000100 ) ;
#784 = SURFACE_SIDE_STYLE ('',( #2646 ) ) ;
#785 =( NAMED_UNIT ( * ) PLANE_ANGLE_UNIT ( ) SI_UNIT ( $, .RADIAN. ) );
#786 =( LENGTH_UNIT ( ) NAMED_UNIT ( * ) SI_UNIT ( .MILLI., .METRE. ) );
#787 = DIRECTION ( 'NONE',  ( 1.000000000000000000, 0.0000000000000000000, 0.0000000000000000000 ) ) ;
#788 = ADVANCED_FACE ( 'NONE', ( #1052 ), #230, .F. ) ;
#789 = CARTESIAN_POINT ( 'NONE',  ( -1.700000000000000000, 0.0000000000000000000, -2.439999999999999900 ) ) ;
#790 = VERTEX_POINT ( 'NONE', #672 ) ;
#791 = FACE_OUTER_BOUND ( 'NONE', #2690, .T. ) ;
#792 = DIRECTION ( 'NONE',  ( -0.0000000000000000000, -1.000000000000000000, -0.0000000000000000000 ) ) ;
#793 = VECTOR ( 'NONE', #1347, 1000.000000000000000 ) ;
#794 = VECTOR ( 'NONE', #1957, 1000.000000000000000 ) ;
#795 = FILL_AREA_STYLE_COLOUR ( '', #3899 ) ;
#796 = LINE ( 'NONE', #1991, #576 ) ;
#797 = DIRECTION ( 'NONE',  ( 0.0000000000000000000, 0.0000000000000000000, 1.000000000000000000 ) ) ;
#798 = AXIS2_PLACEMENT_3D ( 'NONE', #1279, #2966, #980 ) ;
#799 = DIRECTION ( 'NONE',  ( 0.0000000000000000000, -0.0000000000000000000, 1.000000000000000000 ) ) ;
#800 = EDGE_LOOP ( 'NONE', ( #3286, #3406, #978, #1881, #665, #81 ) ) ;
#801 =( NAMED_UNIT ( * ) PLANE_ANGLE_UNIT ( ) SI_UNIT ( $, .RADIAN. ) );
#802 = VECTOR ( 'NONE', #612, 1000.000000000000000 ) ;
#803 =( GEOMETRIC_REPRESENTATION_CONTEXT ( 3 ) GLOBAL_UNCERTAINTY_ASSIGNED_CONTEXT ( ( #3074 ) ) GLOBAL_UNIT_ASSIGNED_CONTEXT ( ( #315, #3620, #1668 ) ) REPRESENTATION_CONTEXT ( 'NONE', 'WORKASPACE' ) );
#804 = LINE ( 'NONE', #3522, #3927 ) ;
#805 = DIRECTION ( 'NONE',  ( -1.000000000000000000, 0.0000000000000000000, -0.0000000000000000000 ) ) ;
#806 = VECTOR ( 'NONE', #3145, 1000.000000000000000 ) ;
#807 =( GEOMETRIC_REPRESENTATION_CONTEXT ( 3 ) GLOBAL_UNCERTAINTY_ASSIGNED_CONTEXT ( ( #1451 ) ) GLOBAL_UNIT_ASSIGNED_CONTEXT ( ( #1577, #1948, #4239 ) ) REPRESENTATION_CONTEXT ( 'NONE', 'WORKASPACE' ) );
#808 = ADVANCED_FACE ( 'NONE', ( #2210 ), #1575, .F. ) ;
#809 = CARTESIAN_POINT ( 'NONE',  ( 0.0000000000000000000, 0.05000000000000000300, -1.240000000000000000 ) ) ;
#810 = VECTOR ( 'NONE', #1674, 1000.000000000000000 ) ;
#811 = EDGE_CURVE ( 'NONE', #972, #2135, #1735, .T. ) ;
#812 = PRESENTATION_LAYER_ASSIGNMENT (  '', '', ( #258 ) ) ;
#813 = APPLICATION_CONTEXT ( 'automotive_design' ) ;
#814 =( NAMED_UNIT ( * ) SI_UNIT ( $, .STERADIAN. ) SOLID_ANGLE_UNIT ( ) );
#815 = CARTESIAN_POINT ( 'NONE',  ( -0.8400000000000000800, 0.05000000000000000300, -3.000000000000000000 ) ) ;
#816 = PRESENTATION_STYLE_ASSIGNMENT (( #2069 ) ) ;
#817 = PRESENTATION_STYLE_ASSIGNMENT (( #2628 ) ) ;
#818 = CARTESIAN_POINT ( 'NONE',  ( -2.109999999999999900, 0.05000000000000000300, -3.000000000000000000 ) ) ;
#819 = STYLED_ITEM ( 'NONE', ( #3610 ), #77 ) ;
#820 = VECTOR ( 'NONE', #1171, 1000.000000000000000 ) ;
#821 = VERTEX_POINT ( 'NONE', #2249 ) ;
#822 = UNCERTAINTY_MEASURE_WITH_UNIT (LENGTH_MEASURE( 1.000000000000000100E-005 ), #3147, 'distance_accuracy_value', 'NONE');
#823 = AXIS2_PLACEMENT_3D ( 'NONE', #1167, #3474, #2105 ) ;
#824 = VERTEX_POINT ( 'NONE', #239 ) ;
#825 = ADVANCED_FACE ( 'NONE', ( #8 ), #1648, .F. ) ;
#826 =( LENGTH_UNIT ( ) NAMED_UNIT ( * ) SI_UNIT ( .MILLI., .METRE. ) );
#827 = VERTEX_POINT ( 'NONE', #718 ) ;
#828 = FILL_AREA_STYLE ('',( #2478 ) ) ;
#829 =( GEOMETRIC_REPRESENTATION_CONTEXT ( 3 ) GLOBAL_UNCERTAINTY_ASSIGNED_CONTEXT ( ( #1083 ) ) GLOBAL_UNIT_ASSIGNED_CONTEXT ( ( #193, #3164, #2526 ) ) REPRESENTATION_CONTEXT ( 'NONE', 'WORKASPACE' ) );
#830 = CARTESIAN_POINT ( 'NONE',  ( 1.700000000000000000, 0.05000000000000000300, -3.000000000000000400 ) ) ;
#831 = ORIENTED_EDGE ( 'NONE', *, *, #339, .T. ) ;
#832 = CARTESIAN_POINT ( 'NONE',  ( 2.109999999999999900, 0.0000000000000000000, 0.0000000000000000000 ) ) ;
#833 = VECTOR ( 'NONE', #2916, 1000.000000000000100 ) ;
#834 = COLOUR_RGB ( '',0.7686274509803920900, 0.7686274509803920900, 0.7686274509803920900 ) ;
#835 = ORIENTED_EDGE ( 'NONE', *, *, #1501, .F. ) ;
#836 = CARTESIAN_POINT ( 'NONE',  ( -2.060000000000000100, 0.05000000000000000300, 3.049999999999999800 ) ) ;
#837 = EDGE_CURVE ( 'NONE', #1282, #1129, #2036, .T. ) ;
#838 = ORIENTED_EDGE ( 'NONE', *, *, #2003, .F. ) ;
#839 = COLOUR_RGB ( '',0.7686274509803920900, 0.7686274509803920900, 0.7686274509803920900 ) ;
#840 =( NAMED_UNIT ( * ) SI_UNIT ( $, .STERADIAN. ) SOLID_ANGLE_UNIT ( ) );
#841 = SURFACE_STYLE_USAGE ( .BOTH. , #1488 ) ;
#842 = CARTESIAN_POINT ( 'NONE',  ( 0.0000000000000000000, -0.05000000000000000300, -1.240000000000000000 ) ) ;
#843 = VECTOR ( 'NONE', #4091, 1000.000000000000000 ) ;
#844 = VECTOR ( 'NONE', #524, 1000.000000000000000 ) ;
#845 = EDGE_CURVE ( 'NONE', #3199, #1187, #1154, .T. ) ;
#846 = SURFACE_STYLE_USAGE ( .BOTH. , #2494 ) ;
#847 = SURFACE_STYLE_FILL_AREA ( #3296 ) ;
#848 = DIRECTION ( 'NONE',  ( 1.000000000000000000, -0.0000000000000000000, 2.271661694731999900E-015 ) ) ;
#849 = UNCERTAINTY_MEASURE_WITH_UNIT (LENGTH_MEASURE( 1.000000000000000100E-005 ), #3633, 'distance_accuracy_value', 'NONE');
#850 = VERTEX_POINT ( 'NONE', #3360 ) ;
#851 = DIRECTION ( 'NONE',  ( 0.0000000000000000000, 0.0000000000000000000, -1.000000000000000000 ) ) ;
#852 = DIRECTION ( 'NONE',  ( 0.0000000000000000000, 1.000000000000000000, 0.0000000000000000000 ) ) ;
#853 = STYLED_ITEM ( 'NONE', ( #175 ), #347 ) ;
#854 = PLANE ( 'NONE',  #4162 ) ;
#855 = SURFACE_STYLE_FILL_AREA ( #2971 ) ;
#856 = FACE_OUTER_BOUND ( 'NONE', #398, .T. ) ;
#857 =( LENGTH_UNIT ( ) NAMED_UNIT ( * ) SI_UNIT ( .MILLI., .METRE. ) );
#858 = FILL_AREA_STYLE_COLOUR ( '', #4207 ) ;
#859 = CARTESIAN_POINT ( 'NONE',  ( 0.0000000000000000000, 0.0000000000000000000, 0.0000000000000000000 ) ) ;
#860 = AXIS2_PLACEMENT_3D ( 'NONE', #2469, #3790, #2825 ) ;
#861 = CARTESIAN_POINT ( 'NONE',  ( -2.600000000000000500, 0.05000000000000000300, 0.0000000000000000000 ) ) ;
#862 = FACE_OUTER_BOUND ( 'NONE', #1197, .T. ) ;
#863 = SURFACE_SIDE_STYLE ('',( #3151 ) ) ;
#864 = CARTESIAN_POINT ( 'NONE',  ( -2.109999999999999900, 0.0000000000000000000, 2.660000000000000100 ) ) ;
#865 = EDGE_CURVE ( 'NONE', #884, #3032, #3568, .T. ) ;
#866 = COLOUR_RGB ( '',0.1019607843137254900, 0.1019607843137254900, 0.1019607843137254900 ) ;
#867 = VERTEX_POINT ( 'NONE', #2761 ) ;
#868 =( NAMED_UNIT ( * ) SI_UNIT ( $, .STERADIAN. ) SOLID_ANGLE_UNIT ( ) );
#869 = LINE ( 'NONE', #1038, #2931 ) ;
#870 = LINE ( 'NONE', #2164, #125 ) ;
#871 = CARTESIAN_POINT ( 'NONE',  ( 0.0000000000000000000, 0.9499999999999999600, 0.0000000000000000000 ) ) ;
#872 = VECTOR ( 'NONE', #2386, 1000.000000000000000 ) ;
#873 = DIRECTION ( 'NONE',  ( 0.0000000000000000000, -0.0000000000000000000, 1.000000000000000000 ) ) ;
#874 = EDGE_LOOP ( 'NONE', ( #2000, #3499, #4233, #156 ) ) ;
#875 =( LENGTH_UNIT ( ) NAMED_UNIT ( * ) SI_UNIT ( .MILLI., .METRE. ) );
#876 = VERTEX_POINT ( 'NONE', #2043 ) ;
#877 = SURFACE_STYLE_USAGE ( .BOTH. , #3026 ) ;
#878 = EDGE_CURVE ( 'NONE', #1520, #3509, #1465, .T. ) ;
#879 = SURFACE_SIDE_STYLE ('',( #3087 ) ) ;
#880 = ORIENTED_EDGE ( 'NONE', *, *, #3318, .T. ) ;
#881 =( GEOMETRIC_REPRESENTATION_CONTEXT ( 3 ) GLOBAL_UNCERTAINTY_ASSIGNED_CONTEXT ( ( #621 ) ) GLOBAL_UNIT_ASSIGNED_CONTEXT ( ( #1794, #2102, #1726 ) ) REPRESENTATION_CONTEXT ( 'NONE', 'WORKASPACE' ) );
#882 = VERTEX_POINT ( 'NONE', #385 ) ;
#883 = PRESENTATION_STYLE_ASSIGNMENT (( #2293 ) ) ;
#884 = VERTEX_POINT ( 'NONE', #2721 ) ;
#885 = PRESENTATION_STYLE_ASSIGNMENT (( #1188 ) ) ;
#886 = DIRECTION ( 'NONE',  ( -0.7071067811865474600, 0.0000000000000000000, -0.7071067811865474600 ) ) ;
#887 = ORIENTED_EDGE ( 'NONE', *, *, #920, .T. ) ;
#888 = DIRECTION ( 'NONE',  ( -0.7071067811865474600, 0.0000000000000000000, -0.7071067811865474600 ) ) ;
#889 = SURFACE_STYLE_FILL_AREA ( #1057 ) ;
#890 = ORIENTED_EDGE ( 'NONE', *, *, #3727, .T. ) ;
#891 = MECHANICAL_DESIGN_GEOMETRIC_PRESENTATION_REPRESENTATION (  '', ( #329 ), #829 ) ;
#892 = DIRECTION ( 'NONE',  ( 1.000000000000000000, 0.0000000000000000000, -0.0000000000000000000 ) ) ;
#893 = VERTEX_POINT ( 'NONE', #1087 ) ;
#894 = VECTOR ( 'NONE', #2049, 1000.000000000000000 ) ;
#895 = FILL_AREA_STYLE_COLOUR ( '', #431 ) ;
#896 = VECTOR ( 'NONE', #178, 1000.000000000000000 ) ;
#897 = EDGE_CURVE ( 'NONE', #3045, #2800, #3473, .T. ) ;
#898 = EDGE_CURVE ( 'NONE', #2486, #2860, #1204, .T. ) ;
#899 =( GEOMETRIC_REPRESENTATION_CONTEXT ( 3 ) GLOBAL_UNCERTAINTY_ASSIGNED_CONTEXT ( ( #3404 ) ) GLOBAL_UNIT_ASSIGNED_CONTEXT ( ( #3269, #3248, #1594 ) ) REPRESENTATION_CONTEXT ( 'NONE', 'WORKASPACE' ) );
#900 = LINE ( 'NONE', #2016, #2909 ) ;
#901 =( NAMED_UNIT ( * ) PLANE_ANGLE_UNIT ( ) SI_UNIT ( $, .RADIAN. ) );
#902 = COLOUR_RGB ( '',0.7686274509803920900, 0.7686274509803920900, 0.7686274509803920900 ) ;
#903 = UNCERTAINTY_MEASURE_WITH_UNIT (LENGTH_MEASURE( 1.000000000000000100E-005 ), #2416, 'distance_accuracy_value', 'NONE');
#904 = EDGE_CURVE ( 'NONE', #4268, #2283, #252, .T. ) ;
#905 = DIRECTION ( 'NONE',  ( 0.0000000000000000000, -0.0000000000000000000, -1.000000000000000000 ) ) ;
#906 = CARTESIAN_POINT ( 'NONE',  ( -2.550000000000000300, 0.05000000000000000300, -0.7049999999999998500 ) ) ;
#907 = LINE ( 'NONE', #1183, #1679 ) ;
#908 = UNCERTAINTY_MEASURE_WITH_UNIT (LENGTH_MEASURE( 1.000000000000000100E-005 ), #469, 'distance_accuracy_value', 'NONE');
#909 = DIRECTION ( 'NONE',  ( 0.7071067811865475700, 0.0000000000000000000, 0.7071067811865475700 ) ) ;
#910 = FACE_OUTER_BOUND ( 'NONE', #1335, .T. ) ;
#911 = CARTESIAN_POINT ( 'NONE',  ( -2.450000000000000200, 0.0000000000000000000, -2.899999999999999900 ) ) ;
#912 = PRESENTATION_LAYER_ASSIGNMENT (  '', '', ( #983 ) ) ;
#913 =( NAMED_UNIT ( * ) SI_UNIT ( $, .STERADIAN. ) SOLID_ANGLE_UNIT ( ) );
#914 = CARTESIAN_POINT ( 'NONE',  ( 1.850000000000000100, 0.9399999999999999500, -2.299999999999999800 ) ) ;
#915 =( NAMED_UNIT ( * ) PLANE_ANGLE_UNIT ( ) SI_UNIT ( $, .RADIAN. ) );
#916 = MECHANICAL_DESIGN_GEOMETRIC_PRESENTATION_REPRESENTATION (  '', ( #2178 ), #1140 ) ;
#917 = DIRECTION ( 'NONE',  ( -0.0000000000000000000, 0.0000000000000000000, 1.000000000000000000 ) ) ;
#918 = VECTOR ( 'NONE', #1463, 1000.000000000000000 ) ;
#919 = ORIENTED_EDGE ( 'NONE', *, *, #3802, .T. ) ;
#920 = EDGE_CURVE ( 'NONE', #2851, #1182, #1942, .T. ) ;
#921 = DIRECTION ( 'NONE',  ( 1.000000000000000000, 0.0000000000000000000, -0.0000000000000000000 ) ) ;
#922 = ORIENTED_EDGE ( 'NONE', *, *, #2780, .F. ) ;
#923 = DIRECTION ( 'NONE',  ( -0.7071067811865474600, 0.0000000000000000000, 0.7071067811865474600 ) ) ;
#924 = CARTESIAN_POINT ( 'NONE',  ( -2.109999999999999900, -0.05000000000000002400, 2.660000000000000600 ) ) ;
#925 = CARTESIAN_POINT ( 'NONE',  ( -2.449999999987449300, 0.7499999999955663200, -2.700000000000000200 ) ) ;
#926 = PRESENTATION_STYLE_ASSIGNMENT (( #742 ) ) ;
#927 = STYLED_ITEM ( 'NONE', ( #2306 ), #296 ) ;
#928 = LINE ( 'NONE', #2595, #36 ) ;
#929 = ORIENTED_EDGE ( 'NONE', *, *, #2561, .T. ) ;
#930 = CARTESIAN_POINT ( 'NONE',  ( 0.0000000000000000000, 0.0000000000000000000, -2.439999999999999900 ) ) ;
#931 = ORIENTED_EDGE ( 'NONE', *, *, #4081, .T. ) ;
#932 = LINE ( 'NONE', #1552, #1607 ) ;
#933 = ORIENTED_EDGE ( 'NONE', *, *, #583, .T. ) ;
#934 =( GEOMETRIC_REPRESENTATION_CONTEXT ( 3 ) GLOBAL_UNCERTAINTY_ASSIGNED_CONTEXT ( ( #3206 ) ) GLOBAL_UNIT_ASSIGNED_CONTEXT ( ( #857, #571, #1222 ) ) REPRESENTATION_CONTEXT ( 'NONE', 'WORKASPACE' ) );
#935 = EDGE_LOOP ( 'NONE', ( #1202, #2060, #968, #4000, #1191, #729 ) ) ;
#936 = DIRECTION ( 'NONE',  ( 0.0000000000000000000, 0.7071067811865474600, 0.7071067811865474600 ) ) ;
#937 = SURFACE_STYLE_FILL_AREA ( #712 ) ;
#938 = CARTESIAN_POINT ( 'NONE',  ( 1.700000000000001300, -0.05000000000000002400, 2.660000000000000600 ) ) ;
#939 = FILL_AREA_STYLE_COLOUR ( '', #4102 ) ;
#940 = PRESENTATION_STYLE_ASSIGNMENT (( #158 ) ) ;
#941 = CARTESIAN_POINT ( 'NONE',  ( 1.749999999999999800, 0.05000000000000000300, -3.049999999999999400 ) ) ;
#942 = SURFACE_STYLE_FILL_AREA ( #2997 ) ;
#943 =( NAMED_UNIT ( * ) PLANE_ANGLE_UNIT ( ) SI_UNIT ( $, .RADIAN. ) );
#944 = ORIENTED_EDGE ( 'NONE', *, *, #1138, .F. ) ;
#945 = COLOUR_RGB ( '',0.7686274509803920900, 0.7686274509803920900, 0.7686274509803920900 ) ;
#946 = EDGE_CURVE ( 'NONE', #2927, #419, #359, .T. ) ;
#947 = LINE ( 'NONE', #1626, #1943 ) ;
#948 = UNCERTAINTY_MEASURE_WITH_UNIT (LENGTH_MEASURE( 1.000000000000000100E-005 ), #2136, 'distance_accuracy_value', 'NONE');
#949 = COLOUR_RGB ( '',0.1019607843137254900, 0.1019607843137254900, 0.1019607843137254900 ) ;
#950 = MECHANICAL_DESIGN_GEOMETRIC_PRESENTATION_REPRESENTATION (  '', ( #819 ), #3118 ) ;
#951 = DIRECTION ( 'NONE',  ( -0.0000000000000000000, -1.000000000000000000, 0.0000000000000000000 ) ) ;
#952 = DIRECTION ( 'NONE',  ( 0.7071067811865474600, 0.0000000000000000000, -0.7071067811865474600 ) ) ;
#953 = PLANE ( 'NONE',  #384 ) ;
#954 = PRESENTATION_LAYER_ASSIGNMENT (  '', '', ( #2901 ) ) ;
#955 = ORIENTED_EDGE ( 'NONE', *, *, #4149, .F. ) ;
#956 = LINE ( 'NONE', #3618, #487 ) ;
#957 = DIRECTION ( 'NONE',  ( 0.0000000000000000000, 1.000000000000000000, 0.0000000000000000000 ) ) ;
#958 = AXIS2_PLACEMENT_3D ( 'NONE', #1515, #1846, #3801 ) ;
#959 = VECTOR ( 'NONE', #337, 1000.000000000000000 ) ;
#960 = CARTESIAN_POINT ( 'NONE',  ( -1.455928631623000000E-016, 0.05000000000000000300, -0.7049999999999999600 ) ) ;
#961 = VERTEX_POINT ( 'NONE', #1415 ) ;
#962 = CARTESIAN_POINT ( 'NONE',  ( -2.109999999999999900, 0.0000000000000000000, -2.439999999999999900 ) ) ;
#963 = EDGE_CURVE ( 'NONE', #3032, #2544, #157, .T. ) ;
#964 = PRESENTATION_LAYER_ASSIGNMENT (  '', '', ( #2302 ) ) ;
#965 = DIRECTION ( 'NONE',  ( -0.0000000000000000000, 0.0000000000000000000, 1.000000000000000000 ) ) ;
#966 = PRESENTATION_STYLE_ASSIGNMENT (( #841 ) ) ;
#967 = ORIENTED_EDGE ( 'NONE', *, *, #1692, .T. ) ;
#968 = ORIENTED_EDGE ( 'NONE', *, *, #519, .T. ) ;
#969 = EDGE_CURVE ( 'NONE', #542, #1915, #2820, .T. ) ;
#970 = ORIENTED_EDGE ( 'NONE', *, *, #1413, .T. ) ;
#971 = LINE ( 'NONE', #2976, #3104 ) ;
#972 = VERTEX_POINT ( 'NONE', #90 ) ;
#973 = VECTOR ( 'NONE', #1874, 1000.000000000000000 ) ;
#974 = DIRECTION ( 'NONE',  ( -0.7071067811865497900, 0.0000000000000000000, 0.7071067811865452400 ) ) ;
#975 = DIRECTION ( 'NONE',  ( 1.000000000000000000, 0.0000000000000000000, 2.065146995210000000E-016 ) ) ;
#976 = CARTESIAN_POINT ( 'NONE',  ( 2.109999999999999900, 0.05000000000000000300, -3.049999999999999800 ) ) ;
#977 =( GEOMETRIC_REPRESENTATION_CONTEXT ( 3 ) GLOBAL_UNCERTAINTY_ASSIGNED_CONTEXT ( ( #2256 ) ) GLOBAL_UNIT_ASSIGNED_CONTEXT ( ( #1313, #4198, #2670 ) ) REPRESENTATION_CONTEXT ( 'NONE', 'WORKASPACE' ) );
#978 = ORIENTED_EDGE ( 'NONE', *, *, #2152, .T. ) ;
#979 = LINE ( 'NONE', #2886, #2638 ) ;
#980 = DIRECTION ( 'NONE',  ( 0.7071067811865474600, 0.0000000000000000000, 0.7071067811865474600 ) ) ;
#981 = DIRECTION ( 'NONE',  ( -1.000000000000000000, 0.0000000000000000000, -0.0000000000000000000 ) ) ;
#982 = ORIENTED_EDGE ( 'NONE', *, *, #189, .T. ) ;
#983 = STYLED_ITEM ( 'NONE', ( #2087 ), #1767 ) ;
#984 = LINE ( 'NONE', #2608, #3961 ) ;
#985 = LINE ( 'NONE', #2328, #415 ) ;
#986 = EDGE_CURVE ( 'NONE', #1505, #2200, #2203, .T. ) ;
#987 = AXIS2_PLACEMENT_3D ( 'NONE', #2741, #1089, #3709 ) ;
#988 =( LENGTH_UNIT ( ) NAMED_UNIT ( * ) SI_UNIT ( .MILLI., .METRE. ) );
#989 =( LENGTH_UNIT ( ) NAMED_UNIT ( * ) SI_UNIT ( .MILLI., .METRE. ) );
#990 = DIRECTION ( 'NONE',  ( -0.7071067811865474600, 0.0000000000000000000, -0.7071067811865474600 ) ) ;
#991 = CARTESIAN_POINT ( 'NONE',  ( 0.0000000000000000000, -0.05000000000000000300, 0.0000000000000000000 ) ) ;
#992 = EDGE_LOOP ( 'NONE', ( #2683, #2121, #1516, #1027 ) ) ;
#993 = DIRECTION ( 'NONE',  ( 0.0000000000000000000, -0.0000000000000000000, 1.000000000000000000 ) ) ;
#994 = COLOUR_RGB ( '',0.7686274509803920900, 0.7686274509803920900, 0.7686274509803920900 ) ;
#995 = PLANE ( 'NONE',  #798 ) ;
#996 = AXIS2_PLACEMENT_3D ( 'NONE', #1016, #2759, #4052 ) ;
#997 = DIRECTION ( 'NONE',  ( 0.7071067811865474600, 0.0000000000000000000, 0.7071067811865474600 ) ) ;
#998 = CARTESIAN_POINT ( 'NONE',  ( -2.075000000000000200, -0.05000000000000002400, 2.625000000000000000 ) ) ;
#999 =( GEOMETRIC_REPRESENTATION_CONTEXT ( 3 ) GLOBAL_UNCERTAINTY_ASSIGNED_CONTEXT ( ( #2377 ) ) GLOBAL_UNIT_ASSIGNED_CONTEXT ( ( #1826, #2466, #1429 ) ) REPRESENTATION_CONTEXT ( 'NONE', 'WORKASPACE' ) );
#1000 = SURFACE_SIDE_STYLE ('',( #2340 ) ) ;
#1001 = DIRECTION ( 'NONE',  ( -0.0000000000000000000, -1.000000000000000000, -0.0000000000000000000 ) ) ;
#1002 = DIRECTION ( 'NONE',  ( -0.7071067811865474600, 0.7071067811865474600, 0.0000000000000000000 ) ) ;
#1003 = PLANE ( 'NONE',  #1693 ) ;
#1004 = SURFACE_SIDE_STYLE ('',( #361 ) ) ;
#1005 = SURFACE_STYLE_USAGE ( .BOTH. , #1309 ) ;
#1006 = AXIS2_PLACEMENT_3D ( 'NONE', #3609, #3311, #302 ) ;
#1007 =( LENGTH_UNIT ( ) NAMED_UNIT ( * ) SI_UNIT ( .MILLI., .METRE. ) );
#1008 = CYLINDRICAL_SURFACE ( 'NONE', #1998, 0.1499999999999999700 ) ;
#1009 = ADVANCED_FACE ( 'NONE', ( #4026 ), #2358, .F. ) ;
#1010 =( NAMED_UNIT ( * ) PLANE_ANGLE_UNIT ( ) SI_UNIT ( $, .RADIAN. ) );
#1011 = SURFACE_STYLE_USAGE ( .BOTH. , #382 ) ;
#1012 = PRODUCT_DEFINITION_SHAPE ( 'NONE', 'NONE',  #4290 ) ;
#1013 = LINE ( 'NONE', #3986, #183 ) ;
#1014 = ORIENTED_EDGE ( 'NONE', *, *, #3780, .F. ) ;
#1015 = DIRECTION ( 'NONE',  ( -1.000000000000000000, 0.0000000000000000000, -0.0000000000000000000 ) ) ;
#1016 = CARTESIAN_POINT ( 'NONE',  ( 0.0000000000000000000, 0.0000000000000000000, 0.0000000000000000000 ) ) ;
#1017 = CARTESIAN_POINT ( 'NONE',  ( -2.550000000000000300, 0.05000000000000000300, -0.2950000000000003200 ) ) ;
#1018 = CARTESIAN_POINT ( 'NONE',  ( 1.700000000000000000, 0.05000000000000000300, -1.675585175659000000E-015 ) ) ;
#1019 = UNCERTAINTY_MEASURE_WITH_UNIT (LENGTH_MEASURE( 1.000000000000000100E-005 ), #2896, 'distance_accuracy_value', 'NONE');
#1020 = VECTOR ( 'NONE', #4043, 1000.000000000000000 ) ;
#1021 = ORIENTED_EDGE ( 'NONE', *, *, #3351, .T. ) ;
#1022 = EDGE_CURVE ( 'NONE', #2594, #2927, #2503, .T. ) ;
#1023 = PRESENTATION_LAYER_ASSIGNMENT (  '', '', ( #3172 ) ) ;
#1024 = CARTESIAN_POINT ( 'NONE',  ( 2.549999999999999800, -0.05000000000000000300, -0.7049999999999999600 ) ) ;
#1025 = CARTESIAN_POINT ( 'NONE',  ( 0.0000000000000000000, -0.05000000000000000300, -0.7049999999999999600 ) ) ;
#1026 = SURFACE_STYLE_FILL_AREA ( #2508 ) ;
#1027 = ORIENTED_EDGE ( 'NONE', *, *, #3489, .T. ) ;
#1028 = ORIENTED_EDGE ( 'NONE', *, *, #3613, .F. ) ;
#1029 =( GEOMETRIC_REPRESENTATION_CONTEXT ( 3 ) GLOBAL_UNCERTAINTY_ASSIGNED_CONTEXT ( ( #574 ) ) GLOBAL_UNIT_ASSIGNED_CONTEXT ( ( #84, #1448, #2415 ) ) REPRESENTATION_CONTEXT ( 'NONE', 'WORKASPACE' ) );
#1030 = VECTOR ( 'NONE', #1363, 1000.000000000000000 ) ;
#1031 = ORIENTED_EDGE ( 'NONE', *, *, #1435, .F. ) ;
#1032 = LINE ( 'NONE', #1025, #1928 ) ;
#1033 = EDGE_LOOP ( 'NONE', ( #4073, #3956, #1379, #1255 ) ) ;
#1034 = VECTOR ( 'NONE', #1450, 1000.000000000000000 ) ;
#1035 =( LENGTH_UNIT ( ) NAMED_UNIT ( * ) SI_UNIT ( .MILLI., .METRE. ) );
#1036 =( NAMED_UNIT ( * ) PLANE_ANGLE_UNIT ( ) SI_UNIT ( $, .RADIAN. ) );
#1037 = DIRECTION ( 'NONE',  ( 1.495451272394000000E-016, 0.0000000000000000000, 1.000000000000000000 ) ) ;
#1038 = CARTESIAN_POINT ( 'NONE',  ( -1.700000000000000000, 0.0000000000000000000, 0.0000000000000000000 ) ) ;
#1039 = ADVANCED_FACE ( 'NONE', ( #3824 ), #3113, .F. ) ;
#1040 = CARTESIAN_POINT ( 'NONE',  ( 2.075000000000000200, 0.05000000000000000300, 0.0000000000000000000 ) ) ;
#1041 = PRESENTATION_LAYER_ASSIGNMENT (  '', '', ( #1486 ) ) ;
#1042 =( NAMED_UNIT ( * ) SI_UNIT ( $, .STERADIAN. ) SOLID_ANGLE_UNIT ( ) );
#1043 = CARTESIAN_POINT ( 'NONE',  ( 2.109999999999999900, -0.05000000000000000300, -2.439999999999999900 ) ) ;
#1044 = LINE ( 'NONE', #436, #2500 ) ;
#1045 = DIRECTION ( 'NONE',  ( -0.7071067811865474600, 0.0000000000000000000, 0.7071067811865474600 ) ) ;
#1046 = PRESENTATION_LAYER_ASSIGNMENT (  '', '', ( #1243 ) ) ;
#1047 = ORIENTED_EDGE ( 'NONE', *, *, #2258, .T. ) ;
#1048 = CARTESIAN_POINT ( 'NONE',  ( 2.075000000000000200, 0.0000000000000000000, -0.7049999999999981800 ) ) ;
#1049 = VECTOR ( 'NONE', #4201, 1000.000000000000000 ) ;
#1050 = UNCERTAINTY_MEASURE_WITH_UNIT (LENGTH_MEASURE( 1.000000000000000100E-005 ), #250, 'distance_accuracy_value', 'NONE');
#1051 = EDGE_CURVE ( 'NONE', #1502, #550, #3010, .T. ) ;
#1052 = FACE_OUTER_BOUND ( 'NONE', #4166, .T. ) ;
#1053 = EDGE_CURVE ( 'NONE', #325, #4197, #2148, .T. ) ;
#1054 = MECHANICAL_DESIGN_GEOMETRIC_PRESENTATION_REPRESENTATION (  '', ( #2470 ), #3196 ) ;
#1055 = DIRECTION ( 'NONE',  ( 0.0000000000000000000, 1.000000000000000000, 0.0000000000000000000 ) ) ;
#1056 = FILL_AREA_STYLE ('',( #109 ) ) ;
#1057 = FILL_AREA_STYLE ('',( #3388 ) ) ;
#1058 = VECTOR ( 'NONE', #3134, 1000.000000000000000 ) ;
#1059 = PLANE ( 'NONE',  #4189 ) ;
#1060 = PLANE ( 'NONE',  #2297 ) ;
#1061 = SURFACE_SIDE_STYLE ('',( #3593 ) ) ;
#1062 = EDGE_CURVE ( 'NONE', #4181, #1282, #1044, .T. ) ;
#1063 = EDGE_LOOP ( 'NONE', ( #163, #3099, #6, #2747, #37, #982, #283, #1290, #185, #2245, #1399, #3553, #2995, #4174, #3096, #1144, #3384, #3836, #1179, #880, #1068, #3209, #3344, #1927, #3826, #3691, #3140, #831, #2191, #614 ) ) ;
#1064 = COLOUR_RGB ( '',0.7686274509803920900, 0.7686274509803920900, 0.7686274509803920900 ) ;
#1065 = ADVANCED_FACE ( 'NONE', ( #1841 ), #1473, .T. ) ;
#1066 = DIRECTION ( 'NONE',  ( -0.0000000000000000000, -1.000000000000000000, -0.0000000000000000000 ) ) ;
#1067 = COLOUR_RGB ( '',0.7686274509803920900, 0.7686274509803920900, 0.7686274509803920900 ) ;
#1068 = ORIENTED_EDGE ( 'NONE', *, *, #2003, .T. ) ;
#1069 = LINE ( 'NONE', #488, #2521 ) ;
#1070 = DIRECTION ( 'NONE',  ( -1.000000000000000000, 0.0000000000000000000, -0.0000000000000000000 ) ) ;
#1071 = DIRECTION ( 'NONE',  ( 1.000000000000000000, 0.0000000000000000000, -0.0000000000000000000 ) ) ;
#1072 = DIRECTION ( 'NONE',  ( 1.000000000000000000, 0.0000000000000000000, -0.0000000000000000000 ) ) ;
#1073 =( LENGTH_UNIT ( ) NAMED_UNIT ( * ) SI_UNIT ( .MILLI., .METRE. ) );
#1074 = VECTOR ( 'NONE', #3654, 1000.000000000000000 ) ;
#1075 =( GEOMETRIC_REPRESENTATION_CONTEXT ( 3 ) GLOBAL_UNCERTAINTY_ASSIGNED_CONTEXT ( ( #2935 ) ) GLOBAL_UNIT_ASSIGNED_CONTEXT ( ( #4141, #3513, #868 ) ) REPRESENTATION_CONTEXT ( 'NONE', 'WORKASPACE' ) );
#1076 = DIRECTION ( 'NONE',  ( 1.000000000000000000, 0.0000000000000000000, -0.0000000000000000000 ) ) ;
#1077 = LINE ( 'NONE', #2145, #2314 ) ;
#1078 = VERTEX_POINT ( 'NONE', #130 ) ;
#1079 = DIRECTION ( 'NONE',  ( 0.0000000000000000000, -0.0000000000000000000, 1.000000000000000000 ) ) ;
#1080 = UNCERTAINTY_MEASURE_WITH_UNIT (LENGTH_MEASURE( 1.000000000000000100E-005 ), #1716, 'distance_accuracy_value', 'NONE');
#1081 = VERTEX_POINT ( 'NONE', #462 ) ;
#1082 = FILL_AREA_STYLE_COLOUR ( '', #4191 ) ;
#1083 = UNCERTAINTY_MEASURE_WITH_UNIT (LENGTH_MEASURE( 1.000000000000000100E-005 ), #193, 'distance_accuracy_value', 'NONE');
#1084 = VECTOR ( 'NONE', #2716, 1000.000000000000000 ) ;
#1085 = ORIENTED_EDGE ( 'NONE', *, *, #583, .F. ) ;
#1086 = DIRECTION ( 'NONE',  ( -0.7071067811865460200, 0.0000000000000000000, 0.7071067811865490200 ) ) ;
#1087 = CARTESIAN_POINT ( 'NONE',  ( -0.4800000000000000400, -0.05000000000000005800, -3.049999999999999400 ) ) ;
#1088 = ADVANCED_FACE ( 'NONE', ( #4133 ), #2463, .T. ) ;
#1089 = DIRECTION ( 'NONE',  ( 0.0000000000000000000, 1.000000000000000000, 0.0000000000000000000 ) ) ;
#1090 = ORIENTED_EDGE ( 'NONE', *, *, #2417, .T. ) ;
#1091 = VECTOR ( 'NONE', #344, 1000.000000000000100 ) ;
#1092 =( GEOMETRIC_REPRESENTATION_CONTEXT ( 3 ) GLOBAL_UNCERTAINTY_ASSIGNED_CONTEXT ( ( #2978 ) ) GLOBAL_UNIT_ASSIGNED_CONTEXT ( ( #2507, #3485, #2796 ) ) REPRESENTATION_CONTEXT ( 'NONE', 'WORKASPACE' ) );
#1093 = VERTEX_POINT ( 'NONE', #2154 ) ;
#1094 = DIRECTION ( 'NONE',  ( 0.7071067811865474600, 0.0000000000000000000, 0.7071067811865474600 ) ) ;
#1095 =( NAMED_UNIT ( * ) SI_UNIT ( $, .STERADIAN. ) SOLID_ANGLE_UNIT ( ) );
#1096 = EDGE_LOOP ( 'NONE', ( #197, #2520, #2558, #2436 ) ) ;
#1097 = CIRCLE ( 'NONE', #96, 0.2000000000000000900 ) ;
#1098 = COLOUR_RGB ( '',0.7686274509803920900, 0.7686274509803920900, 0.7686274509803920900 ) ;
#1099 = ORIENTED_EDGE ( 'NONE', *, *, #3456, .F. ) ;
#1100 = SURFACE_STYLE_USAGE ( .BOTH. , #4032 ) ;
#1101 = EDGE_CURVE ( 'NONE', #3560, #2576, #3763, .T. ) ;
#1102 = CARTESIAN_POINT ( 'NONE',  ( 0.8400000000000000800, 0.0000000000000000000, 0.0000000000000000000 ) ) ;
#1103 = EDGE_LOOP ( 'NONE', ( #835, #1242, #2330, #275, #2534, #2130, #1546, #3015 ) ) ;
#1104 = CARTESIAN_POINT ( 'NONE',  ( -2.450000000000000200, 0.0000000000000000000, -2.899999999999999900 ) ) ;
#1105 = CARTESIAN_POINT ( 'NONE',  ( 2.109999999999999900, 0.05000000000000000300, -3.000000000000000000 ) ) ;
#1106 =( NAMED_UNIT ( * ) PLANE_ANGLE_UNIT ( ) SI_UNIT ( $, .RADIAN. ) );
#1107 = FILL_AREA_STYLE_COLOUR ( '', #1472 ) ;
#1108 = SURFACE_STYLE_FILL_AREA ( #1681 ) ;
#1109 =( GEOMETRIC_REPRESENTATION_CONTEXT ( 3 ) GLOBAL_UNCERTAINTY_ASSIGNED_CONTEXT ( ( #4059 ) ) GLOBAL_UNIT_ASSIGNED_CONTEXT ( ( #2512, #4167, #3480 ) ) REPRESENTATION_CONTEXT ( 'NONE', 'WORKASPACE' ) );
#1110 = ADVANCED_FACE ( 'NONE', ( #1982 ), #2839, .F. ) ;
#1111 =( LENGTH_UNIT ( ) NAMED_UNIT ( * ) SI_UNIT ( .MILLI., .METRE. ) );
#1112 = PRESENTATION_STYLE_ASSIGNMENT (( #846 ) ) ;
#1113 = EDGE_CURVE ( 'NONE', #2860, #212, #1676, .T. ) ;
#1114 = AXIS2_PLACEMENT_3D ( 'NONE', #3596, #3893, #1576 ) ;
#1115 = DIRECTION ( 'NONE',  ( 1.000000000000000000, 0.0000000000000000000, -0.0000000000000000000 ) ) ;
#1116 = SURFACE_STYLE_FILL_AREA ( #2096 ) ;
#1117 = FILL_AREA_STYLE_COLOUR ( '', #1251 ) ;
#1118 = SURFACE_SIDE_STYLE ('',( #1532 ) ) ;
#1119 =( LENGTH_UNIT ( ) NAMED_UNIT ( * ) SI_UNIT ( .MILLI., .METRE. ) );
#1120 = CARTESIAN_POINT ( 'NONE',  ( 2.250000000000000900, 0.9499999999999999600, 2.899999999999999900 ) ) ;
#1121 = CARTESIAN_POINT ( 'NONE',  ( 0.0000000000000000000, 0.0000000000000000000, 2.609999999999999900 ) ) ;
#1122 = EDGE_CURVE ( 'NONE', #3265, #3813, #2593, .T. ) ;
#1123 = SURFACE_STYLE_USAGE ( .BOTH. , #443 ) ;
#1124 = APPLICATION_CONTEXT ( 'automotive_design' ) ;
#1125 = DIRECTION ( 'NONE',  ( -0.7071067811865475700, 0.0000000000000000000, -0.7071067811865475700 ) ) ;
#1126 = DIRECTION ( 'NONE',  ( 0.7071067811865475700, 0.0000000000000000000, 0.7071067811865475700 ) ) ;
#1127 = ADVANCED_FACE ( 'NONE', ( #3366, #2551 ), #535, .T. ) ;
#1128 = VECTOR ( 'NONE', #530, 1000.000000000000000 ) ;
#1129 = VERTEX_POINT ( 'NONE', #204 ) ;
#1130 = CARTESIAN_POINT ( 'NONE',  ( 2.075000000000000600, 0.05000000000000000300, 2.625000000000000000 ) ) ;
#1131 = PRESENTATION_LAYER_ASSIGNMENT (  '', '', ( #177 ) ) ;
#1132 = DIRECTION ( 'NONE',  ( 0.0000000000000000000, 1.000000000000000000, -0.0000000000000000000 ) ) ;
#1133 = VERTEX_POINT ( 'NONE', #2869 ) ;
#1134 = DIRECTION ( 'NONE',  ( 0.0000000000000000000, 0.0000000000000000000, 1.000000000000000000 ) ) ;
#1135 = LINE ( 'NONE', #274, #330 ) ;
#1136 = PRESENTATION_STYLE_ASSIGNMENT (( #4196 ) ) ;
#1137 = ORIENTED_EDGE ( 'NONE', *, *, #3268, .T. ) ;
#1138 = EDGE_CURVE ( 'NONE', #1917, #2486, #2766, .T. ) ;
#1139 = UNCERTAINTY_MEASURE_WITH_UNIT (LENGTH_MEASURE( 1.000000000000000100E-005 ), #3749, 'distance_accuracy_value', 'NONE');
#1140 =( GEOMETRIC_REPRESENTATION_CONTEXT ( 3 ) GLOBAL_UNCERTAINTY_ASSIGNED_CONTEXT ( ( #3133 ) ) GLOBAL_UNIT_ASSIGNED_CONTEXT ( ( #3852, #1215, #2862 ) ) REPRESENTATION_CONTEXT ( 'NONE', 'WORKASPACE' ) );
#1141 = EDGE_LOOP ( 'NONE', ( #1137, #4061, #3408, #485 ) ) ;
#1142 = FACE_OUTER_BOUND ( 'NONE', #2140, .T. ) ;
#1143 = VERTEX_POINT ( 'NONE', #3197 ) ;
#1144 = ORIENTED_EDGE ( 'NONE', *, *, #366, .F. ) ;
#1145 = LINE ( 'NONE', #1519, #2332 ) ;
#1146 = EDGE_CURVE ( 'NONE', #1143, #639, #3262, .T. ) ;
#1147 = SURFACE_STYLE_USAGE ( .BOTH. , #3025 ) ;
#1148 = LINE ( 'NONE', #51, #2031 ) ;
#1149 = ADVANCED_FACE ( 'NONE', ( #1403 ), #2506, .T. ) ;
#1150 = SURFACE_SIDE_STYLE ('',( #1807 ) ) ;
#1151 = SURFACE_STYLE_FILL_AREA ( #3500 ) ;
#1152 = PRESENTATION_LAYER_ASSIGNMENT (  '', '', ( #4092 ) ) ;
#1153 = VERTEX_POINT ( 'NONE', #2546 ) ;
#1154 = LINE ( 'NONE', #1396, #1522 ) ;
#1155 =( NAMED_UNIT ( * ) SI_UNIT ( $, .STERADIAN. ) SOLID_ANGLE_UNIT ( ) );
#1156 = CARTESIAN_POINT ( 'NONE',  ( 6.701401999457999700E-016, 0.0000000000000000000, -0.2950000000000000400 ) ) ;
#1157 = STYLED_ITEM ( 'NONE', ( #2144 ), #1149 ) ;
#1158 = ORIENTED_EDGE ( 'NONE', *, *, #3144, .T. ) ;
#1159 = DIRECTION ( 'NONE',  ( -0.0000000000000000000, 0.0000000000000000000, -1.000000000000000000 ) ) ;
#1160 = UNCERTAINTY_MEASURE_WITH_UNIT (LENGTH_MEASURE( 1.000000000000000100E-005 ), #2936, 'distance_accuracy_value', 'NONE');
#1161 = LINE ( 'NONE', #1461, #2257 ) ;
#1162 = AXIS2_PLACEMENT_3D ( 'NONE', #218, #1559, #4148 ) ;
#1163 = PLANE ( 'NONE',  #2822 ) ;
#1164 = CARTESIAN_POINT ( 'NONE',  ( 2.109999999999999900, 0.05000000000000001000, 2.899999999999999900 ) ) ;
#1165 = EDGE_CURVE ( 'NONE', #255, #821, #3820, .T. ) ;
#1166 = MECHANICAL_DESIGN_GEOMETRIC_PRESENTATION_REPRESENTATION (  '', ( #1555 ), #2153 ) ;
#1167 = CARTESIAN_POINT ( 'NONE',  ( 0.0000000000000000000, 0.05000000000000000300, 0.0000000000000000000 ) ) ;
#1168 = ORIENTED_EDGE ( 'NONE', *, *, #656, .F. ) ;
#1169 = CARTESIAN_POINT ( 'NONE',  ( 1.700000000000000000, 0.0000000000000000000, 0.0000000000000000000 ) ) ;
#1170 = CONTEXT_DEPENDENT_SHAPE_REPRESENTATION ( #2451, #1012 ) ;
#1171 = DIRECTION ( 'NONE',  ( 7.477256361966289700E-017, -7.477256361966289700E-017, 1.000000000000000000 ) ) ;
#1172 = CARTESIAN_POINT ( 'NONE',  ( 0.8400000000000000800, 0.0000000000000000000, -2.439999999999999900 ) ) ;
#1173 = MECHANICAL_DESIGN_GEOMETRIC_PRESENTATION_REPRESENTATION (  '', ( #3595 ), #1029 ) ;
#1174 = PRESENTATION_STYLE_ASSIGNMENT (( #1820 ) ) ;
#1175 = CARTESIAN_POINT ( 'NONE',  ( -2.060000000000000100, 0.05000000000000000300, -3.049999999999999800 ) ) ;
#1176 = VERTEX_POINT ( 'NONE', #660 ) ;
#1177 = DIRECTION ( 'NONE',  ( -0.0000000000000000000, -1.000000000000000000, -0.0000000000000000000 ) ) ;
#1178 = PRESENTATION_STYLE_ASSIGNMENT (( #756 ) ) ;
#1179 = ORIENTED_EDGE ( 'NONE', *, *, #2033, .F. ) ;
#1180 = DIRECTION ( 'NONE',  ( 0.0000000000000000000, 1.000000000000000000, -0.0000000000000000000 ) ) ;
#1181 = VECTOR ( 'NONE', #3920, 1000.000000000000000 ) ;
#1182 = VERTEX_POINT ( 'NONE', #1749 ) ;
#1183 = CARTESIAN_POINT ( 'NONE',  ( 0.0000000000000000000, 0.05000000000000000300, -3.049999999999999800 ) ) ;
#1184 = MECHANICAL_DESIGN_GEOMETRIC_PRESENTATION_REPRESENTATION (  '', ( #3258 ), #807 ) ;
#1185 = CARTESIAN_POINT ( 'NONE',  ( 2.549999999999999800, 0.05000000000000000300, -0.7049999999999999600 ) ) ;
#1186 = LINE ( 'NONE', #3402, #1556 ) ;
#1187 = VERTEX_POINT ( 'NONE', #706 ) ;
#1188 = SURFACE_STYLE_USAGE ( .BOTH. , #3783 ) ;
#1189 = LINE ( 'NONE', #3601, #2227 ) ;
#1190 = PRESENTATION_STYLE_ASSIGNMENT (( #1198 ) ) ;
#1191 = ORIENTED_EDGE ( 'NONE', *, *, #102, .T. ) ;
#1192 = LINE ( 'NONE', #3218, #2076 ) ;
#1193 = EDGE_CURVE ( 'NONE', #3701, #3715, #573, .T. ) ;
#1194 = EDGE_CURVE ( 'NONE', #3192, #867, #1148, .T. ) ;
#1195 = ORIENTED_EDGE ( 'NONE', *, *, #1146, .T. ) ;
#1196 = LINE ( 'NONE', #3738, #1930 ) ;
#1197 = EDGE_LOOP ( 'NONE', ( #2838, #2900, #94, #1353 ) ) ;
#1198 = SURFACE_STYLE_USAGE ( .BOTH. , #1509 ) ;
#1199 = LINE ( 'NONE', #755, #896 ) ;
#1200 = EDGE_CURVE ( 'NONE', #3604, #3813, #2448, .T. ) ;
#1201 = CARTESIAN_POINT ( 'NONE',  ( 1.699999999999999500, 0.05000000000000001700, -2.899999999999999900 ) ) ;
#1202 = ORIENTED_EDGE ( 'NONE', *, *, #3510, .T. ) ;
#1203 =( NAMED_UNIT ( * ) SI_UNIT ( $, .STERADIAN. ) SOLID_ANGLE_UNIT ( ) );
#1204 = LINE ( 'NONE', #3670, #1570 ) ;
#1205 = FILL_AREA_STYLE_COLOUR ( '', #2945 ) ;
#1206 = DIRECTION ( 'NONE',  ( 0.0000000000000000000, -1.000000000000000000, -0.0000000000000000000 ) ) ;
#1207 = AXIS2_PLACEMENT_3D ( 'NONE', #1669, #2325, #317 ) ;
#1208 = CARTESIAN_POINT ( 'NONE',  ( 0.7900000000000002600, 0.05000000000000000300, -3.049999999999999400 ) ) ;
#1209 = VECTOR ( 'NONE', #2644, 1000.000000000000000 ) ;
#1210 = CARTESIAN_POINT ( 'NONE',  ( 0.0000000000000000000, 0.05000000000000000300, 3.049999999999999800 ) ) ;
#1211 =( NAMED_UNIT ( * ) SI_UNIT ( $, .STERADIAN. ) SOLID_ANGLE_UNIT ( ) );
#1212 = STYLED_ITEM ( 'NONE', ( #570 ), #1796 ) ;
#1213 = DIRECTION ( 'NONE',  ( 0.0000000000000000000, 1.000000000000000000, 0.0000000000000000000 ) ) ;
#1214 = FACE_OUTER_BOUND ( 'NONE', #1063, .T. ) ;
#1215 =( NAMED_UNIT ( * ) PLANE_ANGLE_UNIT ( ) SI_UNIT ( $, .RADIAN. ) );
#1216 = EDGE_CURVE ( 'NONE', #1093, #340, #3713, .T. ) ;
#1217 = MECHANICAL_DESIGN_GEOMETRIC_PRESENTATION_REPRESENTATION (  '', ( #2719 ), #1530 ) ;
#1218 = VERTEX_POINT ( 'NONE', #3816 ) ;
#1219 = CARTESIAN_POINT ( 'NONE',  ( 0.7900000000000000400, -0.05000000000000005800, -3.049999999999999800 ) ) ;
#1220 = PRESENTATION_STYLE_ASSIGNMENT (( #91 ) ) ;
#1221 = VERTEX_POINT ( 'NONE', #210 ) ;
#1222 =( NAMED_UNIT ( * ) SI_UNIT ( $, .STERADIAN. ) SOLID_ANGLE_UNIT ( ) );
#1223 = EDGE_CURVE ( 'NONE', #3045, #340, #1199, .T. ) ;
#1224 = CARTESIAN_POINT ( 'NONE',  ( 1.700000000000002400, 0.05000000000000000300, 2.660000000000000100 ) ) ;
#1225 = CARTESIAN_POINT ( 'NONE',  ( -0.8400000000000000800, 0.05000000000000000300, -3.000000000000000400 ) ) ;
#1226 = SHAPE_REPRESENTATION_RELATIONSHIP ( 'NONE' , 'NONE' ,  #505, #2811 ) ;
#1227 = FILL_AREA_STYLE ('',( #513 ) ) ;
#1228 = ORIENTED_EDGE ( 'NONE', *, *, #3336, .F. ) ;
#1229 = DIRECTION ( 'NONE',  ( -1.000000000000000000, -0.0000000000000000000, 0.0000000000000000000 ) ) ;
#1230 = MECHANICAL_DESIGN_GEOMETRIC_PRESENTATION_REPRESENTATION (  '', ( #761 ), #999 ) ;
#1231 = SURFACE_SIDE_STYLE ('',( #1663 ) ) ;
#1232 = VERTEX_POINT ( 'NONE', #906 ) ;
#1233 = AXIS2_PLACEMENT_3D ( 'NONE', #4019, #59, #88 ) ;
#1234 = LINE ( 'NONE', #3935, #3745 ) ;
#1235 = LINE ( 'NONE', #3488, #4065 ) ;
#1236 = VERTEX_POINT ( 'NONE', #2510 ) ;
#1237 = SURFACE_STYLE_FILL_AREA ( #2885 ) ;
#1238 =( NAMED_UNIT ( * ) PLANE_ANGLE_UNIT ( ) SI_UNIT ( $, .RADIAN. ) );
#1239 = VERTEX_POINT ( 'NONE', #3922 ) ;
#1240 = LINE ( 'NONE', #1219, #3458 ) ;
#1241 = DIRECTION ( 'NONE',  ( 1.000000000000000000, 0.0000000000000000000, -1.495451272394000000E-016 ) ) ;
#1242 = ORIENTED_EDGE ( 'NONE', *, *, #4048, .F. ) ;
#1243 = STYLED_ITEM ( 'NONE', ( #2962 ), #2718 ) ;
#1244 = CARTESIAN_POINT ( 'NONE',  ( 2.109999999999999900, -0.05000000000000000300, -2.439999999999999900 ) ) ;
#1245 = DIRECTION ( 'NONE',  ( 1.000000000000000000, 0.0000000000000000000, -0.0000000000000000000 ) ) ;
#1246 = ORIENTED_EDGE ( 'NONE', *, *, #546, .T. ) ;
#1247 = SURFACE_STYLE_FILL_AREA ( #3452 ) ;
#1248 = DIRECTION ( 'NONE',  ( 0.7071067811865474600, 0.0000000000000000000, -0.7071067811865474600 ) ) ;
#1249 = EDGE_CURVE ( 'NONE', #827, #1502, #288, .T. ) ;
#1250 = AXIS2_PLACEMENT_3D ( 'NONE', #173, #3139, #3175 ) ;
#1251 = COLOUR_RGB ( '',0.7686274509803920900, 0.7686274509803920900, 0.7686274509803920900 ) ;
#1252 = COLOUR_RGB ( '',0.7686274509803920900, 0.7686274509803920900, 0.7686274509803920900 ) ;
#1253 = DIRECTION ( 'NONE',  ( 1.000000000000000000, 0.0000000000000000000, -0.0000000000000000000 ) ) ;
#1254 = PRESENTATION_STYLE_ASSIGNMENT (( #733 ) ) ;
#1255 = ORIENTED_EDGE ( 'NONE', *, *, #3928, .F. ) ;
#1256 = PRESENTATION_LAYER_ASSIGNMENT (  '', '', ( #3595 ) ) ;
#1257 = DIRECTION ( 'NONE',  ( -1.495451272394000000E-016, 0.0000000000000000000, -1.000000000000000000 ) ) ;
#1258 =( LENGTH_UNIT ( ) NAMED_UNIT ( * ) SI_UNIT ( .MILLI., .METRE. ) );
#1259 = DIRECTION ( 'NONE',  ( 0.0000000000000000000, -0.0000000000000000000, 1.000000000000000000 ) ) ;
#1260 = ORIENTED_EDGE ( 'NONE', *, *, #416, .F. ) ;
#1261 = LINE ( 'NONE', #861, #2351 ) ;
#1262 = CARTESIAN_POINT ( 'NONE',  ( -2.450000000000000200, 0.0000000000000000000, -2.899999999999999900 ) ) ;
#1263 = STYLED_ITEM ( 'NONE', ( #3769 ), #1039 ) ;
#1264 = CARTESIAN_POINT ( 'NONE',  ( 2.450000000000000200, 0.7500000000000000000, -3.364765362886000300E-016 ) ) ;
#1265 = UNCERTAINTY_MEASURE_WITH_UNIT (LENGTH_MEASURE( 1.000000000000000100E-005 ), #161, 'distance_accuracy_value', 'NONE');
#1266 =( NAMED_UNIT ( * ) SI_UNIT ( $, .STERADIAN. ) SOLID_ANGLE_UNIT ( ) );
#1267 = CONICAL_SURFACE ( 'NONE', #3319, 0.1999999998404744800, 0.7853981625666242000 ) ;
#1268 = ORIENTED_EDGE ( 'NONE', *, *, #2724, .T. ) ;
#1269 = DIRECTION ( 'NONE',  ( 1.000000000000000000, 0.0000000000000000000, -0.0000000000000000000 ) ) ;
#1270 =( NAMED_UNIT ( * ) SI_UNIT ( $, .STERADIAN. ) SOLID_ANGLE_UNIT ( ) );
#1271 = EDGE_CURVE ( 'NONE', #103, #3103, #984, .T. ) ;
#1272 = PRESENTATION_LAYER_ASSIGNMENT (  '', '', ( #3686 ) ) ;
#1273 = CARTESIAN_POINT ( 'NONE',  ( 0.4299999999999998800, 0.05000000000000001700, -2.899999999999999900 ) ) ;
#1274 = VERTEX_POINT ( 'NONE', #1612 ) ;
#1275 = EDGE_CURVE ( 'NONE', #639, #1232, #1671, .T. ) ;
#1276 = EDGE_LOOP ( 'NONE', ( #944, #654, #4274, #3796, #1374, #2278 ) ) ;
#1277 = PRESENTATION_LAYER_ASSIGNMENT (  '', '', ( #927 ) ) ;
#1278 = ORIENTED_EDGE ( 'NONE', *, *, #1346, .T. ) ;
#1279 = CARTESIAN_POINT ( 'NONE',  ( -2.549999999999999800, 0.05000000000000000300, -0.2950000000000000400 ) ) ;
#1280 = ORIENTED_EDGE ( 'NONE', *, *, #518, .T. ) ;
#1281 = COLOUR_RGB ( '',0.7686274509803920900, 0.7686274509803920900, 0.7686274509803920900 ) ;
#1282 = VERTEX_POINT ( 'NONE', #924 ) ;
#1283 = VECTOR ( 'NONE', #602, 1000.000000000000100 ) ;
#1284 =( GEOMETRIC_REPRESENTATION_CONTEXT ( 3 ) GLOBAL_UNCERTAINTY_ASSIGNED_CONTEXT ( ( #3628 ) ) GLOBAL_UNIT_ASSIGNED_CONTEXT ( ( #225, #943, #1952 ) ) REPRESENTATION_CONTEXT ( 'NONE', 'WORKASPACE' ) );
#1285 = VERTEX_POINT ( 'NONE', #2585 ) ;
#1286 = COLOUR_RGB ( '',0.7686274509803920900, 0.7686274509803920900, 0.7686274509803920900 ) ;
#1287 = ORIENTED_EDGE ( 'NONE', *, *, #310, .T. ) ;
#1288 = DIRECTION ( 'NONE',  ( -0.0000000000000000000, 0.0000000000000000000, -1.000000000000000000 ) ) ;
#1289 = EDGE_CURVE ( 'NONE', #3604, #1236, #2334, .T. ) ;
#1290 = ORIENTED_EDGE ( 'NONE', *, *, #2682, .T. ) ;
#1291 = COLOUR_RGB ( '',0.7686274509803920900, 0.7686274509803920900, 0.7686274509803920900 ) ;
#1292 = AXIS2_PLACEMENT_3D ( 'NONE', #1040, #1072, #29 ) ;
#1293 = PRODUCT_DEFINITION_SHAPE ( 'NONE', 'NONE',  #3083 ) ;
#1294 = FILL_AREA_STYLE_COLOUR ( '', #2891 ) ;
#1295 = SURFACE_STYLE_FILL_AREA ( #4146 ) ;
#1296 = SURFACE_SIDE_STYLE ('',( #3965 ) ) ;
#1297 = ORIENTED_EDGE ( 'NONE', *, *, #3615, .F. ) ;
#1298 = VECTOR ( 'NONE', #2312, 1000.000000000000000 ) ;
#1299 =( NAMED_UNIT ( * ) SI_UNIT ( $, .STERADIAN. ) SOLID_ANGLE_UNIT ( ) );
#1300 = DIRECTION ( 'NONE',  ( 1.000000000000000000, 0.0000000000000000000, -0.0000000000000000000 ) ) ;
#1301 = VERTEX_POINT ( 'NONE', #938 ) ;
#1302 = PRODUCT ( 'SO-8FL', 'SO-8FL', '', ( #106 ) ) ;
#1303 = EDGE_CURVE ( 'NONE', #668, #2135, #1784, .T. ) ;
#1304 = SURFACE_STYLE_USAGE ( .BOTH. , #1000 ) ;
#1305 = CARTESIAN_POINT ( 'NONE',  ( 0.4299999999999998300, 0.9499999999999999600, -2.899999999999999900 ) ) ;
#1306 = PLANE ( 'NONE',  #1903 ) ;
#1307 =( NAMED_UNIT ( * ) SI_UNIT ( $, .STERADIAN. ) SOLID_ANGLE_UNIT ( ) );
#1308 = VECTOR ( 'NONE', #792, 1000.000000000000000 ) ;
#1309 = SURFACE_SIDE_STYLE ('',( #2610 ) ) ;
#1310 = VECTOR ( 'NONE', #4227, 1000.000000000000000 ) ;
#1311 = AXIS2_PLACEMENT_3D ( 'NONE', #1890, #3203, #851 ) ;
#1312 = SURFACE_STYLE_USAGE ( .BOTH. , #3930 ) ;
#1313 =( LENGTH_UNIT ( ) NAMED_UNIT ( * ) SI_UNIT ( .MILLI., .METRE. ) );
#1314 = VECTOR ( 'NONE', #241, 1000.000000000000000 ) ;
#1315 = FILL_AREA_STYLE_COLOUR ( '', #472 ) ;
#1316 = EDGE_CURVE ( 'NONE', #639, #358, #620, .T. ) ;
#1317 = SURFACE_SIDE_STYLE ('',( #2663 ) ) ;
#1318 = DIRECTION ( 'NONE',  ( 0.0000000000000000000, 0.0000000000000000000, 1.000000000000000000 ) ) ;
#1319 = COLOUR_RGB ( '',0.1019607843137254900, 0.1019607843137254900, 0.1019607843137254900 ) ;
#1320 = EDGE_LOOP ( 'NONE', ( #3567, #1365, #1971, #200, #3112, #364 ) ) ;
#1321 = CARTESIAN_POINT ( 'NONE',  ( -1.700000000000001300, -0.05000000000000002400, 2.660000000000000600 ) ) ;
#1322 = PRESENTATION_STYLE_ASSIGNMENT (( #2732 ) ) ;
#1323 = VERTEX_POINT ( 'NONE', #1244 ) ;
#1324 = EDGE_CURVE ( 'NONE', #667, #3560, #1560, .T. ) ;
#1325 = CARTESIAN_POINT ( 'NONE',  ( 2.060000000000000100, 0.05000000000000000300, 2.609999999999999900 ) ) ;
#1326 = VERTEX_POINT ( 'NONE', #3555 ) ;
#1327 = FACE_OUTER_BOUND ( 'NONE', #1103, .T. ) ;
#1328 = CARTESIAN_POINT ( 'NONE',  ( 0.0000000000000000000, -0.05000000000000000300, 3.049999999999999800 ) ) ;
#1329 = CARTESIAN_POINT ( 'NONE',  ( 2.075000000000000200, 0.0000000000000000000, 0.0000000000000000000 ) ) ;
#1330 = CARTESIAN_POINT ( 'NONE',  ( -1.700000000000000000, -0.05000000000000000300, -3.049999999999999800 ) ) ;
#1331 = DIRECTION ( 'NONE',  ( 9.856383386231999600E-016, -0.0000000000000000000, 1.000000000000000000 ) ) ;
#1332 = AXIS2_PLACEMENT_3D ( 'NONE', #4276, #3006, #1002 ) ;
#1333 = MANIFOLD_SOLID_BREP ( 'Imported1', #1337 ) ;
#1334 = ORIENTED_EDGE ( 'NONE', *, *, #2626, .F. ) ;
#1335 = EDGE_LOOP ( 'NONE', ( #2269, #2315, #1444, #3645 ) ) ;
#1336 = FILL_AREA_STYLE ('',( #632 ) ) ;
#1337 = CLOSED_SHELL ( 'NONE', ( #100, #1127, #676, #3352, #758, #3128, #3725, #3744, #738, #77, #1838, #4004, #2458, #3682, #1345, #2828, #2473, #3960, #1009, #3771, #1767, #1632, #3148, #3708, #3058, #3394, #2439, #1474, #808, #137, #2094, #120, #3375, #3584, #641, #1065, #3462, #4078, #2389, #1497, #128, #1110, #1742, #2730, #2807, #1811, #4031, #1690, #422, #825, #2414, #347, #2137, #3428, #3438, #1088, #2718, #2113, #3419, #1757, #788, #2343, #4055, #1407, #42, #296, #2770, #3981, #464, #371, #1796, #3013, #160, #2740, #486, #3101, #4097, #1427, #396, #4126, #2785, #2163, #442, #1149, #1039, #3082, #1447, #2062, #54, #2622, #619 ) ) ;
#1338 = FACE_OUTER_BOUND ( 'NONE', #3638, .T. ) ;
#1339 = PRESENTATION_LAYER_ASSIGNMENT (  '', '', ( #771 ) ) ;
#1340 = SURFACE_STYLE_FILL_AREA ( #4062 ) ;
#1341 = SURFACE_STYLE_FILL_AREA ( #368 ) ;
#1342 = DIRECTION ( 'NONE',  ( -1.000000000000000000, 0.0000000000000000000, -0.0000000000000000000 ) ) ;
#1343 = CARTESIAN_POINT ( 'NONE',  ( -1.749999999999999800, -0.05000000000000002400, 3.049999999999999400 ) ) ;
#1344 = VECTOR ( 'NONE', #923, 1000.000000000000100 ) ;
#1345 = ADVANCED_FACE ( 'NONE', ( #3224 ), #2356, .F. ) ;
#1346 = EDGE_CURVE ( 'NONE', #1218, #578, #1409, .T. ) ;
#1347 = DIRECTION ( 'NONE',  ( 1.000000000000000000, 0.0000000000000000000, -0.0000000000000000000 ) ) ;
#1348 = CARTESIAN_POINT ( 'NONE',  ( -2.075000000000000200, -0.05000000000000000300, -1.240000000000000000 ) ) ;
#1349 = ORIENTED_EDGE ( 'NONE', *, *, #1223, .T. ) ;
#1350 = LINE ( 'NONE', #105, #2150 ) ;
#1351 = PLANE ( 'NONE',  #1332 ) ;
#1352 = DIRECTION ( 'NONE',  ( 0.0000000000000000000, 1.000000000000000000, -0.0000000000000000000 ) ) ;
#1353 = ORIENTED_EDGE ( 'NONE', *, *, #4180, .T. ) ;
#1354 = DIRECTION ( 'NONE',  ( 0.0000000000000000000, -1.000000000000000000, -0.0000000000000000000 ) ) ;
#1355 = DIRECTION ( 'NONE',  ( -0.7071067811865475700, 0.0000000000000000000, 0.7071067811865475700 ) ) ;
#1356 = CARTESIAN_POINT ( 'NONE',  ( 2.450000000000000600, 0.0000000000000000000, -0.2949999999999978200 ) ) ;
#1357 = FILL_AREA_STYLE ('',( #1404 ) ) ;
#1358 = EDGE_CURVE ( 'NONE', #2493, #3694, #2294, .T. ) ;
#1359 = SURFACE_STYLE_USAGE ( .BOTH. , #1385 ) ;
#1360 = CARTESIAN_POINT ( 'NONE',  ( 1.750000000000000000, 0.05000000000000000300, 3.049999999999999800 ) ) ;
#1361 = LINE ( 'NONE', #2058, #2162 ) ;
#1362 = CARTESIAN_POINT ( 'NONE',  ( -2.450000000000000200, 0.0000000000000000000, -2.899999999999999900 ) ) ;
#1363 = DIRECTION ( 'NONE',  ( -0.0000000000000000000, 0.0000000000000000000, -1.000000000000000000 ) ) ;
#1364 = PLANE ( 'NONE',  #534 ) ;
#1365 = ORIENTED_EDGE ( 'NONE', *, *, #2225, .T. ) ;
#1366 =( NAMED_UNIT ( * ) SI_UNIT ( $, .STERADIAN. ) SOLID_ANGLE_UNIT ( ) );
#1367 = DIRECTION ( 'NONE',  ( 0.0000000000000000000, 0.0000000000000000000, 1.000000000000000000 ) ) ;
#1368 = SHAPE_DEFINITION_REPRESENTATION ( #1293, #505 ) ;
#1369 = LINE ( 'NONE', #1682, #2054 ) ;
#1370 = DIRECTION ( 'NONE',  ( 0.0000000000000000000, 1.000000000000000000, 0.0000000000000000000 ) ) ;
#1371 = AXIS2_PLACEMENT_3D ( 'NONE', #525, #2547, #3212 ) ;
#1372 = LINE ( 'NONE', #26, #4106 ) ;
#1373 = FACE_OUTER_BOUND ( 'NONE', #3982, .T. ) ;
#1374 = ORIENTED_EDGE ( 'NONE', *, *, #1113, .F. ) ;
#1375 = SURFACE_STYLE_USAGE ( .BOTH. , #3401 ) ;
#1376 = DIRECTION ( 'NONE',  ( 0.0000000000000000000, 0.0000000000000000000, -1.000000000000000000 ) ) ;
#1377 = SURFACE_SIDE_STYLE ('',( #4254 ) ) ;
#1378 = SURFACE_SIDE_STYLE ('',( #889 ) ) ;
#1379 = ORIENTED_EDGE ( 'NONE', *, *, #897, .T. ) ;
#1380 = EDGE_CURVE ( 'NONE', #2432, #1395, #2247, .T. ) ;
#1381 = STYLED_ITEM ( 'NONE', ( #2260 ), #4004 ) ;
#1382 = CARTESIAN_POINT ( 'NONE',  ( 1.750000000000000000, 0.05000000000000000300, 3.049999999999999800 ) ) ;
#1383 = DIRECTION ( 'NONE',  ( 1.000000000000000000, 0.0000000000000000000, -0.0000000000000000000 ) ) ;
#1384 = ORIENTED_EDGE ( 'NONE', *, *, #3200, .F. ) ;
#1385 = SURFACE_SIDE_STYLE ('',( #942 ) ) ;
#1386 = ORIENTED_EDGE ( 'NONE', *, *, #3832, .T. ) ;
#1387 = LINE ( 'NONE', #263, #2993 ) ;
#1388 =( GEOMETRIC_REPRESENTATION_CONTEXT ( 3 ) GLOBAL_UNCERTAINTY_ASSIGNED_CONTEXT ( ( #64 ) ) GLOBAL_UNIT_ASSIGNED_CONTEXT ( ( #1111, #3439, #3726 ) ) REPRESENTATION_CONTEXT ( 'NONE', 'WORKASPACE' ) );
#1389 = VECTOR ( 'NONE', #2491, 1000.000000000000000 ) ;
#1390 = ORIENTED_EDGE ( 'NONE', *, *, #666, .T. ) ;
#1391 = ORIENTED_EDGE ( 'NONE', *, *, #432, .T. ) ;
#1392 = SURFACE_STYLE_FILL_AREA ( #4034 ) ;
#1393 = PRESENTATION_STYLE_ASSIGNMENT (( #3362 ) ) ;
#1394 =( LENGTH_UNIT ( ) NAMED_UNIT ( * ) SI_UNIT ( .MILLI., .METRE. ) );
#1395 = VERTEX_POINT ( 'NONE', #1360 ) ;
#1396 = CARTESIAN_POINT ( 'NONE',  ( 2.450000000000000200, 0.0000000000000000000, -2.899999999999999900 ) ) ;
#1397 = CARTESIAN_POINT ( 'NONE',  ( -2.250000000000000400, 0.9499999999999999600, -2.899999999999999900 ) ) ;
#1398 = MECHANICAL_DESIGN_GEOMETRIC_PRESENTATION_REPRESENTATION (  '', ( #2973 ), #2311 ) ;
#1399 = ORIENTED_EDGE ( 'NONE', *, *, #3023, .T. ) ;
#1400 = CARTESIAN_POINT ( 'NONE',  ( 1.699999999999999700, 0.9499999999999999600, -2.899999999999999900 ) ) ;
#1401 = FILL_AREA_STYLE ('',( #2411 ) ) ;
#1402 = SURFACE_STYLE_FILL_AREA ( #397 ) ;
#1403 = FACE_OUTER_BOUND ( 'NONE', #2941, .T. ) ;
#1404 = FILL_AREA_STYLE_COLOUR ( '', #714 ) ;
#1405 = ORIENTED_EDGE ( 'NONE', *, *, #2844, .F. ) ;
#1406 = MECHANICAL_DESIGN_GEOMETRIC_PRESENTATION_REPRESENTATION (  '', ( #209 ), #3100 ) ;
#1407 = ADVANCED_FACE ( 'NONE', ( #3656 ), #3279, .T. ) ;
#1408 = DIRECTION ( 'NONE',  ( 0.0000000000000000000, 0.0000000000000000000, 1.000000000000000000 ) ) ;
#1409 = LINE ( 'NONE', #2986, #523 ) ;
#1410 = DIRECTION ( 'NONE',  ( 0.0000000000000000000, 1.000000000000000000, 0.0000000000000000000 ) ) ;
#1411 = LINE ( 'NONE', #3585, #802 ) ;
#1412 = ORIENTED_EDGE ( 'NONE', *, *, #2920, .T. ) ;
#1413 = EDGE_CURVE ( 'NONE', #1732, #1187, #681, .T. ) ;
#1414 = FILL_AREA_STYLE ('',( #74 ) ) ;
#1415 = CARTESIAN_POINT ( 'NONE',  ( -0.4299999999999999900, 0.0000000000000000000, -2.439999999999999900 ) ) ;
#1416 = FACE_OUTER_BOUND ( 'NONE', #4244, .T. ) ;
#1417 = DIRECTION ( 'NONE',  ( 0.0000000000000000000, -0.0000000000000000000, 1.000000000000000000 ) ) ;
#1418 = SURFACE_STYLE_USAGE ( .BOTH. , #1765 ) ;
#1419 = EDGE_CURVE ( 'NONE', #1078, #1656, #1, .T. ) ;
#1420 = DIRECTION ( 'NONE',  ( -0.0000000000000000000, -1.000000000000000000, 0.0000000000000000000 ) ) ;
#1421 = DIRECTION ( 'NONE',  ( 9.856383386231999600E-016, -0.0000000000000000000, 1.000000000000000000 ) ) ;
#1422 = ORIENTED_EDGE ( 'NONE', *, *, #2913, .T. ) ;
#1423 = MECHANICAL_DESIGN_GEOMETRIC_PRESENTATION_REPRESENTATION (  '', ( #1263 ), #1709 ) ;
#1424 = SURFACE_STYLE_USAGE ( .BOTH. , #18 ) ;
#1425 = VECTOR ( 'NONE', #2310, 1000.000000000000000 ) ;
#1426 = ORIENTED_EDGE ( 'NONE', *, *, #3996, .F. ) ;
#1427 = ADVANCED_FACE ( 'NONE', ( #53 ), #2655, .T. ) ;
#1428 = DIRECTION ( 'NONE',  ( -1.000000000000000000, -0.0000000000000000000, -0.0000000000000000000 ) ) ;
#1429 =( NAMED_UNIT ( * ) SI_UNIT ( $, .STERADIAN. ) SOLID_ANGLE_UNIT ( ) );
#1430 = AXIS2_PLACEMENT_3D ( 'NONE', #655, #3962, #3272 ) ;
#1431 = ORIENTED_EDGE ( 'NONE', *, *, #259, .F. ) ;
#1432 = SURFACE_STYLE_USAGE ( .BOTH. , #458 ) ;
#1433 = ORIENTED_EDGE ( 'NONE', *, *, #459, .F. ) ;
#1434 = DIRECTION ( 'NONE',  ( 0.0000000000000000000, -0.0000000000000000000, -1.000000000000000000 ) ) ;
#1435 = EDGE_CURVE ( 'NONE', #3644, #2982, #1937, .T. ) ;
#1436 = MECHANICAL_DESIGN_GEOMETRIC_PRESENTATION_REPRESENTATION (  '', ( #3236 ), #2323 ) ;
#1437 = ORIENTED_EDGE ( 'NONE', *, *, #2912, .T. ) ;
#1438 = SURFACE_STYLE_USAGE ( .BOTH. , #1795 ) ;
#1439 = FILL_AREA_STYLE_COLOUR ( '', #866 ) ;
#1440 = FILL_AREA_STYLE_COLOUR ( '', #143 ) ;
#1441 = ORIENTED_EDGE ( 'NONE', *, *, #635, .T. ) ;
#1442 = ORIENTED_EDGE ( 'NONE', *, *, #3046, .F. ) ;
#1443 = LINE ( 'NONE', #3557, #563 ) ;
#1444 = ORIENTED_EDGE ( 'NONE', *, *, #604, .F. ) ;
#1445 = VECTOR ( 'NONE', #1905, 1000.000000000000000 ) ;
#1446 = EDGE_LOOP ( 'NONE', ( #1666, #278, #2998, #2425 ) ) ;
#1447 = ADVANCED_FACE ( 'NONE', ( #4241 ), #2437, .F. ) ;
#1448 =( NAMED_UNIT ( * ) PLANE_ANGLE_UNIT ( ) SI_UNIT ( $, .RADIAN. ) );
#1449 = MECHANICAL_DESIGN_GEOMETRIC_PRESENTATION_REPRESENTATION (  '', ( #3064 ), #3497 ) ;
#1450 = DIRECTION ( 'NONE',  ( 0.0000000000000000000, -0.0000000000000000000, 1.000000000000000000 ) ) ;
#1451 = UNCERTAINTY_MEASURE_WITH_UNIT (LENGTH_MEASURE( 1.000000000000000100E-005 ), #1577, 'distance_accuracy_value', 'NONE');
#1452 = ORIENTED_EDGE ( 'NONE', *, *, #2258, .F. ) ;
#1453 = FACE_OUTER_BOUND ( 'NONE', #3228, .T. ) ;
#1454 = APPLICATION_PROTOCOL_DEFINITION ( 'draft international standard', 'automotive_design', 1998, #3079 ) ;
#1455 = VECTOR ( 'NONE', #974, 1000.000000000000000 ) ;
#1456 = SURFACE_SIDE_STYLE ('',( #1723 ) ) ;
#1457 = CARTESIAN_POINT ( 'NONE',  ( 1.700000000000000000, -0.05000000000000000300, -3.000000000000000000 ) ) ;
#1458 = CARTESIAN_POINT ( 'NONE',  ( 0.0000000000000000000, -0.05000000000000000300, -0.7049999999999999600 ) ) ;
#1459 = AXIS2_PLACEMENT_3D ( 'NONE', #670, #1680, #3327 ) ;
#1460 = VECTOR ( 'NONE', #2489, 1000.000000000000000 ) ;
#1461 = CARTESIAN_POINT ( 'NONE',  ( -1.700000000000000000, 0.05000000000000000300, 3.000000000000000000 ) ) ;
#1462 = LINE ( 'NONE', #3043, #2915 ) ;
#1463 = DIRECTION ( 'NONE',  ( -1.000000000000000000, -0.0000000000000000000, 0.0000000000000000000 ) ) ;
#1464 = VERTEX_POINT ( 'NONE', #749 ) ;
#1465 = LINE ( 'NONE', #2387, #582 ) ;
#1466 = PRESENTATION_LAYER_ASSIGNMENT (  '', '', ( #2083 ) ) ;
#1467 = VECTOR ( 'NONE', #3544, 1000.000000000000000 ) ;
#1468 = FILL_AREA_STYLE_COLOUR ( '', #2765 ) ;
#1469 =( NAMED_UNIT ( * ) SI_UNIT ( $, .STERADIAN. ) SOLID_ANGLE_UNIT ( ) );
#1470 = EDGE_CURVE ( 'NONE', #223, #876, #1350, .T. ) ;
#1471 = PRESENTATION_LAYER_ASSIGNMENT (  '', '', ( #2505 ) ) ;
#1472 = COLOUR_RGB ( '',0.7686274509803920900, 0.7686274509803920900, 0.7686274509803920900 ) ;
#1473 = PLANE ( 'NONE',  #3844 ) ;
#1474 = ADVANCED_FACE ( 'NONE', ( #3012 ), #2773, .T. ) ;
#1475 = FILL_AREA_STYLE ('',( #3443 ) ) ;
#1476 = CARTESIAN_POINT ( 'NONE',  ( -2.109999999999999900, 0.05000000000000000300, 3.000000000000000400 ) ) ;
#1477 = DIRECTION ( 'NONE',  ( 1.000000000000000000, 0.0000000000000000000, -0.0000000000000000000 ) ) ;
#1478 = UNCERTAINTY_MEASURE_WITH_UNIT (LENGTH_MEASURE( 1.000000000000000100E-005 ), #4002, 'distance_accuracy_value', 'NONE');
#1479 = STYLED_ITEM ( 'NONE', ( #3308 ), #54 ) ;
#1480 = UNCERTAINTY_MEASURE_WITH_UNIT (LENGTH_MEASURE( 1.000000000000000100E-005 ), #640, 'distance_accuracy_value', 'NONE');
#1481 = VECTOR ( 'NONE', #1180, 1000.000000000000000 ) ;
#1482 = ORIENTED_EDGE ( 'NONE', *, *, #3695, .F. ) ;
#1483 = COLOUR_RGB ( '',0.1019607843137254900, 0.1019607843137254900, 0.1019607843137254900 ) ;
#1484 = CARTESIAN_POINT ( 'NONE',  ( 0.0000000000000000000, 0.0000000000000000000, 0.0000000000000000000 ) ) ;
#1485 = DIRECTION ( 'NONE',  ( 0.0000000000000000000, -1.000000000000000000, 0.0000000000000000000 ) ) ;
#1486 = STYLED_ITEM ( 'NONE', ( #1987 ), #758 ) ;
#1487 = CARTESIAN_POINT ( 'NONE',  ( 1.700000000000000000, 0.05000000000000000300, -3.000000000000000000 ) ) ;
#1488 = SURFACE_SIDE_STYLE ('',( #1651 ) ) ;
#1489 = VECTOR ( 'NONE', #4020, 1000.000000000000000 ) ;
#1490 =( NAMED_UNIT ( * ) SI_UNIT ( $, .STERADIAN. ) SOLID_ANGLE_UNIT ( ) );
#1491 = LINE ( 'NONE', #454, #3334 ) ;
#1492 = ORIENTED_EDGE ( 'NONE', *, *, #2457, .T. ) ;
#1493 = AXIS2_PLACEMENT_3D ( 'NONE', #242, #1596, #1245 ) ;
#1494 = FILL_AREA_STYLE ('',( #795 ) ) ;
#1495 = FACE_OUTER_BOUND ( 'NONE', #1033, .T. ) ;
#1496 = EDGE_LOOP ( 'NONE', ( #1014, #3800, #3847, #174, #506, #4119 ) ) ;
#1497 = ADVANCED_FACE ( 'NONE', ( #2291 ), #351, .T. ) ;
#1498 =( NAMED_UNIT ( * ) SI_UNIT ( $, .STERADIAN. ) SOLID_ANGLE_UNIT ( ) );
#1499 = SURFACE_STYLE_FILL_AREA ( #3027 ) ;
#1500 = ORIENTED_EDGE ( 'NONE', *, *, #1413, .F. ) ;
#1501 = EDGE_CURVE ( 'NONE', #2594, #4124, #1786, .T. ) ;
#1502 = VERTEX_POINT ( 'NONE', #2758 ) ;
#1503 = PRESENTATION_STYLE_ASSIGNMENT (( #3536 ) ) ;
#1504 = LINE ( 'NONE', #1708, #2238 ) ;
#1505 = VERTEX_POINT ( 'NONE', #2180 ) ;
#1506 = SURFACE_STYLE_FILL_AREA ( #1401 ) ;
#1507 =( NAMED_UNIT ( * ) SI_UNIT ( $, .STERADIAN. ) SOLID_ANGLE_UNIT ( ) );
#1508 = SURFACE_STYLE_USAGE ( .BOTH. , #190 ) ;
#1509 = SURFACE_SIDE_STYLE ('',( #1822 ) ) ;
#1510 = EDGE_LOOP ( 'NONE', ( #3768, #1405, #3464 ) ) ;
#1511 = EDGE_CURVE ( 'NONE', #2903, #1221, #522, .T. ) ;
#1512 =( LENGTH_UNIT ( ) NAMED_UNIT ( * ) SI_UNIT ( .MILLI., .METRE. ) );
#1513 = VECTOR ( 'NONE', #47, 1000.000000000000100 ) ;
#1514 = DIRECTION ( 'NONE',  ( -2.710505433494060200E-016, -1.000000000000000000, 0.0000000000000000000 ) ) ;
#1515 = CARTESIAN_POINT ( 'NONE',  ( 2.250000000000000400, 0.9499999999999999600, -2.700000000000000200 ) ) ;
#1516 = ORIENTED_EDGE ( 'NONE', *, *, #3138, .T. ) ;
#1517 = FACE_OUTER_BOUND ( 'NONE', #3598, .T. ) ;
#1518 = SURFACE_STYLE_USAGE ( .BOTH. , #1150 ) ;
#1519 = CARTESIAN_POINT ( 'NONE',  ( 0.0000000000000000000, -0.05000000000000000300, -0.2950000000000000400 ) ) ;
#1520 = VERTEX_POINT ( 'NONE', #3809 ) ;
#1521 = SURFACE_STYLE_FILL_AREA ( #651 ) ;
#1522 = VECTOR ( 'NONE', #1037, 1000.000000000000000 ) ;
#1523 = SURFACE_SIDE_STYLE ('',( #1151 ) ) ;
#1524 = PLANE ( 'NONE',  #3808 ) ;
#1525 = LINE ( 'NONE', #2964, #741 ) ;
#1526 = PRESENTATION_LAYER_ASSIGNMENT (  '', '', ( #1809 ) ) ;
#1527 = VECTOR ( 'NONE', #1984, 1000.000000000000000 ) ;
#1528 = DIRECTION ( 'NONE',  ( -1.000000000000000000, 0.0000000000000000000, -0.0000000000000000000 ) ) ;
#1529 = DIRECTION ( 'NONE',  ( -0.0000000000000000000, 1.000000000000000000, -0.0000000000000000000 ) ) ;
#1530 =( GEOMETRIC_REPRESENTATION_CONTEXT ( 3 ) GLOBAL_UNCERTAINTY_ASSIGNED_CONTEXT ( ( #2768 ) ) GLOBAL_UNIT_ASSIGNED_CONTEXT ( ( #1119, #3115, #1490 ) ) REPRESENTATION_CONTEXT ( 'NONE', 'WORKASPACE' ) );
#1531 = SURFACE_STYLE_USAGE ( .BOTH. , #1523 ) ;
#1532 = SURFACE_STYLE_FILL_AREA ( #62 ) ;
#1533 = UNCERTAINTY_MEASURE_WITH_UNIT (LENGTH_MEASURE( 1.000000000000000100E-005 ), #988, 'distance_accuracy_value', 'NONE');
#1534 = CARTESIAN_POINT ( 'NONE',  ( -2.250000000000000400, 0.9499999999999999600, 3.364765362886000300E-016 ) ) ;
#1535 = CARTESIAN_POINT ( 'NONE',  ( 0.7900000000000000400, -0.05000000000000005800, -3.049999999999999400 ) ) ;
#1536 = FILL_AREA_STYLE ('',( #2497 ) ) ;
#1537 = EDGE_CURVE ( 'NONE', #1326, #3859, #2336, .T. ) ;
#1538 = FILL_AREA_STYLE_COLOUR ( '', #2666 ) ;
#1539 = DIRECTION ( 'NONE',  ( -0.0000000000000000000, -1.000000000000000000, -0.0000000000000000000 ) ) ;
#1540 = MECHANICAL_DESIGN_GEOMETRIC_PRESENTATION_REPRESENTATION (  '', ( #2267 ), #1782 ) ;
#1541 = COLOUR_RGB ( '',0.7686274509803920900, 0.7686274509803920900, 0.7686274509803920900 ) ;
#1542 = VERTEX_POINT ( 'NONE', #1587 ) ;
#1543 = SURFACE_STYLE_USAGE ( .BOTH. , #2194 ) ;
#1544 = DIRECTION ( 'NONE',  ( -0.0000000000000000000, -1.000000000000000000, 0.0000000000000000000 ) ) ;
#1545 = PRESENTATION_STYLE_ASSIGNMENT (( #2079 ) ) ;
#1546 = ORIENTED_EDGE ( 'NONE', *, *, #181, .F. ) ;
#1547 = FILL_AREA_STYLE_COLOUR ( '', #585 ) ;
#1548 = PRESENTATION_LAYER_ASSIGNMENT (  '', '', ( #2171 ) ) ;
#1549 =( NAMED_UNIT ( * ) SI_UNIT ( $, .STERADIAN. ) SOLID_ANGLE_UNIT ( ) );
#1550 = ORIENTED_EDGE ( 'NONE', *, *, #4259, .F. ) ;
#1551 = VECTOR ( 'NONE', #952, 1000.000000000000100 ) ;
#1552 = CARTESIAN_POINT ( 'NONE',  ( 0.0000000000000000000, 0.0000000000000000000, -2.439999999999999900 ) ) ;
#1553 = EDGE_CURVE ( 'NONE', #893, #1917, #796, .T. ) ;
#1554 = ORIENTED_EDGE ( 'NONE', *, *, #2684, .F. ) ;
#1555 = STYLED_ITEM ( 'NONE', ( #1591 ), #3744 ) ;
#1556 = VECTOR ( 'NONE', #1428, 1000.000000000000000 ) ;
#1557 = ORIENTED_EDGE ( 'NONE', *, *, #2912, .F. ) ;
#1558 = DIRECTION ( 'NONE',  ( 0.0000000000000000000, 0.0000000000000000000, 1.000000000000000000 ) ) ;
#1559 = DIRECTION ( 'NONE',  ( 0.0000000000000000000, 1.000000000000000000, 0.0000000000000000000 ) ) ;
#1560 = LINE ( 'NONE', #2287, #2243 ) ;
#1561 = EDGE_CURVE ( 'NONE', #3948, #3950, #3180, .T. ) ;
#1562 = DIRECTION ( 'NONE',  ( 0.0000000000000000000, 0.0000000000000000000, 1.000000000000000000 ) ) ;
#1563 = COLOUR_RGB ( '',0.1019607843137254900, 0.1019607843137254900, 0.1019607843137254900 ) ;
#1564 = CARTESIAN_POINT ( 'NONE',  ( -2.109999999999999900, 0.0000000000000000000, -2.899999999999999900 ) ) ;
#1565 = ORIENTED_EDGE ( 'NONE', *, *, #2056, .T. ) ;
#1566 = VECTOR ( 'NONE', #1115, 1000.000000000000000 ) ;
#1567 =( GEOMETRIC_REPRESENTATION_CONTEXT ( 3 ) GLOBAL_UNCERTAINTY_ASSIGNED_CONTEXT ( ( #849 ) ) GLOBAL_UNIT_ASSIGNED_CONTEXT ( ( #3633, #2341, #2908 ) ) REPRESENTATION_CONTEXT ( 'NONE', 'WORKASPACE' ) );
#1568 = CARTESIAN_POINT ( 'NONE',  ( 2.109999999999999900, -0.05000000000000005800, 3.000000000000000000 ) ) ;
#1569 = ORIENTED_EDGE ( 'NONE', *, *, #779, .T. ) ;
#1570 = VECTOR ( 'NONE', #3068, 1000.000000000000000 ) ;
#1571 = FACE_OUTER_BOUND ( 'NONE', #1276, .T. ) ;
#1572 = PRESENTATION_STYLE_ASSIGNMENT (( #4163 ) ) ;
#1573 = PLANE ( 'NONE',  #4226 ) ;
#1574 = PRESENTATION_LAYER_ASSIGNMENT (  '', '', ( #3766 ) ) ;
#1575 = PLANE ( 'NONE',  #3471 ) ;
#1576 = DIRECTION ( 'NONE',  ( 1.000000000000000000, 0.0000000000000000000, 0.0000000000000000000 ) ) ;
#1577 =( LENGTH_UNIT ( ) NAMED_UNIT ( * ) SI_UNIT ( .MILLI., .METRE. ) );
#1578 = EDGE_CURVE ( 'NONE', #1274, #3747, #736, .T. ) ;
#1579 = EDGE_CURVE ( 'NONE', #3715, #1274, #3759, .T. ) ;
#1580 = AXIS2_PLACEMENT_3D ( 'NONE', #3539, #957, #1916 ) ;
#1581 = LINE ( 'NONE', #3692, #2357 ) ;
#1582 = VECTOR ( 'NONE', #2053, 1000.000000000000000 ) ;
#1583 = VERTEX_POINT ( 'NONE', #1653 ) ;
#1584 = VECTOR ( 'NONE', #4140, 1000.000000000000000 ) ;
#1585 = PRODUCT_DEFINITION_FORMATION_WITH_SPECIFIED_SOURCE ( 'ANY', '', #1302, .NOT_KNOWN. ) ;
#1586 = UNCERTAINTY_MEASURE_WITH_UNIT (LENGTH_MEASURE( 1.000000000000000100E-005 ), #4012, 'distance_accuracy_value', 'NONE');
#1587 = CARTESIAN_POINT ( 'NONE',  ( -1.700000000000001100, 0.0000000000000000000, 2.899999999999999900 ) ) ;
#1588 = EDGE_CURVE ( 'NONE', #1232, #1239, #900, .T. ) ;
#1589 = PRESENTATION_STYLE_ASSIGNMENT (( #2103 ) ) ;
#1590 = FILL_AREA_STYLE ('',( #586 ) ) ;
#1591 = PRESENTATION_STYLE_ASSIGNMENT (( #287 ) ) ;
#1592 = DIRECTION ( 'NONE',  ( 0.0000000000000000000, -0.0000000000000000000, -1.000000000000000000 ) ) ;
#1593 = VECTOR ( 'NONE', #1070, 1000.000000000000000 ) ;
#1594 =( NAMED_UNIT ( * ) SI_UNIT ( $, .STERADIAN. ) SOLID_ANGLE_UNIT ( ) );
#1595 = ORIENTED_EDGE ( 'NONE', *, *, #1949, .F. ) ;
#1596 = DIRECTION ( 'NONE',  ( 0.0000000000000000000, 0.0000000000000000000, 1.000000000000000000 ) ) ;
#1597 = PRESENTATION_LAYER_ASSIGNMENT (  '', '', ( #4240 ) ) ;
#1598 = PLANE ( 'NONE',  #613 ) ;
#1599 = CARTESIAN_POINT ( 'NONE',  ( -1.700000000000000000, 0.05000000000000000300, 0.0000000000000000000 ) ) ;
#1600 = ORIENTED_EDGE ( 'NONE', *, *, #3718, .T. ) ;
#1601 = AXIS2_PLACEMENT_3D ( 'NONE', #1210, #1906, #4179 ) ;
#1602 = COLOUR_RGB ( '',0.7686274509803920900, 0.7686274509803920900, 0.7686274509803920900 ) ;
#1603 = ORIENTED_EDGE ( 'NONE', *, *, #4049, .T. ) ;
#1604 = CARTESIAN_POINT ( 'NONE',  ( -2.600000000000000500, -0.05000000000000000300, 0.0000000000000000000 ) ) ;
#1605 = CARTESIAN_POINT ( 'NONE',  ( 1.649999999999999700, 0.05000000000000000300, 2.609999999999999900 ) ) ;
#1606 = ORIENTED_EDGE ( 'NONE', *, *, #3839, .F. ) ;
#1607 = VECTOR ( 'NONE', #3205, 1000.000000000000000 ) ;
#1608 = PRESENTATION_STYLE_ASSIGNMENT (( #2453 ) ) ;
#1609 = ORIENTED_EDGE ( 'NONE', *, *, #2449, .F. ) ;
#1610 = PRESENTATION_STYLE_ASSIGNMENT (( #150 ) ) ;
#1611 = STYLED_ITEM ( 'NONE', ( #3294 ), #3148 ) ;
#1612 = CARTESIAN_POINT ( 'NONE',  ( 0.4799999999999999800, 0.05000000000000000300, -3.049999999999999400 ) ) ;
#1613 = DIRECTION ( 'NONE',  ( -0.0000000000000000000, 0.0000000000000000000, -1.000000000000000000 ) ) ;
#1614 = ORIENTED_EDGE ( 'NONE', *, *, #1579, .F. ) ;
#1615 = LINE ( 'NONE', #2484, #3003 ) ;
#1616 = COLOUR_RGB ( '',1.000000000000000000, 1.000000000000000000, 1.000000000000000000 ) ;
#1617 = CARTESIAN_POINT ( 'NONE',  ( -1.700000000000000000, 0.0000000000000000000, -2.899999999999999900 ) ) ;
#1618 = SURFACE_STYLE_USAGE ( .BOTH. , #3574 ) ;
#1619 =( GEOMETRIC_REPRESENTATION_CONTEXT ( 3 ) GLOBAL_UNCERTAINTY_ASSIGNED_CONTEXT ( ( #3123 ) ) GLOBAL_UNIT_ASSIGNED_CONTEXT ( ( #1394, #1036, #4289 ) ) REPRESENTATION_CONTEXT ( 'NONE', 'WORKASPACE' ) );
#1620 = COLOUR_RGB ( '',0.7686274509803920900, 0.7686274509803920900, 0.7686274509803920900 ) ;
#1621 = ORIENTED_EDGE ( 'NONE', *, *, #2684, .T. ) ;
#1622 = CARTESIAN_POINT ( 'NONE',  ( 2.109999999999999900, 0.0000000000000000000, 2.660000000000000600 ) ) ;
#1623 = MECHANICAL_DESIGN_GEOMETRIC_PRESENTATION_REPRESENTATION (  '', ( #3891 ), #1388 ) ;
#1624 = CARTESIAN_POINT ( 'NONE',  ( -0.8400000000000000800, 0.05000000000000000300, 0.0000000000000000000 ) ) ;
#1625 = FILL_AREA_STYLE_COLOUR ( '', #597 ) ;
#1626 = CARTESIAN_POINT ( 'NONE',  ( 1.700000000000000000, 0.05000000000000000300, -2.439999999999999900 ) ) ;
#1627 = VERTEX_POINT ( 'NONE', #2346 ) ;
#1628 = VECTOR ( 'NONE', #587, 1000.000000000000000 ) ;
#1629 = CARTESIAN_POINT ( 'NONE',  ( -1.700000000000000000, -0.05000000000000000300, -2.439999999999999900 ) ) ;
#1630 = STYLED_ITEM ( 'NONE', ( #2704 ), #1110 ) ;
#1631 = DIRECTION ( 'NONE',  ( -0.0000000000000000000, 0.0000000000000000000, -1.000000000000000000 ) ) ;
#1632 = ADVANCED_FACE ( 'NONE', ( #3119 ), #2201, .T. ) ;
#1633 = DIRECTION ( 'NONE',  ( 1.000000000000000000, 0.0000000000000000000, -0.0000000000000000000 ) ) ;
#1634 = PRESENTATION_LAYER_ASSIGNMENT (  '', '', ( #329 ) ) ;
#1635 = ORIENTED_EDGE ( 'NONE', *, *, #401, .F. ) ;
#1636 = LINE ( 'NONE', #590, #3837 ) ;
#1637 = CARTESIAN_POINT ( 'NONE',  ( 0.0000000000000000000, 0.7500000000000002200, 2.899999999999999900 ) ) ;
#1638 = FILL_AREA_STYLE ('',( #3976 ) ) ;
#1639 = EDGE_CURVE ( 'NONE', #1954, #3156, #4022, .T. ) ;
#1640 = MECHANICAL_DESIGN_GEOMETRIC_PRESENTATION_REPRESENTATION (  '', ( #3561 ), #1880 ) ;
#1641 = CARTESIAN_POINT ( 'NONE',  ( 0.0000000000000000000, -0.05000000000000000300, 0.0000000000000000000 ) ) ;
#1642 = PRESENTATION_STYLE_ASSIGNMENT (( #1424 ) ) ;
#1643 = CARTESIAN_POINT ( 'NONE',  ( -0.4299999999999999900, 0.05000000000000000300, -2.439999999999999900 ) ) ;
#1644 = LINE ( 'NONE', #2987, #1593 ) ;
#1645 = EDGE_CURVE ( 'NONE', #2383, #2544, #985, .T. ) ;
#1646 = ORIENTED_EDGE ( 'NONE', *, *, #4203, .F. ) ;
#1647 = FILL_AREA_STYLE_COLOUR ( '', #3122 ) ;
#1648 = PLANE ( 'NONE',  #1938 ) ;
#1649 = SURFACE_SIDE_STYLE ('',( #1931 ) ) ;
#1650 = PRESENTATION_LAYER_ASSIGNMENT (  '', '', ( #3975 ) ) ;
#1651 = SURFACE_STYLE_FILL_AREA ( #2464 ) ;
#1652 = ORIENTED_EDGE ( 'NONE', *, *, #1997, .F. ) ;
#1653 = CARTESIAN_POINT ( 'NONE',  ( -2.250000000000000400, 0.7499999999955663200, -2.899999999999999900 ) ) ;
#1654 = SURFACE_STYLE_USAGE ( .BOTH. , #3586 ) ;
#1655 = DIRECTION ( 'NONE',  ( 0.7071067811865474600, 0.0000000000000000000, 0.7071067811865474600 ) ) ;
#1656 = VERTEX_POINT ( 'NONE', #7 ) ;
#1657 = SURFACE_STYLE_FILL_AREA ( #2797 ) ;
#1658 = ORIENTED_EDGE ( 'NONE', *, *, #136, .T. ) ;
#1659 = SURFACE_STYLE_FILL_AREA ( #483 ) ;
#1660 = MECHANICAL_DESIGN_GEOMETRIC_PRESENTATION_REPRESENTATION (  '', ( #2021 ), #2859 ) ;
#1661 = CARTESIAN_POINT ( 'NONE',  ( -2.060000000000000100, -0.05000000000000000300, -3.049999999999999800 ) ) ;
#1662 = ORIENTED_EDGE ( 'NONE', *, *, #3426, .F. ) ;
#1663 = SURFACE_STYLE_FILL_AREA ( #2542 ) ;
#1664 = ORIENTED_EDGE ( 'NONE', *, *, #4223, .T. ) ;
#1665 = EDGE_CURVE ( 'NONE', #1326, #527, #623, .T. ) ;
#1666 = ORIENTED_EDGE ( 'NONE', *, *, #153, .F. ) ;
#1667 =( GEOMETRIC_REPRESENTATION_CONTEXT ( 3 ) GLOBAL_UNCERTAINTY_ASSIGNED_CONTEXT ( ( #3348 ) ) GLOBAL_UNIT_ASSIGNED_CONTEXT ( ( #826, #4115, #2858 ) ) REPRESENTATION_CONTEXT ( 'NONE', 'WORKASPACE' ) );
#1668 =( NAMED_UNIT ( * ) SI_UNIT ( $, .STERADIAN. ) SOLID_ANGLE_UNIT ( ) );
#1669 = CARTESIAN_POINT ( 'NONE',  ( -1.750000000000000000, 0.05000000000000000300, -3.049999999999999800 ) ) ;
#1670 = CYLINDRICAL_SURFACE ( 'NONE', #1701, 0.1499999999999999700 ) ;
#1671 = LINE ( 'NONE', #960, #3415 ) ;
#1672 =( NAMED_UNIT ( * ) PLANE_ANGLE_UNIT ( ) SI_UNIT ( $, .RADIAN. ) );
#1673 = VECTOR ( 'NONE', #1086, 1000.000000000000100 ) ;
#1674 = DIRECTION ( 'NONE',  ( 0.0000000000000000000, 1.000000000000000000, 0.0000000000000000000 ) ) ;
#1675 = SURFACE_SIDE_STYLE ('',( #2799 ) ) ;
#1676 = LINE ( 'NONE', #3792, #844 ) ;
#1677 = VERTEX_POINT ( 'NONE', #674 ) ;
#1678 = AXIS2_PLACEMENT_3D ( 'NONE', #111, #467, #4101 ) ;
#1679 = VECTOR ( 'NONE', #529, 1000.000000000000000 ) ;
#1680 = DIRECTION ( 'NONE',  ( 1.000000000000000000, 0.0000000000000000000, -0.0000000000000000000 ) ) ;
#1681 = FILL_AREA_STYLE ('',( #2 ) ) ;
#1682 = CARTESIAN_POINT ( 'NONE',  ( 2.250000000000001300, 0.9499999999999999600, 2.700000000000000200 ) ) ;
#1683 = LINE ( 'NONE', #3748, #14 ) ;
#1684 =( NAMED_UNIT ( * ) SI_UNIT ( $, .STERADIAN. ) SOLID_ANGLE_UNIT ( ) );
#1685 = PRESENTATION_LAYER_ASSIGNMENT (  '', '', ( #202 ) ) ;
#1686 = COLOUR_RGB ( '',0.7686274509803920900, 0.7686274509803920900, 0.7686274509803920900 ) ;
#1687 = AXIS2_PLACEMENT_3D ( 'NONE', #3284, #3625, #2662 ) ;
#1688 = ITEM_DEFINED_TRANSFORMATION ( 'NONE', 'NONE', #3143,  #162 ) ;
#1689 = COLOUR_RGB ( '',0.7686274509803920900, 0.7686274509803920900, 0.7686274509803920900 ) ;
#1690 = ADVANCED_FACE ( 'NONE', ( #2959 ), #3640, .F. ) ;
#1691 = CARTESIAN_POINT ( 'NONE',  ( -0.7900000000000002600, 0.05000000000000000300, -3.049999999999999800 ) ) ;
#1692 = EDGE_CURVE ( 'NONE', #824, #4270, #3173, .T. ) ;
#1693 = AXIS2_PLACEMENT_3D ( 'NONE', #1781, #3069, #1762 ) ;
#1694 = SURFACE_SIDE_STYLE ('',( #2165 ) ) ;
#1695 = DIRECTION ( 'NONE',  ( -0.7071067811865497900, 0.0000000000000000000, 0.7071067811865452400 ) ) ;
#1696 = LINE ( 'NONE', #1185, #79 ) ;
#1697 = ORIENTED_EDGE ( 'NONE', *, *, #4149, .T. ) ;
#1698 = FILL_AREA_STYLE_COLOUR ( '', #2067 ) ;
#1699 = SURFACE_STYLE_FILL_AREA ( #1494 ) ;
#1700 = VERTEX_POINT ( 'NONE', #998 ) ;
#1701 = AXIS2_PLACEMENT_3D ( 'NONE', #2126, #2459, #1134 ) ;
#1702 = CARTESIAN_POINT ( 'NONE',  ( -2.109999999999999900, 0.05000000000000001000, -2.899999999999999900 ) ) ;
#1703 = ORIENTED_EDGE ( 'NONE', *, *, #2477, .F. ) ;
#1704 =( LENGTH_UNIT ( ) NAMED_UNIT ( * ) SI_UNIT ( .MILLI., .METRE. ) );
#1705 = DIRECTION ( 'NONE',  ( -0.0000000000000000000, 1.000000000000000000, 0.0000000000000000000 ) ) ;
#1706 = CARTESIAN_POINT ( 'NONE',  ( -2.250000000000001300, 0.9499999999999999600, 2.700000000000000200 ) ) ;
#1707 = CARTESIAN_POINT ( 'NONE',  ( 0.8400000000000000800, -0.05000000000000000300, -3.049999999999999800 ) ) ;
#1708 = CARTESIAN_POINT ( 'NONE',  ( -1.455928631623000000E-016, 0.0000000000000000000, -0.7049999999999999600 ) ) ;
#1709 =( GEOMETRIC_REPRESENTATION_CONTEXT ( 3 ) GLOBAL_UNCERTAINTY_ASSIGNED_CONTEXT ( ( #3514 ) ) GLOBAL_UNIT_ASSIGNED_CONTEXT ( ( #786, #2783, #4070 ) ) REPRESENTATION_CONTEXT ( 'NONE', 'WORKASPACE' ) );
#1710 = ORIENTED_EDGE ( 'NONE', *, *, #4205, .F. ) ;
#1711 = VECTOR ( 'NONE', #3990, 1000.000000000000000 ) ;
#1712 = VERTEX_POINT ( 'NONE', #1702 ) ;
#1713 = LINE ( 'NONE', #832, #33 ) ;
#1714 = CARTESIAN_POINT ( 'NONE',  ( 1.892707221109999900E-015, 0.05000000000000000300, -0.7049999999999999600 ) ) ;
#1715 = DIRECTION ( 'NONE',  ( -1.000000000000000000, 0.0000000000000000000, -0.0000000000000000000 ) ) ;
#1716 =( LENGTH_UNIT ( ) NAMED_UNIT ( * ) SI_UNIT ( .MILLI., .METRE. ) );
#1717 = ORIENTED_EDGE ( 'NONE', *, *, #519, .F. ) ;
#1718 = COLOUR_RGB ( '',0.1019607843137254900, 0.1019607843137254900, 0.1019607843137254900 ) ;
#1719 = LINE ( 'NONE', #2763, #4015 ) ;
#1720 = AXIS2_PLACEMENT_3D ( 'NONE', #544, #892, #2821 ) ;
#1721 =( LENGTH_UNIT ( ) NAMED_UNIT ( * ) SI_UNIT ( .MILLI., .METRE. ) );
#1722 = LINE ( 'NONE', #2679, #2866 ) ;
#1723 = SURFACE_STYLE_FILL_AREA ( #2452 ) ;
#1724 = EDGE_CURVE ( 'NONE', #3061, #1505, #1836, .T. ) ;
#1725 = MECHANICAL_DESIGN_GEOMETRIC_PRESENTATION_REPRESENTATION (  '', ( #367 ), #2090 ) ;
#1726 =( NAMED_UNIT ( * ) SI_UNIT ( $, .STERADIAN. ) SOLID_ANGLE_UNIT ( ) );
#1727 = VERTEX_POINT ( 'NONE', #1343 ) ;
#1728 = COLOUR_RGB ( '',0.7686274509803920900, 0.7686274509803920900, 0.7686274509803920900 ) ;
#1729 = SURFACE_SIDE_STYLE ('',( #2652 ) ) ;
#1730 = DIRECTION ( 'NONE',  ( -0.0000000000000000000, -1.000000000000000000, 0.0000000000000000000 ) ) ;
#1731 = FILL_AREA_STYLE_COLOUR ( '', #2952 ) ;
#1732 = VERTEX_POINT ( 'NONE', #1048 ) ;
#1733 = DIRECTION ( 'NONE',  ( 0.7071067811865474600, 0.0000000000000000000, -0.7071067811865474600 ) ) ;
#1734 = SURFACE_SIDE_STYLE ('',( #2693 ) ) ;
#1735 = LINE ( 'NONE', #2572, #1628 ) ;
#1736 = EDGE_CURVE ( 'NONE', #1977, #3509, #3469, .T. ) ;
#1737 = VECTOR ( 'NONE', #1159, 1000.000000000000000 ) ;
#1738 = STYLED_ITEM ( 'NONE', ( #2925 ), #396 ) ;
#1739 = FILL_AREA_STYLE_COLOUR ( '', #902 ) ;
#1740 = LINE ( 'NONE', #2046, #3883 ) ;
#1741 = CARTESIAN_POINT ( 'NONE',  ( 2.250000000000000400, 0.7500000000959516900, -2.700000000000000200 ) ) ;
#1742 = ADVANCED_FACE ( 'NONE', ( #1517 ), #3629, .F. ) ;
#1743 = DIRECTION ( 'NONE',  ( 0.0000000000000000000, -1.000000000000000000, -0.0000000000000000000 ) ) ;
#1744 = CARTESIAN_POINT ( 'NONE',  ( 2.600000000000000500, 0.05000000000000000300, -0.3449999999999999700 ) ) ;
#1745 = LINE ( 'NONE', #4071, #2665 ) ;
#1746 = ORIENTED_EDGE ( 'NONE', *, *, #129, .T. ) ;
#1747 = MECHANICAL_DESIGN_GEOMETRIC_PRESENTATION_REPRESENTATION (  '', ( #983 ), #3071 ) ;
#1748 = DIRECTION ( 'NONE',  ( 0.0000000000000000000, 1.000000000000000000, -0.0000000000000000000 ) ) ;
#1749 = CARTESIAN_POINT ( 'NONE',  ( 2.250000000000000400, 0.0000000000000000000, -2.899999999999999900 ) ) ;
#1750 =( LENGTH_UNIT ( ) NAMED_UNIT ( * ) SI_UNIT ( .MILLI., .METRE. ) );
#1751 = FACE_OUTER_BOUND ( 'NONE', #2035, .T. ) ;
#1752 =( LENGTH_UNIT ( ) NAMED_UNIT ( * ) SI_UNIT ( .MILLI., .METRE. ) );
#1753 = CARTESIAN_POINT ( 'NONE',  ( 0.0000000000000000000, 0.0000000000000000000, 0.0000000000000000000 ) ) ;
#1754 = EDGE_CURVE ( 'NONE', #1818, #2318, #3918, .T. ) ;
#1755 = AXIS2_PLACEMENT_3D ( 'NONE', #3070, #766, #2689 ) ;
#1756 = LINE ( 'NONE', #1604, #2890 ) ;
#1757 = ADVANCED_FACE ( 'NONE', ( #791 ), #3413, .F. ) ;
#1758 = PRESENTATION_STYLE_ASSIGNMENT (( #2947 ) ) ;
#1759 = VERTEX_POINT ( 'NONE', #417 ) ;
#1760 =( LENGTH_UNIT ( ) NAMED_UNIT ( * ) SI_UNIT ( .MILLI., .METRE. ) );
#1761 = APPLICATION_PROTOCOL_DEFINITION ( 'draft international standard', 'automotive_design', 1998, #2739 ) ;
#1762 = DIRECTION ( 'NONE',  ( 1.000000000000000000, 0.0000000000000000000, -2.065146995210000000E-016 ) ) ;
#1763 = EDGE_LOOP ( 'NONE', ( #3368, #1960, #3208, #2944, #2080, #3392 ) ) ;
#1764 = CARTESIAN_POINT ( 'NONE',  ( -2.075000000000000200, 0.0000000000000000000, 2.625000000000000000 ) ) ;
#1765 = SURFACE_SIDE_STYLE ('',( #3799 ) ) ;
#1766 = ORIENTED_EDGE ( 'NONE', *, *, #986, .T. ) ;
#1767 = ADVANCED_FACE ( 'NONE', ( #409 ), #114, .F. ) ;
#1768 =( LENGTH_UNIT ( ) NAMED_UNIT ( * ) SI_UNIT ( .MILLI., .METRE. ) );
#1769 = ORIENTED_EDGE ( 'NONE', *, *, #2033, .T. ) ;
#1770 = SURFACE_STYLE_FILL_AREA ( #1336 ) ;
#1771 = PRESENTATION_LAYER_ASSIGNMENT (  '', '', ( #819 ) ) ;
#1772 =( NAMED_UNIT ( * ) SI_UNIT ( $, .STERADIAN. ) SOLID_ANGLE_UNIT ( ) );
#1773 = LINE ( 'NONE', #1224, #139 ) ;
#1774 = ORIENTED_EDGE ( 'NONE', *, *, #3336, .T. ) ;
#1775 = ORIENTED_EDGE ( 'NONE', *, *, #3727, .F. ) ;
#1776 = LINE ( 'NONE', #1264, #3751 ) ;
#1777 = SURFACE_SIDE_STYLE ('',( #2555 ) ) ;
#1778 =( NAMED_UNIT ( * ) SI_UNIT ( $, .STERADIAN. ) SOLID_ANGLE_UNIT ( ) );
#1779 = ORIENTED_EDGE ( 'NONE', *, *, #1851, .F. ) ;
#1780 = DIRECTION ( 'NONE',  ( -1.000000000000000000, 0.0000000000000000000, 0.0000000000000000000 ) ) ;
#1781 = CARTESIAN_POINT ( 'NONE',  ( -1.455928631623000000E-016, 0.05000000000000000300, -0.7049999999999999600 ) ) ;
#1782 =( GEOMETRIC_REPRESENTATION_CONTEXT ( 3 ) GLOBAL_UNCERTAINTY_ASSIGNED_CONTEXT ( ( #280 ) ) GLOBAL_UNIT_ASSIGNED_CONTEXT ( ( #435, #3048, #117 ) ) REPRESENTATION_CONTEXT ( 'NONE', 'WORKASPACE' ) );
#1783 = ORIENTED_EDGE ( 'NONE', *, *, #2769, .T. ) ;
#1784 = LINE ( 'NONE', #1624, #794 ) ;
#1785 = DIRECTION ( 'NONE',  ( -1.000000000000000000, 0.0000000000000000000, -0.0000000000000000000 ) ) ;
#1786 = LINE ( 'NONE', #716, #291 ) ;
#1787 = STYLED_ITEM ( 'NONE', ( #926 ), #2343 ) ;
#1788 = DIRECTION ( 'NONE',  ( 1.000000000000000000, 0.0000000000000000000, -0.0000000000000000000 ) ) ;
#1789 = UNCERTAINTY_MEASURE_WITH_UNIT (LENGTH_MEASURE( 1.000000000000000100E-005 ), #2095, 'distance_accuracy_value', 'NONE');
#1790 = EDGE_LOOP ( 'NONE', ( #2125, #2040, #238, #3207 ) ) ;
#1791 = EDGE_CURVE ( 'NONE', #3644, #2447, #2282, .T. ) ;
#1792 = EDGE_CURVE ( 'NONE', #667, #345, #1196, .T. ) ;
#1793 = STYLED_ITEM ( 'NONE', ( #1758 ), #3725 ) ;
#1794 =( LENGTH_UNIT ( ) NAMED_UNIT ( * ) SI_UNIT ( .MILLI., .METRE. ) );
#1795 = SURFACE_SIDE_STYLE ('',( #2599 ) ) ;
#1796 = ADVANCED_FACE ( 'NONE', ( #1338 ), #777, .F. ) ;
#1797 = CARTESIAN_POINT ( 'NONE',  ( 2.075000000000000200, 0.0000000000000000000, 2.625000000000000000 ) ) ;
#1798 = CARTESIAN_POINT ( 'NONE',  ( -2.449999999999999700, 0.0000000000000000000, -0.2950000000000002600 ) ) ;
#1799 = PLANE ( 'NONE',  #3427 ) ;
#1800 = EDGE_CURVE ( 'NONE', #2856, #2082, #346, .T. ) ;
#1801 = DIRECTION ( 'NONE',  ( 0.0000000000000000000, -0.0000000000000000000, 1.000000000000000000 ) ) ;
#1802 =( NAMED_UNIT ( * ) PLANE_ANGLE_UNIT ( ) SI_UNIT ( $, .RADIAN. ) );
#1803 =( LENGTH_UNIT ( ) NAMED_UNIT ( * ) SI_UNIT ( .MILLI., .METRE. ) );
#1804 =( LENGTH_UNIT ( ) NAMED_UNIT ( * ) SI_UNIT ( .MILLI., .METRE. ) );
#1805 = PLANE ( 'NONE',  #1250 ) ;
#1806 = FACE_OUTER_BOUND ( 'NONE', #1446, .T. ) ;
#1807 = SURFACE_STYLE_FILL_AREA ( #2824 ) ;
#1808 = CARTESIAN_POINT ( 'NONE',  ( 0.0000000000000000000, 0.05000000000000000300, 0.0000000000000000000 ) ) ;
#1809 = STYLED_ITEM ( 'NONE', ( #3563 ), #1690 ) ;
#1810 = SURFACE_STYLE_FILL_AREA ( #2600 ) ;
#1811 = ADVANCED_FACE ( 'NONE', ( #1453 ), #2085, .F. ) ;
#1812 = LINE ( 'NONE', #3312, #1489 ) ;
#1813 = SURFACE_SIDE_STYLE ('',( #1402 ) ) ;
#1814 = ORIENTED_EDGE ( 'NONE', *, *, #2602, .T. ) ;
#1815 = DIRECTION ( 'NONE',  ( 0.7071067811865475700, 0.0000000000000000000, 0.7071067811865475700 ) ) ;
#1816 = EDGE_CURVE ( 'NONE', #1236, #3265, #4074, .T. ) ;
#1817 = AXIS2_PLACEMENT_3D ( 'NONE', #2884, #3217, #2511 ) ;
#1818 = VERTEX_POINT ( 'NONE', #3498 ) ;
#1819 = PRODUCT_CONTEXT ( 'NONE', #1124, 'mechanical' ) ;
#1820 = SURFACE_STYLE_USAGE ( .BOTH. , #3127 ) ;
#1821 = PRODUCT_RELATED_PRODUCT_CATEGORY ( 'part', '', ( #1302 ) ) ;
#1822 = SURFACE_STYLE_FILL_AREA ( #3838 ) ;
#1823 = EDGE_LOOP ( 'NONE', ( #565, #2007, #1386, #929, #2933, #231 ) ) ;
#1824 = VECTOR ( 'NONE', #1331, 1000.000000000000000 ) ;
#1825 = EDGE_CURVE ( 'NONE', #2635, #1656, #1615, .T. ) ;
#1826 =( LENGTH_UNIT ( ) NAMED_UNIT ( * ) SI_UNIT ( .MILLI., .METRE. ) );
#1827 = SURFACE_SIDE_STYLE ('',( #3285 ) ) ;
#1828 = EDGE_LOOP ( 'NONE', ( #630, #3335, #1832 ) ) ;
#1829 = FILL_AREA_STYLE ('',( #32 ) ) ;
#1830 = LINE ( 'NONE', #4193, #566 ) ;
#1831 = LINE ( 'NONE', #2367, #3810 ) ;
#1832 = ORIENTED_EDGE ( 'NONE', *, *, #1724, .F. ) ;
#1833 = DIRECTION ( 'NONE',  ( 0.7071067811865474600, 0.0000000000000000000, 0.7071067811865474600 ) ) ;
#1834 = ORIENTED_EDGE ( 'NONE', *, *, #410, .F. ) ;
#1835 = LINE ( 'NONE', #3830, #3651 ) ;
#1836 = LINE ( 'NONE', #3667, #2592 ) ;
#1837 = FILL_AREA_STYLE_COLOUR ( '', #1845 ) ;
#1838 = ADVANCED_FACE ( 'NONE', ( #2141 ), #854, .F. ) ;
#1839 = DIRECTION ( 'NONE',  ( 0.7071067811865474600, 0.0000000000000000000, 0.7071067811865474600 ) ) ;
#1840 = STYLED_ITEM ( 'NONE', ( #112 ), #1407 ) ;
#1841 = FACE_OUTER_BOUND ( 'NONE', #236, .T. ) ;
#1842 = SURFACE_STYLE_USAGE ( .BOTH. , #2199 ) ;
#1843 = ORIENTED_EDGE ( 'NONE', *, *, #3377, .T. ) ;
#1844 = ORIENTED_EDGE ( 'NONE', *, *, #3631, .F. ) ;
#1845 = COLOUR_RGB ( '',0.7686274509803920900, 0.7686274509803920900, 0.7686274509803920900 ) ;
#1846 = DIRECTION ( 'NONE',  ( 0.0000000000000000000, -1.000000000000000000, 0.0000000000000000000 ) ) ;
#1847 = PRESENTATION_LAYER_ASSIGNMENT (  '', '', ( #1611 ) ) ;
#1848 = FACE_OUTER_BOUND ( 'NONE', #555, .T. ) ;
#1849 = SURFACE_STYLE_USAGE ( .BOTH. , #500 ) ;
#1850 = SURFACE_STYLE_USAGE ( .BOTH. , #1896 ) ;
#1851 = EDGE_CURVE ( 'NONE', #3199, #1182, #1097, .T. ) ;
#1852 = MECHANICAL_DESIGN_GEOMETRIC_PRESENTATION_REPRESENTATION (  '', ( #1381 ), #3111 ) ;
#1853 = DIRECTION ( 'NONE',  ( 1.000000000000000000, 0.0000000000000000000, 9.856383386231999600E-016 ) ) ;
#1854 =( NAMED_UNIT ( * ) SI_UNIT ( $, .STERADIAN. ) SOLID_ANGLE_UNIT ( ) );
#1855 = DIRECTION ( 'NONE',  ( 0.0000000000000000000, 0.0000000000000000000, 1.000000000000000000 ) ) ;
#1856 = DIRECTION ( 'NONE',  ( 0.0000000000000000000, 0.0000000000000000000, 1.000000000000000000 ) ) ;
#1857 = CARTESIAN_POINT ( 'NONE',  ( 0.0000000000000000000, 0.0000000000000000000, -2.439999999999999900 ) ) ;
#1858 = EDGE_CURVE ( 'NONE', #3951, #3163, #1145, .T. ) ;
#1859 = ORIENTED_EDGE ( 'NONE', *, *, #3456, .T. ) ;
#1860 = LINE ( 'NONE', #930, #3626 ) ;
#1861 = DIRECTION ( 'NONE',  ( -0.0000000000000000000, -1.000000000000000000, 0.0000000000000000000 ) ) ;
#1862 = DIRECTION ( 'NONE',  ( 1.000000000000000000, 0.0000000000000000000, 0.0000000000000000000 ) ) ;
#1863 = VECTOR ( 'NONE', #2671, 1000.000000000000000 ) ;
#1864 = FACE_OUTER_BOUND ( 'NONE', #3915, .T. ) ;
#1865 = MECHANICAL_DESIGN_GEOMETRIC_PRESENTATION_REPRESENTATION (  '', ( #2901 ), #2368 ) ;
#1866 = CARTESIAN_POINT ( 'NONE',  ( -1.700000000000000000, 0.05000000000000000300, -3.049999999999999800 ) ) ;
#1867 = PLANE ( 'NONE',  #3661 ) ;
#1868 = CARTESIAN_POINT ( 'NONE',  ( -2.075000000000000200, 0.05000000000000000300, 2.625000000000000000 ) ) ;
#1869 = ORIENTED_EDGE ( 'NONE', *, *, #2205, .F. ) ;
#1870 = UNCERTAINTY_MEASURE_WITH_UNIT (LENGTH_MEASURE( 1.000000000000000100E-005 ), #1035, 'distance_accuracy_value', 'NONE');
#1871 = FILL_AREA_STYLE ('',( #1547 ) ) ;
#1872 = PRESENTATION_STYLE_ASSIGNMENT (( #1418 ) ) ;
#1873 = EDGE_LOOP ( 'NONE', ( #3160, #3543, #2584, #1843 ) ) ;
#1874 = DIRECTION ( 'NONE',  ( 0.0000000000000000000, 0.0000000000000000000, 1.000000000000000000 ) ) ;
#1875 = DIRECTION ( 'NONE',  ( -0.0000000000000000000, 1.000000000000000000, 0.0000000000000000000 ) ) ;
#1876 =( NAMED_UNIT ( * ) PLANE_ANGLE_UNIT ( ) SI_UNIT ( $, .RADIAN. ) );
#1877 = COLOUR_RGB ( '',0.1019607843137254900, 0.1019607843137254900, 0.1019607843137254900 ) ;
#1878 = ORIENTED_EDGE ( 'NONE', *, *, #811, .F. ) ;
#1879 = EDGE_CURVE ( 'NONE', #2635, #2576, #730, .T. ) ;
#1880 =( GEOMETRIC_REPRESENTATION_CONTEXT ( 3 ) GLOBAL_UNCERTAINTY_ASSIGNED_CONTEXT ( ( #3230 ) ) GLOBAL_UNIT_ASSIGNED_CONTEXT ( ( #4164, #2845, #1203 ) ) REPRESENTATION_CONTEXT ( 'NONE', 'WORKASPACE' ) );
#1881 = ORIENTED_EDGE ( 'NONE', *, *, #1578, .T. ) ;
#1882 = COLOUR_RGB ( '',0.7686274509803920900, 0.7686274509803920900, 0.7686274509803920900 ) ;
#1883 = ORIENTED_EDGE ( 'NONE', *, *, #1736, .F. ) ;
#1884 = LINE ( 'NONE', #1857, #3210 ) ;
#1885 = ORIENTED_EDGE ( 'NONE', *, *, #1949, .T. ) ;
#1886 = EDGE_CURVE ( 'NONE', #527, #4181, #1835, .T. ) ;
#1887 = FILL_AREA_STYLE ('',( #2213 ) ) ;
#1888 = VERTEX_POINT ( 'NONE', #475 ) ;
#1889 = PLANE ( 'NONE',  #2939 ) ;
#1890 = CARTESIAN_POINT ( 'NONE',  ( -2.250000000000000400, 0.9499999999999999600, 2.700000000000000200 ) ) ;
#1891 = EDGE_LOOP ( 'NONE', ( #2183, #1869, #4208, #86, #3295, #2378, #955, #2578, #132, #1969, #683, #1635 ) ) ;
#1892 =( LENGTH_UNIT ( ) NAMED_UNIT ( * ) SI_UNIT ( .MILLI., .METRE. ) );
#1893 = CONICAL_SURFACE ( 'NONE', #1983, 0.1999999998404744800, 0.7853981625666242000 ) ;
#1894 = VECTOR ( 'NONE', #2272, 1000.000000000000000 ) ;
#1895 = MECHANICAL_DESIGN_GEOMETRIC_PRESENTATION_REPRESENTATION (  '', ( #3545 ), #141 ) ;
#1896 = SURFACE_SIDE_STYLE ('',( #615 ) ) ;
#1897 = PRESENTATION_STYLE_ASSIGNMENT (( #3299 ) ) ;
#1898 = DIRECTION ( 'NONE',  ( 1.000000000000000000, 0.0000000000000000000, -9.856383386231999600E-016 ) ) ;
#1899 =( GEOMETRIC_REPRESENTATION_CONTEXT ( 3 ) GLOBAL_UNCERTAINTY_ASSIGNED_CONTEXT ( ( #3680 ) ) GLOBAL_UNIT_ASSIGNED_CONTEXT ( ( #2980, #2353, #350 ) ) REPRESENTATION_CONTEXT ( 'NONE', 'WORKASPACE' ) );
#1900 = DIRECTION ( 'NONE',  ( -1.000000000000000000, -0.0000000000000000000, -0.0000000000000000000 ) ) ;
#1901 = SURFACE_SIDE_STYLE ('',( #1237 ) ) ;
#1902 = EDGE_CURVE ( 'NONE', #3862, #3460, #3465, .T. ) ;
#1903 = AXIS2_PLACEMENT_3D ( 'NONE', #991, #629, #2645 ) ;
#1904 = CARTESIAN_POINT ( 'NONE',  ( 0.8400000000000000800, -0.05000000000000000300, -2.439999999999999900 ) ) ;
#1905 = DIRECTION ( 'NONE',  ( -0.0000000000000000000, -1.000000000000000000, -0.0000000000000000000 ) ) ;
#1906 = DIRECTION ( 'NONE',  ( 0.0000000000000000000, 0.0000000000000000000, 1.000000000000000000 ) ) ;
#1907 = SURFACE_SIDE_STYLE ('',( #1657 ) ) ;
#1908 = SURFACE_STYLE_USAGE ( .BOTH. , #303 ) ;
#1909 = CARTESIAN_POINT ( 'NONE',  ( 2.450000000000000600, 0.05000000000000001000, -0.7049999999999966300 ) ) ;
#1910 = PRESENTATION_LAYER_ASSIGNMENT (  '', '', ( #853 ) ) ;
#1911 = CONICAL_SURFACE ( 'NONE', #1114, 0.1999999998317436300, 0.7853981625229699000 ) ;
#1912 = DIRECTION ( 'NONE',  ( 1.000000000000000000, 0.0000000000000000000, -0.0000000000000000000 ) ) ;
#1913 = MECHANICAL_DESIGN_GEOMETRIC_PRESENTATION_REPRESENTATION (  '', ( #2517 ), #2440 ) ;
#1914 = VECTOR ( 'NONE', #4077, 1000.000000000000000 ) ;
#1915 = VERTEX_POINT ( 'NONE', #4171 ) ;
#1916 = DIRECTION ( 'NONE',  ( 0.0000000000000000000, 0.0000000000000000000, -1.000000000000000000 ) ) ;
#1917 = VERTEX_POINT ( 'NONE', #152 ) ;
#1918 =( GEOMETRIC_REPRESENTATION_CONTEXT ( 3 ) GLOBAL_UNCERTAINTY_ASSIGNED_CONTEXT ( ( #35 ) ) GLOBAL_UNIT_ASSIGNED_CONTEXT ( ( #2612, #1961, #2327 ) ) REPRESENTATION_CONTEXT ( 'NONE', 'WORKASPACE' ) );
#1919 = DIRECTION ( 'NONE',  ( -0.0000000000000000000, -1.000000000000000000, -0.0000000000000000000 ) ) ;
#1920 = DIRECTION ( 'NONE',  ( 0.7071067811865474600, 0.0000000000000000000, 0.7071067811865474600 ) ) ;
#1921 = DIRECTION ( 'NONE',  ( 0.0000000000000000000, 1.000000000000000000, 0.0000000000000000000 ) ) ;
#1922 = VERTEX_POINT ( 'NONE', #1208 ) ;
#1923 = EDGE_CURVE ( 'NONE', #4224, #1967, #2904, .T. ) ;
#1924 = ORIENTED_EDGE ( 'NONE', *, *, #2661, .T. ) ;
#1925 = AXIS2_PLACEMENT_3D ( 'NONE', #2762, #386, #737 ) ;
#1926 = LINE ( 'NONE', #1458, #1389 ) ;
#1927 = ORIENTED_EDGE ( 'NONE', *, *, #2089, .T. ) ;
#1928 = VECTOR ( 'NONE', #3978, 1000.000000000000000 ) ;
#1929 = VERTEX_POINT ( 'NONE', #3470 ) ;
#1930 = VECTOR ( 'NONE', #3089, 1000.000000000000000 ) ;
#1931 = SURFACE_STYLE_FILL_AREA ( #642 ) ;
#1932 = DIRECTION ( 'NONE',  ( -9.856383386231999600E-016, -0.0000000000000000000, 1.000000000000000000 ) ) ;
#1933 = PRESENTATION_STYLE_ASSIGNMENT (( #2008 ) ) ;
#1934 = PRESENTATION_LAYER_ASSIGNMENT (  '', '', ( #3891 ) ) ;
#1935 =( NAMED_UNIT ( * ) SI_UNIT ( $, .STERADIAN. ) SOLID_ANGLE_UNIT ( ) );
#1936 = ORIENTED_EDGE ( 'NONE', *, *, #3108, .F. ) ;
#1937 = LINE ( 'NONE', #1104, #1566 ) ;
#1938 = AXIS2_PLACEMENT_3D ( 'NONE', #61, #1071, #3021 ) ;
#1939 = DIRECTION ( 'NONE',  ( 0.0000000000000000000, 0.0000000000000000000, -1.000000000000000000 ) ) ;
#1940 = UNCERTAINTY_MEASURE_WITH_UNIT (LENGTH_MEASURE( 1.000000000000000100E-005 ), #2795, 'distance_accuracy_value', 'NONE');
#1941 = ORIENTED_EDGE ( 'NONE', *, *, #3559, .T. ) ;
#1942 = LINE ( 'NONE', #1362, #471 ) ;
#1943 = VECTOR ( 'NONE', #4209, 1000.000000000000000 ) ;
#1944 = FACE_OUTER_BOUND ( 'NONE', #2738, .T. ) ;
#1945 = DIRECTION ( 'NONE',  ( 1.000000000000000000, 0.0000000000000000000, 0.0000000000000000000 ) ) ;
#1946 = STYLED_ITEM ( 'NONE', ( #2685 ), #2473 ) ;
#1947 = LINE ( 'NONE', #2159, #1737 ) ;
#1948 =( NAMED_UNIT ( * ) PLANE_ANGLE_UNIT ( ) SI_UNIT ( $, .RADIAN. ) );
#1949 = EDGE_CURVE ( 'NONE', #2305, #2369, #456, .T. ) ;
#1950 = MECHANICAL_DESIGN_GEOMETRIC_PRESENTATION_REPRESENTATION (  '', ( #3616 ), #3338 ) ;
#1951 = DIRECTION ( 'NONE',  ( -1.000000000000000000, -0.0000000000000000000, 0.0000000000000000000 ) ) ;
#1952 =( NAMED_UNIT ( * ) SI_UNIT ( $, .STERADIAN. ) SOLID_ANGLE_UNIT ( ) );
#1953 = FACE_OUTER_BOUND ( 'NONE', #444, .T. ) ;
#1954 = VERTEX_POINT ( 'NONE', #1164 ) ;
#1955 = EDGE_CURVE ( 'NONE', #2339, #1727, #2999, .T. ) ;
#1956 = DIRECTION ( 'NONE',  ( -0.0000000000000000000, 0.0000000000000000000, -1.000000000000000000 ) ) ;
#1957 = DIRECTION ( 'NONE',  ( 0.0000000000000000000, 0.0000000000000000000, 1.000000000000000000 ) ) ;
#1958 = LINE ( 'NONE', #3020, #1074 ) ;
#1959 = VECTOR ( 'NONE', #4118, 1000.000000000000000 ) ;
#1960 = ORIENTED_EDGE ( 'NONE', *, *, #2089, .F. ) ;
#1961 =( NAMED_UNIT ( * ) PLANE_ANGLE_UNIT ( ) SI_UNIT ( $, .RADIAN. ) );
#1962 = DIRECTION ( 'NONE',  ( -0.7071067811865474600, 0.0000000000000000000, 0.7071067811865474600 ) ) ;
#1963 = FILL_AREA_STYLE ('',( #2876 ) ) ;
#1964 = VECTOR ( 'NONE', #1132, 1000.000000000000000 ) ;
#1965 = ORIENTED_EDGE ( 'NONE', *, *, #653, .F. ) ;
#1966 = AXIS2_PLACEMENT_3D ( 'NONE', #1753, #1410, #799 ) ;
#1967 = VERTEX_POINT ( 'NONE', #247 ) ;
#1968 = CARTESIAN_POINT ( 'NONE',  ( 0.0000000000000000000, 0.9499999999999999600, 2.700000000000000200 ) ) ;
#1969 = ORIENTED_EDGE ( 'NONE', *, *, #3410, .F. ) ;
#1970 = LINE ( 'NONE', #677, #3807 ) ;
#1971 = ORIENTED_EDGE ( 'NONE', *, *, #2116, .T. ) ;
#1972 = EDGE_CURVE ( 'NONE', #850, #223, #4229, .T. ) ;
#1973 = PRESENTATION_LAYER_ASSIGNMENT (  '', '', ( #2050 ) ) ;
#1974 = DIRECTION ( 'NONE',  ( 0.0000000000000000000, 0.0000000000000000000, 1.000000000000000000 ) ) ;
#1975 = DIRECTION ( 'NONE',  ( 0.0000000000000000000, 0.0000000000000000000, -1.000000000000000000 ) ) ;
#1976 =( NAMED_UNIT ( * ) PLANE_ANGLE_UNIT ( ) SI_UNIT ( $, .RADIAN. ) );
#1977 = VERTEX_POINT ( 'NONE', #1273 ) ;
#1978 = VECTOR ( 'NONE', #3270, 1000.000000000000000 ) ;
#1979 = SURFACE_SIDE_STYLE ('',( #3190 ) ) ;
#1980 = DIRECTION ( 'NONE',  ( -0.0000000000000000000, -1.000000000000000000, -0.0000000000000000000 ) ) ;
#1981 = FACE_OUTER_BOUND ( 'NONE', #4063, .T. ) ;
#1982 = FACE_OUTER_BOUND ( 'NONE', #1763, .T. ) ;
#1983 = AXIS2_PLACEMENT_3D ( 'NONE', #101, #2399, #2778 ) ;
#1984 = DIRECTION ( 'NONE',  ( -0.0000000000000000000, 0.0000000000000000000, -1.000000000000000000 ) ) ;
#1985 = SURFACE_SIDE_STYLE ('',( #3181 ) ) ;
#1986 = ORIENTED_EDGE ( 'NONE', *, *, #3558, .F. ) ;
#1987 = PRESENTATION_STYLE_ASSIGNMENT (( #3851 ) ) ;
#1988 = DIRECTION ( 'NONE',  ( -1.000000000000000000, 0.0000000000000000000, -0.0000000000000000000 ) ) ;
#1989 = DIRECTION ( 'NONE',  ( -0.7071067811865474600, 0.0000000000000000000, -0.7071067811865474600 ) ) ;
#1990 = LINE ( 'NONE', #2523, #2409 ) ;
#1991 = CARTESIAN_POINT ( 'NONE',  ( 0.0000000000000000000, -0.05000000000000000300, -3.049999999999999800 ) ) ;
#1992 = STYLED_ITEM ( 'NONE', ( #883 ), #2137 ) ;
#1994 = ORIENTED_EDGE ( 'NONE', *, *, #1578, .F. ) ;
#1993 =( NAMED_UNIT ( * ) SI_UNIT ( $, .STERADIAN. ) SOLID_ANGLE_UNIT ( ) );
#1995 =( NAMED_UNIT ( * ) PLANE_ANGLE_UNIT ( ) SI_UNIT ( $, .RADIAN. ) );
#1996 = DIRECTION ( 'NONE',  ( -0.0000000000000000000, 1.000000000000000000, 0.0000000000000000000 ) ) ;
#1997 = EDGE_CURVE ( 'NONE', #3697, #1323, #1830, .T. ) ;
#1998 = AXIS2_PLACEMENT_3D ( 'NONE', #2611, #2910, #1974 ) ;
#1999 =( NAMED_UNIT ( * ) PLANE_ANGLE_UNIT ( ) SI_UNIT ( $, .RADIAN. ) );
#2000 = ORIENTED_EDGE ( 'NONE', *, *, #625, .F. ) ;
#2001 = FILL_AREA_STYLE_COLOUR ( '', #1281 ) ;
#2002 = COLOUR_RGB ( '',0.7921568627450980000, 0.8196078431372548800, 0.9333333333333333500 ) ;
#2003 = EDGE_CURVE ( 'NONE', #494, #3694, #2133, .T. ) ;
#2004 = CARTESIAN_POINT ( 'NONE',  ( -2.250000000000000400, 0.0000000000000000000, 2.700000000000000200 ) ) ;
#2005 = LINE ( 'NONE', #60, #3892 ) ;
#2006 = SURFACE_STYLE_FILL_AREA ( #2262 ) ;
#2007 = ORIENTED_EDGE ( 'NONE', *, *, #757, .T. ) ;
#2008 = SURFACE_STYLE_USAGE ( .BOTH. , #2961 ) ;
#2009 = CARTESIAN_POINT ( 'NONE',  ( -2.109999999999999900, 0.0000000000000000000, 0.0000000000000000000 ) ) ;
#2010 = DIRECTION ( 'NONE',  ( 0.0000000000000000000, -1.000000000000000000, 0.0000000000000000000 ) ) ;
#2011 = DIRECTION ( 'NONE',  ( -0.0000000000000000000, 1.000000000000000000, 0.0000000000000000000 ) ) ;
#2012 = FILL_AREA_STYLE ('',( #1315 ) ) ;
#2013 = MECHANICAL_DESIGN_GEOMETRIC_PRESENTATION_REPRESENTATION (  '', ( #357 ), #1567 ) ;
#2014 = LINE ( 'NONE', #4236, #3249 ) ;
#2015 = ORIENTED_EDGE ( 'NONE', *, *, #635, .F. ) ;
#2016 = CARTESIAN_POINT ( 'NONE',  ( -2.549999999999999800, 0.05000000000000000300, -0.7049999999999995200 ) ) ;
#2017 = SURFACE_STYLE_USAGE ( .BOTH. , #1734 ) ;
#2018 = VECTOR ( 'NONE', #3037, 1000.000000000000000 ) ;
#2019 = LINE ( 'NONE', #1968, #3949 ) ;
#2020 = EDGE_LOOP ( 'NONE', ( #970, #2443, #2320, #186, #2052, #2329 ) ) ;
#2021 = STYLED_ITEM ( 'NONE', ( #2642 ), #1742 ) ;
#2022 = ORIENTED_EDGE ( 'NONE', *, *, #129, .F. ) ;
#2023 = VECTOR ( 'NONE', #3528, 1000.000000000000100 ) ;
#2024 = EDGE_LOOP ( 'NONE', ( #404, #4067, #2917, #3044 ) ) ;
#2025 = EDGE_CURVE ( 'NONE', #3701, #2281, #1240, .T. ) ;
#2026 = ORIENTED_EDGE ( 'NONE', *, *, #3936, .F. ) ;
#2027 = VECTOR ( 'NONE', #199, 1000.000000000000000 ) ;
#2028 = STYLED_ITEM ( 'NONE', ( #3445 ), #3708 ) ;
#2029 = CARTESIAN_POINT ( 'NONE',  ( -1.750000000000000000, 0.05000000000000000300, -3.049999999999999800 ) ) ;
#2030 = DIRECTION ( 'NONE',  ( -0.0000000000000000000, -0.7071067811865474600, -0.7071067811865474600 ) ) ;
#2031 = VECTOR ( 'NONE', #80, 1000.000000000000000 ) ;
#2032 = CARTESIAN_POINT ( 'NONE',  ( -2.109999999999999900, 0.05000000000000000300, 2.660000000000000100 ) ) ;
#2033 = EDGE_CURVE ( 'NONE', #790, #3886, #2235, .T. ) ;
#2034 = ORIENTED_EDGE ( 'NONE', *, *, #4016, .F. ) ;
#2035 = EDGE_LOOP ( 'NONE', ( #1334, #3582, #1936, #3855 ) ) ;
#2036 = LINE ( 'NONE', #3373, #2400 ) ;
#2037 = COLOUR_RGB ( '',0.7686274509803920900, 0.7686274509803920900, 0.7686274509803920900 ) ;
#2038 = PRESENTATION_LAYER_ASSIGNMENT (  '', '', ( #761 ) ) ;
#2039 = UNCERTAINTY_MEASURE_WITH_UNIT (LENGTH_MEASURE( 1.000000000000000100E-005 ), #4195, 'distance_accuracy_value', 'NONE');
#2040 = ORIENTED_EDGE ( 'NONE', *, *, #4049, .F. ) ;
#2041 = LINE ( 'NONE', #1330, #1527 ) ;
#2042 = DIRECTION ( 'NONE',  ( 1.000000000000000000, 0.0000000000000000000, 0.0000000000000000000 ) ) ;
#2043 = CARTESIAN_POINT ( 'NONE',  ( -1.700000000000001300, -0.05000000000000002400, 3.000000000000000400 ) ) ;
#2044 = CARTESIAN_POINT ( 'NONE',  ( 2.250000000000000400, 0.0000000000000000000, 2.899999999999999900 ) ) ;
#2045 = PRESENTATION_STYLE_ASSIGNMENT (( #3781 ) ) ;
#2046 = CARTESIAN_POINT ( 'NONE',  ( 1.699999999999999700, 0.9499999999999999600, 2.899999999999999900 ) ) ;
#2047 = AXIS2_PLACEMENT_3D ( 'NONE', #217, #4160, #1558 ) ;
#2048 = COLOUR_RGB ( '',0.7686274509803920900, 0.7686274509803920900, 0.7686274509803920900 ) ;
#2049 = DIRECTION ( 'NONE',  ( 1.000000000000000000, 0.0000000000000000000, -0.0000000000000000000 ) ) ;
#2050 = STYLED_ITEM ( 'NONE', ( #2700 ), #2828 ) ;
#2051 = FACE_OUTER_BOUND ( 'NONE', #521, .T. ) ;
#2052 = ORIENTED_EDGE ( 'NONE', *, *, #3077, .F. ) ;
#2053 = DIRECTION ( 'NONE',  ( -0.0000000000000000000, 1.000000000000000000, 0.0000000000000000000 ) ) ;
#2054 = VECTOR ( 'NONE', #3634, 1000.000000000000100 ) ;
#2055 = PLANE ( 'NONE',  #1755 ) ;
#2056 = EDGE_CURVE ( 'NONE', #2369, #1627, #1776, .T. ) ;
#2057 = STYLED_ITEM ( 'NONE', ( #3031 ), #4031 ) ;
#2058 = CARTESIAN_POINT ( 'NONE',  ( -0.4299999999999999900, 0.0000000000000000000, 0.0000000000000000000 ) ) ;
#2059 = LINE ( 'NONE', #2565, #2268 ) ;
#2060 = ORIENTED_EDGE ( 'NONE', *, *, #1997, .T. ) ;
#2061 = DIRECTION ( 'NONE',  ( 0.7071067811865474600, 0.0000000000000000000, 0.7071067811865474600 ) ) ;
#2062 = ADVANCED_FACE ( 'NONE', ( #1142 ), #3884, .T. ) ;
#2063 = LINE ( 'NONE', #52, #2743 ) ;
#2064 = ORIENTED_EDGE ( 'NONE', *, *, #757, .F. ) ;
#2065 = UNCERTAINTY_MEASURE_WITH_UNIT (LENGTH_MEASURE( 1.000000000000000100E-005 ), #1258, 'distance_accuracy_value', 'NONE');
#2066 = EDGE_CURVE ( 'NONE', #961, #4044, #932, .T. ) ;
#2067 = COLOUR_RGB ( '',0.7686274509803920900, 0.7686274509803920900, 0.7686274509803920900 ) ;
#2068 = EDGE_LOOP ( 'NONE', ( #3765, #2651, #4085, #3353, #135, #694 ) ) ;
#2069 = SURFACE_STYLE_USAGE ( .BOTH. , #784 ) ;
#2070 =( NAMED_UNIT ( * ) PLANE_ANGLE_UNIT ( ) SI_UNIT ( $, .RADIAN. ) );
#2071 = CARTESIAN_POINT ( 'NONE',  ( -0.8400000000000000800, -0.05000000000000000300, -2.439999999999999900 ) ) ;
#2072 = PRESENTATION_LAYER_ASSIGNMENT (  '', '', ( #2101 ) ) ;
#2073 = ORIENTED_EDGE ( 'NONE', *, *, #1358, .T. ) ;
#2074 = FACE_OUTER_BOUND ( 'NONE', #1141, .T. ) ;
#2075 = EDGE_LOOP ( 'NONE', ( #1384, #1774, #3350, #2894 ) ) ;
#2076 = VECTOR ( 'NONE', #3534, 1000.000000000000000 ) ;
#2077 = SURFACE_SIDE_STYLE ('',( #3484 ) ) ;
#2078 = CARTESIAN_POINT ( 'NONE',  ( -1.700000000000000000, -0.05000000000000000300, -2.439999999999999900 ) ) ;
#2079 = SURFACE_STYLE_USAGE ( .BOTH. , #34 ) ;
#2080 = ORIENTED_EDGE ( 'NONE', *, *, #401, .T. ) ;
#2081 = PRESENTATION_STYLE_ASSIGNMENT (( #138 ) ) ;
#2082 = VERTEX_POINT ( 'NONE', #2557 ) ;
#2083 = STYLED_ITEM ( 'NONE', ( #418 ), #2730 ) ;
#2084 = DIRECTION ( 'NONE',  ( 0.7071067811865474600, 0.0000000000000000000, -0.7071067811865474600 ) ) ;
#2085 = PLANE ( 'NONE',  #12 ) ;
#2086 = ORIENTED_EDGE ( 'NONE', *, *, #2457, .F. ) ;
#2087 = PRESENTATION_STYLE_ASSIGNMENT (( #2779 ) ) ;
#2088 = EDGE_CURVE ( 'NONE', #1583, #2383, #3409, .T. ) ;
#2089 = EDGE_CURVE ( 'NONE', #1464, #1301, #979, .T. ) ;
#2090 =( GEOMETRIC_REPRESENTATION_CONTEXT ( 3 ) GLOBAL_UNCERTAINTY_ASSIGNED_CONTEXT ( ( #2618 ) ) GLOBAL_UNIT_ASSIGNED_CONTEXT ( ( #3679, #82, #378 ) ) REPRESENTATION_CONTEXT ( 'NONE', 'WORKASPACE' ) );
#2091 = DIRECTION ( 'NONE',  ( -1.000000000000000000, 0.0000000000000000000, -0.0000000000000000000 ) ) ;
#2092 = ORIENTED_EDGE ( 'NONE', *, *, #2099, .F. ) ;
#2093 = SURFACE_SIDE_STYLE ('',( #2112 ) ) ;
#2094 = ADVANCED_FACE ( 'NONE', ( #3952 ), #580, .T. ) ;
#2095 =( LENGTH_UNIT ( ) NAMED_UNIT ( * ) SI_UNIT ( .MILLI., .METRE. ) );
#2096 = FILL_AREA_STYLE ('',( #1107 ) ) ;
#2097 =( NAMED_UNIT ( * ) PLANE_ANGLE_UNIT ( ) SI_UNIT ( $, .RADIAN. ) );
#2098 = ORIENTED_EDGE ( 'NONE', *, *, #898, .T. ) ;
#2099 = EDGE_CURVE ( 'NONE', #1967, #4181, #2444, .T. ) ;
#2100 =( LENGTH_UNIT ( ) NAMED_UNIT ( * ) SI_UNIT ( .MILLI., .METRE. ) );
#2101 = STYLED_ITEM ( 'NONE', ( #214 ), #788 ) ;
#2102 =( NAMED_UNIT ( * ) PLANE_ANGLE_UNIT ( ) SI_UNIT ( $, .RADIAN. ) );
#2103 = SURFACE_STYLE_USAGE ( .BOTH. , #671 ) ;
#2104 = VECTOR ( 'NONE', #133, 1000.000000000000000 ) ;
#2105 = DIRECTION ( 'NONE',  ( 0.0000000000000000000, -0.0000000000000000000, -1.000000000000000000 ) ) ;
#2106 =( LENGTH_UNIT ( ) NAMED_UNIT ( * ) SI_UNIT ( .MILLI., .METRE. ) );
#2107 = CARTESIAN_POINT ( 'NONE',  ( -2.449999999999999700, 0.9499999999999999600, -0.2950000000000001500 ) ) ;
#2108 = ORIENTED_EDGE ( 'NONE', *, *, #3839, .T. ) ;
#2109 = VECTOR ( 'NONE', #1962, 1000.000000000000100 ) ;
#2110 = AXIS2_PLACEMENT_3D ( 'NONE', #2149, #3060, #1434 ) ;
#2111 = CARTESIAN_POINT ( 'NONE',  ( 2.450000000000001100, 0.9499999999999999600, 2.700000000000000200 ) ) ;
#2112 = SURFACE_STYLE_FILL_AREA ( #1056 ) ;
#2113 = ADVANCED_FACE ( 'NONE', ( #99 ), #3306, .T. ) ;
#2114 = PLANE ( 'NONE',  #2214 ) ;
#2115 =( NAMED_UNIT ( * ) SI_UNIT ( $, .STERADIAN. ) SOLID_ANGLE_UNIT ( ) );
#2116 = EDGE_CURVE ( 'NONE', #212, #3146, #1189, .T. ) ;
#2117 = STYLED_ITEM ( 'NONE', ( #2495 ), #2807 ) ;
#2118 = CARTESIAN_POINT ( 'NONE',  ( 2.109999999999999900, 0.05000000000000000300, 3.000000000000000000 ) ) ;
#2119 = CARTESIAN_POINT ( 'NONE',  ( 2.060000000000000100, -0.05000000000000005800, -3.049999999999999800 ) ) ;
#2120 = PLANE ( 'NONE',  #104 ) ;
#2121 = ORIENTED_EDGE ( 'NONE', *, *, #3775, .F. ) ;
#2122 = PRESENTATION_LAYER_ASSIGNMENT (  '', '', ( #2395 ) ) ;
#2123 = CARTESIAN_POINT ( 'NONE',  ( -2.550000000000000300, -0.05000000000000000300, -0.2950000000000002600 ) ) ;
#2124 = UNCERTAINTY_MEASURE_WITH_UNIT (LENGTH_MEASURE( 1.000000000000000100E-005 ), #1512, 'distance_accuracy_value', 'NONE');
#2125 = ORIENTED_EDGE ( 'NONE', *, *, #1879, .F. ) ;
#2126 = CARTESIAN_POINT ( 'NONE',  ( 1.850000000000000100, 0.9399999999999999500, -2.299999999999999800 ) ) ;
#2127 = VECTOR ( 'NONE', #1980, 1000.000000000000000 ) ;
#2128 = STYLED_ITEM ( 'NONE', ( #2045 ), #619 ) ;
#2129 = VECTOR ( 'NONE', #3592, 1000.000000000000000 ) ;
#2130 = ORIENTED_EDGE ( 'NONE', *, *, #3434, .F. ) ;
#2131 = PRESENTATION_STYLE_ASSIGNMENT (( #3896 ) ) ;
#2132 = EDGE_LOOP ( 'NONE', ( #4281, #3591, #3517, #3594 ) ) ;
#2133 = LINE ( 'NONE', #1568, #833 ) ;
#2134 = COLOUR_RGB ( '',0.7686274509803920900, 0.7686274509803920900, 0.7686274509803920900 ) ;
#2135 = VERTEX_POINT ( 'NONE', #2604 ) ;
#2136 =( LENGTH_UNIT ( ) NAMED_UNIT ( * ) SI_UNIT ( .MILLI., .METRE. ) );
#2137 = ADVANCED_FACE ( 'NONE', ( #4175 ), #3916, .F. ) ;
#2138 = DIRECTION ( 'NONE',  ( 0.0000000000000000000, 0.0000000000000000000, 1.000000000000000000 ) ) ;
#2139 = STYLED_ITEM ( 'NONE', ( #1897 ), #1632 ) ;
#2140 = EDGE_LOOP ( 'NONE', ( #661, #502, #933, #2791 ) ) ;
#2141 = FACE_OUTER_BOUND ( 'NONE', #3039, .T. ) ;
#2142 = CARTESIAN_POINT ( 'NONE',  ( -0.8400000000000000800, 0.05000000000000000300, -3.000000000000000000 ) ) ;
#2143 = FACE_OUTER_BOUND ( 'NONE', #2317, .T. ) ;
#2144 = PRESENTATION_STYLE_ASSIGNMENT (( #1543 ) ) ;
#2145 = CARTESIAN_POINT ( 'NONE',  ( 1.700000000000000000, 0.0000000000000000000, 2.660000000000000100 ) ) ;
#2146 = PRESENTATION_LAYER_ASSIGNMENT (  '', '', ( #2932 ) ) ;
#2147 =( NAMED_UNIT ( * ) SI_UNIT ( $, .STERADIAN. ) SOLID_ANGLE_UNIT ( ) );
#2148 = LINE ( 'NONE', #3093, #2650 ) ;
#2149 = CARTESIAN_POINT ( 'NONE',  ( 0.0000000000000000000, 0.05000000000000000300, 0.0000000000000000000 ) ) ;
#2150 = VECTOR ( 'NONE', #448, 1000.000000000000000 ) ;
#2151 = ORIENTED_EDGE ( 'NONE', *, *, #3970, .F. ) ;
#2152 = EDGE_CURVE ( 'NONE', #1922, #1274, #971, .T. ) ;
#2153 =( GEOMETRIC_REPRESENTATION_CONTEXT ( 3 ) GLOBAL_UNCERTAINTY_ASSIGNED_CONTEXT ( ( #2065 ) ) GLOBAL_UNIT_ASSIGNED_CONTEXT ( ( #1258, #3881, #1935 ) ) REPRESENTATION_CONTEXT ( 'NONE', 'WORKASPACE' ) );
#2154 = CARTESIAN_POINT ( 'NONE',  ( -2.109999999999999900, -0.05000000000000000300, -2.439999999999999900 ) ) ;
#2155 = SURFACE_SIDE_STYLE ('',( #2362 ) ) ;
#2156 = SURFACE_SIDE_STYLE ('',( #2583 ) ) ;
#2157 = COLOUR_RGB ( '',0.7686274509803920900, 0.7686274509803920900, 0.7686274509803920900 ) ;
#2158 = LINE ( 'NONE', #556, #3878 ) ;
#2159 = CARTESIAN_POINT ( 'NONE',  ( 2.109999999999999900, -0.05000000000000000300, -3.049999999999999800 ) ) ;
#2160 =( NAMED_UNIT ( * ) PLANE_ANGLE_UNIT ( ) SI_UNIT ( $, .RADIAN. ) );
#2161 = STYLED_ITEM ( 'NONE', ( #2426 ), #137 ) ;
#2162 = VECTOR ( 'NONE', #1417, 1000.000000000000000 ) ;
#2163 = ADVANCED_FACE ( 'NONE', ( #93 ), #2937, .F. ) ;
#2164 = CARTESIAN_POINT ( 'NONE',  ( -2.450000000000000200, 0.0000000000000000000, -2.899999999999999900 ) ) ;
#2165 = SURFACE_STYLE_FILL_AREA ( #3646 ) ;
#2166 = AXIS2_PLACEMENT_3D ( 'NONE', #2118, #1125, #3430 ) ;
#2167 = FILL_AREA_STYLE ('',( #1837 ) ) ;
#2168 = DIRECTION ( 'NONE',  ( 9.856383386231999600E-016, 0.0000000000000000000, -1.000000000000000000 ) ) ;
#2169 = LINE ( 'NONE', #3136, #2782 ) ;
#2170 = SURFACE_STYLE_FILL_AREA ( #697 ) ;
#2171 = STYLED_ITEM ( 'NONE', ( #4125 ), #2389 ) ;
#2172 = VECTOR ( 'NONE', #2359, 1000.000000000000000 ) ;
#2173 = CARTESIAN_POINT ( 'NONE',  ( 1.850000000000000100, 0.9399999999999999500, -2.449999999999999700 ) ) ;
#2174 = DIRECTION ( 'NONE',  ( 1.000000000000000000, 0.0000000000000000000, -0.0000000000000000000 ) ) ;
#2175 = ORIENTED_EDGE ( 'NONE', *, *, #1419, .F. ) ;
#2176 = DIRECTION ( 'NONE',  ( -1.000000000000000000, -0.0000000000000000000, -0.0000000000000000000 ) ) ;
#2177 = EDGE_CURVE ( 'NONE', #1929, #4017, #2319, .T. ) ;
#2178 = STYLED_ITEM ( 'NONE', ( #600 ), #3584 ) ;
#2179 = ORIENTED_EDGE ( 'NONE', *, *, #1724, .T. ) ;
#2180 = CARTESIAN_POINT ( 'NONE',  ( -2.250000000029331600, 0.9499999999518195000, 2.700000000001091700 ) ) ;
#2181 =( NAMED_UNIT ( * ) PLANE_ANGLE_UNIT ( ) SI_UNIT ( $, .RADIAN. ) );
#2182 = FILL_AREA_STYLE_COLOUR ( '', #2533 ) ;
#2183 = ORIENTED_EDGE ( 'NONE', *, *, #72, .F. ) ;
#2184 = EDGE_CURVE ( 'NONE', #419, #4173, #1970, .T. ) ;
#2185 = CARTESIAN_POINT ( 'NONE',  ( 0.0000000000000000000, -0.05000000000000000300, 0.0000000000000000000 ) ) ;
#2186 = EDGE_LOOP ( 'NONE', ( #2826, #1710, #2698, #3449 ) ) ;
#2187 = ORIENTED_EDGE ( 'NONE', *, *, #1316, .F. ) ;
#2188 = SURFACE_STYLE_FILL_AREA ( #1536 ) ;
#2189 = CARTESIAN_POINT ( 'NONE',  ( -1.700000000000000200, 0.05000000000000000300, -3.000000000000000000 ) ) ;
#2190 = STYLED_ITEM ( 'NONE', ( #693 ), #422 ) ;
#2191 = ORIENTED_EDGE ( 'NONE', *, *, #3277, .F. ) ;
#2192 = EDGE_LOOP ( 'NONE', ( #1658, #3446, #3504, #3313 ) ) ;
#2193 = ORIENTED_EDGE ( 'NONE', *, *, #837, .F. ) ;
#2194 = SURFACE_SIDE_STYLE ('',( #1295 ) ) ;
#2195 = DIRECTION ( 'NONE',  ( 0.7071067811865475700, -0.0000000000000000000, 0.7071067811865475700 ) ) ;
#2196 = PLANE ( 'NONE',  #4082 ) ;
#2197 = MECHANICAL_DESIGN_GEOMETRIC_PRESENTATION_REPRESENTATION (  '', ( #1212 ), #4075 ) ;
#2198 = FACE_OUTER_BOUND ( 'NONE', #800, .T. ) ;
#2199 = SURFACE_SIDE_STYLE ('',( #299 ) ) ;
#2200 = VERTEX_POINT ( 'NONE', #2304 ) ;
#2201 = CYLINDRICAL_SURFACE ( 'NONE', #1430, 0.2000000000000000900 ) ;
#2202 = SURFACE_SIDE_STYLE ('',( #3894 ) ) ;
#2203 = LINE ( 'NONE', #1706, #740 ) ;
#2204 = CARTESIAN_POINT ( 'NONE',  ( -2.450000000000000200, 0.05000000000000002400, -2.899999999999999900 ) ) ;
#2205 = EDGE_CURVE ( 'NONE', #3706, #1954, #1387, .T. ) ;
#2206 = PRESENTATION_LAYER_ASSIGNMENT (  '', '', ( #3236 ) ) ;
#2207 = FILL_AREA_STYLE_COLOUR ( '', #3731 ) ;
#2208 = DIRECTION ( 'NONE',  ( 0.0000000000000000000, 0.0000000000000000000, -1.000000000000000000 ) ) ;
#2209 = EDGE_LOOP ( 'NONE', ( #3806, #3703, #1390, #3547, #3877, #3057 ) ) ;
#2210 = FACE_OUTER_BOUND ( 'NONE', #455, .T. ) ;
#2211 =( LENGTH_UNIT ( ) NAMED_UNIT ( * ) SI_UNIT ( .MILLI., .METRE. ) );
#2212 = CARTESIAN_POINT ( 'NONE',  ( 2.550000000000000300, 0.05000000000000000300, -0.2949999999999984900 ) ) ;
#2213 = FILL_AREA_STYLE_COLOUR ( '', #115 ) ;
#2214 = AXIS2_PLACEMENT_3D ( 'NONE', #745, #113, #797 ) ;
#2215 = LINE ( 'NONE', #1262, #1310 ) ;
#2216 = CARTESIAN_POINT ( 'NONE',  ( -1.700000000000000000, 0.05000000000000000300, 3.000000000000000000 ) ) ;
#2217 = MECHANICAL_DESIGN_GEOMETRIC_PRESENTATION_REPRESENTATION (  '', ( #1157 ), #3823 ) ;
#2218 = DIRECTION ( 'NONE',  ( 0.0000000000000000000, 1.000000000000000000, 0.0000000000000000000 ) ) ;
#2219 =( NAMED_UNIT ( * ) PLANE_ANGLE_UNIT ( ) SI_UNIT ( $, .RADIAN. ) );
#2220 =( NAMED_UNIT ( * ) PLANE_ANGLE_UNIT ( ) SI_UNIT ( $, .RADIAN. ) );
#2221 =( GEOMETRIC_REPRESENTATION_CONTEXT ( 3 ) GLOBAL_UNCERTAINTY_ASSIGNED_CONTEXT ( ( #2614 ) ) GLOBAL_UNIT_ASSIGNED_CONTEXT ( ( #4243, #3967, #617 ) ) REPRESENTATION_CONTEXT ( 'NONE', 'WORKASPACE' ) );
#2222 = LINE ( 'NONE', #3829, #820 ) ;
#2223 = VERTEX_POINT ( 'NONE', #2649 ) ;
#2224 = ORIENTED_EDGE ( 'NONE', *, *, #3510, .F. ) ;
#2225 = EDGE_CURVE ( 'NONE', #961, #212, #3698, .T. ) ;
#2226 = MECHANICAL_DESIGN_GEOMETRIC_PRESENTATION_REPRESENTATION (  '', ( #2505 ), #2360 ) ;
#2227 = VECTOR ( 'NONE', #4252, 1000.000000000000000 ) ;
#2228 = UNCERTAINTY_MEASURE_WITH_UNIT (LENGTH_MEASURE( 1.000000000000000100E-005 ), #3365, 'distance_accuracy_value', 'NONE');
#2229 = FACE_OUTER_BOUND ( 'NONE', #3106, .T. ) ;
#2230 = ORIENTED_EDGE ( 'NONE', *, *, #2535, .F. ) ;
#2231 = COLOUR_RGB ( '',0.1019607843137254900, 0.1019607843137254900, 0.1019607843137254900 ) ;
#2232 = DIRECTION ( 'NONE',  ( -9.856383386231999600E-016, 0.0000000000000000000, -1.000000000000000000 ) ) ;
#2233 = CARTESIAN_POINT ( 'NONE',  ( -0.4300000000000000500, -0.05000000000000002400, -3.000000000000000400 ) ) ;
#2234 = ORIENTED_EDGE ( 'NONE', *, *, #3619, .T. ) ;
#2235 = LINE ( 'NONE', #257, #2023 ) ;
#2236 = EDGE_CURVE ( 'NONE', #4268, #2223, #1135, .T. ) ;
#2237 =( NAMED_UNIT ( * ) PLANE_ANGLE_UNIT ( ) SI_UNIT ( $, .RADIAN. ) );
#2238 = VECTOR ( 'NONE', #3974, 1000.000000000000000 ) ;
#2239 = EDGE_LOOP ( 'NONE', ( #2905, #1652, #2639, #3356 ) ) ;
#2240 = CARTESIAN_POINT ( 'NONE',  ( 0.8400000000000000800, 0.0000000000000000000, -2.899999999999999900 ) ) ;
#2241 = CARTESIAN_POINT ( 'NONE',  ( 2.600000000000000500, 0.05000000000000000300, -0.3449999999999999700 ) ) ;
#2242 = ORIENTED_EDGE ( 'NONE', *, *, #366, .T. ) ;
#2243 = VECTOR ( 'NONE', #1592, 1000.000000000000000 ) ;
#2244 = DIRECTION ( 'NONE',  ( -7.477256361966289700E-017, -7.477256361966289700E-017, -1.000000000000000000 ) ) ;
#2245 = ORIENTED_EDGE ( 'NONE', *, *, #1053, .T. ) ;
#2246 = DIRECTION ( 'NONE',  ( -0.0000000000000000000, 0.0000000000000000000, -1.000000000000000000 ) ) ;
#2247 = LINE ( 'NONE', #4275, #2502 ) ;
#2248 = VERTEX_POINT ( 'NONE', #362 ) ;
#2249 = CARTESIAN_POINT ( 'NONE',  ( -1.700000000000000000, 0.05000000000000001000, -2.899999999999999900 ) ) ;
#2250 = LINE ( 'NONE', #2241, #1467 ) ;
#2251 = FILL_AREA_STYLE_COLOUR ( '', #3857 ) ;
#2252 = PRESENTATION_STYLE_ASSIGNMENT (( #1842 ) ) ;
#2253 = EDGE_CURVE ( 'NONE', #4173, #2248, #1234, .T. ) ;
#2254 = PRESENTATION_LAYER_ASSIGNMENT (  '', '', ( #2028 ) ) ;
#2255 = DIRECTION ( 'NONE',  ( -0.0000000000000000000, 0.0000000000000000000, -1.000000000000000000 ) ) ;
#2256 = UNCERTAINTY_MEASURE_WITH_UNIT (LENGTH_MEASURE( 1.000000000000000100E-005 ), #1313, 'distance_accuracy_value', 'NONE');
#2257 = VECTOR ( 'NONE', #3764, 1000.000000000000000 ) ;
#2258 = EDGE_CURVE ( 'NONE', #884, #2637, #3853, .T. ) ;
#2259 = SURFACE_STYLE_USAGE ( .BOTH. , #3879 ) ;
#2260 = PRESENTATION_STYLE_ASSIGNMENT (( #119 ) ) ;
#2261 = ORIENTED_EDGE ( 'NONE', *, *, #2152, .F. ) ;
#2262 = FILL_AREA_STYLE ('',( #1294 ) ) ;
#2263 =( GEOMETRIC_REPRESENTATION_CONTEXT ( 3 ) GLOBAL_UNCERTAINTY_ASSIGNED_CONTEXT ( ( #3154 ) ) GLOBAL_UNIT_ASSIGNED_CONTEXT ( ( #4040, #95, #425 ) ) REPRESENTATION_CONTEXT ( 'NONE', 'WORKASPACE' ) );
#2264 = LINE ( 'NONE', #1707, #2172 ) ;
#2265 = CARTESIAN_POINT ( 'NONE',  ( -2.250000000000001300, 0.9499999999999999600, -2.700000000000000200 ) ) ;
#2266 = LINE ( 'NONE', #734, #2675 ) ;
#2267 = STYLED_ITEM ( 'NONE', ( #1254 ), #1474 ) ;
#2268 = VECTOR ( 'NONE', #3162, 1000.000000000000000 ) ;
#2269 = ORIENTED_EDGE ( 'NONE', *, *, #2920, .F. ) ;
#2270 = ORIENTED_EDGE ( 'NONE', *, *, #3292, .T. ) ;
#2271 = AXIS2_PLACEMENT_3D ( 'NONE', #2776, #3762, #3463 ) ;
#2272 = DIRECTION ( 'NONE',  ( -0.0000000000000000000, -1.000000000000000000, -0.0000000000000000000 ) ) ;
#2273 = PLANE ( 'NONE',  #68 ) ;
#2274 = PRESENTATION_STYLE_ASSIGNMENT (( #877 ) ) ;
#2275 = UNCERTAINTY_MEASURE_WITH_UNIT (LENGTH_MEASURE( 1.000000000000000100E-005 ), #3066, 'distance_accuracy_value', 'NONE');
#2276 = ORIENTED_EDGE ( 'NONE', *, *, #2382, .F. ) ;
#2277 = DIRECTION ( 'NONE',  ( -0.0000000000000000000, 0.0000000000000000000, -1.000000000000000000 ) ) ;
#2278 = ORIENTED_EDGE ( 'NONE', *, *, #898, .F. ) ;
#2279 = MECHANICAL_DESIGN_GEOMETRIC_PRESENTATION_REPRESENTATION (  '', ( #2889 ), #3742 ) ;
#2280 = ORIENTED_EDGE ( 'NONE', *, *, #3695, .T. ) ;
#2281 = VERTEX_POINT ( 'NONE', #4029 ) ;
#2282 = LINE ( 'NONE', #1102, #1034 ) ;
#2283 = VERTEX_POINT ( 'NONE', #2715 ) ;
#2284 = DIRECTION ( 'NONE',  ( 0.7071067811865474600, 0.0000000000000000000, -0.7071067811865474600 ) ) ;
#2285 = PRESENTATION_LAYER_ASSIGNMENT (  '', '', ( #3029 ) ) ;
#2286 = EDGE_LOOP ( 'NONE', ( #3403, #1228, #2391, #3167, #1697, #2717, #2958 ) ) ;
#2287 = CARTESIAN_POINT ( 'NONE',  ( 1.700000000000000000, 0.05000000000000000300, 0.0000000000000000000 ) ) ;
#2288 = PRESENTATION_STYLE_ASSIGNMENT (( #1100 ) ) ;
#2289 = CARTESIAN_POINT ( 'NONE',  ( 2.109999999999999900, 0.05000000000000000300, 0.0000000000000000000 ) ) ;
#2290 = VERTEX_POINT ( 'NONE', #1356 ) ;
#2291 = FACE_OUTER_BOUND ( 'NONE', #2476, .T. ) ;
#2292 = DIRECTION ( 'NONE',  ( 0.0000000000000000000, 0.0000000000000000000, 1.000000000000000000 ) ) ;
#2293 = SURFACE_STYLE_USAGE ( .BOTH. , #309 ) ;
#2294 = LINE ( 'NONE', #1328, #793 ) ;
#2295 = COLOUR_RGB ( '',0.7686274509803920900, 0.7686274509803920900, 0.7686274509803920900 ) ;
#2296 = EDGE_LOOP ( 'NONE', ( #2846, #3676 ) ) ;
#2297 = AXIS2_PLACEMENT_3D ( 'NONE', #2676, #412, #3693 ) ;
#2298 = CARTESIAN_POINT ( 'NONE',  ( 0.4799999999999999800, -0.05000000000000005100, -3.049999999999999400 ) ) ;
#2299 =( LENGTH_UNIT ( ) NAMED_UNIT ( * ) SI_UNIT ( .MILLI., .METRE. ) );
#2300 = UNCERTAINTY_MEASURE_WITH_UNIT (LENGTH_MEASURE( 1.000000000000000100E-005 ), #2501, 'distance_accuracy_value', 'NONE');
#2301 = EDGE_CURVE ( 'NONE', #1133, #2369, #2854, .T. ) ;
#2302 = STYLED_ITEM ( 'NONE', ( #607 ), #3352 ) ;
#2303 =( NAMED_UNIT ( * ) PLANE_ANGLE_UNIT ( ) SI_UNIT ( $, .RADIAN. ) );
#2304 = CARTESIAN_POINT ( 'NONE',  ( -2.250000000000000900, 0.7500000000097771800, 2.899999999987449100 ) ) ;
#2305 = VERTEX_POINT ( 'NONE', #3678 ) ;
#2306 = PRESENTATION_STYLE_ASSIGNMENT (( #308 ) ) ;
#2307 = EDGE_CURVE ( 'NONE', #578, #1323, #2899, .T. ) ;
#2308 = FILL_AREA_STYLE ('',( #696 ) ) ;
#2309 = CARTESIAN_POINT ( 'NONE',  ( -0.4299999999999998800, 0.0000000000000000000, -2.899999999999999900 ) ) ;
#2310 = DIRECTION ( 'NONE',  ( 0.0000000000000000000, 1.000000000000000000, -0.0000000000000000000 ) ) ;
#2311 =( GEOMETRIC_REPRESENTATION_CONTEXT ( 3 ) GLOBAL_UNCERTAINTY_ASSIGNED_CONTEXT ( ( #1019 ) ) GLOBAL_UNIT_ASSIGNED_CONTEXT ( ( #2896, #3958, #913 ) ) REPRESENTATION_CONTEXT ( 'NONE', 'WORKASPACE' ) );
#2312 = DIRECTION ( 'NONE',  ( -0.0000000000000000000, 0.0000000000000000000, 1.000000000000000000 ) ) ;
#2313 = CARTESIAN_POINT ( 'NONE',  ( 0.4299999999999999900, 0.0000000000000000000, 0.0000000000000000000 ) ) ;
#2314 = VECTOR ( 'NONE', #3135, 1000.000000000000100 ) ;
#2315 = ORIENTED_EDGE ( 'NONE', *, *, #1138, .T. ) ;
#2316 = STYLED_ITEM ( 'NONE', ( #516 ), #1757 ) ;
#2317 = EDGE_LOOP ( 'NONE', ( #662, #4214, #1158 ) ) ;
#2318 = VERTEX_POINT ( 'NONE', #50 ) ;
#2319 = LINE ( 'NONE', #2313, #560 ) ;
#2320 = ORIENTED_EDGE ( 'NONE', *, *, #1022, .T. ) ;
#2321 = EDGE_CURVE ( 'NONE', #3055, #668, #194, .T. ) ;
#2322 = VECTOR ( 'NONE', #1921, 1000.000000000000000 ) ;
#2323 =( GEOMETRIC_REPRESENTATION_CONTEXT ( 3 ) GLOBAL_UNCERTAINTY_ASSIGNED_CONTEXT ( ( #1265 ) ) GLOBAL_UNIT_ASSIGNED_CONTEXT ( ( #161, #465, #451 ) ) REPRESENTATION_CONTEXT ( 'NONE', 'WORKASPACE' ) );
#2324 =( NAMED_UNIT ( * ) PLANE_ANGLE_UNIT ( ) SI_UNIT ( $, .RADIAN. ) );
#2325 = DIRECTION ( 'NONE',  ( -0.7071067811865475700, 0.0000000000000000000, 0.7071067811865475700 ) ) ;
#2326 = CARTESIAN_POINT ( 'NONE',  ( 2.550000000000000300, -0.05000000000000000300, -0.2950000000000000400 ) ) ;
#2327 =( NAMED_UNIT ( * ) SI_UNIT ( $, .STERADIAN. ) SOLID_ANGLE_UNIT ( ) );
#2328 = CARTESIAN_POINT ( 'NONE',  ( -2.250000000000000400, 0.9500000000000001800, -2.700000000000001100 ) ) ;
#2329 = ORIENTED_EDGE ( 'NONE', *, *, #4288, .T. ) ;
#2330 = ORIENTED_EDGE ( 'NONE', *, *, #845, .F. ) ;
#2331 = ORIENTED_EDGE ( 'NONE', *, *, #102, .F. ) ;
#2332 = VECTOR ( 'NONE', #2176, 1000.000000000000000 ) ;
#2333 = EDGE_CURVE ( 'NONE', #1239, #325, #1032, .T. ) ;
#2334 = CIRCLE ( 'NONE', #3186, 0.1499999999999999700 ) ;
#2335 = DIRECTION ( 'NONE',  ( -0.0000000000000000000, 1.000000000000000000, -0.0000000000000000000 ) ) ;
#2336 = LINE ( 'NONE', #171, #3716 ) ;
#2337 = MECHANICAL_DESIGN_GEOMETRIC_PRESENTATION_REPRESENTATION (  '', ( #4033 ), #3940 ) ;
#2338 = CARTESIAN_POINT ( 'NONE',  ( -0.4299999999999999900, 0.05000000000000000300, -3.000000000000000400 ) ) ;
#2339 = VERTEX_POINT ( 'NONE', #727 ) ;
#2340 = SURFACE_STYLE_FILL_AREA ( #2308 ) ;
#2341 =( NAMED_UNIT ( * ) PLANE_ANGLE_UNIT ( ) SI_UNIT ( $, .RADIAN. ) );
#2342 = CARTESIAN_POINT ( 'NONE',  ( 6.092183635871000200E-017, 0.05000000000000000300, -0.2950000000000000400 ) ) ;
#2343 = ADVANCED_FACE ( 'NONE', ( #4222 ), #1060, .F. ) ;
#2344 = DIRECTION ( 'NONE',  ( -1.495451272394000000E-016, 0.0000000000000000000, -1.000000000000000000 ) ) ;
#2345 = ORIENTED_EDGE ( 'NONE', *, *, #3219, .F. ) ;
#2346 = CARTESIAN_POINT ( 'NONE',  ( 2.450000000000000200, 0.7499999999977830000, -2.700000000000000200 ) ) ;
#2347 = PRESENTATION_STYLE_ASSIGNMENT (( #2438 ) ) ;
#2348 = FILL_AREA_STYLE_COLOUR ( '', #3326 ) ;
#2349 = LINE ( 'NONE', #3612, #3130 ) ;
#2350 = AXIS2_PLACEMENT_3D ( 'NONE', #871, #2218, #3174 ) ;
#2351 = VECTOR ( 'NONE', #905, 1000.000000000000000 ) ;
#2352 = UNCERTAINTY_MEASURE_WITH_UNIT (LENGTH_MEASURE( 1.000000000000000100E-005 ), #2840, 'distance_accuracy_value', 'NONE');
#2353 =( NAMED_UNIT ( * ) PLANE_ANGLE_UNIT ( ) SI_UNIT ( $, .RADIAN. ) );
#2354 =( GEOMETRIC_REPRESENTATION_CONTEXT ( 3 ) GLOBAL_UNCERTAINTY_ASSIGNED_CONTEXT ( ( #3989 ) ) GLOBAL_UNIT_ASSIGNED_CONTEXT ( ( #572, #2870, #1211 ) ) REPRESENTATION_CONTEXT ( 'NONE', 'WORKASPACE' ) );
#2355 = UNCERTAINTY_MEASURE_WITH_UNIT (LENGTH_MEASURE( 1.000000000000000100E-005 ), #1704, 'distance_accuracy_value', 'NONE');
#2356 = PLANE ( 'NONE',  #2877 ) ;
#2357 = VECTOR ( 'NONE', #701, 1000.000000000000000 ) ;
#2358 = PLANE ( 'NONE',  #823 ) ;
#2359 = DIRECTION ( 'NONE',  ( -0.0000000000000000000, 0.0000000000000000000, -1.000000000000000000 ) ) ;
#2360 =( GEOMETRIC_REPRESENTATION_CONTEXT ( 3 ) GLOBAL_UNCERTAINTY_ASSIGNED_CONTEXT ( ( #1480 ) ) GLOBAL_UNIT_ASSIGNED_CONTEXT ( ( #640, #915, #3229 ) ) REPRESENTATION_CONTEXT ( 'NONE', 'WORKASPACE' ) );
#2361 = DIRECTION ( 'NONE',  ( 0.7071067811865474600, 0.0000000000000000000, 0.7071067811865474600 ) ) ;
#2362 = SURFACE_STYLE_FILL_AREA ( #3431 ) ;
#2363 = CARTESIAN_POINT ( 'NONE',  ( 2.060000000000000100, 0.05000000000000000300, 3.049999999999999800 ) ) ;
#2364 = AXIS2_PLACEMENT_3D ( 'NONE', #664, #2979, #997 ) ;
#2365 = ORIENTED_EDGE ( 'NONE', *, *, #1792, .F. ) ;
#2366 = CARTESIAN_POINT ( 'NONE',  ( 2.075000000000000200, 0.0000000000000000000, -0.2949999999999968800 ) ) ;
#2367 = CARTESIAN_POINT ( 'NONE',  ( 0.0000000000000000000, -0.05000000000000000300, 2.609999999999999900 ) ) ;
#2368 =( GEOMETRIC_REPRESENTATION_CONTEXT ( 3 ) GLOBAL_UNCERTAINTY_ASSIGNED_CONTEXT ( ( #948 ) ) GLOBAL_UNIT_ASSIGNED_CONTEXT ( ( #2136, #3743, #1155 ) ) REPRESENTATION_CONTEXT ( 'NONE', 'WORKASPACE' ) );
#2369 = VERTEX_POINT ( 'NONE', #3331 ) ;
#2370 = FILL_AREA_STYLE_COLOUR ( '', #1064 ) ;
#2371 = DIRECTION ( 'NONE',  ( 0.0000000000000000000, 1.000000000000000000, 0.0000000000000000000 ) ) ;
#2372 = FACE_OUTER_BOUND ( 'NONE', #2020, .T. ) ;
#2373 = DIRECTION ( 'NONE',  ( 0.0000000000000000000, 0.0000000000000000000, 1.000000000000000000 ) ) ;
#2374 = FACE_OUTER_BOUND ( 'NONE', #58, .T. ) ;
#2375 = ORIENTED_EDGE ( 'NONE', *, *, #219, .F. ) ;
#2376 = AXIS2_PLACEMENT_3D ( 'NONE', #2632, #3588, #2277 ) ;
#2377 = UNCERTAINTY_MEASURE_WITH_UNIT (LENGTH_MEASURE( 1.000000000000000100E-005 ), #1826, 'distance_accuracy_value', 'NONE');
#2378 = ORIENTED_EDGE ( 'NONE', *, *, #2699, .F. ) ;
#2379 = PRESENTATION_STYLE_ASSIGNMENT (( #2475 ) ) ;
#2380 = ORIENTED_EDGE ( 'NONE', *, *, #4225, .T. ) ;
#2381 = COLOUR_RGB ( '',0.7686274509803920900, 0.7686274509803920900, 0.7686274509803920900 ) ;
#2382 = EDGE_CURVE ( 'NONE', #2493, #1395, #2681, .T. ) ;
#2383 = VERTEX_POINT ( 'NONE', #3664 ) ;
#2384 =( GEOMETRIC_REPRESENTATION_CONTEXT ( 3 ) GLOBAL_UNCERTAINTY_ASSIGNED_CONTEXT ( ( #4110 ) ) GLOBAL_UNIT_ASSIGNED_CONTEXT ( ( #3501, #1238, #1854 ) ) REPRESENTATION_CONTEXT ( 'NONE', 'WORKASPACE' ) );
#2385 = LINE ( 'NONE', #423, #1513 ) ;
#2386 = DIRECTION ( 'NONE',  ( 0.0000000000000000000, -0.0000000000000000000, 1.000000000000000000 ) ) ;
#2387 = CARTESIAN_POINT ( 'NONE',  ( 0.8400000000000000800, 0.05000000000000000300, -3.049999999999999800 ) ) ;
#2388 = PLANE ( 'NONE',  #1925 ) ;
#2389 = ADVANCED_FACE ( 'NONE', ( #2372 ), #3072, .T. ) ;
#2390 =( NAMED_UNIT ( * ) SI_UNIT ( $, .STERADIAN. ) SOLID_ANGLE_UNIT ( ) );
#2391 = ORIENTED_EDGE ( 'NONE', *, *, #2504, .F. ) ;
#2392 = DIRECTION ( 'NONE',  ( 0.7071067811865475700, 0.0000000000000000000, 0.7071067811865475700 ) ) ;
#2393 =( NAMED_UNIT ( * ) PLANE_ANGLE_UNIT ( ) SI_UNIT ( $, .RADIAN. ) );
#2394 = LINE ( 'NONE', #3369, #3223 ) ;
#2395 = STYLED_ITEM ( 'NONE', ( #1589 ), #2811 ) ;
#2396 = FILL_AREA_STYLE_COLOUR ( '', #1541 ) ;
#2397 = EDGE_CURVE ( 'NONE', #1176, #611, #4232, .T. ) ;
#2398 = ORIENTED_EDGE ( 'NONE', *, *, #3919, .F. ) ;
#2399 = DIRECTION ( 'NONE',  ( -2.710505433375735000E-016, -1.000000000000000000, 0.0000000000000000000 ) ) ;
#2400 = VECTOR ( 'NONE', #1055, 1000.000000000000000 ) ;
#2401 = DIRECTION ( 'NONE',  ( 0.7071067811865474600, 0.0000000000000000000, -0.7071067811865474600 ) ) ;
#2402 =( GEOMETRIC_REPRESENTATION_CONTEXT ( 3 ) GLOBAL_UNCERTAINTY_ASSIGNED_CONTEXT ( ( #3322 ) ) GLOBAL_UNIT_ASSIGNED_CONTEXT ( ( #752, #2694, #1042 ) ) REPRESENTATION_CONTEXT ( 'NONE', 'WORKASPACE' ) );
#2403 = EDGE_LOOP ( 'NONE', ( #3398, #3486, #4129, #724 ) ) ;
#2404 = CARTESIAN_POINT ( 'NONE',  ( 2.250000000000000400, 0.9499999999999999600, 2.700000000000000200 ) ) ;
#2405 = DIRECTION ( 'NONE',  ( 0.0000000000000000000, 0.0000000000000000000, 1.000000000000000000 ) ) ;
#2406 = CARTESIAN_POINT ( 'NONE',  ( -2.450000000000000200, 0.9499999999999999600, -2.700000000000000200 ) ) ;
#2407 = FILL_AREA_STYLE_COLOUR ( '', #2727 ) ;
#2408 =( NAMED_UNIT ( * ) PLANE_ANGLE_UNIT ( ) SI_UNIT ( $, .RADIAN. ) );
#2409 = VECTOR ( 'NONE', #1528, 1000.000000000000000 ) ;
#2410 = STYLED_ITEM ( 'NONE', ( #1503 ), #2062 ) ;
#2411 = FILL_AREA_STYLE_COLOUR ( '', #2381 ) ;
#2412 = UNCERTAINTY_MEASURE_WITH_UNIT (LENGTH_MEASURE( 1.000000000000000100E-005 ), #3418, 'distance_accuracy_value', 'NONE');
#2413 = DIRECTION ( 'NONE',  ( -1.000000000000000000, 0.0000000000000000000, 0.0000000000000000000 ) ) ;
#2414 = ADVANCED_FACE ( 'NONE', ( #40 ), #2696, .F. ) ;
#2415 =( NAMED_UNIT ( * ) SI_UNIT ( $, .STERADIAN. ) SOLID_ANGLE_UNIT ( ) );
#2416 =( LENGTH_UNIT ( ) NAMED_UNIT ( * ) SI_UNIT ( .MILLI., .METRE. ) );
#2417 = EDGE_CURVE ( 'NONE', #3257, #3706, #1713, .T. ) ;
#2418 = PRODUCT_DEFINITION_SHAPE ( 'NONE', 'NONE',  #2868 ) ;
#2419 = LINE ( 'NONE', #421, #1582 ) ;
#2420 = ORIENTED_EDGE ( 'NONE', *, *, #215, .F. ) ;
#2421 =( NAMED_UNIT ( * ) SI_UNIT ( $, .STERADIAN. ) SOLID_ANGLE_UNIT ( ) );
#2422 = FILL_AREA_STYLE ('',( #3385 ) ) ;
#2423 =( NAMED_UNIT ( * ) PLANE_ANGLE_UNIT ( ) SI_UNIT ( $, .RADIAN. ) );
#2424 = LINE ( 'NONE', #3671, #3889 ) ;
#2425 = ORIENTED_EDGE ( 'NONE', *, *, #300, .F. ) ;
#2426 = PRESENTATION_STYLE_ASSIGNMENT (( #3512 ) ) ;
#2427 = SURFACE_STYLE_USAGE ( .BOTH. , #356 ) ;
#2428 = CARTESIAN_POINT ( 'NONE',  ( 0.4800000000000000400, 0.05000000000000000300, -3.049999999999999800 ) ) ;
#2429 = LINE ( 'NONE', #1637, #1314 ) ;
#2430 = ORIENTED_EDGE ( 'NONE', *, *, #3144, .F. ) ;
#2431 = FILL_AREA_STYLE_COLOUR ( '', #3261 ) ;
#2432 = VERTEX_POINT ( 'NONE', #2363 ) ;
#2433 = PRESENTATION_LAYER_ASSIGNMENT (  '', '', ( #2942 ) ) ;
#2434 = DIRECTION ( 'NONE',  ( 0.0000000000000000000, 0.0000000000000000000, 1.000000000000000000 ) ) ;
#2435 = LINE ( 'NONE', #622, #394 ) ;
#2436 = ORIENTED_EDGE ( 'NONE', *, *, #1271, .T. ) ;
#2437 = PLANE ( 'NONE',  #3530 ) ;
#2438 = SURFACE_STYLE_USAGE ( .BOTH. , #3657 ) ;
#2439 = ADVANCED_FACE ( 'NONE', ( #3451 ), #279, .T. ) ;
#2440 =( GEOMETRIC_REPRESENTATION_CONTEXT ( 3 ) GLOBAL_UNCERTAINTY_ASSIGNED_CONTEXT ( ( #116 ) ) GLOBAL_UNIT_ASSIGNED_CONTEXT ( ( #1760, #4035, #2421 ) ) REPRESENTATION_CONTEXT ( 'NONE', 'WORKASPACE' ) );
#2441 = ORIENTED_EDGE ( 'NONE', *, *, #1800, .F. ) ;
#2442 = CARTESIAN_POINT ( 'NONE',  ( -2.450000000000000200, 0.05000000000000002400, 2.899999999999999900 ) ) ;
#2443 = ORIENTED_EDGE ( 'NONE', *, *, #4048, .T. ) ;
#2444 = LINE ( 'NONE', #3252, #783 ) ;
#2445 = FILL_AREA_STYLE ('',( #2431 ) ) ;
#2446 =( NAMED_UNIT ( * ) PLANE_ANGLE_UNIT ( ) SI_UNIT ( $, .RADIAN. ) );
#2447 = VERTEX_POINT ( 'NONE', #1172 ) ;
#2448 = LINE ( 'NONE', #2878, #3611 ) ;
#2449 = EDGE_CURVE ( 'NONE', #1395, #452, #2636, .T. ) ;
#2450 =( GEOMETRIC_REPRESENTATION_CONTEXT ( 3 ) GLOBAL_UNCERTAINTY_ASSIGNED_CONTEXT ( ( #3648 ) ) GLOBAL_UNIT_ASSIGNED_CONTEXT ( ( #2106, #1106, #3722 ) ) REPRESENTATION_CONTEXT ( 'NONE', 'WORKASPACE' ) );
#2451 =( REPRESENTATION_RELATIONSHIP ('NONE','NONE', #3566, #505 ) REPRESENTATION_RELATIONSHIP_WITH_TRANSFORMATION ( #1688 )SHAPE_REPRESENTATION_RELATIONSHIP( ) );
#2452 = FILL_AREA_STYLE ('',( #3730 ) ) ;
#2453 = SURFACE_STYLE_USAGE ( .BOTH. , #2829 ) ;
#2454 = EDGE_LOOP ( 'NONE', ( #3216, #4096, #251, #931, #3396, #2441, #1941 ) ) ;
#2455 = PLANE ( 'NONE',  #1817 ) ;
#2456 = ORIENTED_EDGE ( 'NONE', *, *, #3996, .T. ) ;
#2457 = EDGE_CURVE ( 'NONE', #2135, #2223, #3511, .T. ) ;
#2458 = ADVANCED_FACE ( 'NONE', ( #1327 ), #165, .F. ) ;
#2459 = DIRECTION ( 'NONE',  ( -0.0000000000000000000, 1.000000000000000000, -0.0000000000000000000 ) ) ;
#2460 =( NAMED_UNIT ( * ) PLANE_ANGLE_UNIT ( ) SI_UNIT ( $, .RADIAN. ) );
#2461 = FACE_OUTER_BOUND ( 'NONE', #30, .T. ) ;
#2462 = AXIS2_PLACEMENT_3D ( 'NONE', #3688, #354, #1376 ) ;
#2463 = PLANE ( 'NONE',  #2492 ) ;
#2464 = FILL_AREA_STYLE ('',( #2182 ) ) ;
#2465 = CARTESIAN_POINT ( 'NONE',  ( 1.750000000000000000, -0.05000000000000005800, 3.049999999999999800 ) ) ;
#2466 =( NAMED_UNIT ( * ) PLANE_ANGLE_UNIT ( ) SI_UNIT ( $, .RADIAN. ) );
#2467 =( GEOMETRIC_REPRESENTATION_CONTEXT ( 3 ) GLOBAL_UNCERTAINTY_ASSIGNED_CONTEXT ( ( #4142 ) ) GLOBAL_UNIT_ASSIGNED_CONTEXT ( ( #234, #3898, #549 ) ) REPRESENTATION_CONTEXT ( 'NONE', 'WORKASPACE' ) );
#2468 = LINE ( 'NONE', #151, #1584 ) ;
#2469 = CARTESIAN_POINT ( 'NONE',  ( 2.250000000000000400, 0.0000000000000000000, 2.700000000000000200 ) ) ;
#2470 = STYLED_ITEM ( 'NONE', ( #605 ), #3438 ) ;
#2471 = DIRECTION ( 'NONE',  ( 0.0000000000000000000, 0.0000000000000000000, 1.000000000000000000 ) ) ;
#2472 =( LENGTH_UNIT ( ) NAMED_UNIT ( * ) SI_UNIT ( .MILLI., .METRE. ) );
#2473 = ADVANCED_FACE ( 'NONE', ( #663 ), #2540, .T. ) ;
#2474 = COLOUR_RGB ( '',0.7686274509803920900, 0.7686274509803920900, 0.7686274509803920900 ) ;
#2475 = SURFACE_STYLE_USAGE ( .BOTH. , #2156 ) ;
#2476 = EDGE_LOOP ( 'NONE', ( #1246, #4231, #414, #1595 ) ) ;
#2477 = EDGE_CURVE ( 'NONE', #3950, #1093, #333, .T. ) ;
#2478 = FILL_AREA_STYLE_COLOUR ( '', #307 ) ;
#2479 =( NAMED_UNIT ( * ) SI_UNIT ( $, .STERADIAN. ) SOLID_ANGLE_UNIT ( ) );
#2480 = ORIENTED_EDGE ( 'NONE', *, *, #3685, .F. ) ;
#2481 = DIRECTION ( 'NONE',  ( -0.7071067811865505700, 0.0000000000000000000, -0.7071067811865444600 ) ) ;
#2482 = CARTESIAN_POINT ( 'NONE',  ( -0.4299999999999999900, -0.05000000000000000300, -2.439999999999999900 ) ) ;
#2483 = COLOUR_RGB ( '',0.7686274509803920900, 0.7686274509803920900, 0.7686274509803920900 ) ;
#2484 = CARTESIAN_POINT ( 'NONE',  ( 0.0000000000000000000, -0.05000000000000000300, -3.049999999999999800 ) ) ;
#2485 = ORIENTED_EDGE ( 'NONE', *, *, #4122, .F. ) ;
#2486 = VERTEX_POINT ( 'NONE', #2847 ) ;
#2487 = ORIENTED_EDGE ( 'NONE', *, *, #3268, .F. ) ;
#2488 = SURFACE_STYLE_FILL_AREA ( #704 ) ;
#2489 = DIRECTION ( 'NONE',  ( -1.000000000000000000, -0.0000000000000000000, -2.065146995210000000E-016 ) ) ;
#2490 = DIRECTION ( 'NONE',  ( 0.7071067811865474600, 0.0000000000000000000, -0.7071067811865474600 ) ) ;
#2491 = DIRECTION ( 'NONE',  ( 1.000000000000000000, 0.0000000000000000000, 0.0000000000000000000 ) ) ;
#2492 = AXIS2_PLACEMENT_3D ( 'NONE', #490, #2471, #476 ) ;
#2493 = VERTEX_POINT ( 'NONE', #2874 ) ;
#2494 = SURFACE_SIDE_STYLE ('',( #634 ) ) ;
#2495 = PRESENTATION_STYLE_ASSIGNMENT (( #2427 ) ) ;
#2496 = CARTESIAN_POINT ( 'NONE',  ( 0.8400000000000000800, 0.05000000000000000300, -3.000000000000000000 ) ) ;
#2497 = FILL_AREA_STYLE_COLOUR ( '', #2231 ) ;
#2498 =( GEOMETRIC_REPRESENTATION_CONTEXT ( 3 ) GLOBAL_UNCERTAINTY_ASSIGNED_CONTEXT ( ( #4269 ) ) GLOBAL_UNIT_ASSIGNED_CONTEXT ( ( #2723, #2408, #63 ) ) REPRESENTATION_CONTEXT ( 'NONE', 'WORKASPACE' ) );
#2499 = FILL_AREA_STYLE ('',( #2734 ) ) ;
#2500 = VECTOR ( 'NONE', #4114, 1000.000000000000000 ) ;
#2501 =( LENGTH_UNIT ( ) NAMED_UNIT ( * ) SI_UNIT ( .MILLI., .METRE. ) );
#2502 = VECTOR ( 'NONE', #2687, 1000.000000000000000 ) ;
#2503 = LINE ( 'NONE', #3760, #2713 ) ;
#2504 = EDGE_CURVE ( 'NONE', #1129, #470, #3053, .T. ) ;
#2505 = STYLED_ITEM ( 'NONE', ( #817 ), #3771 ) ;
#2506 = PLANE ( 'NONE',  #1601 ) ;
#2507 =( LENGTH_UNIT ( ) NAMED_UNIT ( * ) SI_UNIT ( .MILLI., .METRE. ) );
#2508 = FILL_AREA_STYLE ('',( #4161 ) ) ;
#2509 = PLANE ( 'NONE',  #591 ) ;
#2510 = CARTESIAN_POINT ( 'NONE',  ( 1.850000000000000100, 0.9399999999999999500, -2.149999999999999900 ) ) ;
#2511 = DIRECTION ( 'NONE',  ( -0.0000000000000000000, 0.0000000000000000000, -1.000000000000000000 ) ) ;
#2512 =( LENGTH_UNIT ( ) NAMED_UNIT ( * ) SI_UNIT ( .MILLI., .METRE. ) );
#2513 = MECHANICAL_DESIGN_GEOMETRIC_PRESENTATION_REPRESENTATION (  '', ( #1479 ), #3324 ) ;
#2514 = ORIENTED_EDGE ( 'NONE', *, *, #4223, .F. ) ;
#2515 = CARTESIAN_POINT ( 'NONE',  ( 2.250000000000000400, 0.0000000000000000000, -2.700000000000000200 ) ) ;
#2516 = VECTOR ( 'NONE', #3008, 1000.000000000000000 ) ;
#2517 = STYLED_ITEM ( 'NONE', ( #816 ), #1497 ) ;
#2518 =( LENGTH_UNIT ( ) NAMED_UNIT ( * ) SI_UNIT ( .MILLI., .METRE. ) );
#2519 = FILL_AREA_STYLE_COLOUR ( '', #2474 ) ;
#2520 = ORIENTED_EDGE ( 'NONE', *, *, #721, .F. ) ;
#2521 = VECTOR ( 'NONE', #1861, 1000.000000000000000 ) ;
#2522 = CARTESIAN_POINT ( 'NONE',  ( -2.075000000000000200, 0.0000000000000000000, -1.240000000000000000 ) ) ;
#2523 = CARTESIAN_POINT ( 'NONE',  ( -2.450000000000000200, 0.0000000000000000000, 2.899999999999999900 ) ) ;
#2524 = VECTOR ( 'NONE', #2011, 1000.000000000000000 ) ;
#2525 = VECTOR ( 'NONE', #473, 1000.000000000000000 ) ;
#2526 =( NAMED_UNIT ( * ) SI_UNIT ( $, .STERADIAN. ) SOLID_ANGLE_UNIT ( ) );
#2527 =( NAMED_UNIT ( * ) PLANE_ANGLE_UNIT ( ) SI_UNIT ( $, .RADIAN. ) );
#2528 = EDGE_CURVE ( 'NONE', #39, #1888, #2996, .T. ) ;
#2529 =( GEOMETRIC_REPRESENTATION_CONTEXT ( 3 ) GLOBAL_UNCERTAINTY_ASSIGNED_CONTEXT ( ( #1080 ) ) GLOBAL_UNIT_ASSIGNED_CONTEXT ( ( #1716, #743, #2746 ) ) REPRESENTATION_CONTEXT ( 'NONE', 'WORKASPACE' ) );
#2530 = EDGE_LOOP ( 'NONE', ( #1268, #2892, #1047, #353, #601, #400, #1746, #1606, #3873, #1433, #327, #3307, #3815, #3170, #3454, #1168, #2230, #2224, #887, #1779, #388, #1500, #2539, #648, #1028, #1422 ) ) ;
#2531 = FILL_AREA_STYLE_COLOUR ( '', #1563 ) ;
#2532 =( NAMED_UNIT ( * ) SI_UNIT ( $, .STERADIAN. ) SOLID_ANGLE_UNIT ( ) );
#2533 = COLOUR_RGB ( '',0.7686274509803920900, 0.7686274509803920900, 0.7686274509803920900 ) ;
#2534 = ORIENTED_EDGE ( 'NONE', *, *, #2056, .F. ) ;
#2535 = EDGE_CURVE ( 'NONE', #3697, #497, #1884, .T. ) ;
#2536 = DIRECTION ( 'NONE',  ( 0.7071067811865521200, 0.0000000000000000000, 0.7071067811865430200 ) ) ;
#2537 = ORIENTED_EDGE ( 'NONE', *, *, #4081, .F. ) ;
#2538 = VECTOR ( 'NONE', #2246, 1000.000000000000000 ) ;
#2539 = ORIENTED_EDGE ( 'NONE', *, *, #4168, .F. ) ;
#2540 = CYLINDRICAL_SURFACE ( 'NONE', #1311, 0.2000000000000000900 ) ;
#2541 = PRESENTATION_LAYER_ASSIGNMENT (  '', '', ( #3545 ) ) ;
#2542 = FILL_AREA_STYLE ('',( #3845 ) ) ;
#2543 = EDGE_LOOP ( 'NONE', ( #3472, #2970, #3710, #3931, #1090, #155 ) ) ;
#2544 = VERTEX_POINT ( 'NONE', #925 ) ;
#2545 = UNCERTAINTY_MEASURE_WITH_UNIT (LENGTH_MEASURE( 1.000000000000000100E-005 ), #2299, 'distance_accuracy_value', 'NONE');
#2546 = CARTESIAN_POINT ( 'NONE',  ( 2.075000000000000200, -0.05000000000000000300, -0.7049999999999964100 ) ) ;
#2547 = DIRECTION ( 'NONE',  ( 0.0000000000000000000, 0.7071067811865475700, 0.7071067811865475700 ) ) ;
#2548 = PRESENTATION_LAYER_ASSIGNMENT (  '', '', ( #1212 ) ) ;
#2549 = VECTOR ( 'NONE', #3835, 1000.000000000000000 ) ;
#2550 = FILL_AREA_STYLE ('',( #510 ) ) ;
#2551 = FACE_BOUND ( 'NONE', #711, .T. ) ;
#2552 = CARTESIAN_POINT ( 'NONE',  ( 1.649999999999999700, -0.05000000000000007200, 2.609999999999999900 ) ) ;
#2553 = EDGE_CURVE ( 'NONE', #2383, #1505, #1443, .T. ) ;
#2554 = PRESENTATION_LAYER_ASSIGNMENT (  '', '', ( #3653 ) ) ;
#2555 = SURFACE_STYLE_FILL_AREA ( #4068 ) ;
#2556 = FILL_AREA_STYLE ('',( #895 ) ) ;
#2557 = CARTESIAN_POINT ( 'NONE',  ( 2.450000000000001100, 0.0000000000000000000, 2.700000000000000200 ) ) ;
#2558 = ORIENTED_EDGE ( 'NONE', *, *, #4234, .T. ) ;
#2559 = PRODUCT_DEFINITION_FORMATION_WITH_SPECIFIED_SOURCE ( 'ANY', '', #4182, .NOT_KNOWN. ) ;
#2560 = CARTESIAN_POINT ( 'NONE',  ( -2.450000000000000200, 0.05000000000000002400, -2.899999999999999900 ) ) ;
#2561 = EDGE_CURVE ( 'NONE', #2281, #1520, #402, .T. ) ;
#2562 = FILL_AREA_STYLE_COLOUR ( '', #331 ) ;
#2563 = FILL_AREA_STYLE_COLOUR ( '', #994 ) ;
#2564 = LINE ( 'NONE', #3097, #1058 ) ;
#2565 = CARTESIAN_POINT ( 'NONE',  ( -2.075000000000000200, 0.0000000000000000000, 0.0000000000000000000 ) ) ;
#2566 =( GEOMETRIC_REPRESENTATION_CONTEXT ( 3 ) GLOBAL_UNCERTAINTY_ASSIGNED_CONTEXT ( ( #1160 ) ) GLOBAL_UNIT_ASSIGNED_CONTEXT ( ( #2936, #2991, #1684 ) ) REPRESENTATION_CONTEXT ( 'NONE', 'WORKASPACE' ) );
#2567 = FACE_OUTER_BOUND ( 'NONE', #715, .T. ) ;
#2568 = UNCERTAINTY_MEASURE_WITH_UNIT (LENGTH_MEASURE( 1.000000000000000100E-005 ), #875, 'distance_accuracy_value', 'NONE');
#2569 = VECTOR ( 'NONE', #4127, 1000.000000000000000 ) ;
#2570 = MECHANICAL_DESIGN_GEOMETRIC_PRESENTATION_REPRESENTATION (  '', ( #1840 ), #3389 ) ;
#2571 = FACE_OUTER_BOUND ( 'NONE', #43, .T. ) ;
#2572 = CARTESIAN_POINT ( 'NONE',  ( -0.8400000000000000800, 0.9499999999999999600, -2.899999999999999900 ) ) ;
#2573 = STYLED_ITEM ( 'NONE', ( #245 ), #2770 ) ;
#2574 = CARTESIAN_POINT ( 'NONE',  ( 0.4299999999999999900, 0.05000000000000000300, -3.000000000000000400 ) ) ;
#2575 = COLOUR_RGB ( '',0.7686274509803920900, 0.7686274509803920900, 0.7686274509803920900 ) ;
#2576 = VERTEX_POINT ( 'NONE', #941 ) ;
#2577 = CARTESIAN_POINT ( 'NONE',  ( 2.549999999999999800, 0.05000000000000000300, -0.2949999999999942100 ) ) ;
#2578 = ORIENTED_EDGE ( 'NONE', *, *, #1537, .F. ) ;
#2579 = MECHANICAL_DESIGN_GEOMETRIC_PRESENTATION_REPRESENTATION (  '', ( #2057 ), #633 ) ;
#2580 = ORIENTED_EDGE ( 'NONE', *, *, #865, .T. ) ;
#2581 =( NAMED_UNIT ( * ) PLANE_ANGLE_UNIT ( ) SI_UNIT ( $, .RADIAN. ) );
#2582 = ORIENTED_EDGE ( 'NONE', *, *, #656, .T. ) ;
#2583 = SURFACE_STYLE_FILL_AREA ( #1475 ) ;
#2584 = ORIENTED_EDGE ( 'NONE', *, *, #2965, .T. ) ;
#2585 = CARTESIAN_POINT ( 'NONE',  ( 2.250000000000000400, 0.7499999999955663200, -2.899999999987449100 ) ) ;
#2586 =( NAMED_UNIT ( * ) SI_UNIT ( $, .STERADIAN. ) SOLID_ANGLE_UNIT ( ) );
#2587 = CARTESIAN_POINT ( 'NONE',  ( 0.8400000000000000800, 0.05000000000000000300, -3.000000000000000000 ) ) ;
#2588 = ORIENTED_EDGE ( 'NONE', *, *, #1380, .T. ) ;
#2589 = VECTOR ( 'NONE', #1743, 1000.000000000000000 ) ;
#2590 = AXIS2_PLACEMENT_3D ( 'NONE', #3161, #3797, #1855 ) ;
#2591 = DIRECTION ( 'NONE',  ( 0.0000000000000000000, 0.7071067811865474600, 0.7071067811865474600 ) ) ;
#2592 = VECTOR ( 'NONE', #3325, 1000.000000000000100 ) ;
#2593 = CIRCLE ( 'NONE', #2047, 0.1499999999999999700 ) ;
#2594 = VERTEX_POINT ( 'NONE', #1909 ) ;
#2595 = CARTESIAN_POINT ( 'NONE',  ( 2.075000000000000200, -0.05000000000000000300, 0.0000000000000000000 ) ) ;
#2596 = VECTOR ( 'NONE', #649, 1000.000000000000000 ) ;
#2597 = MECHANICAL_DESIGN_GEOMETRIC_PRESENTATION_REPRESENTATION (  '', ( #2960 ), #4271 ) ;
#2598 = EDGE_LOOP ( 'NONE', ( #2242, #4008, #3908, #1621 ) ) ;
#2599 = SURFACE_STYLE_FILL_AREA ( #2167 ) ;
#2600 = FILL_AREA_STYLE ('',( #939 ) ) ;
#2601 = DIRECTION ( 'NONE',  ( -0.0000000000000000000, -1.000000000000000000, -0.0000000000000000000 ) ) ;
#2602 = EDGE_CURVE ( 'NONE', #3244, #867, #1192, .T. ) ;
#2603 = DIRECTION ( 'NONE',  ( -0.0000000000000000000, -1.000000000000000000, 0.0000000000000000000 ) ) ;
#2604 = CARTESIAN_POINT ( 'NONE',  ( -0.8400000000000000800, 0.05000000000000001700, -2.899999999999999900 ) ) ;
#2605 = VECTOR ( 'NONE', #123, 1000.000000000000000 ) ;
#2606 =( GEOMETRIC_REPRESENTATION_CONTEXT ( 3 ) GLOBAL_UNCERTAINTY_ASSIGNED_CONTEXT ( ( #2275 ) ) GLOBAL_UNIT_ASSIGNED_CONTEXT ( ( #3066, #785, #3429 ) ) REPRESENTATION_CONTEXT ( 'NONE', 'WORKASPACE' ) );
#2607 = CARTESIAN_POINT ( 'NONE',  ( 2.075000000000000200, -0.05000000000000000300, -0.2950000000000000400 ) ) ;
#2609 = ORIENTED_EDGE ( 'NONE', *, *, #3911, .F. ) ;
#2608 = CARTESIAN_POINT ( 'NONE',  ( -2.600000000000000500, 0.05000000000000000300, -0.3449999999999999700 ) ) ;
#2610 = SURFACE_STYLE_FILL_AREA ( #3945 ) ;
#2611 = CARTESIAN_POINT ( 'NONE',  ( 1.850000000000000100, 0.9399999999999999500, -2.299999999999999800 ) ) ;
#2612 =( LENGTH_UNIT ( ) NAMED_UNIT ( * ) SI_UNIT ( .MILLI., .METRE. ) );
#2613 = MECHANICAL_DESIGN_GEOMETRIC_PRESENTATION_REPRESENTATION (  '', ( #853 ), #243 ) ;
#2614 = UNCERTAINTY_MEASURE_WITH_UNIT (LENGTH_MEASURE( 1.000000000000000100E-005 ), #4243, 'distance_accuracy_value', 'NONE');
#2615 = LINE ( 'NONE', #1305, #2524 ) ;
#2616 = DIRECTION ( 'NONE',  ( 0.0000000000000000000, 1.000000000000000000, 0.0000000000000000000 ) ) ;
#2617 = SURFACE_STYLE_FILL_AREA ( #463 ) ;
#2618 = UNCERTAINTY_MEASURE_WITH_UNIT (LENGTH_MEASURE( 1.000000000000000100E-005 ), #3679, 'distance_accuracy_value', 'NONE');
#2619 = MECHANICAL_DESIGN_GEOMETRIC_PRESENTATION_REPRESENTATION (  '', ( #2410 ), #1284 ) ;
#2620 = LINE ( 'NONE', #3909, #3090 ) ;
#2621 = ORIENTED_EDGE ( 'NONE', *, *, #15, .T. ) ;
#2622 = ADVANCED_FACE ( 'NONE', ( #4178 ), #232, .T. ) ;
#2623 = CARTESIAN_POINT ( 'NONE',  ( 1.850000000000000100, 0.9499999999999999600, -2.149999999999999900 ) ) ;
#2624 = LINE ( 'NONE', #4013, #4165 ) ;
#2625 = ORIENTED_EDGE ( 'NONE', *, *, #2253, .F. ) ;
#2626 = EDGE_CURVE ( 'NONE', #3146, #4268, #1411, .T. ) ;
#2627 = MECHANICAL_DESIGN_GEOMETRIC_PRESENTATION_REPRESENTATION (  '', ( #2117 ), #182 ) ;
#2628 = SURFACE_STYLE_USAGE ( .BOTH. , #4238 ) ;
#2629 = FILL_AREA_STYLE_COLOUR ( '', #1098 ) ;
#2630 = EDGE_LOOP ( 'NONE', ( #1717, #3605, #3220, #1603, #3496, #3655 ) ) ;
#2631 =( NAMED_UNIT ( * ) SI_UNIT ( $, .STERADIAN. ) SOLID_ANGLE_UNIT ( ) );
#2632 = CARTESIAN_POINT ( 'NONE',  ( -2.075000000000000200, 0.05000000000000000300, 0.0000000000000000000 ) ) ;
#2633 = ORIENTED_EDGE ( 'NONE', *, *, #920, .F. ) ;
#2634 = AXIS2_PLACEMENT_3D ( 'NONE', #2794, #2405, #3092 ) ;
#2635 = VERTEX_POINT ( 'NONE', #2911 ) ;
#2636 = LINE ( 'NONE', #514, #3107 ) ;
#2637 = VERTEX_POINT ( 'NONE', #1564 ) ;
#2638 = VECTOR ( 'NONE', #3562, 1000.000000000000000 ) ;
#2639 = ORIENTED_EDGE ( 'NONE', *, *, #2535, .T. ) ;
#2640 = AXIS2_PLACEMENT_3D ( 'NONE', #1484, #852, #4107 ) ;
#2641 = ORIENTED_EDGE ( 'NONE', *, *, #48, .F. ) ;
#2642 = PRESENTATION_STYLE_ASSIGNMENT (( #1011 ) ) ;
#2643 =( NAMED_UNIT ( * ) SI_UNIT ( $, .STERADIAN. ) SOLID_ANGLE_UNIT ( ) );
#2644 = DIRECTION ( 'NONE',  ( 0.0000000000000000000, -1.000000000000000000, -0.0000000000000000000 ) ) ;
#2645 = DIRECTION ( 'NONE',  ( 0.0000000000000000000, 0.0000000000000000000, 1.000000000000000000 ) ) ;
#2646 = SURFACE_STYLE_FILL_AREA ( #4051 ) ;
#2647 = FILL_AREA_STYLE_COLOUR ( '', #3487 ) ;
#2648 = MECHANICAL_DESIGN_GEOMETRIC_PRESENTATION_REPRESENTATION (  '', ( #645 ), #934 ) ;
#2649 = CARTESIAN_POINT ( 'NONE',  ( -0.4299999999999998800, 0.05000000000000001700, -2.899999999999999900 ) ) ;
#2650 = VECTOR ( 'NONE', #2774, 1000.000000000000000 ) ;
#2651 = ORIENTED_EDGE ( 'NONE', *, *, #1275, .F. ) ;
#2652 = SURFACE_STYLE_FILL_AREA ( #27 ) ;
#2653 = FILL_AREA_STYLE_COLOUR ( '', #1291 ) ;
#2654 = STYLED_ITEM ( 'NONE', ( #2274 ), #2414 ) ;
#2655 = PLANE ( 'NONE',  #1459 ) ;
#2656 = FILL_AREA_STYLE_COLOUR ( '', #2002 ) ;
#2657 = SURFACE_STYLE_USAGE ( .BOTH. , #575 ) ;
#2658 = CARTESIAN_POINT ( 'NONE',  ( -2.075000000000000200, 0.0000000000000000000, -0.7049999999999996300 ) ) ;
#2659 = DIRECTION ( 'NONE',  ( -0.0000000000000000000, 0.0000000000000000000, -1.000000000000000000 ) ) ;
#2660 = FILL_AREA_STYLE_COLOUR ( '', #2867 ) ;
#2661 = EDGE_CURVE ( 'NONE', #578, #497, #947, .T. ) ;
#2662 = DIRECTION ( 'NONE',  ( -0.7071067811865474600, 0.0000000000000000000, -0.7071067811865474600 ) ) ;
#2663 = SURFACE_STYLE_FILL_AREA ( #2556 ) ;
#2664 = EDGE_CURVE ( 'NONE', #3912, #882, #2250, .T. ) ;
#2665 = VECTOR ( 'NONE', #719, 1000.000000000000000 ) ;
#2666 = COLOUR_RGB ( '',0.7686274509803920900, 0.7686274509803920900, 0.7686274509803920900 ) ;
#2667 = UNCERTAINTY_MEASURE_WITH_UNIT (LENGTH_MEASURE( 1.000000000000000100E-005 ), #1804, 'distance_accuracy_value', 'NONE');
#2668 = FILL_AREA_STYLE_COLOUR ( '', #3116 ) ;
#2669 = DIRECTION ( 'NONE',  ( 0.0000000000000000000, 1.000000000000000000, 0.0000000000000000000 ) ) ;
#2670 =( NAMED_UNIT ( * ) SI_UNIT ( $, .STERADIAN. ) SOLID_ANGLE_UNIT ( ) );
#2671 = DIRECTION ( 'NONE',  ( 1.000000000000000000, 0.0000000000000000000, -0.0000000000000000000 ) ) ;
#2672 = CARTESIAN_POINT ( 'NONE',  ( 2.075000000000000200, -9.035018104045869800E-018, 2.625000000000000000 ) ) ;
#2673 = PRESENTATION_LAYER_ASSIGNMENT (  '', '', ( #4211 ) ) ;
#2674 = SURFACE_STYLE_USAGE ( .BOTH. , #20 ) ;
#2675 = VECTOR ( 'NONE', #687, 1000.000000000000000 ) ;
#2676 = CARTESIAN_POINT ( 'NONE',  ( 0.0000000000000000000, -0.05000000000000000300, 0.0000000000000000000 ) ) ;
#2677 = VECTOR ( 'NONE', #1562, 1000.000000000000000 ) ;
#2678 = ORIENTED_EDGE ( 'NONE', *, *, #1561, .F. ) ;
#2679 = CARTESIAN_POINT ( 'NONE',  ( 0.7900000000000000400, 0.05000000000000000300, -3.049999999999999800 ) ) ;
#2680 = ORIENTED_EDGE ( 'NONE', *, *, #4016, .T. ) ;
#2681 = LINE ( 'NONE', #1382, #3554 ) ;
#2682 = EDGE_CURVE ( 'NONE', #611, #1239, #3663, .T. ) ;
#2683 = ORIENTED_EDGE ( 'NONE', *, *, #3377, .F. ) ;
#2684 = EDGE_CURVE ( 'NONE', #3125, #3951, #4245, .T. ) ;
#2685 = PRESENTATION_STYLE_ASSIGNMENT (( #3493 ) ) ;
#2686 = MECHANICAL_DESIGN_GEOMETRIC_PRESENTATION_REPRESENTATION (  '', ( #2028 ), #2914 ) ;
#2687 = DIRECTION ( 'NONE',  ( -1.000000000000000000, -0.0000000000000000000, -0.0000000000000000000 ) ) ;
#2688 = DIRECTION ( 'NONE',  ( -0.0000000000000000000, -1.000000000000000000, -0.0000000000000000000 ) ) ;
#2689 = DIRECTION ( 'NONE',  ( -0.0000000000000000000, 0.0000000000000000000, -1.000000000000000000 ) ) ;
#2690 = EDGE_LOOP ( 'NONE', ( #2879, #249, #504, #776 ) ) ;
#2691 = VECTOR ( 'NONE', #3476, 1000.000000000000100 ) ;
#2692 = ORIENTED_EDGE ( 'NONE', *, *, #2477, .T. ) ;
#2693 = SURFACE_STYLE_FILL_AREA ( #1829 ) ;
#2694 =( NAMED_UNIT ( * ) PLANE_ANGLE_UNIT ( ) SI_UNIT ( $, .RADIAN. ) );
#2695 = PRESENTATION_STYLE_ASSIGNMENT (( #3736 ) ) ;
#2696 = PLANE ( 'NONE',  #1720 ) ;
#2697 = DIRECTION ( 'NONE',  ( 1.000000000000000000, 0.0000000000000000000, -0.0000000000000000000 ) ) ;
#2698 = ORIENTED_EDGE ( 'NONE', *, *, #1053, .F. ) ;
#2699 = EDGE_CURVE ( 'NONE', #4270, #2200, #2823, .T. ) ;
#2700 = PRESENTATION_STYLE_ASSIGNMENT (( #3672 ) ) ;
#2701 = UNCERTAINTY_MEASURE_WITH_UNIT (LENGTH_MEASURE( 1.000000000000000100E-005 ), #1073, 'distance_accuracy_value', 'NONE');
#2702 =( NAMED_UNIT ( * ) SI_UNIT ( $, .STERADIAN. ) SOLID_ANGLE_UNIT ( ) );
#2703 = UNCERTAINTY_MEASURE_WITH_UNIT (LENGTH_MEASURE( 1.000000000000000100E-005 ), #267, 'distance_accuracy_value', 'NONE');
#2704 = PRESENTATION_STYLE_ASSIGNMENT (( #1531 ) ) ;
#2705 = AXIS2_PLACEMENT_3D ( 'NONE', #166, #3450, #1833 ) ;
#2706 = CARTESIAN_POINT ( 'NONE',  ( 0.0000000000000000000, 0.0000000000000000000, 0.0000000000000000000 ) ) ;
#2707 = VERTEX_POINT ( 'NONE', #2552 ) ;
#2708 = SURFACE_STYLE_FILL_AREA ( #1414 ) ;
#2709 = CARTESIAN_POINT ( 'NONE',  ( 0.0000000000000000000, 0.0000000000000000000, -2.439999999999999900 ) ) ;
#2710 = CARTESIAN_POINT ( 'NONE',  ( 1.850000000000000100, 0.9499999999999999600, -2.449999999999999700 ) ) ;
#2711 = CARTESIAN_POINT ( 'NONE',  ( -2.109999999999999900, -0.05000000000000005800, 2.660000000000000100 ) ) ;
#2712 = EDGE_LOOP ( 'NONE', ( #707, #3457, #311, #2843, #23, #2270 ) ) ;
#2713 = VECTOR ( 'NONE', #3721, 1000.000000000000000 ) ;
#2714 = FACE_OUTER_BOUND ( 'NONE', #2543, .T. ) ;
#2715 = CARTESIAN_POINT ( 'NONE',  ( -0.4800000000000000400, 0.05000000000000000300, -3.049999999999999400 ) ) ;
#2716 = DIRECTION ( 'NONE',  ( 0.0000000000000000000, 1.000000000000000000, 0.0000000000000000000 ) ) ;
#2717 = ORIENTED_EDGE ( 'NONE', *, *, #1692, .F. ) ;
#2718 = ADVANCED_FACE ( 'NONE', ( #1848 ), #2273, .T. ) ;
#2719 = STYLED_ITEM ( 'NONE', ( #3255 ), #3013 ) ;
#2720 = DIRECTION ( 'NONE',  ( -0.0000000000000000000, 0.0000000000000000000, -1.000000000000000000 ) ) ;
#2721 = CARTESIAN_POINT ( 'NONE',  ( -2.250000000000000400, 0.0000000000000000000, -2.899999999999999900 ) ) ;
#2722 =( NAMED_UNIT ( * ) PLANE_ANGLE_UNIT ( ) SI_UNIT ( $, .RADIAN. ) );
#2723 =( LENGTH_UNIT ( ) NAMED_UNIT ( * ) SI_UNIT ( .MILLI., .METRE. ) );
#2724 = EDGE_CURVE ( 'NONE', #358, #3032, #1525, .T. ) ;
#2725 = EDGE_CURVE ( 'NONE', #3275, #2383, #2919, .T. ) ;
#2726 =( NAMED_UNIT ( * ) PLANE_ANGLE_UNIT ( ) SI_UNIT ( $, .RADIAN. ) );
#2727 = COLOUR_RGB ( '',0.7686274509803920900, 0.7686274509803920900, 0.7686274509803920900 ) ;
#2728 = VERTEX_POINT ( 'NONE', #2672 ) ;
#2729 = COLOUR_RGB ( '',0.7686274509803920900, 0.7686274509803920900, 0.7686274509803920900 ) ;
#2730 = ADVANCED_FACE ( 'NONE', ( #2714 ), #4278, .T. ) ;
#2731 = CARTESIAN_POINT ( 'NONE',  ( -2.450000000000000200, 0.0000000000000000000, -2.899999999999999900 ) ) ;
#2732 = SURFACE_STYLE_USAGE ( .BOTH. , #97 ) ;
#2733 = LINE ( 'NONE', #28, #1863 ) ;
#2734 = FILL_AREA_STYLE_COLOUR ( '', #1483 ) ;
#2735 = MECHANICAL_DESIGN_GEOMETRIC_PRESENTATION_REPRESENTATION (  '', ( #3029 ), #3468 ) ;
#2736 = DIRECTION ( 'NONE',  ( 0.7071067811865475700, 0.0000000000000000000, -0.7071067811865475700 ) ) ;
#2737 = LINE ( 'NONE', #2009, #3242 ) ;
#2738 = EDGE_LOOP ( 'NONE', ( #192, #922, #3602, #1565 ) ) ;
#2739 = APPLICATION_CONTEXT ( 'automotive_design' ) ;
#2740 = ADVANCED_FACE ( 'NONE', ( #1571 ), #1306, .F. ) ;
#2741 = CARTESIAN_POINT ( 'NONE',  ( 1.850000000000000100, 0.9399999999999999500, -2.299999999999999800 ) ) ;
#2742 =( GEOMETRIC_REPRESENTATION_CONTEXT ( 3 ) GLOBAL_UNCERTAINTY_ASSIGNED_CONTEXT ( ( #1533 ) ) GLOBAL_UNIT_ASSIGNED_CONTEXT ( ( #988, #3957, #3004 ) ) REPRESENTATION_CONTEXT ( 'NONE', 'WORKASPACE' ) );
#2743 = VECTOR ( 'NONE', #848, 1000.000000000000000 ) ;
#2744 = ORIENTED_EDGE ( 'NONE', *, *, #1972, .T. ) ;
#2745 = DIRECTION ( 'NONE',  ( -0.7071067811865475700, 0.0000000000000000000, 0.7071067811865475700 ) ) ;
#2746 =( NAMED_UNIT ( * ) SI_UNIT ( $, .STERADIAN. ) SOLID_ANGLE_UNIT ( ) );
#2747 = ORIENTED_EDGE ( 'NONE', *, *, #2895, .T. ) ;
#2748 =( GEOMETRIC_REPRESENTATION_CONTEXT ( 3 ) GLOBAL_UNCERTAINTY_ASSIGNED_CONTEXT ( ( #679 ) ) GLOBAL_UNIT_ASSIGNED_CONTEXT ( ( #3597, #1995, #268 ) ) REPRESENTATION_CONTEXT ( 'NONE', 'WORKASPACE' ) );
#2749 = CARTESIAN_POINT ( 'NONE',  ( -2.075000000000000200, 0.05000000000000000300, -0.7049999999999996300 ) ) ;
#2750 = ORIENTED_EDGE ( 'NONE', *, *, #2753, .T. ) ;
#2751 = VECTOR ( 'NONE', #1695, 1000.000000000000000 ) ;
#2752 = ORIENTED_EDGE ( 'NONE', *, *, #3831, .T. ) ;
#2753 = EDGE_CURVE ( 'NONE', #2860, #4044, #3221, .T. ) ;
#2754 = EDGE_CURVE ( 'NONE', #1677, #452, #276, .T. ) ;
#2755 = EDGE_LOOP ( 'NONE', ( #2752, #87, #608, #4154 ) ) ;
#2756 = COLOUR_RGB ( '',0.7686274509803920900, 0.7686274509803920900, 0.7686274509803920900 ) ;
#2757 = AXIS2_PLACEMENT_3D ( 'NONE', #3995, #3367, #1367 ) ;
#2758 = CARTESIAN_POINT ( 'NONE',  ( -2.075000000000000200, 0.0000000000000000000, -0.2950000000000002600 ) ) ;
#2759 = DIRECTION ( 'NONE',  ( 0.0000000000000000000, 0.0000000000000000000, 1.000000000000000000 ) ) ;
#2760 = ORIENTED_EDGE ( 'NONE', *, *, #518, .F. ) ;
#2761 = CARTESIAN_POINT ( 'NONE',  ( 2.075000000000000200, 0.0000000000000000000, -1.240000000000000000 ) ) ;
#2762 = CARTESIAN_POINT ( 'NONE',  ( 1.700000000000000000, 0.05000000000000000300, -3.000000000000000000 ) ) ;
#2763 = CARTESIAN_POINT ( 'NONE',  ( -0.4800000000000000400, -0.05000000000000005800, -3.049999999999999800 ) ) ;
#2764 =( LENGTH_UNIT ( ) NAMED_UNIT ( * ) SI_UNIT ( .MILLI., .METRE. ) );
#2765 = COLOUR_RGB ( '',1.000000000000000000, 1.000000000000000000, 1.000000000000000000 ) ;
#2766 = LINE ( 'NONE', #188, #3177 ) ;
#2767 =( NAMED_UNIT ( * ) SI_UNIT ( $, .STERADIAN. ) SOLID_ANGLE_UNIT ( ) );
#2768 = UNCERTAINTY_MEASURE_WITH_UNIT (LENGTH_MEASURE( 1.000000000000000100E-005 ), #1119, 'distance_accuracy_value', 'NONE');
#2769 = EDGE_CURVE ( 'NONE', #3156, #2432, #2349, .T. ) ;
#2770 = ADVANCED_FACE ( 'NONE', ( #2074 ), #3635, .T. ) ;
#2771 = CARTESIAN_POINT ( 'NONE',  ( 2.109999999999999900, 0.05000000000000000300, -3.049999999999999800 ) ) ;
#2772 =( LENGTH_UNIT ( ) NAMED_UNIT ( * ) SI_UNIT ( .MILLI., .METRE. ) );
#2773 = PLANE ( 'NONE',  #1233 ) ;
#2774 = DIRECTION ( 'NONE',  ( 0.0000000000000000000, -0.0000000000000000000, -1.000000000000000000 ) ) ;
#2775 =( LENGTH_UNIT ( ) NAMED_UNIT ( * ) SI_UNIT ( .MILLI., .METRE. ) );
#2776 = CARTESIAN_POINT ( 'NONE',  ( 0.8400000000000000800, 0.05000000000000000300, -3.049999999999999800 ) ) ;
#2777 = AXIS2_PLACEMENT_3D ( 'NONE', #127, #1815, #2401 ) ;
#2778 = DIRECTION ( 'NONE',  ( 1.000000000000000000, 0.0000000000000000000, 0.0000000000000000000 ) ) ;
#2779 = SURFACE_STYLE_USAGE ( .BOTH. , #429 ) ;
#2780 = EDGE_CURVE ( 'NONE', #1133, #3275, #4235, .T. ) ;
#2781 = AXIS2_PLACEMENT_3D ( 'NONE', #3825, #3227, #886 ) ;
#2782 = VECTOR ( 'NONE', #3182, 1000.000000000000000 ) ;
#2783 =( NAMED_UNIT ( * ) PLANE_ANGLE_UNIT ( ) SI_UNIT ( $, .RADIAN. ) );
#2784 = CARTESIAN_POINT ( 'NONE',  ( 0.4299999999999999900, 0.05000000000000000300, -2.439999999999999900 ) ) ;
#2785 = ADVANCED_FACE ( 'NONE', ( #2810 ), #4264, .T. ) ;
#2786 = FILL_AREA_STYLE ('',( #1440 ) ) ;
#2787 = CARTESIAN_POINT ( 'NONE',  ( 2.109999999999999900, -0.05000000000000002400, -3.000000000000000400 ) ) ;
#2788 = CARTESIAN_POINT ( 'NONE',  ( 2.109999999999999900, 0.0000000000000000000, 0.0000000000000000000 ) ) ;
#2789 = LINE ( 'NONE', #2784, #3590 ) ;
#2790 = LINE ( 'NONE', #2496, #1914 ) ;
#2791 = ORIENTED_EDGE ( 'NONE', *, *, #1955, .T. ) ;
#2792 = AXIS2_PLACEMENT_3D ( 'NONE', #1641, #3283, #2292 ) ;
#2793 = EDGE_LOOP ( 'NONE', ( #2950, #2580, #735, #2430 ) ) ;
#2794 = CARTESIAN_POINT ( 'NONE',  ( 0.0000000000000000000, 0.0000000000000000000, 0.0000000000000000000 ) ) ;
#2795 =( LENGTH_UNIT ( ) NAMED_UNIT ( * ) SI_UNIT ( .MILLI., .METRE. ) );
#2796 =( NAMED_UNIT ( * ) SI_UNIT ( $, .STERADIAN. ) SOLID_ANGLE_UNIT ( ) );
#2797 = FILL_AREA_STYLE ('',( #3779 ) ) ;
#2798 = STYLED_ITEM ( 'NONE', ( #1933 ), #1345 ) ;
#2799 = SURFACE_STYLE_FILL_AREA ( #10 ) ;
#2800 = VERTEX_POINT ( 'NONE', #962 ) ;
#2801 = CARTESIAN_POINT ( 'NONE',  ( 2.109999999999999900, -0.05000000000000000300, 2.999999999999999100 ) ) ;
#2802 = PLANE ( 'NONE',  #3222 ) ;
#2803 = VERTEX_POINT ( 'NONE', #4005 ) ;
#2804 = LINE ( 'NONE', #438, #3302 ) ;
#2805 = ORIENTED_EDGE ( 'NONE', *, *, #1324, .T. ) ;
#2806 = AXIS2_PLACEMENT_3D ( 'NONE', #976, #1975, #305 ) ;
#2807 = ADVANCED_FACE ( 'NONE', ( #3914 ), #2055, .F. ) ;
#2808 = PLANE ( 'NONE',  #2640 ) ;
#2809 = DIRECTION ( 'NONE',  ( -0.0000000000000000000, 1.000000000000000000, -0.0000000000000000000 ) ) ;
#2810 = FACE_OUTER_BOUND ( 'NONE', #2192, .T. ) ;
#2811 = ADVANCED_BREP_SHAPE_REPRESENTATION ( '', ( #1333, #162 ), #1619 ) ;
#2812 = MECHANICAL_DESIGN_GEOMETRIC_PRESENTATION_REPRESENTATION (  '', ( #216 ), #3376 ) ;
#2813 = FILL_AREA_STYLE ('',( #1117 ) ) ;
#2814 = DIRECTION ( 'NONE',  ( 0.7071067811865505700, 0.0000000000000000000, -0.7071067811865444600 ) ) ;
#2815 = UNCERTAINTY_MEASURE_WITH_UNIT (LENGTH_MEASURE( 1.000000000000000100E-005 ), #751, 'distance_accuracy_value', 'NONE');
#2816 = CARTESIAN_POINT ( 'NONE',  ( 1.700000000000000000, -0.05000000000000000300, -2.439999999999999900 ) ) ;
#2817 = ORIENTED_EDGE ( 'NONE', *, *, #4180, .F. ) ;
#2818 = SURFACE_STYLE_USAGE ( .BOTH. , #1827 ) ;
#2819 = ORIENTED_EDGE ( 'NONE', *, *, #2561, .F. ) ;
#2820 = LINE ( 'NONE', #1105, #2918 ) ;
#2821 = DIRECTION ( 'NONE',  ( -0.0000000000000000000, 0.0000000000000000000, -1.000000000000000000 ) ) ;
#2822 = AXIS2_PLACEMENT_3D ( 'NONE', #3482, #2848, #3819 ) ;
#2823 = LINE ( 'NONE', #4188, #1049 ) ;
#2824 = FILL_AREA_STYLE ('',( #1538 ) ) ;
#2825 = DIRECTION ( 'NONE',  ( 0.0000000000000000000, 0.0000000000000000000, -1.000000000000000000 ) ) ;
#2826 = ORIENTED_EDGE ( 'NONE', *, *, #3613, .T. ) ;
#2827 = SURFACE_STYLE_USAGE ( .BOTH. , #1456 ) ;
#2828 = ADVANCED_FACE ( 'NONE', ( #4130 ), #92, .T. ) ;
#2829 = SURFACE_SIDE_STYLE ('',( #3861 ) ) ;
#2830 =( GEOMETRIC_REPRESENTATION_CONTEXT ( 3 ) GLOBAL_UNCERTAINTY_ASSIGNED_CONTEXT ( ( #2228 ) ) GLOBAL_UNIT_ASSIGNED_CONTEXT ( ( #3365, #3647, #1366 ) ) REPRESENTATION_CONTEXT ( 'NONE', 'WORKASPACE' ) );
#2831 = CARTESIAN_POINT ( 'NONE',  ( -1.700000000000000000, 0.05000000000000000300, -2.439999999999999900 ) ) ;
#2832 = DIRECTION ( 'NONE',  ( -1.000000000000000000, 0.0000000000000000000, 1.495451272394000000E-016 ) ) ;
#2833 = ORIENTED_EDGE ( 'NONE', *, *, #637, .F. ) ;
#2834 =( NAMED_UNIT ( * ) PLANE_ANGLE_UNIT ( ) SI_UNIT ( $, .RADIAN. ) );
#2835 = FILL_AREA_STYLE_COLOUR ( '', #1718 ) ;
#2836 = EDGE_CURVE ( 'NONE', #1583, #884, #2852, .T. ) ;
#2837 =( GEOMETRIC_REPRESENTATION_CONTEXT ( 3 ) GLOBAL_UNCERTAINTY_ASSIGNED_CONTEXT ( ( #770 ) ) GLOBAL_UNIT_ASSIGNED_CONTEXT ( ( #3054, #3073, #1095 ) ) REPRESENTATION_CONTEXT ( 'NONE', 'WORKASPACE' ) );
#2838 = ORIENTED_EDGE ( 'NONE', *, *, #1588, .T. ) ;
#2839 = PLANE ( 'NONE',  #122 ) ;
#2840 =( LENGTH_UNIT ( ) NAMED_UNIT ( * ) SI_UNIT ( .MILLI., .METRE. ) );
#2841 =( NAMED_UNIT ( * ) PLANE_ANGLE_UNIT ( ) SI_UNIT ( $, .RADIAN. ) );
#2842 = LINE ( 'NONE', #4152, #1128 ) ;
#2843 = ORIENTED_EDGE ( 'NONE', *, *, #300, .T. ) ;
#2844 = EDGE_CURVE ( 'NONE', #1627, #3275, #2385, .T. ) ;
#2845 =( NAMED_UNIT ( * ) PLANE_ANGLE_UNIT ( ) SI_UNIT ( $, .RADIAN. ) );
#2846 = ORIENTED_EDGE ( 'NONE', *, *, #3579, .T. ) ;
#2847 = CARTESIAN_POINT ( 'NONE',  ( -0.8400000000000000800, -0.05000000000000000300, -3.000000000000000400 ) ) ;
#2848 = DIRECTION ( 'NONE',  ( -1.000000000000000000, 0.0000000000000000000, 0.0000000000000000000 ) ) ;
#2849 = PRESENTATION_LAYER_ASSIGNMENT (  '', '', ( #4033 ) ) ;
#2850 = SURFACE_SIDE_STYLE ('',( #1247 ) ) ;
#2851 = VERTEX_POINT ( 'NONE', #4038 ) ;
#2852 = LINE ( 'NONE', #1397, #2589 ) ;
#2853 = ORIENTED_EDGE ( 'NONE', *, *, #963, .F. ) ;
#2854 = LINE ( 'NONE', #3770, #1091 ) ;
#2855 = LINE ( 'NONE', #1868, #2129 ) ;
#2856 = VERTEX_POINT ( 'NONE', #2044 ) ;
#2857 = SURFACE_SIDE_STYLE ('',( #4194 ) ) ;
#2858 =( NAMED_UNIT ( * ) SI_UNIT ( $, .STERADIAN. ) SOLID_ANGLE_UNIT ( ) );
#2859 =( GEOMETRIC_REPRESENTATION_CONTEXT ( 3 ) GLOBAL_UNCERTAINTY_ASSIGNED_CONTEXT ( ( #2983 ) ) GLOBAL_UNIT_ASSIGNED_CONTEXT ( ( #1721, #2460, #1772 ) ) REPRESENTATION_CONTEXT ( 'NONE', 'WORKASPACE' ) );
#2860 = VERTEX_POINT ( 'NONE', #2071 ) ;
#2861 = ORIENTED_EDGE ( 'NONE', *, *, #2780, .T. ) ;
#2862 =( NAMED_UNIT ( * ) SI_UNIT ( $, .STERADIAN. ) SOLID_ANGLE_UNIT ( ) );
#2863 = SURFACE_SIDE_STYLE ('',( #392 ) ) ;
#2864 = MECHANICAL_DESIGN_GEOMETRIC_PRESENTATION_REPRESENTATION (  '', ( #2932 ), #2354 ) ;
#2865 =( NAMED_UNIT ( * ) SI_UNIT ( $, .STERADIAN. ) SOLID_ANGLE_UNIT ( ) );
#2866 = VECTOR ( 'NONE', #1420, 1000.000000000000000 ) ;
#2867 = COLOUR_RGB ( '',0.1019607843137254900, 0.1019607843137254900, 0.1019607843137254900 ) ;
#2868 = PRODUCT_DEFINITION ( 'UNKNOWN', '', #1585, #3843 ) ;
#2869 = CARTESIAN_POINT ( 'NONE',  ( 2.249999999972488200, 0.9500000000086630300, 2.700000000001091300 ) ) ;
#2870 =( NAMED_UNIT ( * ) PLANE_ANGLE_UNIT ( ) SI_UNIT ( $, .RADIAN. ) );
#2871 = ORIENTED_EDGE ( 'NONE', *, *, #3984, .T. ) ;
#2872 = COLOUR_RGB ( '',0.7686274509803920900, 0.7686274509803920900, 0.7686274509803920900 ) ;
#2873 = CARTESIAN_POINT ( 'NONE',  ( 2.109999999999999900, 0.0000000000000000000, -2.439999999999999900 ) ) ;
#2874 = CARTESIAN_POINT ( 'NONE',  ( 1.750000000000000000, -0.05000000000000002400, 3.049999999999999800 ) ) ;
#2875 = PRESENTATION_LAYER_ASSIGNMENT (  '', '', ( #2161 ) ) ;
#2876 = FILL_AREA_STYLE_COLOUR ( '', #3516 ) ;
#2877 = AXIS2_PLACEMENT_3D ( 'NONE', #686, #25, #1015 ) ;
#2878 = CARTESIAN_POINT ( 'NONE',  ( 1.850000000000000100, 0.9399999999999999500, -2.449999999999999700 ) ) ;
#2879 = ORIENTED_EDGE ( 'NONE', *, *, #1194, .T. ) ;
#2880 = SURFACE_STYLE_FILL_AREA ( #616 ) ;
#2881 = PLANE ( 'NONE',  #1371 ) ;
#2882 = VECTOR ( 'NONE', #3022, 1000.000000000000000 ) ;
#2883 = VECTOR ( 'NONE', #1875, 1000.000000000000000 ) ;
#2884 = CARTESIAN_POINT ( 'NONE',  ( -0.4299999999999999900, 0.05000000000000000300, -3.049999999999999800 ) ) ;
#2885 = FILL_AREA_STYLE ('',( #2251 ) ) ;
#2886 = CARTESIAN_POINT ( 'NONE',  ( 1.700000000000000000, -0.05000000000000000300, 0.0000000000000000000 ) ) ;
#2887 = UNCERTAINTY_MEASURE_WITH_UNIT (LENGTH_MEASURE( 1.000000000000000100E-005 ), #3150, 'distance_accuracy_value', 'NONE');
#2888 = EDGE_CURVE ( 'NONE', #893, #3146, #1719, .T. ) ;
#2889 = STYLED_ITEM ( 'NONE', ( #1220 ), #3981 ) ;
#2890 = VECTOR ( 'NONE', #3117, 1000.000000000000000 ) ;
#2891 = COLOUR_RGB ( '',0.7686274509803920900, 0.7686274509803920900, 0.7686274509803920900 ) ;
#2892 = ORIENTED_EDGE ( 'NONE', *, *, #865, .F. ) ;
#2893 = DIRECTION ( 'NONE',  ( 0.7071067811865505700, 0.0000000000000000000, -0.7071067811865444600 ) ) ;
#2894 = ORIENTED_EDGE ( 'NONE', *, *, #2895, .F. ) ;
#2895 = EDGE_CURVE ( 'NONE', #1700, #827, #3171, .T. ) ;
#2896 =( LENGTH_UNIT ( ) NAMED_UNIT ( * ) SI_UNIT ( .MILLI., .METRE. ) );
#2897 = SURFACE_STYLE_USAGE ( .BOTH. , #863 ) ;
#2898 = FILL_AREA_STYLE_COLOUR ( '', #2295 ) ;
#2899 = LINE ( 'NONE', #1043, #3165 ) ;
#2900 = ORIENTED_EDGE ( 'NONE', *, *, #2682, .F. ) ;
#2901 = STYLED_ITEM ( 'NONE', ( #940 ), #1065 ) ;
#2902 = CARTESIAN_POINT ( 'NONE',  ( 2.250000000000000400, 0.7500000000391082700, 2.700000000000000200 ) ) ;
#2903 = VERTEX_POINT ( 'NONE', #3343 ) ;
#2904 = LINE ( 'NONE', #836, #3860 ) ;
#2905 = ORIENTED_EDGE ( 'NONE', *, *, #2307, .T. ) ;
#2906 = ORIENTED_EDGE ( 'NONE', *, *, #3619, .F. ) ;
#2907 =( GEOMETRIC_REPRESENTATION_CONTEXT ( 3 ) GLOBAL_UNCERTAINTY_ASSIGNED_CONTEXT ( ( #903 ) ) GLOBAL_UNIT_ASSIGNED_CONTEXT ( ( #2416, #4093, #2115 ) ) REPRESENTATION_CONTEXT ( 'NONE', 'WORKASPACE' ) );
#2908 =( NAMED_UNIT ( * ) SI_UNIT ( $, .STERADIAN. ) SOLID_ANGLE_UNIT ( ) );
#2909 = VECTOR ( 'NONE', #1354, 1000.000000000000000 ) ;
#2910 = DIRECTION ( 'NONE',  ( -0.0000000000000000000, 1.000000000000000000, -0.0000000000000000000 ) ) ;
#2911 = CARTESIAN_POINT ( 'NONE',  ( 1.750000000000000000, -0.05000000000000000300, -3.049999999999999400 ) ) ;
#2912 = EDGE_CURVE ( 'NONE', #1143, #3818, #1186, .T. ) ;
#2913 = EDGE_CURVE ( 'NONE', #3954, #358, #1504, .T. ) ;
#2914 =( GEOMETRIC_REPRESENTATION_CONTEXT ( 3 ) GLOBAL_UNCERTAINTY_ASSIGNED_CONTEXT ( ( #2703 ) ) GLOBAL_UNIT_ASSIGNED_CONTEXT ( ( #267, #4250, #2586 ) ) REPRESENTATION_CONTEXT ( 'NONE', 'WORKASPACE' ) );
#2915 = VECTOR ( 'NONE', #1066, 1000.000000000000000 ) ;
#2916 = DIRECTION ( 'NONE',  ( -0.7071067811865474600, 0.0000000000000000000, 0.7071067811865474600 ) ) ;
#2917 = ORIENTED_EDGE ( 'NONE', *, *, #2449, .T. ) ;
#2918 = VECTOR ( 'NONE', #698, 1000.000000000000000 ) ;
#2919 = LINE ( 'NONE', #3570, #627 ) ;
#2920 = EDGE_CURVE ( 'NONE', #1917, #3055, #4123, .T. ) ;
#2921 =( NAMED_UNIT ( * ) SI_UNIT ( $, .STERADIAN. ) SOLID_ANGLE_UNIT ( ) );
#2922 = SURFACE_STYLE_FILL_AREA ( #828 ) ;
#2923 = DIRECTION ( 'NONE',  ( 0.7071067811865521200, 0.0000000000000000000, -0.7071067811865430200 ) ) ;
#2924 = STYLED_ITEM ( 'NONE', ( #2252 ), #641 ) ;
#2925 = PRESENTATION_STYLE_ASSIGNMENT (( #4284 ) ) ;
#2926 = LINE ( 'NONE', #3707, #3929 ) ;
#2927 = VERTEX_POINT ( 'NONE', #3658 ) ;
#2928 = LINE ( 'NONE', #4242, #4155 ) ;
#2929 = PRESENTATION_LAYER_ASSIGNMENT (  '', '', ( #2517 ) ) ;
#2930 = CARTESIAN_POINT ( 'NONE',  ( -2.109999999999999900, 0.0000000000000000000, 0.0000000000000000000 ) ) ;
#2931 = VECTOR ( 'NONE', #689, 1000.000000000000000 ) ;
#2932 = STYLED_ITEM ( 'NONE', ( #1136 ), #3101 ) ;
#2933 = ORIENTED_EDGE ( 'NONE', *, *, #878, .T. ) ;
#2934 = CARTESIAN_POINT ( 'NONE',  ( -2.600000000000000500, -0.05000000000000000300, -0.6550000000000001400 ) ) ;
#2935 = UNCERTAINTY_MEASURE_WITH_UNIT (LENGTH_MEASURE( 1.000000000000000100E-005 ), #4141, 'distance_accuracy_value', 'NONE');
#2936 =( LENGTH_UNIT ( ) NAMED_UNIT ( * ) SI_UNIT ( .MILLI., .METRE. ) );
#2937 = PLANE ( 'NONE',  #1687 ) ;
#2938 = ORIENTED_EDGE ( 'NONE', *, *, #1816, .T. ) ;
#2939 = AXIS2_PLACEMENT_3D ( 'NONE', #3923, #1269, #1613 ) ;
#2940 = EDGE_LOOP ( 'NONE', ( #146, #38, #3572, #3639 ) ) ;
#2941 = EDGE_LOOP ( 'NONE', ( #2588, #2276, #2073, #1391 ) ) ;
#2942 = STYLED_ITEM ( 'NONE', ( #3141 ), #128 ) ;
#2943 = FACE_OUTER_BOUND ( 'NONE', #281, .T. ) ;
#2944 = ORIENTED_EDGE ( 'NONE', *, *, #2754, .F. ) ;
#2945 = COLOUR_RGB ( '',0.1019607843137254900, 0.1019607843137254900, 0.1019607843137254900 ) ;
#2946 = DIRECTION ( 'NONE',  ( 0.0000000000000000000, 0.0000000000000000000, 1.000000000000000000 ) ) ;
#2947 = SURFACE_STYLE_USAGE ( .BOTH. , #3556 ) ;
#2948 = SURFACE_STYLE_USAGE ( .BOTH. , #3643 ) ;
#2949 = CARTESIAN_POINT ( 'NONE',  ( 0.4799999999999998200, 0.05000000000000000300, -3.049999999999999800 ) ) ;
#2950 = ORIENTED_EDGE ( 'NONE', *, *, #2836, .T. ) ;
#2951 = VECTOR ( 'NONE', #2809, 1000.000000000000000 ) ;
#2952 = COLOUR_RGB ( '',0.7686274509803920900, 0.7686274509803920900, 0.7686274509803920900 ) ;
#2953 = ORIENTED_EDGE ( 'NONE', *, *, #731, .F. ) ;
#2954 = STYLED_ITEM ( 'NONE', ( #3864 ), #1333 ) ;
#2955 = DIRECTION ( 'NONE',  ( 0.0000000000000000000, -0.0000000000000000000, 1.000000000000000000 ) ) ;
#2956 = COLOUR_RGB ( '',0.1019607843137254900, 0.1019607843137254900, 0.1019607843137254900 ) ;
#2957 = SURFACE_STYLE_FILL_AREA ( #2445 ) ;
#2958 = ORIENTED_EDGE ( 'NONE', *, *, #282, .T. ) ;
#2959 = FACE_OUTER_BOUND ( 'NONE', #2209, .T. ) ;
#2960 = STYLED_ITEM ( 'NONE', ( #4273 ), #2163 ) ;
#2961 = SURFACE_SIDE_STYLE ('',( #1341 ) ) ;
#2962 = PRESENTATION_STYLE_ASSIGNMENT (( #3870 ) ) ;
#2963 = CARTESIAN_POINT ( 'NONE',  ( 2.075000000000000600, -0.05000000000000007200, 2.625000000000000000 ) ) ;
#2964 = CARTESIAN_POINT ( 'NONE',  ( -2.450000000000000200, 0.0000000000000000000, -2.899999999999999900 ) ) ;
#2965 = EDGE_CURVE ( 'NONE', #1888, #2707, #1831, .T. ) ;
#2966 = DIRECTION ( 'NONE',  ( -0.7071067811865475700, 0.0000000000000000000, 0.7071067811865475700 ) ) ;
#2967 =( NAMED_UNIT ( * ) SI_UNIT ( $, .STERADIAN. ) SOLID_ANGLE_UNIT ( ) );
#2968 = EDGE_CURVE ( 'NONE', #1464, #2493, #4185, .T. ) ;
#2969 = LINE ( 'NONE', #2142, #806 ) ;
#2970 = ORIENTED_EDGE ( 'NONE', *, *, #603, .T. ) ;
#2971 = FILL_AREA_STYLE ('',( #2563 ) ) ;
#2972 =( NAMED_UNIT ( * ) SI_UNIT ( $, .STERADIAN. ) SOLID_ANGLE_UNIT ( ) );
#2973 = STYLED_ITEM ( 'NONE', ( #3573 ), #808 ) ;
#2974 = DIRECTION ( 'NONE',  ( -0.7071067811865474600, -0.7071067811865474600, 0.0000000000000000000 ) ) ;
#2975 = COLOUR_RGB ( '',0.7686274509803920900, 0.7686274509803920900, 0.7686274509803920900 ) ;
#2976 = CARTESIAN_POINT ( 'NONE',  ( 0.0000000000000000000, 0.05000000000000000300, -3.049999999999999800 ) ) ;
#2977 =( GEOMETRIC_REPRESENTATION_CONTEXT ( 3 ) GLOBAL_UNCERTAINTY_ASSIGNED_CONTEXT ( ( #2300 ) ) GLOBAL_UNIT_ASSIGNED_CONTEXT ( ( #2501, #1876, #4128 ) ) REPRESENTATION_CONTEXT ( 'NONE', 'WORKASPACE' ) );
#2978 = UNCERTAINTY_MEASURE_WITH_UNIT (LENGTH_MEASURE( 1.000000000000000100E-005 ), #2507, 'distance_accuracy_value', 'NONE');
#2979 = DIRECTION ( 'NONE',  ( -0.7071067811865475700, 0.0000000000000000000, 0.7071067811865475700 ) ) ;
#2980 =( LENGTH_UNIT ( ) NAMED_UNIT ( * ) SI_UNIT ( .MILLI., .METRE. ) );
#2981 = VECTOR ( 'NONE', #3782, 1000.000000000000000 ) ;
#2982 = VERTEX_POINT ( 'NONE', #492 ) ;
#2983 = UNCERTAINTY_MEASURE_WITH_UNIT (LENGTH_MEASURE( 1.000000000000000100E-005 ), #1721, 'distance_accuracy_value', 'NONE');
#2984 = EDGE_CURVE ( 'NONE', #1700, #1282, #4069, .T. ) ;
#2985 = MECHANICAL_DESIGN_GEOMETRIC_PRESENTATION_REPRESENTATION (  '', ( #3278 ), #403 ) ;
#2986 = CARTESIAN_POINT ( 'NONE',  ( 1.700000000000000000, -0.05000000000000000300, -3.049999999999999800 ) ) ;
#2987 = CARTESIAN_POINT ( 'NONE',  ( -2.450000000000000200, 0.0000000000000000000, 2.899999999999999900 ) ) ;
#2988 = DIRECTION ( 'NONE',  ( -0.0000000000000000000, -1.000000000000000000, -0.0000000000000000000 ) ) ;
#2989 = FILL_AREA_STYLE ('',( #19 ) ) ;
#2990 = ORIENTED_EDGE ( 'NONE', *, *, #904, .T. ) ;
#2991 =( NAMED_UNIT ( * ) PLANE_ANGLE_UNIT ( ) SI_UNIT ( $, .RADIAN. ) );
#2992 =( NAMED_UNIT ( * ) SI_UNIT ( $, .STERADIAN. ) SOLID_ANGLE_UNIT ( ) );
#2993 = VECTOR ( 'NONE', #2616, 1000.000000000000000 ) ;
#2994 = VECTOR ( 'NONE', #3461, 1000.000000000000000 ) ;
#2995 = ORIENTED_EDGE ( 'NONE', *, *, #3077, .T. ) ;
#2996 = LINE ( 'NONE', #4153, #1551 ) ;
#2997 = FILL_AREA_STYLE ('',( #710 ) ) ;
#2998 = ORIENTED_EDGE ( 'NONE', *, *, #3526, .F. ) ;
#2999 = LINE ( 'NONE', #3874, #1445 ) ;
#3000 = ORIENTED_EDGE ( 'NONE', *, *, #2754, .T. ) ;
#3001 = MECHANICAL_DESIGN_GEOMETRIC_PRESENTATION_REPRESENTATION (  '', ( #1738 ), #474 ) ;
#3002 = ORIENTED_EDGE ( 'NONE', *, *, #410, .T. ) ;
#3003 = VECTOR ( 'NONE', #1862, 1000.000000000000000 ) ;
#3004 =( NAMED_UNIT ( * ) SI_UNIT ( $, .STERADIAN. ) SOLID_ANGLE_UNIT ( ) );
#3005 = CARTESIAN_POINT ( 'NONE',  ( 2.075000000000000200, 0.05000000000000000300, -0.7049999999999945200 ) ) ;
#3006 = DIRECTION ( 'NONE',  ( 0.7071067811865475700, 0.7071067811865475700, -1.057443735643323400E-016 ) ) ;
#3007 = CARTESIAN_POINT ( 'NONE',  ( 2.250000000000001300, 0.9499999999999999600, -2.700000000000000200 ) ) ;
#3008 = DIRECTION ( 'NONE',  ( -0.0000000000000000000, 1.000000000000000000, 0.0000000000000000000 ) ) ;
#3009 = MECHANICAL_DESIGN_GEOMETRIC_PRESENTATION_REPRESENTATION (  '', ( #2139 ), #3444 ) ;
#3010 = LINE ( 'NONE', #3777, #1460 ) ;
#3011 = ORIENTED_EDGE ( 'NONE', *, *, #1639, .F. ) ;
#3012 = FACE_OUTER_BOUND ( 'NONE', #935, .T. ) ;
#3013 = ADVANCED_FACE ( 'NONE', ( #3215 ), #3432, .T. ) ;
#3014 = UNCERTAINTY_MEASURE_WITH_UNIT (LENGTH_MEASURE( 1.000000000000000100E-005 ), #2764, 'distance_accuracy_value', 'NONE');
#3015 = ORIENTED_EDGE ( 'NONE', *, *, #213, .F. ) ;
#3016 = SURFACE_STYLE_FILL_AREA ( #2422 ) ;
#3017 = MECHANICAL_DESIGN_GEOMETRIC_PRESENTATION_REPRESENTATION (  '', ( #2573 ), #1918 ) ;
#3018 = COLOUR_RGB ( '',0.1019607843137254900, 0.1019607843137254900, 0.1019607843137254900 ) ;
#3019 = SURFACE_STYLE_USAGE ( .BOTH. , #598 ) ;
#3020 = CARTESIAN_POINT ( 'NONE',  ( -2.075000000000000200, 0.05000000000000000300, -1.240000000000000000 ) ) ;
#3021 = DIRECTION ( 'NONE',  ( -0.0000000000000000000, 0.0000000000000000000, -1.000000000000000000 ) ) ;
#3022 = DIRECTION ( 'NONE',  ( -0.0000000000000000000, 0.0000000000000000000, -1.000000000000000000 ) ) ;
#3023 = EDGE_CURVE ( 'NONE', #4197, #3244, #3907, .T. ) ;
#3024 = MECHANICAL_DESIGN_GEOMETRIC_PRESENTATION_REPRESENTATION (  '', ( #584 ), #1092 ) ;
#3025 = SURFACE_SIDE_STYLE ('',( #588 ) ) ;
#3026 = SURFACE_SIDE_STYLE ('',( #2488 ) ) ;
#3027 = FILL_AREA_STYLE ('',( #1698 ) ) ;
#3028 = LINE ( 'NONE', #3966, #810 ) ;
#3029 = STYLED_ITEM ( 'NONE', ( #3121 ), #42 ) ;
#3030 = CARTESIAN_POINT ( 'NONE',  ( 0.0000000000000000000, 0.0000000000000000000, 0.0000000000000000000 ) ) ;
#3031 = PRESENTATION_STYLE_ASSIGNMENT (( #405 ) ) ;
#3032 = VERTEX_POINT ( 'NONE', #110 ) ;
#3033 = CARTESIAN_POINT ( 'NONE',  ( -0.4299999999999999900, 0.05000000000000000300, -3.000000000000000000 ) ) ;
#3034 = CARTESIAN_POINT ( 'NONE',  ( 0.4299999999999998800, 0.0000000000000000000, -2.899999999999999900 ) ) ;
#3035 = SURFACE_STYLE_FILL_AREA ( #3316 ) ;
#3036 = MECHANICAL_DESIGN_GEOMETRIC_PRESENTATION_REPRESENTATION (  '', ( #3975 ), #3673 ) ;
#3037 = DIRECTION ( 'NONE',  ( 1.000000000000000000, 0.0000000000000000000, -0.0000000000000000000 ) ) ;
#3038 = PRESENTATION_STYLE_ASSIGNMENT (( #4137 ) ) ;
#3039 = EDGE_LOOP ( 'NONE', ( #2034, #332, #2514, #1452, #270, #2375, #1426, #2633, #3755, #2365, #1834, #1031, #3971, #1883, #2026, #468, #1550, #2086, #1878, #2022 ) ) ;
#3040 = UNCERTAINTY_MEASURE_WITH_UNIT (LENGTH_MEASURE( 1.000000000000000100E-005 ), #2472, 'distance_accuracy_value', 'NONE');
#3041 = CARTESIAN_POINT ( 'NONE',  ( 2.075000000000000200, 0.05000000000000000300, 0.0000000000000000000 ) ) ;
#3042 = MECHANICAL_DESIGN_GEOMETRIC_PRESENTATION_REPRESENTATION (  '', ( #1946 ), #1109 ) ;
#3043 = CARTESIAN_POINT ( 'NONE',  ( -2.449999999999999300, 0.9499999999999999600, 2.700000000000000200 ) ) ;
#3044 = ORIENTED_EDGE ( 'NONE', *, *, #4280, .T. ) ;
#3045 = VERTEX_POINT ( 'NONE', #789 ) ;
#3046 = EDGE_CURVE ( 'NONE', #2248, #882, #2804, .T. ) ;
#3047 =( GEOMETRIC_REPRESENTATION_CONTEXT ( 3 ) GLOBAL_UNCERTAINTY_ASSIGNED_CONTEXT ( ( #1139 ) ) GLOBAL_UNIT_ASSIGNED_CONTEXT ( ( #3749, #3767, #2479 ) ) REPRESENTATION_CONTEXT ( 'NONE', 'WORKASPACE' ) );
#3048 =( NAMED_UNIT ( * ) PLANE_ANGLE_UNIT ( ) SI_UNIT ( $, .RADIAN. ) );
#3049 = SURFACE_STYLE_USAGE ( .BOTH. , #1729 ) ;
#3050 = FILL_AREA_STYLE ('',( #1731 ) ) ;
#3051 = ORIENTED_EDGE ( 'NONE', *, *, #4168, .T. ) ;
#3052 = ORIENTED_EDGE ( 'NONE', *, *, #3911, .T. ) ;
#3053 = LINE ( 'NONE', #864, #1283 ) ;
#3054 =( LENGTH_UNIT ( ) NAMED_UNIT ( * ) SI_UNIT ( .MILLI., .METRE. ) );
#3055 = VERTEX_POINT ( 'NONE', #3420 ) ;
#3056 = EDGE_CURVE ( 'NONE', #2728, #3257, #3552, .T. ) ;
#3057 = ORIENTED_EDGE ( 'NONE', *, *, #3537, .F. ) ;
#3058 = ADVANCED_FACE ( 'NONE', ( #4230 ), #2120, .T. ) ;
#3059 = PLANE ( 'NONE',  #499 ) ;
#3060 = DIRECTION ( 'NONE',  ( 0.0000000000000000000, -1.000000000000000000, 0.0000000000000000000 ) ) ;
#3061 = VERTEX_POINT ( 'NONE', #4072 ) ;
#3062 = SURFACE_STYLE_FILL_AREA ( #399 ) ;
#3063 = LINE ( 'NONE', #2771, #4286 ) ;
#3064 = STYLED_ITEM ( 'NONE', ( #3887 ), #371 ) ;
#3065 = CARTESIAN_POINT ( 'NONE',  ( -1.649999999999999900, 0.0000000000000000000, 2.609999999999999900 ) ) ;
#3066 =( LENGTH_UNIT ( ) NAMED_UNIT ( * ) SI_UNIT ( .MILLI., .METRE. ) );
#3067 = ORIENTED_EDGE ( 'NONE', *, *, #1470, .T. ) ;
#3068 = DIRECTION ( 'NONE',  ( 0.0000000000000000000, 0.0000000000000000000, 1.000000000000000000 ) ) ;
#3069 = DIRECTION ( 'NONE',  ( 2.065146995210000000E-016, 0.0000000000000000000, 1.000000000000000000 ) ) ;
#3070 = CARTESIAN_POINT ( 'NONE',  ( -2.109999999999999900, 0.05000000000000000300, 0.0000000000000000000 ) ) ;
#3071 =( GEOMETRIC_REPRESENTATION_CONTEXT ( 3 ) GLOBAL_UNCERTAINTY_ASSIGNED_CONTEXT ( ( #3131 ) ) GLOBAL_UNIT_ASSIGNED_CONTEXT ( ( #2772, #2446, #3383 ) ) REPRESENTATION_CONTEXT ( 'NONE', 'WORKASPACE' ) );
#3072 = PLANE ( 'NONE',  #4199 ) ;
#3073 =( NAMED_UNIT ( * ) PLANE_ANGLE_UNIT ( ) SI_UNIT ( $, .RADIAN. ) );
#3074 = UNCERTAINTY_MEASURE_WITH_UNIT (LENGTH_MEASURE( 1.000000000000000100E-005 ), #315, 'distance_accuracy_value', 'NONE');
#3075 = FILL_AREA_STYLE ('',( #760 ) ) ;
#3076 = VECTOR ( 'NONE', #540, 1000.000000000000000 ) ;
#3077 = EDGE_CURVE ( 'NONE', #1153, #419, #1926, .T. ) ;
#3078 =( GEOMETRIC_REPRESENTATION_CONTEXT ( 3 ) GLOBAL_UNCERTAINTY_ASSIGNED_CONTEXT ( ( #2815 ) ) GLOBAL_UNIT_ASSIGNED_CONTEXT ( ( #751, #406, #387 ) ) REPRESENTATION_CONTEXT ( 'NONE', 'WORKASPACE' ) );
#3079 = APPLICATION_CONTEXT ( 'automotive_design' ) ;
#3080 = DIRECTION ( 'NONE',  ( -1.000000000000000000, -0.0000000000000000000, 0.0000000000000000000 ) ) ;
#3081 = PLANE ( 'NONE',  #4204 ) ;
#3082 = ADVANCED_FACE ( 'NONE', ( #2943 ), #3129, .F. ) ;
#3083 = PRODUCT_DEFINITION ( 'UNKNOWN', '', #2559, #3437 ) ;
#3084 =( NAMED_UNIT ( * ) SI_UNIT ( $, .STERADIAN. ) SOLID_ANGLE_UNIT ( ) );
#3085 = ORIENTED_EDGE ( 'NONE', *, *, #3741, .T. ) ;
#3086 = LINE ( 'NONE', #3328, #3587 ) ;
#3087 = SURFACE_STYLE_FILL_AREA ( #3193 ) ;
#3088 = MECHANICAL_DESIGN_GEOMETRIC_PRESENTATION_REPRESENTATION (  '', ( #2161 ), #3752 ) ;
#3089 = DIRECTION ( 'NONE',  ( 1.000000000000000000, 0.0000000000000000000, -0.0000000000000000000 ) ) ;
#3090 = VECTOR ( 'NONE', #951, 1000.000000000000000 ) ;
#3091 = DIRECTION ( 'NONE',  ( 0.0000000000000000000, -1.000000000000000000, 0.0000000000000000000 ) ) ;
#3092 = DIRECTION ( 'NONE',  ( 1.000000000000000000, 0.0000000000000000000, 0.0000000000000000000 ) ) ;
#3093 = CARTESIAN_POINT ( 'NONE',  ( -2.075000000000000200, -0.05000000000000000300, 0.0000000000000000000 ) ) ;
#3094 = DIRECTION ( 'NONE',  ( -0.0000000000000000000, 0.0000000000000000000, 1.000000000000000000 ) ) ;
#3095 = PRESENTATION_LAYER_ASSIGNMENT (  '', '', ( #2139 ) ) ;
#3096 = ORIENTED_EDGE ( 'NONE', *, *, #3802, .F. ) ;
#3097 = CARTESIAN_POINT ( 'NONE',  ( 0.0000000000000000000, -0.05000000000000000300, -0.2950000000000000400 ) ) ;
#3098 = LINE ( 'NONE', #3903, #554 ) ;
#3099 = ORIENTED_EDGE ( 'NONE', *, *, #1062, .T. ) ;
#3100 =( GEOMETRIC_REPRESENTATION_CONTEXT ( 3 ) GLOBAL_UNCERTAINTY_ASSIGNED_CONTEXT ( ( #822 ) ) GLOBAL_UNIT_ASSIGNED_CONTEXT ( ( #3147, #2160, #4104 ) ) REPRESENTATION_CONTEXT ( 'NONE', 'WORKASPACE' ) );
#3101 = ADVANCED_FACE ( 'NONE', ( #196 ), #3198, .T. ) ;
#3102 =( NAMED_UNIT ( * ) SI_UNIT ( $, .STERADIAN. ) SOLID_ANGLE_UNIT ( ) );
#3103 = VERTEX_POINT ( 'NONE', #3521 ) ;
#3104 = VECTOR ( 'NONE', #981, 1000.000000000000000 ) ;
#3105 = FILL_AREA_STYLE_COLOUR ( '', #147 ) ;
#3106 = EDGE_LOOP ( 'NONE', ( #3052, #2345, #1766, #3085 ) ) ;
#3107 = VECTOR ( 'NONE', #2481, 1000.000000000000000 ) ;
#3108 = EDGE_CURVE ( 'NONE', #2283, #893, #1235, .T. ) ;
#3109 = ORIENTED_EDGE ( 'NONE', *, *, #1858, .F. ) ;
#3110 = PRESENTATION_STYLE_ASSIGNMENT (( #1618 ) ) ;
#3111 =( GEOMETRIC_REPRESENTATION_CONTEXT ( 3 ) GLOBAL_UNCERTAINTY_ASSIGNED_CONTEXT ( ( #2412 ) ) GLOBAL_UNIT_ASSIGNED_CONTEXT ( ( #3418, #2722, #3374 ) ) REPRESENTATION_CONTEXT ( 'NONE', 'WORKASPACE' ) );
#3112 = ORIENTED_EDGE ( 'NONE', *, *, #2236, .T. ) ;
#3113 = PLANE ( 'NONE',  #2166 ) ;
#3114 =( NAMED_UNIT ( * ) SI_UNIT ( $, .STERADIAN. ) SOLID_ANGLE_UNIT ( ) );
#3115 =( NAMED_UNIT ( * ) PLANE_ANGLE_UNIT ( ) SI_UNIT ( $, .RADIAN. ) );
#3116 = COLOUR_RGB ( '',0.1019607843137254900, 0.1019607843137254900, 0.1019607843137254900 ) ;
#3117 = DIRECTION ( 'NONE',  ( 0.0000000000000000000, -0.0000000000000000000, -1.000000000000000000 ) ) ;
#3118 =( GEOMETRIC_REPRESENTATION_CONTEXT ( 3 ) GLOBAL_UNCERTAINTY_ASSIGNED_CONTEXT ( ( #700 ) ) GLOBAL_UNIT_ASSIGNED_CONTEXT ( ( #1752, #3425, #2147 ) ) REPRESENTATION_CONTEXT ( 'NONE', 'WORKASPACE' ) );
#3119 = FACE_OUTER_BOUND ( 'NONE', #2793, .T. ) ;
#3120 = COLOUR_RGB ( '',0.7686274509803920900, 0.7686274509803920900, 0.7686274509803920900 ) ;
#3121 = PRESENTATION_STYLE_ASSIGNMENT (( #1359 ) ) ;
#3122 = COLOUR_RGB ( '',0.7686274509803920900, 0.7686274509803920900, 0.7686274509803920900 ) ;
#3123 = UNCERTAINTY_MEASURE_WITH_UNIT (LENGTH_MEASURE( 1.000000000000000100E-005 ), #1394, 'distance_accuracy_value', 'NONE');
#3124 = PRESENTATION_LAYER_ASSIGNMENT (  '', '', ( #2973 ) ) ;
#3125 = VERTEX_POINT ( 'NONE', #2212 ) ;
#3126 = APPLICATION_PROTOCOL_DEFINITION ( 'draft international standard', 'automotive_design', 1998, #1124 ) ;
#3127 = SURFACE_SIDE_STYLE ('',( #2617 ) ) ;
#3128 = ADVANCED_FACE ( 'NONE', ( #2229 ), #2881, .T. ) ;
#3129 = PLANE ( 'NONE',  #2781 ) ;
#3130 = VECTOR ( 'NONE', #4, 1000.000000000000100 ) ;
#3131 = UNCERTAINTY_MEASURE_WITH_UNIT (LENGTH_MEASURE( 1.000000000000000100E-005 ), #2772, 'distance_accuracy_value', 'NONE');
#3132 = ORIENTED_EDGE ( 'NONE', *, *, #1665, .F. ) ;
#3133 = UNCERTAINTY_MEASURE_WITH_UNIT (LENGTH_MEASURE( 1.000000000000000100E-005 ), #3852, 'distance_accuracy_value', 'NONE');
#3134 = DIRECTION ( 'NONE',  ( -1.000000000000000000, -0.0000000000000000000, -0.0000000000000000000 ) ) ;
#3135 = DIRECTION ( 'NONE',  ( -0.7071067811865460200, 0.0000000000000000000, -0.7071067811865490200 ) ) ;
#3136 = CARTESIAN_POINT ( 'NONE',  ( 0.0000000000000000000, 0.7500000000000002200, -2.899999999999999900 ) ) ;
#3137 = CARTESIAN_POINT ( 'NONE',  ( 1.750000000000000000, 0.05000000000000000300, -3.049999999999999800 ) ) ;
#3138 = EDGE_CURVE ( 'NONE', #1301, #1818, #1773, .T. ) ;
#3139 = DIRECTION ( 'NONE',  ( 0.0000000000000000000, -1.000000000000000000, 0.0000000000000000000 ) ) ;
#3140 = ORIENTED_EDGE ( 'NONE', *, *, #2528, .F. ) ;
#3141 = PRESENTATION_STYLE_ASSIGNMENT (( #1849 ) ) ;
#3142 = DIRECTION ( 'NONE',  ( -0.7071067811865474600, 0.0000000000000000000, 0.7071067811865474600 ) ) ;
#3143 = AXIS2_PLACEMENT_3D ( 'NONE', #4036, #3720, #89 ) ;
#3144 = EDGE_CURVE ( 'NONE', #1583, #2544, #3746, .T. ) ;
#3145 = DIRECTION ( 'NONE',  ( -0.0000000000000000000, -1.000000000000000000, 0.0000000000000000000 ) ) ;
#3146 = VERTEX_POINT ( 'NONE', #2233 ) ;
#3147 =( LENGTH_UNIT ( ) NAMED_UNIT ( * ) SI_UNIT ( .MILLI., .METRE. ) );
#3148 = ADVANCED_FACE ( 'NONE', ( #4176 ), #2196, .F. ) ;
#3149 = VECTOR ( 'NONE', #2669, 1000.000000000000000 ) ;
#3150 =( LENGTH_UNIT ( ) NAMED_UNIT ( * ) SI_UNIT ( .MILLI., .METRE. ) );
#3151 = SURFACE_STYLE_FILL_AREA ( #1227 ) ;
#3152 = ORIENTED_EDGE ( 'NONE', *, *, #1380, .F. ) ;
#3153 = PRESENTATION_LAYER_ASSIGNMENT (  '', '', ( #2924 ) ) ;
#3154 = UNCERTAINTY_MEASURE_WITH_UNIT (LENGTH_MEASURE( 1.000000000000000100E-005 ), #4040, 'distance_accuracy_value', 'NONE');
#3155 = FACE_OUTER_BOUND ( 'NONE', #203, .T. ) ;
#3156 = VERTEX_POINT ( 'NONE', #508 ) ;
#3157 = DIRECTION ( 'NONE',  ( 0.0000000000000000000, 1.000000000000000000, -0.0000000000000000000 ) ) ;
#3158 = PRESENTATION_LAYER_ASSIGNMENT (  '', '', ( #2267 ) ) ;
#3159 = SURFACE_STYLE_FILL_AREA ( #1590 ) ;
#3160 = ORIENTED_EDGE ( 'NONE', *, *, #3537, .T. ) ;
#3161 = CARTESIAN_POINT ( 'NONE',  ( 0.0000000000000000000, 0.05000000000000000300, 0.0000000000000000000 ) ) ;
#3162 = DIRECTION ( 'NONE',  ( -0.0000000000000000000, 0.0000000000000000000, -1.000000000000000000 ) ) ;
#3163 = VERTEX_POINT ( 'NONE', #2607 ) ;
#3164 =( NAMED_UNIT ( * ) PLANE_ANGLE_UNIT ( ) SI_UNIT ( $, .RADIAN. ) );
#3165 = VECTOR ( 'NONE', #1076, 1000.000000000000000 ) ;
#3166 = VECTOR ( 'NONE', #3142, 1000.000000000000100 ) ;
#3167 = ORIENTED_EDGE ( 'NONE', *, *, #3263, .F. ) ;
#3168 =( GEOMETRIC_REPRESENTATION_CONTEXT ( 3 ) GLOBAL_UNCERTAINTY_ASSIGNED_CONTEXT ( ( #539 ) ) GLOBAL_UNIT_ASSIGNED_CONTEXT ( ( #205, #2841, #2532 ) ) REPRESENTATION_CONTEXT ( 'NONE', 'WORKASPACE' ) );
#3169 = CARTESIAN_POINT ( 'NONE',  ( -2.450000000000000200, 0.9499999999999999600, -2.899999999999999900 ) ) ;
#3170 = ORIENTED_EDGE ( 'NONE', *, *, #1791, .F. ) ;
#3171 = LINE ( 'NONE', #372, #1030 ) ;
#3172 = STYLED_ITEM ( 'NONE', ( #593 ), #4078 ) ;
#3173 = CIRCLE ( 'NONE', #3332, 0.2000000000000000900 ) ;
#3174 = DIRECTION ( 'NONE',  ( 0.0000000000000000000, -0.0000000000000000000, 1.000000000000000000 ) ) ;
#3175 = DIRECTION ( 'NONE',  ( 0.0000000000000000000, -0.0000000000000000000, -1.000000000000000000 ) ) ;
#3176 = DIRECTION ( 'NONE',  ( 0.0000000000000000000, 1.000000000000000000, 0.0000000000000000000 ) ) ;
#3177 = VECTOR ( 'NONE', #3812, 1000.000000000000000 ) ;
#3178 = CARTESIAN_POINT ( 'NONE',  ( -2.449999999999999700, 0.05000000000000001000, -0.7049999999999998500 ) ) ;
#3179 = ORIENTED_EDGE ( 'NONE', *, *, #1146, .F. ) ;
#3180 = LINE ( 'NONE', #1661, #1344 ) ;
#3181 = SURFACE_STYLE_FILL_AREA ( #2012 ) ;
#3182 = DIRECTION ( 'NONE',  ( -1.000000000000000000, 0.0000000000000000000, -0.0000000000000000000 ) ) ;
#3183 = UNCERTAINTY_MEASURE_WITH_UNIT (LENGTH_MEASURE( 1.000000000000000100E-005 ), #3386, 'distance_accuracy_value', 'NONE');
#3184 = DIRECTION ( 'NONE',  ( 0.0000000000000000000, 0.0000000000000000000, 1.000000000000000000 ) ) ;
#3185 = ORIENTED_EDGE ( 'NONE', *, *, #1200, .F. ) ;
#3186 = AXIS2_PLACEMENT_3D ( 'NONE', #914, #286, #2946 ) ;
#3187 = SURFACE_STYLE_USAGE ( .BOTH. , #2857 ) ;
#3188 = DIRECTION ( 'NONE',  ( 0.0000000000000000000, 0.0000000000000000000, -1.000000000000000000 ) ) ;
#3189 =( NAMED_UNIT ( * ) PLANE_ANGLE_UNIT ( ) SI_UNIT ( $, .RADIAN. ) );
#3190 = SURFACE_STYLE_FILL_AREA ( #3599 ) ;
#3191 = CARTESIAN_POINT ( 'NONE',  ( 2.450000000000000200, 0.9499999999999999600, -2.899999999999999900 ) ) ;
#3192 = VERTEX_POINT ( 'NONE', #2522 ) ;
#3193 = FILL_AREA_STYLE ('',( #2207 ) ) ;
#3194 = CARTESIAN_POINT ( 'NONE',  ( 1.850000000000000100, 0.9399999999999999500, -2.149999999999999900 ) ) ;
#3195 = EDGE_CURVE ( 'NONE', #774, #4017, #3854, .T. ) ;
#3196 =( GEOMETRIC_REPRESENTATION_CONTEXT ( 3 ) GLOBAL_UNCERTAINTY_ASSIGNED_CONTEXT ( ( #908 ) ) GLOBAL_UNIT_ASSIGNED_CONTEXT ( ( #469, #3448, #496 ) ) REPRESENTATION_CONTEXT ( 'NONE', 'WORKASPACE' ) );
#3197 = CARTESIAN_POINT ( 'NONE',  ( -2.449999999999999700, 0.05000000000000001000, -0.2950000000000002600 ) ) ;
#3198 = PLANE ( 'NONE',  #41 ) ;
#3199 = VERTEX_POINT ( 'NONE', #3888 ) ;
#3200 = EDGE_CURVE ( 'NONE', #470, #1700, #2855, .T. ) ;
#3201 = CARTESIAN_POINT ( 'NONE',  ( 2.250000000000000400, 0.7500000000959516900, 2.700000000000000200 ) ) ;
#3202 = EDGE_LOOP ( 'NONE', ( #3728, #838, #3666, #1783 ) ) ;
#3203 = DIRECTION ( 'NONE',  ( 0.0000000000000000000, -1.000000000000000000, 0.0000000000000000000 ) ) ;
#3204 = STYLED_ITEM ( 'NONE', ( #3774 ), #825 ) ;
#3205 = DIRECTION ( 'NONE',  ( -1.000000000000000000, -0.0000000000000000000, 0.0000000000000000000 ) ) ;
#3206 = UNCERTAINTY_MEASURE_WITH_UNIT (LENGTH_MEASURE( 1.000000000000000100E-005 ), #857, 'distance_accuracy_value', 'NONE');
#3207 = ORIENTED_EDGE ( 'NONE', *, *, #1101, .T. ) ;
#3208 = ORIENTED_EDGE ( 'NONE', *, *, #4280, .F. ) ;
#3209 = ORIENTED_EDGE ( 'NONE', *, *, #1358, .F. ) ;
#3210 = VECTOR ( 'NONE', #1229, 1000.000000000000000 ) ;
#3211 =( NAMED_UNIT ( * ) SI_UNIT ( $, .STERADIAN. ) SOLID_ANGLE_UNIT ( ) );
#3212 = DIRECTION ( 'NONE',  ( 0.0000000000000000000, -0.7071067811865474600, 0.7071067811865474600 ) ) ;
#3213 = MECHANICAL_DESIGN_GEOMETRIC_PRESENTATION_REPRESENTATION (  '', ( #771 ), #2467 ) ;
#3214 = ORIENTED_EDGE ( 'NONE', *, *, #1501, .T. ) ;
#3215 = FACE_OUTER_BOUND ( 'NONE', #3548, .T. ) ;
#3216 = ORIENTED_EDGE ( 'NONE', *, *, #2417, .F. ) ;
#3217 = DIRECTION ( 'NONE',  ( 1.000000000000000000, 0.0000000000000000000, -0.0000000000000000000 ) ) ;
#3218 = CARTESIAN_POINT ( 'NONE',  ( 2.075000000000000200, 0.05000000000000000300, -1.240000000000000000 ) ) ;
#3219 = EDGE_CURVE ( 'NONE', #1505, #1133, #2019, .T. ) ;
#3220 = ORIENTED_EDGE ( 'NONE', *, *, #1346, .F. ) ;
#3221 = LINE ( 'NONE', #3329, #3906 ) ;
#3222 = AXIS2_PLACEMENT_3D ( 'NONE', #2831, #3724, #1477 ) ;
#3223 = VECTOR ( 'NONE', #1342, 1000.000000000000000 ) ;
#3224 = FACE_OUTER_BOUND ( 'NONE', #1891, .T. ) ;
#3225 = DIRECTION ( 'NONE',  ( -0.7071067811865474600, 0.0000000000000000000, -0.7071067811865474600 ) ) ;
#3226 = EDGE_LOOP ( 'NONE', ( #2621, #967, #511, #4109 ) ) ;
#3227 = DIRECTION ( 'NONE',  ( 0.7071067811865475700, 0.0000000000000000000, -0.7071067811865475700 ) ) ;
#3228 = EDGE_LOOP ( 'NONE', ( #1085, #142, #537, #3357, #2015, #2906 ) ) ;
#3229 =( NAMED_UNIT ( * ) SI_UNIT ( $, .STERADIAN. ) SOLID_ANGLE_UNIT ( ) );
#3230 = UNCERTAINTY_MEASURE_WITH_UNIT (LENGTH_MEASURE( 1.000000000000000100E-005 ), #4164, 'distance_accuracy_value', 'NONE');
#3231 = SURFACE_SIDE_STYLE ('',( #57 ) ) ;
#3232 = MECHANICAL_DESIGN_GEOMETRIC_PRESENTATION_REPRESENTATION (  '', ( #4092 ), #2402 ) ;
#3233 = MECHANICAL_DESIGN_GEOMETRIC_PRESENTATION_REPRESENTATION (  '', ( #2954 ), #424 ) ;
#3234 = PRESENTATION_STYLE_ASSIGNMENT (( #78 ) ) ;
#3235 = CARTESIAN_POINT ( 'NONE',  ( 2.109999999999999400, 0.9499999999999999600, -2.899999999999999900 ) ) ;
#3236 = STYLED_ITEM ( 'NONE', ( #1608 ), #3058 ) ;
#3237 = SURFACE_STYLE_FILL_AREA ( #4132 ) ;
#3238 = SURFACE_SIDE_STYLE ('',( #1810 ) ) ;
#3239 = FILL_AREA_STYLE ('',( #2898 ) ) ;
#3240 = DIRECTION ( 'NONE',  ( -0.0000000000000000000, -1.000000000000000000, -0.0000000000000000000 ) ) ;
#3241 = MECHANICAL_DESIGN_GEOMETRIC_PRESENTATION_REPRESENTATION (  '', ( #258 ), #2450 ) ;
#3242 = VECTOR ( 'NONE', #2720, 1000.000000000000000 ) ;
#3243 = VECTOR ( 'NONE', #1900, 1000.000000000000000 ) ;
#3244 = VERTEX_POINT ( 'NONE', #4257 ) ;
#3245 = CARTESIAN_POINT ( 'NONE',  ( 2.249999999972487800, 0.9499999999944520600, -2.700000000001091700 ) ) ;
#3246 = ORIENTED_EDGE ( 'NONE', *, *, #604, .T. ) ;
#3247 = EDGE_CURVE ( 'NONE', #1153, #3244, #928, .T. ) ;
#3248 =( NAMED_UNIT ( * ) PLANE_ANGLE_UNIT ( ) SI_UNIT ( $, .RADIAN. ) );
#3249 = VECTOR ( 'NONE', #1945, 1000.000000000000000 ) ;
#3250 = ORIENTED_EDGE ( 'NONE', *, *, #1101, .F. ) ;
#3251 = MECHANICAL_DESIGN_GEOMETRIC_PRESENTATION_REPRESENTATION (  '', ( #2101 ), #977 ) ;
#3252 = CARTESIAN_POINT ( 'NONE',  ( -2.060000000000000100, -0.05000000000000005800, 3.049999999999999800 ) ) ;
#3253 = ORIENTED_EDGE ( 'NONE', *, *, #4234, .F. ) ;
#3254 = SURFACE_STYLE_FILL_AREA ( #3546 ) ;
#3255 = PRESENTATION_STYLE_ASSIGNMENT (( #3732 ) ) ;
#3256 = ORIENTED_EDGE ( 'NONE', *, *, #1923, .T. ) ;
#3257 = VERTEX_POINT ( 'NONE', #1622 ) ;
#3258 = STYLED_ITEM ( 'NONE', ( #2131 ), #2622 ) ;
#3259 = SURFACE_STYLE_FILL_AREA ( #3717 ) ;
#3260 = CARTESIAN_POINT ( 'NONE',  ( 1.700000000000000000, -0.05000000000000005800, 2.660000000000000100 ) ) ;
#3261 = COLOUR_RGB ( '',0.1019607843137254900, 0.1019607843137254900, 0.1019607843137254900 ) ;
#3262 = LINE ( 'NONE', #2560, #4076 ) ;
#3263 = EDGE_CURVE ( 'NONE', #3859, #1129, #3700, .T. ) ;
#3264 = PRESENTATION_LAYER_ASSIGNMENT (  '', '', ( #367 ) ) ;
#3265 = VERTEX_POINT ( 'NONE', #2623 ) ;
#3266 = VECTOR ( 'NONE', #2688, 1000.000000000000000 ) ;
#3267 = EDGE_LOOP ( 'NONE', ( #70, #4135, #4006, #4021 ) ) ;
#3268 = EDGE_CURVE ( 'NONE', #2576, #1078, #2014, .T. ) ;
#3269 =( LENGTH_UNIT ( ) NAMED_UNIT ( * ) SI_UNIT ( .MILLI., .METRE. ) );
#3270 = DIRECTION ( 'NONE',  ( -0.0000000000000000000, 0.0000000000000000000, -1.000000000000000000 ) ) ;
#3271 = PRESENTATION_LAYER_ASSIGNMENT (  '', '', ( #3064 ) ) ;
#3272 = DIRECTION ( 'NONE',  ( 0.0000000000000000000, 0.0000000000000000000, -1.000000000000000000 ) ) ;
#3273 = CARTESIAN_POINT ( 'NONE',  ( -2.060000000000000100, 0.05000000000000000300, -3.049999999999999800 ) ) ;
#3274 = FACE_OUTER_BOUND ( 'NONE', #1510, .T. ) ;
#3275 = VERTEX_POINT ( 'NONE', #3245 ) ;
#3276 = PRESENTATION_LAYER_ASSIGNMENT (  '', '', ( #2410 ) ) ;
#3277 = EDGE_CURVE ( 'NONE', #1727, #876, #4116, .T. ) ;
#3278 = STYLED_ITEM ( 'NONE', ( #4139 ), #2740 ) ;
#3279 = PLANE ( 'NONE',  #1006 ) ;
#3280 = CARTESIAN_POINT ( 'NONE',  ( -1.750000000000000000, 0.05000000000000000300, -3.049999999999999800 ) ) ;
#3281 = ORIENTED_EDGE ( 'NONE', *, *, #1216, .F. ) ;
#3282 = CARTESIAN_POINT ( 'NONE',  ( 2.109999999999999900, 0.05000000000000000300, 0.0000000000000000000 ) ) ;
#3283 = DIRECTION ( 'NONE',  ( 0.0000000000000000000, 1.000000000000000000, -0.0000000000000000000 ) ) ;
#3284 = CARTESIAN_POINT ( 'NONE',  ( 1.700000000000000000, 0.05000000000000000300, 2.660000000000000100 ) ) ;
#3285 = SURFACE_STYLE_FILL_AREA ( #134 ) ;
#3286 = ORIENTED_EDGE ( 'NONE', *, *, #878, .F. ) ;
#3287 = MECHANICAL_DESIGN_GEOMETRIC_PRESENTATION_REPRESENTATION (  '', ( #2395 ), #2606 ) ;
#3288 = DIRECTION ( 'NONE',  ( -0.0000000000000000000, -1.000000000000000000, -0.0000000000000000000 ) ) ;
#3289 = SURFACE_STYLE_FILL_AREA ( #1357 ) ;
#3290 = ORIENTED_EDGE ( 'NONE', *, *, #1923, .F. ) ;
#3291 = ORIENTED_EDGE ( 'NONE', *, *, #1051, .T. ) ;
#3292 = EDGE_CURVE ( 'NONE', #1712, #821, #3098, .T. ) ;
#3293 = UNCERTAINTY_MEASURE_WITH_UNIT (LENGTH_MEASURE( 1.000000000000000100E-005 ), #531, 'distance_accuracy_value', 'NONE');
#3294 = PRESENTATION_STYLE_ASSIGNMENT (( #3848 ) ) ;
#3295 = ORIENTED_EDGE ( 'NONE', *, *, #3741, .F. ) ;
#3296 = FILL_AREA_STYLE ('',( #1647 ) ) ;
#3297 = SURFACE_SIDE_STYLE ('',( #3372 ) ) ;
#3298 = DIRECTION ( 'NONE',  ( 1.000000000000000000, 0.0000000000000000000, -0.0000000000000000000 ) ) ;
#3299 = SURFACE_STYLE_USAGE ( .BOTH. , #1296 ) ;
#3300 = ORIENTED_EDGE ( 'NONE', *, *, #2301, .F. ) ;
#3301 = PRESENTATION_STYLE_ASSIGNMENT (( #293 ) ) ;
#3302 = VECTOR ( 'NONE', #3094, 1000.000000000000000 ) ;
#3303 = ORIENTED_EDGE ( 'NONE', *, *, #553, .T. ) ;
#3304 = DIRECTION ( 'NONE',  ( 0.0000000000000000000, -1.000000000000000000, 0.0000000000000000000 ) ) ;
#3305 = AXIS2_PLACEMENT_3D ( 'NONE', #2404, #3091, #3417 ) ;
#3306 = PLANE ( 'NONE',  #124 ) ;
#3307 = ORIENTED_EDGE ( 'NONE', *, *, #2177, .F. ) ;
#3308 = PRESENTATION_STYLE_ASSIGNMENT (( #1432 ) ) ;
#3309 = AXIS2_PLACEMENT_3D ( 'NONE', #3191, #2832, #498 ) ;
#3310 = PRESENTATION_STYLE_ASSIGNMENT (( #3187 ) ) ;
#3311 = DIRECTION ( 'NONE',  ( 0.0000000000000000000, 0.0000000000000000000, -1.000000000000000000 ) ) ;
#3312 = CARTESIAN_POINT ( 'NONE',  ( -0.4299999999999998300, 0.9499999999999999600, -2.899999999999999900 ) ) ;
#3313 = ORIENTED_EDGE ( 'NONE', *, *, #553, .F. ) ;
#3314 = COLOUR_RGB ( '',0.7686274509803920900, 0.7686274509803920900, 0.7686274509803920900 ) ;
#3315 = FILL_AREA_STYLE ('',( #650 ) ) ;
#3316 = FILL_AREA_STYLE ('',( #673 ) ) ;
#3317 = VERTEX_POINT ( 'NONE', #609 ) ;
#3318 = EDGE_CURVE ( 'NONE', #790, #494, #652, .T. ) ;
#3319 = AXIS2_PLACEMENT_3D ( 'NONE', #1741, #4024, #787 ) ;
#3320 = CARTESIAN_POINT ( 'NONE',  ( 0.0000000000000000000, -0.05000000000000000300, 0.0000000000000000000 ) ) ;
#3321 = LINE ( 'NONE', #4134, #532 ) ;
#3322 = UNCERTAINTY_MEASURE_WITH_UNIT (LENGTH_MEASURE( 1.000000000000000100E-005 ), #752, 'distance_accuracy_value', 'NONE');
#3323 = PLANE ( 'NONE',  #2364 ) ;
#3324 =( GEOMETRIC_REPRESENTATION_CONTEXT ( 3 ) GLOBAL_UNCERTAINTY_ASSIGNED_CONTEXT ( ( #4217 ) ) GLOBAL_UNIT_ASSIGNED_CONTEXT ( ( #1768, #126, #3102 ) ) REPRESENTATION_CONTEXT ( 'NONE', 'WORKASPACE' ) );
#3325 = DIRECTION ( 'NONE',  ( 0.7071067811865474600, 0.7071067811865474600, -0.0000000000000000000 ) ) ;
#3326 = COLOUR_RGB ( '',0.7686274509803920900, 0.7686274509803920900, 0.7686274509803920900 ) ;
#3327 = DIRECTION ( 'NONE',  ( -0.0000000000000000000, 0.0000000000000000000, -1.000000000000000000 ) ) ;
#3328 = CARTESIAN_POINT ( 'NONE',  ( 2.600000000000000500, -0.05000000000000000300, 0.0000000000000000000 ) ) ;
#3329 = CARTESIAN_POINT ( 'NONE',  ( -0.8400000000000000800, 0.05000000000000000300, -2.439999999999999900 ) ) ;
#3330 =( GEOMETRIC_REPRESENTATION_CONTEXT ( 3 ) GLOBAL_UNCERTAINTY_ASSIGNED_CONTEXT ( ( #1940 ) ) GLOBAL_UNIT_ASSIGNED_CONTEXT ( ( #2795, #4053, #840 ) ) REPRESENTATION_CONTEXT ( 'NONE', 'WORKASPACE' ) );
#3331 = CARTESIAN_POINT ( 'NONE',  ( 2.449999999987449300, 0.7500000000097771800, 2.700000000000000200 ) ) ;
#3332 = AXIS2_PLACEMENT_3D ( 'NONE', #2004, #2335, #328 ) ;
#3333 = FACE_OUTER_BOUND ( 'NONE', #457, .T. ) ;
#3334 = VECTOR ( 'NONE', #805, 1000.000000000000000 ) ;
#3335 = ORIENTED_EDGE ( 'NONE', *, *, #986, .F. ) ;
#3336 = EDGE_CURVE ( 'NONE', #470, #1502, #2435, .T. ) ;
#3337 = EDGE_CURVE ( 'NONE', #3061, #2200, #4060, .T. ) ;
#3338 =( GEOMETRIC_REPRESENTATION_CONTEXT ( 3 ) GLOBAL_UNCERTAINTY_ASSIGNED_CONTEXT ( ( #709 ) ) GLOBAL_UNIT_ASSIGNED_CONTEXT ( ( #1750, #2097, #2767 ) ) REPRESENTATION_CONTEXT ( 'NONE', 'WORKASPACE' ) );
#3339 = DIRECTION ( 'NONE',  ( 0.0000000000000000000, 0.0000000000000000000, 1.000000000000000000 ) ) ;
#3340 = CARTESIAN_POINT ( 'NONE',  ( 1.700000000000002800, 0.05000000000000000300, 3.000000000000000000 ) ) ;
#3341 = DIRECTION ( 'NONE',  ( 0.0000000000000000000, 1.000000000000000000, 0.0000000000000000000 ) ) ;
#3342 = DIRECTION ( 'NONE',  ( -0.0000000000000000000, 0.0000000000000000000, -1.000000000000000000 ) ) ;
#3343 = CARTESIAN_POINT ( 'NONE',  ( -1.649999999999999700, -9.035018104045869800E-018, 2.609999999999999900 ) ) ;
#3344 = ORIENTED_EDGE ( 'NONE', *, *, #2968, .F. ) ;
#3345 = CARTESIAN_POINT ( 'NONE',  ( -2.600000000000000500, 0.05000000000000000300, -0.6550000000000001400 ) ) ;
#3346 = SURFACE_SIDE_STYLE ('',( #1506 ) ) ;
#3347 = CARTESIAN_POINT ( 'NONE',  ( 0.0000000000000000000, -0.05000000000000000300, -3.049999999999999800 ) ) ;
#3348 = UNCERTAINTY_MEASURE_WITH_UNIT (LENGTH_MEASURE( 1.000000000000000100E-005 ), #826, 'distance_accuracy_value', 'NONE');
#3349 = PLANE ( 'NONE',  #2757 ) ;
#3350 = ORIENTED_EDGE ( 'NONE', *, *, #1249, .F. ) ;
#3351 = EDGE_CURVE ( 'NONE', #1221, #1542, #446, .T. ) ;
#3352 = ADVANCED_FACE ( 'NONE', ( #269 ), #1573, .T. ) ;
#3353 = ORIENTED_EDGE ( 'NONE', *, *, #2913, .F. ) ;
#3354 = VECTOR ( 'NONE', #4111, 1000.000000000000000 ) ;
#3355 = VECTOR ( 'NONE', #4056, 1000.000000000000000 ) ;
#3356 = ORIENTED_EDGE ( 'NONE', *, *, #2661, .F. ) ;
#3357 = ORIENTED_EDGE ( 'NONE', *, *, #1665, .T. ) ;
#3358 = PRESENTATION_STYLE_ASSIGNMENT (( #1850 ) ) ;
#3359 = CARTESIAN_POINT ( 'NONE',  ( 2.600000000000000100, -0.05000000000000002400, -0.6550000000000001400 ) ) ;
#3360 = CARTESIAN_POINT ( 'NONE',  ( -1.700000000000000000, 0.05000000000000001700, 2.899999999999999900 ) ) ;
#3361 = CARTESIAN_POINT ( 'NONE',  ( -0.8400000000000000800, 0.0000000000000000000, -2.439999999999999900 ) ) ;
#3362 = SURFACE_STYLE_USAGE ( .BOTH. , #1649 ) ;
#3363 = VECTOR ( 'NONE', #1421, 1000.000000000000000 ) ;
#3364 =( NAMED_UNIT ( * ) SI_UNIT ( $, .STERADIAN. ) SOLID_ANGLE_UNIT ( ) );
#3365 =( LENGTH_UNIT ( ) NAMED_UNIT ( * ) SI_UNIT ( .MILLI., .METRE. ) );
#3366 = FACE_OUTER_BOUND ( 'NONE', #3905, .T. ) ;
#3367 = DIRECTION ( 'NONE',  ( -1.000000000000000000, 0.0000000000000000000, 0.0000000000000000000 ) ) ;
#3368 = ORIENTED_EDGE ( 'NONE', *, *, #3138, .F. ) ;
#3370 = ORIENTED_EDGE ( 'NONE', *, *, #1022, .F. ) ;
#3369 = CARTESIAN_POINT ( 'NONE',  ( -2.450000000000000200, 0.05000000000000002400, 2.899999999999999900 ) ) ;
#3371 = MECHANICAL_DESIGN_GEOMETRIC_PRESENTATION_REPRESENTATION (  '', ( #547 ), #3078 ) ;
#3372 = SURFACE_STYLE_FILL_AREA ( #3315 ) ;
#3373 = CARTESIAN_POINT ( 'NONE',  ( -2.109999999999999900, 0.05000000000000000300, 2.660000000000000100 ) ) ;
#3374 =( NAMED_UNIT ( * ) SI_UNIT ( $, .STERADIAN. ) SOLID_ANGLE_UNIT ( ) );
#3375 = ADVANCED_FACE ( 'NONE', ( #2374 ), #3649, .T. ) ;
#3376 =( GEOMETRIC_REPRESENTATION_CONTEXT ( 3 ) GLOBAL_UNCERTAINTY_ASSIGNED_CONTEXT ( ( #3040 ) ) GLOBAL_UNIT_ASSIGNED_CONTEXT ( ( #2472, #801, #3114 ) ) REPRESENTATION_CONTEXT ( 'NONE', 'WORKASPACE' ) );
#3377 = EDGE_CURVE ( 'NONE', #2707, #3317, #326, .T. ) ;
#3378 = CARTESIAN_POINT ( 'NONE',  ( 1.750000000000000000, 0.05000000000000000300, 3.049999999999999800 ) ) ;
#3379 = CARTESIAN_POINT ( 'NONE',  ( -2.600000000000000500, 0.05000000000000000300, -0.6550000000000001400 ) ) ;
#3380 = DIRECTION ( 'NONE',  ( -0.0000000000000000000, 0.0000000000000000000, -1.000000000000000000 ) ) ;
#3381 = UNCERTAINTY_MEASURE_WITH_UNIT (LENGTH_MEASURE( 1.000000000000000100E-005 ), #1007, 'distance_accuracy_value', 'NONE');
#3382 =( GEOMETRIC_REPRESENTATION_CONTEXT ( 3 ) GLOBAL_UNCERTAINTY_ASSIGNED_CONTEXT ( ( #237 ) ) GLOBAL_UNIT_ASSIGNED_CONTEXT ( ( #3495, #2834, #3787 ) ) REPRESENTATION_CONTEXT ( 'NONE', 'WORKASPACE' ) );
#3383 =( NAMED_UNIT ( * ) SI_UNIT ( $, .STERADIAN. ) SOLID_ANGLE_UNIT ( ) );
#3384 = ORIENTED_EDGE ( 'NONE', *, *, #1858, .T. ) ;
#3385 = FILL_AREA_STYLE_COLOUR ( '', #945 ) ;
#3386 =( LENGTH_UNIT ( ) NAMED_UNIT ( * ) SI_UNIT ( .MILLI., .METRE. ) );
#3387 = FACE_OUTER_BOUND ( 'NONE', #2068, .T. ) ;
#3388 = FILL_AREA_STYLE_COLOUR ( '', #1616 ) ;
#3389 =( GEOMETRIC_REPRESENTATION_CONTEXT ( 3 ) GLOBAL_UNCERTAINTY_ASSIGNED_CONTEXT ( ( #2355 ) ) GLOBAL_UNIT_ASSIGNED_CONTEXT ( ( #1704, #2324, #1993 ) ) REPRESENTATION_CONTEXT ( 'NONE', 'WORKASPACE' ) );
#3390 = DIRECTION ( 'NONE',  ( 0.0000000000000000000, 1.000000000000000000, 0.0000000000000000000 ) ) ;
#3391 = FACE_OUTER_BOUND ( 'NONE', #753, .T. ) ;
#3392 = ORIENTED_EDGE ( 'NONE', *, *, #1754, .F. ) ;
#3393 = PRESENTATION_LAYER_ASSIGNMENT (  '', '', ( #1992 ) ) ;
#3394 = ADVANCED_FACE ( 'NONE', ( #3739 ), #3349, .T. ) ;
#3395 = FILL_AREA_STYLE_COLOUR ( '', #3414 ) ;
#3396 = ORIENTED_EDGE ( 'NONE', *, *, #181, .T. ) ;
#3397 = SURFACE_SIDE_STYLE ('',( #3062 ) ) ;
#3398 = ORIENTED_EDGE ( 'NONE', *, *, #2984, .T. ) ;
#3399 = EDGE_CURVE ( 'NONE', #3902, #2728, #773, .T. ) ;
#3400 = AXIS2_PLACEMENT_3D ( 'NONE', #3201, #1514, #3798 ) ;
#3401 = SURFACE_SIDE_STYLE ('',( #2708 ) ) ;
#3402 = CARTESIAN_POINT ( 'NONE',  ( 0.0000000000000000000, 0.05000000000000000300, -0.2950000000000000400 ) ) ;
#3403 = ORIENTED_EDGE ( 'NONE', *, *, #1051, .F. ) ;
#3404 = UNCERTAINTY_MEASURE_WITH_UNIT (LENGTH_MEASURE( 1.000000000000000100E-005 ), #3269, 'distance_accuracy_value', 'NONE');
#3405 = FACE_OUTER_BOUND ( 'NONE', #2598, .T. ) ;
#3406 = ORIENTED_EDGE ( 'NONE', *, *, #3558, .T. ) ;
#3407 = PLANE ( 'NONE',  #3440 ) ;
#3408 = ORIENTED_EDGE ( 'NONE', *, *, #1825, .F. ) ;
#3409 = LINE ( 'NONE', #2265, #4121 ) ;
#3410 = EDGE_CURVE ( 'NONE', #1542, #850, #3997, .T. ) ;
#3411 = SURFACE_STYLE_FILL_AREA ( #3050 ) ;
#3412 = EDGE_LOOP ( 'NONE', ( #1646, #240, #3900, #1412 ) ) ;
#3413 = PLANE ( 'NONE',  #3502 ) ;
#3414 = COLOUR_RGB ( '',0.7686274509803920900, 0.7686274509803920900, 0.7686274509803920900 ) ;
#3415 = VECTOR ( 'NONE', #4260, 1000.000000000000000 ) ;
#3416 = MECHANICAL_DESIGN_GEOMETRIC_PRESENTATION_REPRESENTATION (  '', ( #3204 ), #3756 ) ;
#3417 = DIRECTION ( 'NONE',  ( 0.0000000000000000000, 0.0000000000000000000, -1.000000000000000000 ) ) ;
#3418 =( LENGTH_UNIT ( ) NAMED_UNIT ( * ) SI_UNIT ( .MILLI., .METRE. ) );
#3419 = ADVANCED_FACE ( 'NONE', ( #265 ), #728, .T. ) ;
#3420 = CARTESIAN_POINT ( 'NONE',  ( -0.7900000000000000400, 0.05000000000000000300, -3.049999999999999400 ) ) ;
#3421 = SURFACE_SIDE_STYLE ('',( #1116 ) ) ;
#3422 = AXIS2_PLACEMENT_3D ( 'NONE', #4212, #1912, #2255 ) ;
#3423 = DIRECTION ( 'NONE',  ( 2.271661694731999900E-015, 0.0000000000000000000, -1.000000000000000000 ) ) ;
#3424 = ORIENTED_EDGE ( 'NONE', *, *, #48, .T. ) ;
#3425 =( NAMED_UNIT ( * ) PLANE_ANGLE_UNIT ( ) SI_UNIT ( $, .RADIAN. ) );
#3426 = EDGE_CURVE ( 'NONE', #1081, #2803, #2624, .T. ) ;
#3427 = AXIS2_PLACEMENT_3D ( 'NONE', #3436, #3423, #482 ) ;
#3428 = ADVANCED_FACE ( 'NONE', ( #4218 ), #3979, .T. ) ;
#3429 =( NAMED_UNIT ( * ) SI_UNIT ( $, .STERADIAN. ) SOLID_ANGLE_UNIT ( ) );
#3430 = DIRECTION ( 'NONE',  ( -0.7071067811865474600, 0.0000000000000000000, 0.7071067811865474600 ) ) ;
#3431 = FILL_AREA_STYLE ('',( #4087 ) ) ;
#3432 = PLANE ( 'NONE',  #2271 ) ;
#3433 = SURFACE_STYLE_USAGE ( .BOTH. , #3421 ) ;
#3434 = EDGE_CURVE ( 'NONE', #2082, #2369, #767, .T. ) ;
#3435 = LINE ( 'NONE', #1744, #170 ) ;
#3436 = CARTESIAN_POINT ( 'NONE',  ( 6.701401999457999700E-016, 0.05000000000000000300, -0.2950000000000000400 ) ) ;
#3437 = PRODUCT_DEFINITION_CONTEXT ( 'detailed design', #3079, 'design' ) ;
#3438 = ADVANCED_FACE ( 'NONE', ( #1495 ), #2802, .T. ) ;
#3439 =( NAMED_UNIT ( * ) PLANE_ANGLE_UNIT ( ) SI_UNIT ( $, .RADIAN. ) );
#3440 = AXIS2_PLACEMENT_3D ( 'NONE', #815, #3734, #148 ) ;
#3441 = SHAPE_DEFINITION_REPRESENTATION ( #2418, #3566 ) ;
#3442 = SURFACE_SIDE_STYLE ('',( #678 ) ) ;
#3443 = FILL_AREA_STYLE_COLOUR ( '', #2134 ) ;
#3444 =( GEOMETRIC_REPRESENTATION_CONTEXT ( 3 ) GLOBAL_UNCERTAINTY_ASSIGNED_CONTEXT ( ( #222 ) ) GLOBAL_UNIT_ASSIGNED_CONTEXT ( ( #3614, #1976, #1307 ) ) REPRESENTATION_CONTEXT ( 'NONE', 'WORKASPACE' ) );
#3445 = PRESENTATION_STYLE_ASSIGNMENT (( #254 ) ) ;
#3446 = ORIENTED_EDGE ( 'NONE', *, *, #653, .T. ) ;
#3447 = CARTESIAN_POINT ( 'NONE',  ( -2.600000000000000500, -0.05000000000000002400, -0.6550000000000001400 ) ) ;
#3448 =( NAMED_UNIT ( * ) PLANE_ANGLE_UNIT ( ) SI_UNIT ( $, .RADIAN. ) );
#3449 = ORIENTED_EDGE ( 'NONE', *, *, #83, .T. ) ;
#3450 = DIRECTION ( 'NONE',  ( -0.7071067811865475700, 0.0000000000000000000, 0.7071067811865475700 ) ) ;
#3451 = FACE_OUTER_BOUND ( 'NONE', #594, .T. ) ;
#3452 = FILL_AREA_STYLE ('',( #2835 ) ) ;
#3453 = LINE ( 'NONE', #1156, #2994 ) ;
#3454 = ORIENTED_EDGE ( 'NONE', *, *, #1435, .T. ) ;
#3455 = UNCERTAINTY_MEASURE_WITH_UNIT (LENGTH_MEASURE( 1.000000000000000100E-005 ), #1892, 'distance_accuracy_value', 'NONE');
#3456 = EDGE_CURVE ( 'NONE', #4124, #3125, #2063, .T. ) ;
#3457 = ORIENTED_EDGE ( 'NONE', *, *, #3685, .T. ) ;
#3458 = VECTOR ( 'NONE', #564, 1000.000000000000100 ) ;
#3459 = PRESENTATION_LAYER_ASSIGNMENT (  '', '', ( #1793 ) ) ;
#3460 = VERTEX_POINT ( 'NONE', #3467 ) ;
#3461 = DIRECTION ( 'NONE',  ( 1.000000000000000000, -0.0000000000000000000, 2.271661694731999900E-015 ) ) ;
#3462 = ADVANCED_FACE ( 'NONE', ( #3155 ), #1799, .F. ) ;
#3463 = DIRECTION ( 'NONE',  ( -1.000000000000000000, 0.0000000000000000000, -0.0000000000000000000 ) ) ;
#3464 = ORIENTED_EDGE ( 'NONE', *, *, #441, .T. ) ;
#3465 = LINE ( 'NONE', #517, #3354 ) ;
#3466 = SURFACE_SIDE_STYLE ('',( #2922 ) ) ;
#3467 = CARTESIAN_POINT ( 'NONE',  ( 0.4299999999999999900, -0.05000000000000000300, -2.439999999999999900 ) ) ;
#3468 =( GEOMETRIC_REPRESENTATION_CONTEXT ( 3 ) GLOBAL_UNCERTAINTY_ASSIGNED_CONTEXT ( ( #3578 ) ) GLOBAL_UNIT_ASSIGNED_CONTEXT ( ( #3652, #1010, #2702 ) ) REPRESENTATION_CONTEXT ( 'NONE', 'WORKASPACE' ) );
#3469 = LINE ( 'NONE', #3999, #894 ) ;
#3470 = CARTESIAN_POINT ( 'NONE',  ( 0.4299999999999999900, 0.0000000000000000000, -2.439999999999999900 ) ) ;
#3471 = AXIS2_PLACEMENT_3D ( 'NONE', #3866, #2010, #336 ) ;
#3472 = ORIENTED_EDGE ( 'NONE', *, *, #1639, .T. ) ;
#3473 = LINE ( 'NONE', #2709, #3660 ) ;
#3474 = DIRECTION ( 'NONE',  ( 0.0000000000000000000, -1.000000000000000000, 0.0000000000000000000 ) ) ;
#3475 = CARTESIAN_POINT ( 'NONE',  ( -1.700000000000000000, 0.05000000000000000300, -1.675585175659000000E-015 ) ) ;
#3476 = DIRECTION ( 'NONE',  ( 0.7071067811865474600, 0.0000000000000000000, 0.7071067811865474600 ) ) ;
#3477 = VECTOR ( 'NONE', #2988, 1000.000000000000000 ) ;
#3478 = DIRECTION ( 'NONE',  ( 0.0000000000000000000, -1.000000000000000000, 0.0000000000000000000 ) ) ;
#3479 = MECHANICAL_DESIGN_GEOMETRIC_PRESENTATION_REPRESENTATION (  '', ( #1243 ), #4136 ) ;
#3480 =( NAMED_UNIT ( * ) SI_UNIT ( $, .STERADIAN. ) SOLID_ANGLE_UNIT ( ) );
#3481 = LINE ( 'NONE', #2107, #2605 ) ;
#3482 = CARTESIAN_POINT ( 'NONE',  ( 1.700000000000000000, 0.05000000000000000300, -3.049999999999999800 ) ) ;
#3483 = EDGE_CURVE ( 'NONE', #850, #1326, #4057, .T. ) ;
#3484 = SURFACE_STYLE_FILL_AREA ( #4028 ) ;
#3485 =( NAMED_UNIT ( * ) PLANE_ANGLE_UNIT ( ) SI_UNIT ( $, .RADIAN. ) );
#3486 = ORIENTED_EDGE ( 'NONE', *, *, #837, .T. ) ;
#3487 = COLOUR_RGB ( '',0.7686274509803920900, 0.7686274509803920900, 0.7686274509803920900 ) ;
#3488 = CARTESIAN_POINT ( 'NONE',  ( -0.4800000000000000400, 0.05000000000000000300, -3.049999999999999800 ) ) ;
#3489 = EDGE_CURVE ( 'NONE', #1818, #3317, #1077, .T. ) ;
#3490 = DIRECTION ( 'NONE',  ( 0.0000000000000000000, -0.0000000000000000000, -1.000000000000000000 ) ) ;
#3491 = LINE ( 'NONE', #3959, #1425 ) ;
#3492 = CARTESIAN_POINT ( 'NONE',  ( 0.0000000000000000000, 0.05000000000000000300, 3.049999999999999800 ) ) ;
#3493 = SURFACE_STYLE_USAGE ( .BOTH. , #180 ) ;
#3494 = LINE ( 'NONE', #3668, #702 ) ;
#3495 =( LENGTH_UNIT ( ) NAMED_UNIT ( * ) SI_UNIT ( .MILLI., .METRE. ) );
#3496 = ORIENTED_EDGE ( 'NONE', *, *, #1825, .T. ) ;
#3497 =( GEOMETRIC_REPRESENTATION_CONTEXT ( 3 ) GLOBAL_UNCERTAINTY_ASSIGNED_CONTEXT ( ( #3890 ) ) GLOBAL_UNIT_ASSIGNED_CONTEXT ( ( #3934, #1999, #1299 ) ) REPRESENTATION_CONTEXT ( 'NONE', 'WORKASPACE' ) );
#3498 = CARTESIAN_POINT ( 'NONE',  ( 1.700000000000002200, 0.0000000000000000000, 2.660000000000000600 ) ) ;
#3499 = ORIENTED_EDGE ( 'NONE', *, *, #3919, .T. ) ;
#3500 = FILL_AREA_STYLE ('',( #228 ) ) ;
#3501 =( LENGTH_UNIT ( ) NAMED_UNIT ( * ) SI_UNIT ( .MILLI., .METRE. ) );
#3502 = AXIS2_PLACEMENT_3D ( 'NONE', #809, #2434, #1788 ) ;
#3503 = VECTOR ( 'NONE', #2284, 1000.000000000000100 ) ;
#3504 = ORIENTED_EDGE ( 'NONE', *, *, #3399, .T. ) ;
#3505 = PLANE ( 'NONE',  #2590 ) ;
#3506 = CARTESIAN_POINT ( 'NONE',  ( 2.060000000000000100, -0.05000000000000002400, 3.049999999999999800 ) ) ;
#3507 = FILL_AREA_STYLE_COLOUR ( '', #725 ) ;
#3508 = COLOUR_RGB ( '',0.1019607843137254900, 0.1019607843137254900, 0.1019607843137254900 ) ;
#3509 = VERTEX_POINT ( 'NONE', #440 ) ;
#3510 = EDGE_CURVE ( 'NONE', #2851, #3697, #3637, .T. ) ;
#3511 = LINE ( 'NONE', #2204, #780 ) ;
#3512 = SURFACE_STYLE_USAGE ( .BOTH. , #879 ) ;
#3513 =( NAMED_UNIT ( * ) PLANE_ANGLE_UNIT ( ) SI_UNIT ( $, .RADIAN. ) );
#3514 = UNCERTAINTY_MEASURE_WITH_UNIT (LENGTH_MEASURE( 1.000000000000000100E-005 ), #786, 'distance_accuracy_value', 'NONE');
#3515 = ORIENTED_EDGE ( 'NONE', *, *, #1193, .T. ) ;
#3516 = COLOUR_RGB ( '',0.7686274509803920900, 0.7686274509803920900, 0.7686274509803920900 ) ;
#3517 = ORIENTED_EDGE ( 'NONE', *, *, #2397, .T. ) ;
#3518 = PRODUCT_RELATED_PRODUCT_CATEGORY ( 'part', '', ( #4182 ) ) ;
#3519 = ORIENTED_EDGE ( 'NONE', *, *, #3579, .F. ) ;
#3520 = FILL_AREA_STYLE_COLOUR ( '', #246 ) ;
#3521 = CARTESIAN_POINT ( 'NONE',  ( -2.600000000000000500, -0.05000000000000000300, -0.3449999999999999700 ) ) ;
#3522 = CARTESIAN_POINT ( 'NONE',  ( -2.060000000000000100, 0.05000000000000000300, 3.049999999999999800 ) ) ;
#3523 = FACE_OUTER_BOUND ( 'NONE', #2940, .T. ) ;
#3524 = CARTESIAN_POINT ( 'NONE',  ( 0.4299999999999999900, 0.05000000000000000300, 0.0000000000000000000 ) ) ;
#3525 = FILL_AREA_STYLE ('',( #3507 ) ) ;
#3526 = EDGE_CURVE ( 'NONE', #447, #3950, #3938, .T. ) ;
#3527 = DIRECTION ( 'NONE',  ( -1.000000000000000000, 0.0000000000000000000, -0.0000000000000000000 ) ) ;
#3528 = DIRECTION ( 'NONE',  ( -0.7071067811865474600, 0.0000000000000000000, -0.7071067811865474600 ) ) ;
#3529 = ORIENTED_EDGE ( 'NONE', *, *, #3046, .T. ) ;
#3530 = AXIS2_PLACEMENT_3D ( 'NONE', #3687, #4001, #2091 ) ;
#3531 = DIRECTION ( 'NONE',  ( 0.0000000000000000000, 1.000000000000000000, 0.0000000000000000000 ) ) ;
#3532 = DIRECTION ( 'NONE',  ( -0.0000000000000000000, -1.000000000000000000, 0.0000000000000000000 ) ) ;
#3533 = PRESENTATION_LAYER_ASSIGNMENT (  '', '', ( #2960 ) ) ;
#3534 = DIRECTION ( 'NONE',  ( 0.0000000000000000000, 1.000000000000000000, 0.0000000000000000000 ) ) ;
#3535 = CIRCLE ( 'NONE', #314, 0.1499999999999999700 ) ;
#3536 = SURFACE_STYLE_USAGE ( .BOTH. , #1231 ) ;
#3537 = EDGE_CURVE ( 'NONE', #3317, #2903, #4213, .T. ) ;
#3538 = PRESENTATION_LAYER_ASSIGNMENT (  '', '', ( #2057 ) ) ;
#3539 = CARTESIAN_POINT ( 'NONE',  ( -2.250000000000000400, 0.7500000000391082700, 2.700000000000000200 ) ) ;
#3540 = MECHANICAL_DESIGN_GEOMETRIC_PRESENTATION_REPRESENTATION (  '', ( #2942 ), #3382 ) ;
#3541 = LINE ( 'NONE', #1329, #872 ) ;
#3542 = SURFACE_SIDE_STYLE ('',( #2006 ) ) ;
#3543 = ORIENTED_EDGE ( 'NONE', *, *, #379, .F. ) ;
#3544 = DIRECTION ( 'NONE',  ( 0.0000000000000000000, 1.000000000000000000, 0.0000000000000000000 ) ) ;
#3545 = STYLED_ITEM ( 'NONE', ( #1572 ), #676 ) ;
#3546 = FILL_AREA_STYLE ('',( #211 ) ) ;
#3547 = ORIENTED_EDGE ( 'NONE', *, *, #3351, .F. ) ;
#3548 = EDGE_LOOP ( 'NONE', ( #2261, #3424, #3515, #144 ) ) ;
#3549 = CARTESIAN_POINT ( 'NONE',  ( 0.0000000000000000000, 0.9499999999999999600, -2.700000000000000200 ) ) ;
#3550 = PRESENTATION_LAYER_ASSIGNMENT (  '', '', ( #2021 ) ) ;
#3551 = ORIENTED_EDGE ( 'NONE', *, *, #1955, .F. ) ;
#3552 = LINE ( 'NONE', #1797, #3953 ) ;
#3553 = ORIENTED_EDGE ( 'NONE', *, *, #3247, .F. ) ;
#3554 = VECTOR ( 'NONE', #1748, 1000.000000000000000 ) ;
#3555 = CARTESIAN_POINT ( 'NONE',  ( -2.109999999999999900, 0.05000000000000001700, 2.899999999999999900 ) ) ;
#3556 = SURFACE_SIDE_STYLE ('',( #3937 ) ) ;
#3557 = CARTESIAN_POINT ( 'NONE',  ( -2.250000000000000400, 0.9499999999999999600, 0.0000000000000000000 ) ) ;
#3558 = EDGE_CURVE ( 'NONE', #1520, #1922, #2790, .T. ) ;
#3559 = EDGE_CURVE ( 'NONE', #2856, #3706, #1491, .T. ) ;
#3560 = VERTEX_POINT ( 'NONE', #830 ) ;
#3561 = STYLED_ITEM ( 'NONE', ( #3038 ), #3682 ) ;
#3562 = DIRECTION ( 'NONE',  ( 0.0000000000000000000, -0.0000000000000000000, -1.000000000000000000 ) ) ;
#3563 = PRESENTATION_STYLE_ASSIGNMENT (( #2674 ) ) ;
#3564 = VERTEX_POINT ( 'NONE', #2123 ) ;
#3565 = PRESENTATION_STYLE_ASSIGNMENT (( #1375 ) ) ;
#3566 = SHAPE_REPRESENTATION ( 'SO-8FL', ( #996, #3143 ), #551 ) ;
#3567 = ORIENTED_EDGE ( 'NONE', *, *, #459, .T. ) ;
#3568 = CIRCLE ( 'NONE', #2462, 0.2000000000000000900 ) ;
#3569 = CARTESIAN_POINT ( 'NONE',  ( -2.075000000000000200, 0.05000000000000000300, -0.2950000000000000400 ) ) ;
#3570 = CARTESIAN_POINT ( 'NONE',  ( 0.0000000000000000000, 0.9499999999999999600, -2.700000000000000200 ) ) ;
#3571 = AXIS2_PLACEMENT_3D ( 'NONE', #2185, #3478, #3490 ) ;
#3572 = ORIENTED_EDGE ( 'NONE', *, *, #1511, .T. ) ;
#3573 = PRESENTATION_STYLE_ASSIGNMENT (( #2657 ) ) ;
#3574 = SURFACE_SIDE_STYLE ('',( #3254 ) ) ;
#3575 = STYLED_ITEM ( 'NONE', ( #3301 ), #2113 ) ;
#3576 = CIRCLE ( 'NONE', #3924, 0.1999999999541613200 ) ;
#3577 = CARTESIAN_POINT ( 'NONE',  ( 2.109999999999999900, -0.05000000000000000300, 0.0000000000000000000 ) ) ;
#3578 = UNCERTAINTY_MEASURE_WITH_UNIT (LENGTH_MEASURE( 1.000000000000000100E-005 ), #3652, 'distance_accuracy_value', 'NONE');
#3579 = EDGE_CURVE ( 'NONE', #1236, #3604, #3683, .T. ) ;
#3580 = AXIS2_PLACEMENT_3D ( 'NONE', #2289, #338, #2659 ) ;
#3582 = ORIENTED_EDGE ( 'NONE', *, *, #2888, .F. ) ;
#3581 = DIRECTION ( 'NONE',  ( 0.0000000000000000000, 1.000000000000000000, 0.0000000000000000000 ) ) ;
#3583 = FACE_OUTER_BOUND ( 'NONE', #1496, .T. ) ;
#3584 = ADVANCED_FACE ( 'NONE', ( #3846 ), #2455, .T. ) ;
#3585 = CARTESIAN_POINT ( 'NONE',  ( -0.4299999999999999900, 0.05000000000000000300, -3.000000000000000000 ) ) ;
#3586 = SURFACE_SIDE_STYLE ('',( #2880 ) ) ;
#3587 = VECTOR ( 'NONE', #3342, 1000.000000000000000 ) ;
#3588 = DIRECTION ( 'NONE',  ( 1.000000000000000000, 0.0000000000000000000, -0.0000000000000000000 ) ) ;
#3589 = PRESENTATION_LAYER_ASSIGNMENT (  '', '', ( #1555 ) ) ;
#3590 = VECTOR ( 'NONE', #3157, 1000.000000000000000 ) ;
#3591 = ORIENTED_EDGE ( 'NONE', *, *, #731, .T. ) ;
#3592 = DIRECTION ( 'NONE',  ( -0.0000000000000000000, -1.000000000000000000, -0.0000000000000000000 ) ) ;
#3593 = SURFACE_STYLE_FILL_AREA ( #426 ) ;
#3594 = ORIENTED_EDGE ( 'NONE', *, *, #4144, .F. ) ;
#3595 = STYLED_ITEM ( 'NONE', ( #2288 ), #100 ) ;
#3596 = CARTESIAN_POINT ( 'NONE',  ( -2.250000000000000400, 0.7500000000959516900, 2.700000000000000200 ) ) ;
#3597 =( LENGTH_UNIT ( ) NAMED_UNIT ( * ) SI_UNIT ( .MILLI., .METRE. ) );
#3598 = EDGE_LOOP ( 'NONE', ( #3650, #3011, #4112, #3000, #1609, #3152 ) ) ;
#3599 = FILL_AREA_STYLE ('',( #9 ) ) ;
#3600 =( GEOMETRIC_REPRESENTATION_CONTEXT ( 3 ) GLOBAL_UNCERTAINTY_ASSIGNED_CONTEXT ( ( #2039 ) ) GLOBAL_UNIT_ASSIGNED_CONTEXT ( ( #4195, #2181, #1507 ) ) REPRESENTATION_CONTEXT ( 'NONE', 'WORKASPACE' ) );
#3601 = CARTESIAN_POINT ( 'NONE',  ( -0.4299999999999999900, -0.05000000000000000300, -3.049999999999999800 ) ) ;
#3602 = ORIENTED_EDGE ( 'NONE', *, *, #2301, .T. ) ;
#3603 = COLOUR_RGB ( '',0.7686274509803920900, 0.7686274509803920900, 0.7686274509803920900 ) ;
#3604 = VERTEX_POINT ( 'NONE', #2173 ) ;
#3605 = ORIENTED_EDGE ( 'NONE', *, *, #2307, .F. ) ;
#3606 = ORIENTED_EDGE ( 'NONE', *, *, #3056, .T. ) ;
#3607 = PRESENTATION_LAYER_ASSIGNMENT (  '', '', ( #1787 ) ) ;
#3608 = ORIENTED_EDGE ( 'NONE', *, *, #15, .F. ) ;
#3609 = CARTESIAN_POINT ( 'NONE',  ( -1.700000000000000000, 0.05000000000000000300, -3.049999999999999800 ) ) ;
#3610 = PRESENTATION_STYLE_ASSIGNMENT (( #1123 ) ) ;
#3611 = VECTOR ( 'NONE', #413, 1000.000000000000000 ) ;
#3612 = CARTESIAN_POINT ( 'NONE',  ( 2.109999999999999900, 0.05000000000000000300, 3.000000000000000000 ) ) ;
#3613 = EDGE_CURVE ( 'NONE', #3954, #3192, #2059, .T. ) ;
#3614 =( LENGTH_UNIT ( ) NAMED_UNIT ( * ) SI_UNIT ( .MILLI., .METRE. ) );
#3615 = EDGE_CURVE ( 'NONE', #3747, #1977, #493, .T. ) ;
#3616 = STYLED_ITEM ( 'NONE', ( #1872 ), #3419 ) ;
#3617 = COLOUR_RGB ( '',0.1019607843137254900, 0.1019607843137254900, 0.1019607843137254900 ) ;
#3618 = CARTESIAN_POINT ( 'NONE',  ( 2.600000000000000500, -0.05000000000000005800, -0.3449999999999999700 ) ) ;
#3619 = EDGE_CURVE ( 'NONE', #2339, #4224, #705, .T. ) ;
#3620 =( NAMED_UNIT ( * ) PLANE_ANGLE_UNIT ( ) SI_UNIT ( $, .RADIAN. ) );
#3621 = CARTESIAN_POINT ( 'NONE',  ( 2.250000000000000400, 0.9499999999999999600, 0.0000000000000000000 ) ) ;
#3622 = MECHANICAL_DESIGN_GEOMETRIC_PRESENTATION_REPRESENTATION (  '', ( #4211 ), #3330 ) ;
#3623 = LINE ( 'NONE', #1120, #1308 ) ;
#3624 = DIRECTION ( 'NONE',  ( 0.7071067811865474600, 0.0000000000000000000, -0.7071067811865474600 ) ) ;
#3625 = DIRECTION ( 'NONE',  ( 0.7071067811865475700, 0.0000000000000000000, -0.7071067811865475700 ) ) ;
#3626 = VECTOR ( 'NONE', #1951, 1000.000000000000000 ) ;
#3627 = PRESENTATION_LAYER_ASSIGNMENT (  '', '', ( #2316 ) ) ;
#3628 = UNCERTAINTY_MEASURE_WITH_UNIT (LENGTH_MEASURE( 1.000000000000000100E-005 ), #225, 'distance_accuracy_value', 'NONE');
#3629 = PLANE ( 'NONE',  #2110 ) ;
#3630 = FACE_OUTER_BOUND ( 'NONE', #1790, .T. ) ;
#3631 = EDGE_CURVE ( 'NONE', #2544, #3061, #2222, .T. ) ;
#3632 = MECHANICAL_DESIGN_GEOMETRIC_PRESENTATION_REPRESENTATION (  '', ( #2302 ), #3985 ) ;
#3633 =( LENGTH_UNIT ( ) NAMED_UNIT ( * ) SI_UNIT ( .MILLI., .METRE. ) );
#3634 = DIRECTION ( 'NONE',  ( -0.0000000000000000000, 0.7071067811865474600, -0.7071067811865474600 ) ) ;
#3635 = PLANE ( 'NONE',  #2806 ) ;
#3636 = PLANE ( 'NONE',  #2792 ) ;
#3637 = LINE ( 'NONE', #2788, #2981 ) ;
#3638 = EDGE_LOOP ( 'NONE', ( #1614, #3737, #4272, #1994 ) ) ;
#3639 = ORIENTED_EDGE ( 'NONE', *, *, #3963, .F. ) ;
#3640 = PLANE ( 'NONE',  #453 ) ;
#3641 = PRESENTATION_LAYER_ASSIGNMENT (  '', '', ( #2128 ) ) ;
#3642 = ORIENTED_EDGE ( 'NONE', *, *, #1122, .T. ) ;
#3643 = SURFACE_SIDE_STYLE ('',( #1521 ) ) ;
#3644 = VERTEX_POINT ( 'NONE', #2240 ) ;
#3645 = ORIENTED_EDGE ( 'NONE', *, *, #2321, .F. ) ;
#3646 = FILL_AREA_STYLE ('',( #3674 ) ) ;
#3647 =( NAMED_UNIT ( * ) PLANE_ANGLE_UNIT ( ) SI_UNIT ( $, .RADIAN. ) );
#3648 = UNCERTAINTY_MEASURE_WITH_UNIT (LENGTH_MEASURE( 1.000000000000000100E-005 ), #2106, 'distance_accuracy_value', 'NONE');
#3649 = PLANE ( 'NONE',  #73 ) ;
#3650 = ORIENTED_EDGE ( 'NONE', *, *, #2769, .F. ) ;
#3651 = VECTOR ( 'NONE', #1539, 1000.000000000000000 ) ;
#3652 =( LENGTH_UNIT ( ) NAMED_UNIT ( * ) SI_UNIT ( .MILLI., .METRE. ) );
#3653 = STYLED_ITEM ( 'NONE', ( #2379 ), #3082 ) ;
#3654 = DIRECTION ( 'NONE',  ( 0.0000000000000000000, 1.000000000000000000, 0.0000000000000000000 ) ) ;
#3655 = ORIENTED_EDGE ( 'NONE', *, *, #3970, .T. ) ;
#3656 = FACE_OUTER_BOUND ( 'NONE', #874, .T. ) ;
#3657 = SURFACE_SIDE_STYLE ('',( #3016 ) ) ;
#3658 = CARTESIAN_POINT ( 'NONE',  ( 2.549999999999999800, 0.05000000000000000300, -0.7049999999999966300 ) ) ;
#3659 = ORIENTED_EDGE ( 'NONE', *, *, #2177, .T. ) ;
#3660 = VECTOR ( 'NONE', #3080, 1000.000000000000000 ) ;
#3661 = AXIS2_PLACEMENT_3D ( 'NONE', #4147, #2195, #477 ) ;
#3662 = CARTESIAN_POINT ( 'NONE',  ( -2.109999999999999900, 0.05000000000000000300, -3.000000000000000000 ) ) ;
#3663 = LINE ( 'NONE', #2934, #253 ) ;
#3664 = CARTESIAN_POINT ( 'NONE',  ( -2.250000000015120800, 0.9499999999518196100, -2.700000000001092200 ) ) ;
#3665 = FILL_AREA_STYLE_COLOUR ( '', #4267 ) ;
#3666 = ORIENTED_EDGE ( 'NONE', *, *, #603, .F. ) ;
#3667 = CARTESIAN_POINT ( 'NONE',  ( -2.250000000000000400, 0.9499999999999997300, 2.700000000000001100 ) ) ;
#3668 = CARTESIAN_POINT ( 'NONE',  ( -2.600000000000000500, 0.05000000000000000300, -0.6550000000000001400 ) ) ;
#3669 = VECTOR ( 'NONE', #4010, 1000.000000000000000 ) ;
#3670 = CARTESIAN_POINT ( 'NONE',  ( -0.8400000000000000800, -0.05000000000000000300, -3.049999999999999800 ) ) ;
#3671 = CARTESIAN_POINT ( 'NONE',  ( -1.700000000000002400, 0.05000000000000000300, 2.660000000000000100 ) ) ;
#3672 = SURFACE_STYLE_USAGE ( .BOTH. , #1378 ) ;
#3673 =( GEOMETRIC_REPRESENTATION_CONTEXT ( 3 ) GLOBAL_UNCERTAINTY_ASSIGNED_CONTEXT ( ( #2667 ) ) GLOBAL_UNIT_ASSIGNED_CONTEXT ( ( #1804, #449, #814 ) ) REPRESENTATION_CONTEXT ( 'NONE', 'WORKASPACE' ) );
#3674 = FILL_AREA_STYLE_COLOUR ( '', #1686 ) ;
#3675 = VECTOR ( 'NONE', #2814, 1000.000000000000000 ) ;
#3676 = ORIENTED_EDGE ( 'NONE', *, *, #1289, .T. ) ;
#3677 = LINE ( 'NONE', #3273, #2109 ) ;
#3678 = CARTESIAN_POINT ( 'NONE',  ( 2.250000000000000900, 0.7500000000048885300, 2.899999999999999900 ) ) ;
#3679 =( LENGTH_UNIT ( ) NAMED_UNIT ( * ) SI_UNIT ( .MILLI., .METRE. ) );
#3680 = UNCERTAINTY_MEASURE_WITH_UNIT (LENGTH_MEASURE( 1.000000000000000100E-005 ), #2980, 'distance_accuracy_value', 'NONE');
#3681 =( GEOMETRIC_REPRESENTATION_CONTEXT ( 3 ) GLOBAL_UNCERTAINTY_ASSIGNED_CONTEXT ( ( #3293 ) ) GLOBAL_UNIT_ASSIGNED_CONTEXT ( ( #531, #4138, #1549 ) ) REPRESENTATION_CONTEXT ( 'NONE', 'WORKASPACE' ) );
#3682 = ADVANCED_FACE ( 'NONE', ( #1373 ), #4047, .T. ) ;
#3683 = CIRCLE ( 'NONE', #4145, 0.1499999999999999700 ) ;
#3684 = ORIENTED_EDGE ( 'NONE', *, *, #1200, .T. ) ;
#3685 = EDGE_CURVE ( 'NONE', #255, #4228, #2842, .T. ) ;
#3686 = STYLED_ITEM ( 'NONE', ( #85 ), #3462 ) ;
#3687 = CARTESIAN_POINT ( 'NONE',  ( 0.0000000000000000000, 0.05000000000000000300, 3.049999999999999800 ) ) ;
#3688 = CARTESIAN_POINT ( 'NONE',  ( -2.250000000000000400, 0.0000000000000000000, -2.700000000000000200 ) ) ;
#3689 = DIRECTION ( 'NONE',  ( 0.7071067811865474600, 0.0000000000000000000, 0.7071067811865474600 ) ) ;
#3690 = COLOUR_RGB ( '',0.7686274509803920900, 0.7686274509803920900, 0.7686274509803920900 ) ;
#3691 = ORIENTED_EDGE ( 'NONE', *, *, #2965, .F. ) ;
#3692 = CARTESIAN_POINT ( 'NONE',  ( 2.060000000000000100, 0.05000000000000000300, 3.049999999999999800 ) ) ;
#3693 = DIRECTION ( 'NONE',  ( 0.0000000000000000000, 0.0000000000000000000, 1.000000000000000000 ) ) ;
#3694 = VERTEX_POINT ( 'NONE', #3506 ) ;
#3695 = EDGE_CURVE ( 'NONE', #2927, #2248, #1696, .T. ) ;
#3696 = DIRECTION ( 'NONE',  ( 0.7071067811865475700, -0.0000000000000000000, 0.7071067811865475700 ) ) ;
#3697 = VERTEX_POINT ( 'NONE', #2873 ) ;
#3698 = LINE ( 'NONE', #1643, #2127 ) ;
#3699 = CARTESIAN_POINT ( 'NONE',  ( 1.700000000000000000, 0.0000000000000000000, -1.675585175659000000E-015 ) ) ;
#3700 = LINE ( 'NONE', #2930, #2538 ) ;
#3701 = VERTEX_POINT ( 'NONE', #1535 ) ;
#3702 = MECHANICAL_DESIGN_GEOMETRIC_PRESENTATION_REPRESENTATION (  '', ( #2190 ), #695 ) ;
#3703 = ORIENTED_EDGE ( 'NONE', *, *, #1754, .T. ) ;
#3704 = FILL_AREA_STYLE_COLOUR ( '', #3617 ) ;
#3705 =( NAMED_UNIT ( * ) PLANE_ANGLE_UNIT ( ) SI_UNIT ( $, .RADIAN. ) );
#3706 = VERTEX_POINT ( 'NONE', #543 ) ;
#3707 = CARTESIAN_POINT ( 'NONE',  ( 0.4299999999999999900, 0.05000000000000000300, -3.000000000000000000 ) ) ;
#3708 = ADVANCED_FACE ( 'NONE', ( #3391 ), #1889, .T. ) ;
#3709 = DIRECTION ( 'NONE',  ( 0.0000000000000000000, -0.0000000000000000000, 1.000000000000000000 ) ) ;
#3710 = ORIENTED_EDGE ( 'NONE', *, *, #3318, .F. ) ;
#3711 = CARTESIAN_POINT ( 'NONE',  ( 1.700000000000000800, 0.05000000000000000300, 3.000000000000000000 ) ) ;
#3712 = LINE ( 'NONE', #759, #732 ) ;
#3713 = LINE ( 'NONE', #2078, #348 ) ;
#3714 = FILL_AREA_STYLE_COLOUR ( '', #3690 ) ;
#3715 = VERTEX_POINT ( 'NONE', #2298 ) ;
#3716 = VECTOR ( 'NONE', #3288, 1000.000000000000000 ) ;
#3717 = FILL_AREA_STYLE ('',( #13 ) ) ;
#3718 = EDGE_CURVE ( 'NONE', #1627, #3199, #2620, .T. ) ;
#3719 = ORIENTED_EDGE ( 'NONE', *, *, #4122, .T. ) ;
#3720 = DIRECTION ( 'NONE',  ( 0.0000000000000000000, 0.0000000000000000000, 1.000000000000000000 ) ) ;
#3721 = DIRECTION ( 'NONE',  ( 1.000000000000000000, 0.0000000000000000000, 0.0000000000000000000 ) ) ;
#3722 =( NAMED_UNIT ( * ) SI_UNIT ( $, .STERADIAN. ) SOLID_ANGLE_UNIT ( ) );
#3723 =( NAMED_UNIT ( * ) PLANE_ANGLE_UNIT ( ) SI_UNIT ( $, .RADIAN. ) );
#3724 = DIRECTION ( 'NONE',  ( 0.0000000000000000000, 0.0000000000000000000, 1.000000000000000000 ) ) ;
#3725 = ADVANCED_FACE ( 'NONE', ( #3333 ), #1008, .F. ) ;
#3726 =( NAMED_UNIT ( * ) SI_UNIT ( $, .STERADIAN. ) SOLID_ANGLE_UNIT ( ) );
#3727 = EDGE_CURVE ( 'NONE', #1078, #1915, #319, .T. ) ;
#3728 = ORIENTED_EDGE ( 'NONE', *, *, #432, .F. ) ;
#3729 = UNCERTAINTY_MEASURE_WITH_UNIT (LENGTH_MEASURE( 1.000000000000000100E-005 ), #1803, 'distance_accuracy_value', 'NONE');
#3730 = FILL_AREA_STYLE_COLOUR ( '', #3120 ) ;
#3731 = COLOUR_RGB ( '',0.7686274509803920900, 0.7686274509803920900, 0.7686274509803920900 ) ;
#3732 = SURFACE_STYLE_USAGE ( .BOTH. , #478 ) ;
#3733 = PRESENTATION_LAYER_ASSIGNMENT (  '', '', ( #2798 ) ) ;
#3734 = DIRECTION ( 'NONE',  ( 0.7071067811865475700, 0.0000000000000000000, 0.7071067811865475700 ) ) ;
#3735 = MECHANICAL_DESIGN_GEOMETRIC_PRESENTATION_REPRESENTATION (  '', ( #1992 ), #2221 ) ;
#3736 = SURFACE_STYLE_USAGE ( .BOTH. , #1813 ) ;
#3737 = ORIENTED_EDGE ( 'NONE', *, *, #3780, .T. ) ;
#3738 = CARTESIAN_POINT ( 'NONE',  ( -2.450000000000000200, 0.05000000000000002400, -2.899999999999999900 ) ) ;
#3739 = FACE_OUTER_BOUND ( 'NONE', #4030, .T. ) ;
#3740 = ORIENTED_EDGE ( 'NONE', *, *, #1324, .F. ) ;
#3741 = EDGE_CURVE ( 'NONE', #2200, #2305, #2429, .T. ) ;
#3742 =( GEOMETRIC_REPRESENTATION_CONTEXT ( 3 ) GLOBAL_UNCERTAINTY_ASSIGNED_CONTEXT ( ( #3865 ) ) GLOBAL_UNIT_ASSIGNED_CONTEXT ( ( #2775, #2423, #4003 ) ) REPRESENTATION_CONTEXT ( 'NONE', 'WORKASPACE' ) );
#3743 =( NAMED_UNIT ( * ) PLANE_ANGLE_UNIT ( ) SI_UNIT ( $, .RADIAN. ) );
#3744 = ADVANCED_FACE ( 'NONE', ( #22 ), #1911, .T. ) ;
#3745 = VECTOR ( 'NONE', #2371, 1000.000000000000000 ) ;
#3746 = CIRCLE ( 'NONE', #1162, 0.1999999999541613200 ) ;
#3747 = VERTEX_POINT ( 'NONE', #2574 ) ;
#3748 = CARTESIAN_POINT ( 'NONE',  ( 2.109999999999999900, 0.05000000000000000300, 3.000000000000000000 ) ) ;
#3749 =( LENGTH_UNIT ( ) NAMED_UNIT ( * ) SI_UNIT ( .MILLI., .METRE. ) );
#3750 = ORIENTED_EDGE ( 'NONE', *, *, #3856, .T. ) ;
#3751 = VECTOR ( 'NONE', #2244, 1000.000000000000000 ) ;
#3752 =( GEOMETRIC_REPRESENTATION_CONTEXT ( 3 ) GLOBAL_UNCERTAINTY_ASSIGNED_CONTEXT ( ( #2887 ) ) GLOBAL_UNIT_ASSIGNED_CONTEXT ( ( #3150, #2527, #2865 ) ) REPRESENTATION_CONTEXT ( 'NONE', 'WORKASPACE' ) );
#3753 = SURFACE_STYLE_FILL_AREA ( #2786 ) ;
#3754 = EDGE_LOOP ( 'NONE', ( #2193, #778, #201, #3132, #55, #297 ) ) ;
#3755 = ORIENTED_EDGE ( 'NONE', *, *, #747, .F. ) ;
#3756 =( GEOMETRIC_REPRESENTATION_CONTEXT ( 3 ) GLOBAL_UNCERTAINTY_ASSIGNED_CONTEXT ( ( #1478 ) ) GLOBAL_UNIT_ASSIGNED_CONTEXT ( ( #4002, #2070, #46 ) ) REPRESENTATION_CONTEXT ( 'NONE', 'WORKASPACE' ) );
#3757 = UNCERTAINTY_MEASURE_WITH_UNIT (LENGTH_MEASURE( 1.000000000000000100E-005 ), #321, 'distance_accuracy_value', 'NONE');
#3758 = APPLICATION_PROTOCOL_DEFINITION ( 'draft international standard', 'automotive_design', 1998, #813 ) ;
#3759 = LINE ( 'NONE', #2949, #3867 ) ;
#3760 = CARTESIAN_POINT ( 'NONE',  ( 0.0000000000000000000, 0.05000000000000000300, -0.7049999999999999600 ) ) ;
#3761 = PLANE ( 'NONE',  #377 ) ;
#3762 = DIRECTION ( 'NONE',  ( 0.0000000000000000000, 0.0000000000000000000, -1.000000000000000000 ) ) ;
#3763 = LINE ( 'NONE', #1487, #3869 ) ;
#3764 = DIRECTION ( 'NONE',  ( -0.7071067811865505700, 0.0000000000000000000, 0.7071067811865444600 ) ) ;
#3765 = ORIENTED_EDGE ( 'NONE', *, *, #1588, .F. ) ;
#3766 = STYLED_ITEM ( 'NONE', ( #2081 ), #1838 ) ;
#3767 =( NAMED_UNIT ( * ) PLANE_ANGLE_UNIT ( ) SI_UNIT ( $, .RADIAN. ) );
#3768 = ORIENTED_EDGE ( 'NONE', *, *, #3831, .F. ) ;
#3769 = PRESENTATION_STYLE_ASSIGNMENT (( #1438 ) ) ;
#3770 = CARTESIAN_POINT ( 'NONE',  ( 2.250000000000000400, 0.9500000000000001800, 2.700000000000001100 ) ) ;
#3771 = ADVANCED_FACE ( 'NONE', ( #2571 ), #4220, .T. ) ;
#3772 = DIRECTION ( 'NONE',  ( 0.0000000000000000000, -0.0000000000000000000, -1.000000000000000000 ) ) ;
#3773 = EDGE_CURVE ( 'NONE', #3460, #290, #2733, .T. ) ;
#3774 = PRESENTATION_STYLE_ASSIGNMENT (( #3049 ) ) ;
#3775 = EDGE_CURVE ( 'NONE', #1301, #2707, #3988, .T. ) ;
#3776 = MECHANICAL_DESIGN_GEOMETRIC_PRESENTATION_REPRESENTATION (  '', ( #1611 ), #2384 ) ;
#3777 = CARTESIAN_POINT ( 'NONE',  ( 6.092183635871000200E-017, 0.0000000000000000000, -0.2950000000000000400 ) ) ;
#3778 = CARTESIAN_POINT ( 'NONE',  ( 2.450000000000000600, 0.05000000000000001000, -0.2949999999999986500 ) ) ;
#3779 = FILL_AREA_STYLE_COLOUR ( '', #3603 ) ;
#3780 = EDGE_CURVE ( 'NONE', #3715, #3862, #541, .T. ) ;
#3781 = SURFACE_STYLE_USAGE ( .BOTH. , #3466 ) ;
#3782 = DIRECTION ( 'NONE',  ( 0.0000000000000000000, -0.0000000000000000000, 1.000000000000000000 ) ) ;
#3783 = SURFACE_SIDE_STYLE ('',( #2188 ) ) ;
#3784 = PRESENTATION_STYLE_ASSIGNMENT (( #1508 ) ) ;
#3785 = ORIENTED_EDGE ( 'NONE', *, *, #271, .T. ) ;
#3786 = FACE_OUTER_BOUND ( 'NONE', #1096, .T. ) ;
#3787 =( NAMED_UNIT ( * ) SI_UNIT ( $, .STERADIAN. ) SOLID_ANGLE_UNIT ( ) );
#3788 = UNCERTAINTY_MEASURE_WITH_UNIT (LENGTH_MEASURE( 1.000000000000000100E-005 ), #2211, 'distance_accuracy_value', 'NONE');
#3789 = MECHANICAL_DESIGN_GEOMETRIC_PRESENTATION_REPRESENTATION (  '', ( #2924 ), #4131 ) ;
#3790 = DIRECTION ( 'NONE',  ( -0.0000000000000000000, 1.000000000000000000, -0.0000000000000000000 ) ) ;
#3791 = LINE ( 'NONE', #3007, #313 ) ;
#3792 = CARTESIAN_POINT ( 'NONE',  ( -0.4299999999999999900, -0.05000000000000000300, -2.439999999999999900 ) ) ;
#3793 =( NAMED_UNIT ( * ) PLANE_ANGLE_UNIT ( ) SI_UNIT ( $, .RADIAN. ) );
#3794 = SURFACE_SIDE_STYLE ('',( #1026 ) ) ;
#3795 = MECHANICAL_DESIGN_GEOMETRIC_PRESENTATION_REPRESENTATION (  '', ( #2316 ), #2907 ) ;
#3796 = ORIENTED_EDGE ( 'NONE', *, *, #2116, .F. ) ;
#3797 = DIRECTION ( 'NONE',  ( 0.0000000000000000000, 1.000000000000000000, -0.0000000000000000000 ) ) ;
#3798 = DIRECTION ( 'NONE',  ( 1.000000000000000000, 0.0000000000000000000, 0.0000000000000000000 ) ) ;
#3799 = SURFACE_STYLE_FILL_AREA ( #363 ) ;
#3800 = ORIENTED_EDGE ( 'NONE', *, *, #1193, .F. ) ;
#3801 = DIRECTION ( 'NONE',  ( 0.0000000000000000000, 0.0000000000000000000, -1.000000000000000000 ) ) ;
#3802 = EDGE_CURVE ( 'NONE', #3912, #4173, #3086, .T. ) ;
#3803 = PRESENTATION_LAYER_ASSIGNMENT (  '', '', ( #2719 ) ) ;
#3804 = DIRECTION ( 'NONE',  ( -0.0000000000000000000, 1.000000000000000000, -0.0000000000000000000 ) ) ;
#3805 = ORIENTED_EDGE ( 'NONE', *, *, #56, .F. ) ;
#3806 = ORIENTED_EDGE ( 'NONE', *, *, #3489, .F. ) ;
#3807 = VECTOR ( 'NONE', #1655, 1000.000000000000100 ) ;
#3808 = AXIS2_PLACEMENT_3D ( 'NONE', #4095, #1126, #2490 ) ;
#3809 = CARTESIAN_POINT ( 'NONE',  ( 0.8400000000000000800, 0.05000000000000000300, -3.000000000000000400 ) ) ;
#3810 = VECTOR ( 'NONE', #720, 1000.000000000000000 ) ;
#3811 = ORIENTED_EDGE ( 'NONE', *, *, #1275, .T. ) ;
#3812 = DIRECTION ( 'NONE',  ( -0.7071067811865497900, 0.0000000000000000000, 0.7071067811865452400 ) ) ;
#3813 = VERTEX_POINT ( 'NONE', #2710 ) ;
#3814 = CARTESIAN_POINT ( 'NONE',  ( 2.109999999999999900, 0.05000000000000000300, 2.660000000000000100 ) ) ;
#3815 = ORIENTED_EDGE ( 'NONE', *, *, #271, .F. ) ;
#3816 = CARTESIAN_POINT ( 'NONE',  ( 1.700000000000000000, -0.05000000000000000300, -3.000000000000000400 ) ) ;
#3817 = CARTESIAN_POINT ( 'NONE',  ( -2.109999999999999900, -0.05000000000000000300, -3.049999999999999800 ) ) ;
#3818 = VERTEX_POINT ( 'NONE', #1017 ) ;
#3819 = DIRECTION ( 'NONE',  ( 0.0000000000000000000, 0.0000000000000000000, 1.000000000000000000 ) ) ;
#3820 = LINE ( 'NONE', #1866, #2549 ) ;
#3821 = ORIENTED_EDGE ( 'NONE', *, *, #1122, .F. ) ;
#3822 = VECTOR ( 'NONE', #993, 1000.000000000000000 ) ;
#3823 =( GEOMETRIC_REPRESENTATION_CONTEXT ( 3 ) GLOBAL_UNCERTAINTY_ASSIGNED_CONTEXT ( ( #169 ) ) GLOBAL_UNIT_ASSIGNED_CONTEXT ( ( #2518, #901, #3211 ) ) REPRESENTATION_CONTEXT ( 'NONE', 'WORKASPACE' ) );
#3824 = FACE_OUTER_BOUND ( 'NONE', #3202, .T. ) ;
#3825 = CARTESIAN_POINT ( 'NONE',  ( -2.060000000000000100, 0.05000000000000000300, 3.049999999999999800 ) ) ;
#3826 = ORIENTED_EDGE ( 'NONE', *, *, #3775, .T. ) ;
#3827 = DIRECTION ( 'NONE',  ( -0.7071067811865475700, 0.7071067811865475700, 1.057443735643323400E-016 ) ) ;
#3828 = MECHANICAL_DESIGN_GEOMETRIC_PRESENTATION_REPRESENTATION (  '', ( #2171 ), #3955 ) ;
#3829 = CARTESIAN_POINT ( 'NONE',  ( -2.450000000000000200, 0.7500000000000000000, 3.364765362886000300E-016 ) ) ;
#3830 = CARTESIAN_POINT ( 'NONE',  ( -2.109999999999999900, 0.05000000000000000300, 3.000000000000000000 ) ) ;
#3831 = EDGE_CURVE ( 'NONE', #3275, #1285, #3791, .T. ) ;
#3832 = EDGE_CURVE ( 'NONE', #290, #2281, #2264, .T. ) ;
#3833 = AXIS2_PLACEMENT_3D ( 'NONE', #3041, #2697, #3380 ) ;
#3834 = LINE ( 'NONE', #1130, #2104 ) ;
#3835 = DIRECTION ( 'NONE',  ( 0.0000000000000000000, -0.0000000000000000000, 1.000000000000000000 ) ) ;
#3836 = ORIENTED_EDGE ( 'NONE', *, *, #136, .F. ) ;
#3837 = VECTOR ( 'NONE', #3527, 1000.000000000000000 ) ;
#3838 = FILL_AREA_STYLE ('',( #2562 ) ) ;
#3839 = EDGE_CURVE ( 'NONE', #4044, #972, #226, .T. ) ;
#3840 =( NAMED_UNIT ( * ) SI_UNIT ( $, .STERADIAN. ) SOLID_ANGLE_UNIT ( ) );
#3841 = LINE ( 'NONE', #2119, #4159 ) ;
#3842 = DIRECTION ( 'NONE',  ( 0.0000000000000000000, -0.0000000000000000000, 1.000000000000000000 ) ) ;
#3843 = PRODUCT_DEFINITION_CONTEXT ( 'detailed design', #2739, 'design' ) ;
#3844 = AXIS2_PLACEMENT_3D ( 'NONE', #4086, #1780, #108 ) ;
#3845 = FILL_AREA_STYLE_COLOUR ( '', #723 ) ;
#3846 = FACE_OUTER_BOUND ( 'NONE', #1320, .T. ) ;
#3847 = ORIENTED_EDGE ( 'NONE', *, *, #2025, .T. ) ;
#3848 = SURFACE_STYLE_USAGE ( .BOTH. , #3794 ) ;
#3849 = PRESENTATION_LAYER_ASSIGNMENT (  '', '', ( #3575 ) ) ;
#3850 = ORIENTED_EDGE ( 'NONE', *, *, #2025, .F. ) ;
#3851 = SURFACE_STYLE_USAGE ( .BOTH. , #3297 ) ;
#3852 =( LENGTH_UNIT ( ) NAMED_UNIT ( * ) SI_UNIT ( .MILLI., .METRE. ) );
#3853 = LINE ( 'NONE', #2731, #2018 ) ;
#3854 = LINE ( 'NONE', #911, #277 ) ;
#3855 = ORIENTED_EDGE ( 'NONE', *, *, #904, .F. ) ;
#3856 = EDGE_CURVE ( 'NONE', #244, #3045, #869, .T. ) ;
#3857 = COLOUR_RGB ( '',0.7686274509803920900, 0.7686274509803920900, 0.7686274509803920900 ) ;
#3858 = AXIS2_PLACEMENT_3D ( 'NONE', #2032, #708, #1045 ) ;
#3859 = VERTEX_POINT ( 'NONE', #3933 ) ;
#3860 = VECTOR ( 'NONE', #1177, 1000.000000000000000 ) ;
#3861 = SURFACE_STYLE_FILL_AREA ( #121 ) ;
#3862 = VERTEX_POINT ( 'NONE', #3987 ) ;
#3863 = LINE ( 'NONE', #2749, #843 ) ;
#3864 = PRESENTATION_STYLE_ASSIGNMENT (( #3019 ) ) ;
#3865 = UNCERTAINTY_MEASURE_WITH_UNIT (LENGTH_MEASURE( 1.000000000000000100E-005 ), #2775, 'distance_accuracy_value', 'NONE');
#3866 = CARTESIAN_POINT ( 'NONE',  ( 0.0000000000000000000, 0.05000000000000000300, 0.0000000000000000000 ) ) ;
#3867 = VECTOR ( 'NONE', #1996, 1000.000000000000000 ) ;
#3868 = FILL_AREA_STYLE ('',( #4262 ) ) ;
#3869 = VECTOR ( 'NONE', #2893, 1000.000000000000000 ) ;
#3870 = SURFACE_STYLE_USAGE ( .BOTH. , #3231 ) ;
#3871 = MECHANICAL_DESIGN_GEOMETRIC_PRESENTATION_REPRESENTATION (  '', ( #2128 ), #2263 ) ;
#3872 = UNCERTAINTY_MEASURE_WITH_UNIT (LENGTH_MEASURE( 1.000000000000000100E-005 ), #2100, 'distance_accuracy_value', 'NONE');
#3873 = ORIENTED_EDGE ( 'NONE', *, *, #2066, .F. ) ;
#3874 = CARTESIAN_POINT ( 'NONE',  ( -1.750000000000000000, 0.05000000000000000300, 3.049999999999999800 ) ) ;
#3875 = EDGE_LOOP ( 'NONE', ( #1769, #3303, #3606, #2833 ) ) ;
#3876 = MECHANICAL_DESIGN_GEOMETRIC_PRESENTATION_REPRESENTATION (  '', ( #202 ), #881 ) ;
#3877 = ORIENTED_EDGE ( 'NONE', *, *, #1511, .F. ) ;
#3878 = VECTOR ( 'NONE', #3532, 1000.000000000000000 ) ;
#3879 = SURFACE_SIDE_STYLE ('',( #3159 ) ) ;
#3880 = PRESENTATION_STYLE_ASSIGNMENT (( #1147 ) ) ;
#3881 =( NAMED_UNIT ( * ) PLANE_ANGLE_UNIT ( ) SI_UNIT ( $, .RADIAN. ) );
#3882 =( LENGTH_UNIT ( ) NAMED_UNIT ( * ) SI_UNIT ( .MILLI., .METRE. ) );
#3883 = VECTOR ( 'NONE', #65, 1000.000000000000000 ) ;
#3884 = PLANE ( 'NONE',  #4216 ) ;
#3885 = MECHANICAL_DESIGN_GEOMETRIC_PRESENTATION_REPRESENTATION (  '', ( #1793 ), #899 ) ;
#3886 = VERTEX_POINT ( 'NONE', #2963 ) ;
#3887 = PRESENTATION_STYLE_ASSIGNMENT (( #1005 ) ) ;
#3888 = CARTESIAN_POINT ( 'NONE',  ( 2.450000000000000200, 0.0000000000000000000, -2.700000000000000200 ) ) ;
#3889 = VECTOR ( 'NONE', #4054, 1000.000000000000000 ) ;
#3890 = UNCERTAINTY_MEASURE_WITH_UNIT (LENGTH_MEASURE( 1.000000000000000100E-005 ), #3934, 'distance_accuracy_value', 'NONE');
#3891 = STYLED_ITEM ( 'NONE', ( #2695 ), #120 ) ;
#3892 = VECTOR ( 'NONE', #335, 1000.000000000000000 ) ;
#3893 = DIRECTION ( 'NONE',  ( -2.710505433494060200E-016, -1.000000000000000000, 0.0000000000000000000 ) ) ;
#3894 = SURFACE_STYLE_FILL_AREA ( #4200 ) ;
#3895 = ORIENTED_EDGE ( 'NONE', *, *, #3219, .T. ) ;
#3896 = SURFACE_STYLE_USAGE ( .BOTH. , #1901 ) ;
#3897 = CARTESIAN_POINT ( 'NONE',  ( 1.850000000000000100, 0.9499999999999999600, -2.299999999999999800 ) ) ;
#3898 =( NAMED_UNIT ( * ) PLANE_ANGLE_UNIT ( ) SI_UNIT ( $, .RADIAN. ) );
#3899 = COLOUR_RGB ( '',0.7686274509803920900, 0.7686274509803920900, 0.7686274509803920900 ) ;
#3900 = ORIENTED_EDGE ( 'NONE', *, *, #1553, .T. ) ;
#3901 = VECTOR ( 'NONE', #1932, 1000.000000000000000 ) ;
#3902 = VERTEX_POINT ( 'NONE', #2366 ) ;
#3903 = CARTESIAN_POINT ( 'NONE',  ( -2.450000000000000200, 0.05000000000000002400, -2.899999999999999900 ) ) ;
#3904 = PRESENTATION_LAYER_ASSIGNMENT (  '', '', ( #3258 ) ) ;
#3905 = EDGE_LOOP ( 'NONE', ( #509, #3998, #3895, #2861 ) ) ;
#3906 = VECTOR ( 'NONE', #1352, 1000.000000000000000 ) ;
#3907 = LINE ( 'NONE', #842, #3355 ) ;
#3908 = ORIENTED_EDGE ( 'NONE', *, *, #416, .T. ) ;
#3909 = CARTESIAN_POINT ( 'NONE',  ( 2.450000000000000200, 0.9499999999999999600, -2.700000000000000200 ) ) ;
#3910 = DIRECTION ( 'NONE',  ( -1.000000000000000000, -0.0000000000000000000, 0.0000000000000000000 ) ) ;
#3911 = EDGE_CURVE ( 'NONE', #2305, #1133, #1369, .T. ) ;
#3912 = VERTEX_POINT ( 'NONE', #4277 ) ;
#3913 = PRESENTATION_LAYER_ASSIGNMENT (  '', '', ( #3561 ) ) ;
#3914 = FACE_OUTER_BOUND ( 'NONE', #3754, .T. ) ;
#3915 = EDGE_LOOP ( 'NONE', ( #2582, #3002, #2805, #1287, #1278, #1924 ) ) ;
#3916 = PLANE ( 'NONE',  #2376 ) ;
#3917 = ORIENTED_EDGE ( 'NONE', *, *, #1902, .T. ) ;
#3918 = LINE ( 'NONE', #3699, #3363 ) ;
#3919 = EDGE_CURVE ( 'NONE', #4228, #1081, #76, .T. ) ;
#3920 = DIRECTION ( 'NONE',  ( -0.0000000000000000000, 0.0000000000000000000, 1.000000000000000000 ) ) ;
#3921 = VECTOR ( 'NONE', #750, 1000.000000000000000 ) ;
#3922 = CARTESIAN_POINT ( 'NONE',  ( -2.549999999999999800, -0.05000000000000000300, -0.7049999999999997400 ) ) ;
#3923 = CARTESIAN_POINT ( 'NONE',  ( -1.700000000000000000, 0.05000000000000000300, -3.049999999999999800 ) ) ;
#3924 = AXIS2_PLACEMENT_3D ( 'NONE', #411, #3390, #726 ) ;
#3925 = CARTESIAN_POINT ( 'NONE',  ( 2.109999999999999400, 0.05000000000000001700, -2.899999999999999900 ) ) ;
#3926 =( LENGTH_UNIT ( ) NAMED_UNIT ( * ) SI_UNIT ( .MILLI., .METRE. ) );
#3927 = VECTOR ( 'NONE', #888, 1000.000000000000100 ) ;
#3928 = EDGE_CURVE ( 'NONE', #1093, #2800, #3491, .T. ) ;
#3929 = VECTOR ( 'NONE', #1730, 1000.000000000000000 ) ;
#3931 = ORIENTED_EDGE ( 'NONE', *, *, #637, .T. ) ;
#3930 = SURFACE_SIDE_STYLE ('',( #847 ) ) ;
#3932 = VECTOR ( 'NONE', #2603, 1000.000000000000000 ) ;
#3933 = CARTESIAN_POINT ( 'NONE',  ( -2.109999999999999900, 0.0000000000000000000, 2.899999999999999900 ) ) ;
#3934 =( LENGTH_UNIT ( ) NAMED_UNIT ( * ) SI_UNIT ( .MILLI., .METRE. ) );
#3935 = CARTESIAN_POINT ( 'NONE',  ( 2.600000000000000500, 0.05000000000000000300, -0.6550000000000001400 ) ) ;
#3936 = EDGE_CURVE ( 'NONE', #4017, #1977, #2615, .T. ) ;
#3937 = SURFACE_STYLE_FILL_AREA ( #628 ) ;
#3938 = LINE ( 'NONE', #818, #1959 ) ;
#3939 = ORIENTED_EDGE ( 'NONE', *, *, #4203, .T. ) ;
#3940 =( GEOMETRIC_REPRESENTATION_CONTEXT ( 3 ) GLOBAL_UNCERTAINTY_ASSIGNED_CONTEXT ( ( #3455 ) ) GLOBAL_UNIT_ASSIGNED_CONTEXT ( ( #1892, #4170, #1498 ) ) REPRESENTATION_CONTEXT ( 'NONE', 'WORKASPACE' ) );
#3941 =( NAMED_UNIT ( * ) SI_UNIT ( $, .STERADIAN. ) SOLID_ANGLE_UNIT ( ) );
#3942 = CARTESIAN_POINT ( 'NONE',  ( -2.109999999999999900, -0.05000000000000000300, -3.000000000000000400 ) ) ;
#3943 = SURFACE_STYLE_USAGE ( .BOTH. , #1004 ) ;
#3944 = ORIENTED_EDGE ( 'NONE', *, *, #2236, .F. ) ;
#3945 = FILL_AREA_STYLE ('',( #631 ) ) ;
#3946 = MECHANICAL_DESIGN_GEOMETRIC_PRESENTATION_REPRESENTATION (  '', ( #323 ), #803 ) ;
#3947 =( NAMED_UNIT ( * ) PLANE_ANGLE_UNIT ( ) SI_UNIT ( $, .RADIAN. ) );
#3948 = VERTEX_POINT ( 'NONE', #3 ) ;
#3949 = VECTOR ( 'NONE', #1633, 1000.000000000000000 ) ;
#3950 = VERTEX_POINT ( 'NONE', #3942 ) ;
#3951 = VERTEX_POINT ( 'NONE', #2326 ) ;
#3952 = FACE_OUTER_BOUND ( 'NONE', #1823, .T. ) ;
#3953 = VECTOR ( 'NONE', #1839, 1000.000000000000100 ) ;
#3954 = VERTEX_POINT ( 'NONE', #2658 ) ;
#3955 =( GEOMETRIC_REPRESENTATION_CONTEXT ( 3 ) GLOBAL_UNCERTAINTY_ASSIGNED_CONTEXT ( ( #1586 ) ) GLOBAL_UNIT_ASSIGNED_CONTEXT ( ( #4012, #2393, #391 ) ) REPRESENTATION_CONTEXT ( 'NONE', 'WORKASPACE' ) );
#3956 = ORIENTED_EDGE ( 'NONE', *, *, #1223, .F. ) ;
#3957 =( NAMED_UNIT ( * ) PLANE_ANGLE_UNIT ( ) SI_UNIT ( $, .RADIAN. ) );
#3958 =( NAMED_UNIT ( * ) PLANE_ANGLE_UNIT ( ) SI_UNIT ( $, .RADIAN. ) );
#3959 = CARTESIAN_POINT ( 'NONE',  ( -2.109999999999999900, 0.05000000000000000300, -2.439999999999999900 ) ) ;
#3960 = ADVANCED_FACE ( 'NONE', ( #3387 ), #1003, .F. ) ;
#3961 = VECTOR ( 'NONE', #1919, 1000.000000000000000 ) ;
#3962 = DIRECTION ( 'NONE',  ( 0.0000000000000000000, -1.000000000000000000, 0.0000000000000000000 ) ) ;
#3963 = EDGE_CURVE ( 'NONE', #39, #1221, #2424, .T. ) ;
#3964 = MECHANICAL_DESIGN_GEOMETRIC_PRESENTATION_REPRESENTATION (  '', ( #3172 ), #4027 ) ;
#3965 = SURFACE_STYLE_FILL_AREA ( #1638 ) ;
#3966 = CARTESIAN_POINT ( 'NONE',  ( -1.649999999999999900, 0.05000000000000000300, 2.609999999999999900 ) ) ;
#3967 =( NAMED_UNIT ( * ) PLANE_ANGLE_UNIT ( ) SI_UNIT ( $, .RADIAN. ) );
#3968 = FACE_OUTER_BOUND ( 'NONE', #4083, .T. ) ;
#3969 = ORIENTED_EDGE ( 'NONE', *, *, #1303, .F. ) ;
#3970 = EDGE_CURVE ( 'NONE', #1656, #542, #3841, .T. ) ;
#3971 = ORIENTED_EDGE ( 'NONE', *, *, #195, .F. ) ;
#3972 = CARTESIAN_POINT ( 'NONE',  ( 2.060000000000000100, 0.05000000000000000300, -3.049999999999999800 ) ) ;
#3973 = CARTESIAN_POINT ( 'NONE',  ( -2.109999999999999900, -0.05000000000000003100, 3.000000000000000400 ) ) ;
#3974 = DIRECTION ( 'NONE',  ( -1.000000000000000000, -0.0000000000000000000, 2.065146995210000000E-016 ) ) ;
#3975 = STYLED_ITEM ( 'NONE', ( #466 ), #1088 ) ;
#3976 = FILL_AREA_STYLE_COLOUR ( '', #208 ) ;
#3977 = SURFACE_STYLE_USAGE ( .BOTH. , #1694 ) ;
#3978 = DIRECTION ( 'NONE',  ( 1.000000000000000000, 0.0000000000000000000, 0.0000000000000000000 ) ) ;
#3979 = PLANE ( 'NONE',  #3858 ) ;
#3980 = MECHANICAL_DESIGN_GEOMETRIC_PRESENTATION_REPRESENTATION (  '', ( #3766 ), #1075 ) ;
#3981 = ADVANCED_FACE ( 'NONE', ( #3630 ), #2388, .F. ) ;
#3982 = EDGE_LOOP ( 'NONE', ( #1885, #3300, #2609 ) ) ;
#3983 = FACE_OUTER_BOUND ( 'NONE', #2454, .T. ) ;
#3984 = EDGE_CURVE ( 'NONE', #3747, #3862, #2926, .T. ) ;
#3985 =( GEOMETRIC_REPRESENTATION_CONTEXT ( 3 ) GLOBAL_UNCERTAINTY_ASSIGNED_CONTEXT ( ( #1050 ) ) GLOBAL_UNIT_ASSIGNED_CONTEXT ( ( #250, #2581, #2921 ) ) REPRESENTATION_CONTEXT ( 'NONE', 'WORKASPACE' ) );
#3986 = CARTESIAN_POINT ( 'NONE',  ( -2.549999999999999800, 0.05000000000000000300, -0.2950000000000000400 ) ) ;
#3987 = CARTESIAN_POINT ( 'NONE',  ( 0.4299999999999999900, -0.05000000000000000300, -3.000000000000000400 ) ) ;
#3988 = LINE ( 'NONE', #3260, #380 ) ;
#3989 = UNCERTAINTY_MEASURE_WITH_UNIT (LENGTH_MEASURE( 1.000000000000000100E-005 ), #572, 'distance_accuracy_value', 'NONE');
#3990 = DIRECTION ( 'NONE',  ( -0.0000000000000000000, 1.000000000000000000, 0.0000000000000000000 ) ) ;
#3991 = PLANE ( 'NONE',  #1678 ) ;
#3992 = LINE ( 'NONE', #3005, #3149 ) ;
#3993 = FILL_AREA_STYLE_COLOUR ( '', #1602 ) ;
#3994 = ORIENTED_EDGE ( 'NONE', *, *, #282, .F. ) ;
#3995 = CARTESIAN_POINT ( 'NONE',  ( -2.109999999999999900, 0.05000000000000000300, -3.049999999999999800 ) ) ;
#3996 = EDGE_CURVE ( 'NONE', #1182, #1285, #2419, .T. ) ;
#3997 = LINE ( 'NONE', #393, #1020 ) ;
#3998 = ORIENTED_EDGE ( 'NONE', *, *, #2553, .T. ) ;
#3999 = CARTESIAN_POINT ( 'NONE',  ( -2.450000000000000200, 0.05000000000000002400, -2.899999999999999900 ) ) ;
#4000 = ORIENTED_EDGE ( 'NONE', *, *, #969, .T. ) ;
#4001 = DIRECTION ( 'NONE',  ( 0.0000000000000000000, 0.0000000000000000000, -1.000000000000000000 ) ) ;
#4002 =( LENGTH_UNIT ( ) NAMED_UNIT ( * ) SI_UNIT ( .MILLI., .METRE. ) );
#4003 =( NAMED_UNIT ( * ) SI_UNIT ( $, .STERADIAN. ) SOLID_ANGLE_UNIT ( ) );
#4004 = ADVANCED_FACE ( 'NONE', ( #3274 ), #1267, .T. ) ;
#4005 = CARTESIAN_POINT ( 'NONE',  ( -1.700000000000000200, -0.05000000000000002400, -3.000000000000000400 ) ) ;
#4006 = ORIENTED_EDGE ( 'NONE', *, *, #2066, .T. ) ;
#4007 = VECTOR ( 'NONE', #917, 1000.000000000000000 ) ;
#4008 = ORIENTED_EDGE ( 'NONE', *, *, #2664, .T. ) ;
#4009 = VECTOR ( 'NONE', #754, 1000.000000000000000 ) ;
#4010 = DIRECTION ( 'NONE',  ( 0.0000000000000000000, 1.000000000000000000, 0.0000000000000000000 ) ) ;
#4011 =( GEOMETRIC_REPRESENTATION_CONTEXT ( 3 ) GLOBAL_UNCERTAINTY_ASSIGNED_CONTEXT ( ( #3381 ) ) GLOBAL_UNIT_ASSIGNED_CONTEXT ( ( #1007, #4266, #2992 ) ) REPRESENTATION_CONTEXT ( 'NONE', 'WORKASPACE' ) );
#4012 =( LENGTH_UNIT ( ) NAMED_UNIT ( * ) SI_UNIT ( .MILLI., .METRE. ) );
#4013 = CARTESIAN_POINT ( 'NONE',  ( -1.750000000000000000, -0.05000000000000005800, -3.049999999999999800 ) ) ;
#4014 = ORIENTED_EDGE ( 'NONE', *, *, #1816, .F. ) ;
#4015 = VECTOR ( 'NONE', #699, 1000.000000000000100 ) ;
#4016 = EDGE_CURVE ( 'NONE', #821, #244, #1745, .T. ) ;
#4017 = VERTEX_POINT ( 'NONE', #3034 ) ;
#4018 = PRESENTATION_LAYER_ASSIGNMENT (  '', '', ( #3278 ) ) ;
#4019 = CARTESIAN_POINT ( 'NONE',  ( 2.109999999999999900, 0.05000000000000000300, -3.049999999999999800 ) ) ;
#4020 = DIRECTION ( 'NONE',  ( 0.0000000000000000000, -1.000000000000000000, -0.0000000000000000000 ) ) ;
#4021 = ORIENTED_EDGE ( 'NONE', *, *, #2753, .F. ) ;
#4022 = LINE ( 'NONE', #3282, #1298 ) ;
#4023 = DIRECTION ( 'NONE',  ( 1.000000000000000000, 0.0000000000000000000, -0.0000000000000000000 ) ) ;
#4024 = DIRECTION ( 'NONE',  ( -2.710505433375735000E-016, -1.000000000000000000, 0.0000000000000000000 ) ) ;
#4025 =( NAMED_UNIT ( * ) PLANE_ANGLE_UNIT ( ) SI_UNIT ( $, .RADIAN. ) );
#4026 = FACE_OUTER_BOUND ( 'NONE', #98, .T. ) ;
#4027 =( GEOMETRIC_REPRESENTATION_CONTEXT ( 3 ) GLOBAL_UNCERTAINTY_ASSIGNED_CONTEXT ( ( #2352 ) ) GLOBAL_UNIT_ASSIGNED_CONTEXT ( ( #2840, #3793, #131 ) ) REPRESENTATION_CONTEXT ( 'NONE', 'WORKASPACE' ) );
#4028 = FILL_AREA_STYLE ('',( #2370 ) ) ;
#4029 = CARTESIAN_POINT ( 'NONE',  ( 0.8400000000000000800, -0.05000000000000002400, -3.000000000000000400 ) ) ;
#4030 = EDGE_LOOP ( 'NONE', ( #2380, #1664, #3805, #285, #2692, #381 ) ) ;
#4031 = ADVANCED_FACE ( 'NONE', ( #2051 ), #3081, .T. ) ;
#4032 = SURFACE_SIDE_STYLE ('',( #1340 ) ) ;
#4033 = STYLED_ITEM ( 'NONE', ( #4045 ), #160 ) ;
#4034 = FILL_AREA_STYLE ('',( #3105 ) ) ;
#4035 =( NAMED_UNIT ( * ) PLANE_ANGLE_UNIT ( ) SI_UNIT ( $, .RADIAN. ) );
#4036 = CARTESIAN_POINT ( 'NONE',  ( 0.0000000000000000000, 0.0000000000000000000, 0.0000000000000000000 ) ) ;
#4037 = DIRECTION ( 'NONE',  ( 0.0000000000000000000, -0.7071067811865474600, 0.7071067811865474600 ) ) ;
#4038 = CARTESIAN_POINT ( 'NONE',  ( 2.109999999999999400, 0.0000000000000000000, -2.899999999999999900 ) ) ;
#4039 = MECHANICAL_DESIGN_GEOMETRIC_PRESENTATION_REPRESENTATION (  '', ( #2798 ), #2742 ) ;
#4040 =( LENGTH_UNIT ( ) NAMED_UNIT ( * ) SI_UNIT ( .MILLI., .METRE. ) );
#4041 = LINE ( 'NONE', #159, #1481 ) ;
#4042 = ORIENTED_EDGE ( 'NONE', *, *, #3936, .T. ) ;
#4043 = DIRECTION ( 'NONE',  ( 0.0000000000000000000, 1.000000000000000000, 0.0000000000000000000 ) ) ;
#4044 = VERTEX_POINT ( 'NONE', #3361 ) ;
#4045 = PRESENTATION_STYLE_ASSIGNMENT (( #1518 ) ) ;
#4046 = SURFACE_STYLE_USAGE ( .BOTH. , #4080 ) ;
#4047 = CONICAL_SURFACE ( 'NONE', #3400, 0.1999999998317436300, 0.7853981625229699000 ) ;
#4048 = EDGE_CURVE ( 'NONE', #1187, #2594, #4041, .T. ) ;
#4049 = EDGE_CURVE ( 'NONE', #1218, #2635, #536, .T. ) ;
#4050 = STYLED_ITEM ( 'NONE', ( #1322 ), #3375 ) ;
#4051 = FILL_AREA_STYLE ('',( #3704 ) ) ;
#4052 = DIRECTION ( 'NONE',  ( 1.000000000000000000, 0.0000000000000000000, 0.0000000000000000000 ) ) ;
#4053 =( NAMED_UNIT ( * ) PLANE_ANGLE_UNIT ( ) SI_UNIT ( $, .RADIAN. ) );
#4054 = DIRECTION ( 'NONE',  ( -0.0000000000000000000, 1.000000000000000000, 0.0000000000000000000 ) ) ;
#4055 = ADVANCED_FACE ( 'NONE', ( #1806 ), #1524, .F. ) ;
#4056 = DIRECTION ( 'NONE',  ( 1.000000000000000000, 0.0000000000000000000, -0.0000000000000000000 ) ) ;
#4057 = LINE ( 'NONE', #2442, #4108 ) ;
#4058 = ORIENTED_EDGE ( 'NONE', *, *, #1249, .T. ) ;
#4059 = UNCERTAINTY_MEASURE_WITH_UNIT (LENGTH_MEASURE( 1.000000000000000100E-005 ), #2512, 'distance_accuracy_value', 'NONE');
#4060 = CIRCLE ( 'NONE', #1580, 0.1999999999454304700 ) ;
#4061 = ORIENTED_EDGE ( 'NONE', *, *, #1419, .T. ) ;
#4062 = FILL_AREA_STYLE ('',( #1468 ) ) ;
#4063 = EDGE_LOOP ( 'NONE', ( #562, #3684, #3821, #4014 ) ) ;
#4064 = SURFACE_STYLE_USAGE ( .BOTH. , #3397 ) ;
#4065 = VECTOR ( 'NONE', #1544, 1000.000000000000000 ) ;
#4066 = ORIENTED_EDGE ( 'NONE', *, *, #1645, .T. ) ;
#4067 = ORIENTED_EDGE ( 'NONE', *, *, #2382, .T. ) ;
#4068 = FILL_AREA_STYLE ('',( #1739 ) ) ;
#4069 = LINE ( 'NONE', #2711, #3166 ) ;
#4070 =( NAMED_UNIT ( * ) SI_UNIT ( $, .STERADIAN. ) SOLID_ANGLE_UNIT ( ) );
#4071 = CARTESIAN_POINT ( 'NONE',  ( -1.700000000000000000, 0.9499999999999999600, -2.899999999999999900 ) ) ;
#4072 = CARTESIAN_POINT ( 'NONE',  ( -2.449999999999999300, 0.7500000000048884200, 2.700000000000000200 ) ) ;
#4073 = ORIENTED_EDGE ( 'NONE', *, *, #1216, .T. ) ;
#4074 = LINE ( 'NONE', #3194, #2951 ) ;
#4075 =( GEOMETRIC_REPRESENTATION_CONTEXT ( 3 ) GLOBAL_UNCERTAINTY_ASSIGNED_CONTEXT ( ( #3872 ) ) GLOBAL_UNIT_ASSIGNED_CONTEXT ( ( #2100, #1802, #1469 ) ) REPRESENTATION_CONTEXT ( 'NONE', 'WORKASPACE' ) );
#4076 = VECTOR ( 'NONE', #172, 1000.000000000000000 ) ;
#4077 = DIRECTION ( 'NONE',  ( -0.7071067811865497900, 0.0000000000000000000, -0.7071067811865452400 ) ) ;
#4078 = ADVANCED_FACE ( 'NONE', ( #1953 ), #1805, .F. ) ;
#4079 = CARTESIAN_POINT ( 'NONE',  ( 2.075000000000000200, -0.05000000000000000300, 0.0000000000000000000 ) ) ;
#4080 = SURFACE_SIDE_STYLE ('',( #1392 ) ) ;
#4081 = EDGE_CURVE ( 'NONE', #3902, #2290, #3453, .T. ) ;
#4082 = AXIS2_PLACEMENT_3D ( 'NONE', #859, #3176, #873 ) ;
#4083 = EDGE_LOOP ( 'NONE', ( #558, #2151, #2175, #890 ) ) ;
#4084 = UNCERTAINTY_MEASURE_WITH_UNIT (LENGTH_MEASURE( 1.000000000000000100E-005 ), #989, 'distance_accuracy_value', 'NONE');
#4085 = ORIENTED_EDGE ( 'NONE', *, *, #1316, .T. ) ;
#4086 = CARTESIAN_POINT ( 'NONE',  ( -0.8400000000000000800, 0.05000000000000000300, -3.049999999999999800 ) ) ;
#4087 = FILL_AREA_STYLE_COLOUR ( '', #1067 ) ;
#4088 = DIRECTION ( 'NONE',  ( 0.0000000000000000000, 1.000000000000000000, -0.0000000000000000000 ) ) ;
#4089 = LINE ( 'NONE', #1169, #3076 ) ;
#4090 = DIRECTION ( 'NONE',  ( -0.0000000000000000000, -1.000000000000000000, -0.0000000000000000000 ) ) ;
#4091 = DIRECTION ( 'NONE',  ( -0.0000000000000000000, 1.000000000000000000, 0.0000000000000000000 ) ) ;
#4092 = STYLED_ITEM ( 'NONE', ( #3234 ), #442 ) ;
#4093 =( NAMED_UNIT ( * ) PLANE_ANGLE_UNIT ( ) SI_UNIT ( $, .RADIAN. ) );
#4094 = LINE ( 'NONE', #1400, #2516 ) ;
#4095 = CARTESIAN_POINT ( 'NONE',  ( -2.109999999999999900, 0.05000000000000000300, -3.000000000000000000 ) ) ;
#4096 = ORIENTED_EDGE ( 'NONE', *, *, #3056, .F. ) ;
#4097 = ADVANCED_FACE ( 'NONE', ( #3405 ), #1867, .T. ) ;
#4098 = LINE ( 'NONE', #4079, #2525 ) ;
#4099 = FILL_AREA_STYLE_COLOUR ( '', #834 ) ;
#4100 = MECHANICAL_DESIGN_GEOMETRIC_PRESENTATION_REPRESENTATION (  '', ( #1630 ), #3600 ) ;
#4101 = DIRECTION ( 'NONE',  ( 0.7071067811865474600, 0.0000000000000000000, 0.7071067811865474600 ) ) ;
#4102 = COLOUR_RGB ( '',0.1019607843137254900, 0.1019607843137254900, 0.1019607843137254900 ) ;
#4103 = SURFACE_SIDE_STYLE ('',( #1699 ) ) ;
#4104 =( NAMED_UNIT ( * ) SI_UNIT ( $, .STERADIAN. ) SOLID_ANGLE_UNIT ( ) );
#4105 = STYLED_ITEM ( 'NONE', ( #1190 ), #3128 ) ;
#4106 = VECTOR ( 'NONE', #1705, 1000.000000000000000 ) ;
#4107 = DIRECTION ( 'NONE',  ( 0.0000000000000000000, -0.0000000000000000000, 1.000000000000000000 ) ) ;
#4108 = VECTOR ( 'NONE', #1785, 1000.000000000000000 ) ;
#4109 = ORIENTED_EDGE ( 'NONE', *, *, #3337, .F. ) ;
#4110 = UNCERTAINTY_MEASURE_WITH_UNIT (LENGTH_MEASURE( 1.000000000000000100E-005 ), #3501, 'distance_accuracy_value', 'NONE');
#4111 = DIRECTION ( 'NONE',  ( 0.0000000000000000000, 0.0000000000000000000, 1.000000000000000000 ) ) ;
#4112 = ORIENTED_EDGE ( 'NONE', *, *, #72, .T. ) ;
#4113 = PRESENTATION_LAYER_ASSIGNMENT (  '', '', ( #434 ) ) ;
#4114 = DIRECTION ( 'NONE',  ( 0.0000000000000000000, -0.0000000000000000000, -1.000000000000000000 ) ) ;
#4115 =( NAMED_UNIT ( * ) PLANE_ANGLE_UNIT ( ) SI_UNIT ( $, .RADIAN. ) );
#4116 = LINE ( 'NONE', #4246, #3503 ) ;
#4117 = ORIENTED_EDGE ( 'NONE', *, *, #3631, .T. ) ;
#4118 = DIRECTION ( 'NONE',  ( -0.0000000000000000000, -1.000000000000000000, 0.0000000000000000000 ) ) ;
#4119 = ORIENTED_EDGE ( 'NONE', *, *, #1902, .F. ) ;
#4120 = DIRECTION ( 'NONE',  ( 1.000000000000000000, 0.0000000000000000000, -0.0000000000000000000 ) ) ;
#4121 = VECTOR ( 'NONE', #2591, 1000.000000000000100 ) ;
#4122 = EDGE_CURVE ( 'NONE', #3460, #1929, #2789, .T. ) ;
#4123 = LINE ( 'NONE', #1691, #1711 ) ;
#4124 = VERTEX_POINT ( 'NONE', #3778 ) ;
#4125 = PRESENTATION_STYLE_ASSIGNMENT (( #2017 ) ) ;
#4126 = ADVANCED_FACE ( 'NONE', ( #599 ), #3761, .T. ) ;
#4127 = DIRECTION ( 'NONE',  ( 1.495451272394000000E-016, 0.0000000000000000000, 1.000000000000000000 ) ) ;
#4128 =( NAMED_UNIT ( * ) SI_UNIT ( $, .STERADIAN. ) SOLID_ANGLE_UNIT ( ) );
#4129 = ORIENTED_EDGE ( 'NONE', *, *, #2504, .T. ) ;
#4130 = FACE_OUTER_BOUND ( 'NONE', #2296, .T. ) ;
#4131 =( GEOMETRIC_REPRESENTATION_CONTEXT ( 3 ) GLOBAL_UNCERTAINTY_ASSIGNED_CONTEXT ( ( #2568 ) ) GLOBAL_UNIT_ASSIGNED_CONTEXT ( ( #875, #3189, #207 ) ) REPRESENTATION_CONTEXT ( 'NONE', 'WORKASPACE' ) );
#4132 = FILL_AREA_STYLE ('',( #858 ) ) ;
#4133 = FACE_OUTER_BOUND ( 'NONE', #3267, .T. ) ;
#4134 = CARTESIAN_POINT ( 'NONE',  ( 2.075000000000000200, 0.05000000000000000300, -0.2950000000000000400 ) ) ;
#4135 = ORIENTED_EDGE ( 'NONE', *, *, #2225, .F. ) ;
#4136 =( GEOMETRIC_REPRESENTATION_CONTEXT ( 3 ) GLOBAL_UNCERTAINTY_ASSIGNED_CONTEXT ( ( #762 ) ) GLOBAL_UNIT_ASSIGNED_CONTEXT ( ( #3882, #4221, #1270 ) ) REPRESENTATION_CONTEXT ( 'NONE', 'WORKASPACE' ) );
#4137 = SURFACE_STYLE_USAGE ( .BOTH. , #2202 ) ;
#4138 =( NAMED_UNIT ( * ) PLANE_ANGLE_UNIT ( ) SI_UNIT ( $, .RADIAN. ) );
#4139 = PRESENTATION_STYLE_ASSIGNMENT (( #3943 ) ) ;
#4140 = DIRECTION ( 'NONE',  ( -0.7071067811865517900, 0.0000000000000000000, -0.7071067811865433500 ) ) ;
#4141 =( LENGTH_UNIT ( ) NAMED_UNIT ( * ) SI_UNIT ( .MILLI., .METRE. ) );
#4142 = UNCERTAINTY_MEASURE_WITH_UNIT (LENGTH_MEASURE( 1.000000000000000100E-005 ), #234, 'distance_accuracy_value', 'NONE');
#4143 = ORIENTED_EDGE ( 'NONE', *, *, #215, .T. ) ;
#4144 = EDGE_CURVE ( 'NONE', #3103, #611, #1756, .T. ) ;
#4145 = AXIS2_PLACEMENT_3D ( 'NONE', #557, #1529, #1856 ) ;
#4146 = FILL_AREA_STYLE ('',( #3520 ) ) ;
#4147 = CARTESIAN_POINT ( 'NONE',  ( 2.600000000000000500, 0.05000000000000000300, -0.3449999999999999700 ) ) ;
#4148 = DIRECTION ( 'NONE',  ( 0.0000000000000000000, 0.0000000000000000000, -1.000000000000000000 ) ) ;
#4149 = EDGE_CURVE ( 'NONE', #3859, #4270, #1644, .T. ) ;
#4150 = SURFACE_SIDE_STYLE ('',( #11 ) ) ;
#4151 = FACE_OUTER_BOUND ( 'NONE', #2024, .T. ) ;
#4152 = CARTESIAN_POINT ( 'NONE',  ( -1.700000000000000000, 0.05000000000000000300, -3.000000000000000000 ) ) ;
#4153 = CARTESIAN_POINT ( 'NONE',  ( -1.649999999999999900, -0.05000000000000005800, 2.609999999999999900 ) ) ;
#4154 = ORIENTED_EDGE ( 'NONE', *, *, #2725, .F. ) ;
#4155 = VECTOR ( 'NONE', #965, 1000.000000000000000 ) ;
#4156 = CARTESIAN_POINT ( 'NONE',  ( 2.450000000000000200, 0.0000000000000000000, -2.899999999999999900 ) ) ;
#4157 = PRESENTATION_LAYER_ASSIGNMENT (  '', '', ( #1738 ) ) ;
#4158 = DIRECTION ( 'NONE',  ( 1.000000000000000000, 0.0000000000000000000, -0.0000000000000000000 ) ) ;
#4159 = VECTOR ( 'NONE', #3689, 1000.000000000000100 ) ;
#4160 = DIRECTION ( 'NONE',  ( 0.0000000000000000000, -1.000000000000000000, 0.0000000000000000000 ) ) ;
#4161 = FILL_AREA_STYLE_COLOUR ( '', #3508 ) ;
#4162 = AXIS2_PLACEMENT_3D ( 'NONE', #3169, #3184, #4158 ) ;
#4163 = SURFACE_STYLE_USAGE ( .BOTH. , #4150 ) ;
#4164 =( LENGTH_UNIT ( ) NAMED_UNIT ( * ) SI_UNIT ( .MILLI., .METRE. ) );
#4165 = VECTOR ( 'NONE', #2061, 1000.000000000000100 ) ;
#4166 = EDGE_LOOP ( 'NONE', ( #395, #1662, #2398, #2480 ) ) ;
#4167 =( NAMED_UNIT ( * ) PLANE_ANGLE_UNIT ( ) SI_UNIT ( $, .RADIAN. ) );
#4168 = EDGE_CURVE ( 'NONE', #867, #1732, #3541, .T. ) ;
#4169 = MECHANICAL_DESIGN_GEOMETRIC_PRESENTATION_REPRESENTATION (  '', ( #3653 ), #1667 ) ;
#4170 =( NAMED_UNIT ( * ) PLANE_ANGLE_UNIT ( ) SI_UNIT ( $, .RADIAN. ) );
#4171 = CARTESIAN_POINT ( 'NONE',  ( 2.109999999999999900, 0.05000000000000000300, -3.000000000000000400 ) ) ;
#4172 = VECTOR ( 'NONE', #1079, 1000.000000000000000 ) ;
#4173 = VERTEX_POINT ( 'NONE', #3359 ) ;
#4174 = ORIENTED_EDGE ( 'NONE', *, *, #2184, .T. ) ;
#4175 = FACE_OUTER_BOUND ( 'NONE', #2075, .T. ) ;
#4176 = FACE_OUTER_BOUND ( 'NONE', #2530, .T. ) ;
#4177 = EDGE_LOOP ( 'NONE', ( #383, #1814, #3051, #4190 ) ) ;
#4178 = FACE_OUTER_BOUND ( 'NONE', #1873, .T. ) ;
#4179 = DIRECTION ( 'NONE',  ( 1.000000000000000000, 0.0000000000000000000, -0.0000000000000000000 ) ) ;
#4180 = EDGE_CURVE ( 'NONE', #1176, #1232, #3494, .T. ) ;
#4181 = VERTEX_POINT ( 'NONE', #3973 ) ;
#4182 = PRODUCT ( 'SOLID_1_2', 'SOLID_1_2', '', ( #1819 ) ) ;
#4183 = SURFACE_STYLE_FILL_AREA ( #1963 ) ;
#4184 = PLANE ( 'NONE',  #5 ) ;
#4185 = LINE ( 'NONE', #2465, #2691 ) ;
#4186 = ORIENTED_EDGE ( 'NONE', *, *, #528, .F. ) ;
#4187 = FILL_AREA_STYLE_COLOUR ( '', #1319 ) ;
#4188 = CARTESIAN_POINT ( 'NONE',  ( -2.250000000000000400, 0.9499999999999999600, 2.899999999999999900 ) ) ;
#4189 = AXIS2_PLACEMENT_3D ( 'NONE', #3345, #2392, #1733 ) ;
#4190 = ORIENTED_EDGE ( 'NONE', *, *, #4288, .F. ) ;
#4191 = COLOUR_RGB ( '',0.7686274509803920900, 0.7686274509803920900, 0.7686274509803920900 ) ;
#4192 = SURFACE_STYLE_FILL_AREA ( #638 ) ;
#4193 = CARTESIAN_POINT ( 'NONE',  ( 2.109999999999999900, 0.05000000000000000300, -2.439999999999999900 ) ) ;
#4194 = SURFACE_STYLE_FILL_AREA ( #552 ) ;
#4195 =( LENGTH_UNIT ( ) NAMED_UNIT ( * ) SI_UNIT ( .MILLI., .METRE. ) );
#4196 = SURFACE_STYLE_USAGE ( .BOTH. , #1907 ) ;
#4197 = VERTEX_POINT ( 'NONE', #1348 ) ;
#4198 =( NAMED_UNIT ( * ) PLANE_ANGLE_UNIT ( ) SI_UNIT ( $, .RADIAN. ) );
#4199 = AXIS2_PLACEMENT_3D ( 'NONE', #1714, #692, #66 ) ;
#4200 = FILL_AREA_STYLE ('',( #4187 ) ) ;
#4201 = DIRECTION ( 'NONE',  ( 0.0000000000000000000, 1.000000000000000000, 0.0000000000000000000 ) ) ;
#4202 = VECTOR ( 'NONE', #495, 1000.000000000000000 ) ;
#4203 = EDGE_CURVE ( 'NONE', #2283, #3055, #2005, .T. ) ;
#4204 = AXIS2_PLACEMENT_3D ( 'NONE', #3475, #1853, #2168 ) ;
#4205 = EDGE_CURVE ( 'NONE', #4197, #3192, #1958, .T. ) ;
#4206 = CARTESIAN_POINT ( 'NONE',  ( -2.450000000000000200, 0.9499999999999999600, -2.899999999999999900 ) ) ;
#4207 = COLOUR_RGB ( '',0.7686274509803920900, 0.7686274509803920900, 0.7686274509803920900 ) ;
#4208 = ORIENTED_EDGE ( 'NONE', *, *, #3559, .F. ) ;
#4209 = DIRECTION ( 'NONE',  ( 0.0000000000000000000, 1.000000000000000000, -0.0000000000000000000 ) ) ;
#4210 = DIRECTION ( 'NONE',  ( 0.0000000000000000000, 0.0000000000000000000, 1.000000000000000000 ) ) ;
#4211 = STYLED_ITEM ( 'NONE', ( #2347 ), #1009 ) ;
#4212 = CARTESIAN_POINT ( 'NONE',  ( 0.8400000000000000800, 0.05000000000000000300, -3.049999999999999800 ) ) ;
#4213 = LINE ( 'NONE', #1121, #918 ) ;
#4214 = ORIENTED_EDGE ( 'NONE', *, *, #2088, .F. ) ;
#4215 = DIRECTION ( 'NONE',  ( 0.0000000000000000000, 0.7071067811865475700, -0.7071067811865475700 ) ) ;
#4216 = AXIS2_PLACEMENT_3D ( 'NONE', #2216, #909, #1248 ) ;
#4217 = UNCERTAINTY_MEASURE_WITH_UNIT (LENGTH_MEASURE( 1.000000000000000100E-005 ), #1768, 'distance_accuracy_value', 'NONE');
#4218 = FACE_OUTER_BOUND ( 'NONE', #2403, .T. ) ;
#4219 = ORIENTED_EDGE ( 'NONE', *, *, #811, .T. ) ;
#4220 = PLANE ( 'NONE',  #187 ) ;
#4221 =( NAMED_UNIT ( * ) PLANE_ANGLE_UNIT ( ) SI_UNIT ( $, .RADIAN. ) );
#4222 = FACE_OUTER_BOUND ( 'NONE', #4255, .T. ) ;
#4223 = EDGE_CURVE ( 'NONE', #2637, #1712, #1372, .T. ) ;
#4224 = VERTEX_POINT ( 'NONE', #369 ) ;
#4225 = EDGE_CURVE ( 'NONE', #2800, #2637, #2737, .T. ) ;
#4226 = AXIS2_PLACEMENT_3D ( 'NONE', #3549, #4215, #936 ) ;
#4227 = DIRECTION ( 'NONE',  ( -1.495451272394000000E-016, 0.0000000000000000000, -1.000000000000000000 ) ) ;
#4228 = VERTEX_POINT ( 'NONE', #2029 ) ;
#4229 = LINE ( 'NONE', #1599, #4007 ) ;
#4230 = FACE_OUTER_BOUND ( 'NONE', #2712, .T. ) ;
#4231 = ORIENTED_EDGE ( 'NONE', *, *, #1800, .T. ) ;
#4232 = LINE ( 'NONE', #3379, #4009 ) ;
#4233 = ORIENTED_EDGE ( 'NONE', *, *, #259, .T. ) ;
#4234 = EDGE_CURVE ( 'NONE', #3818, #103, #1013, .T. ) ;
#4235 = LINE ( 'NONE', #3621, #1978 ) ;
#4236 = CARTESIAN_POINT ( 'NONE',  ( 0.0000000000000000000, 0.05000000000000000300, -3.049999999999999800 ) ) ;
#4237 = CARTESIAN_POINT ( 'NONE',  ( -2.449999999999999700, 0.9499999999999999600, -0.7049999999999998500 ) ) ;
#4238 = SURFACE_SIDE_STYLE ('',( #184 ) ) ;
#4239 =( NAMED_UNIT ( * ) SI_UNIT ( $, .STERADIAN. ) SOLID_ANGLE_UNIT ( ) );
#4240 = STYLED_ITEM ( 'NONE', ( #3880 ), #464 ) ;
#4241 = FACE_OUTER_BOUND ( 'NONE', #430, .T. ) ;
#4242 = CARTESIAN_POINT ( 'NONE',  ( -1.700000000000000000, -0.05000000000000000300, 0.0000000000000000000 ) ) ;
#4243 =( LENGTH_UNIT ( ) NAMED_UNIT ( * ) SI_UNIT ( .MILLI., .METRE. ) );
#4244 = EDGE_LOOP ( 'NONE', ( #3944, #2990, #3939, #266, #342, #1492 ) ) ;
#4245 = LINE ( 'NONE', #2577, #526 ) ;
#4246 = CARTESIAN_POINT ( 'NONE',  ( -1.700000000000000000, -0.05000000000000005800, 3.000000000000000000 ) ) ;
#4247 = EDGE_CURVE ( 'NONE', #1727, #1967, #2266, .T. ) ;
#4248 = PRESENTATION_LAYER_ASSIGNMENT (  '', '', ( #2573 ) ) ;
#4249 = FILL_AREA_STYLE_COLOUR ( '', #461 ) ;
#4250 =( NAMED_UNIT ( * ) PLANE_ANGLE_UNIT ( ) SI_UNIT ( $, .RADIAN. ) );
#4251 = CARTESIAN_POINT ( 'NONE',  ( -2.449999999999999700, 0.0000000000000000000, -0.7049999999999997400 ) ) ;
#4252 = DIRECTION ( 'NONE',  ( -0.0000000000000000000, 0.0000000000000000000, -1.000000000000000000 ) ) ;
#4253 = PRESENTATION_LAYER_ASSIGNMENT (  '', '', ( #216 ) ) ;
#4254 = SURFACE_STYLE_FILL_AREA ( #450 ) ;
#4255 = EDGE_LOOP ( 'NONE', ( #2678, #1431, #227, #618, #3281, #1703 ) ) ;
#4256 = LINE ( 'NONE', #198, #312 ) ;
#4257 = CARTESIAN_POINT ( 'NONE',  ( 2.075000000000000200, -0.05000000000000000300, -1.240000000000000000 ) ) ;
#4258 = COLOUR_RGB ( '',0.7686274509803920900, 0.7686274509803920900, 0.7686274509803920900 ) ;
#4259 = EDGE_CURVE ( 'NONE', #2223, #774, #1812, .T. ) ;
#4260 = DIRECTION ( 'NONE',  ( -1.000000000000000000, -0.0000000000000000000, 2.065146995210000000E-016 ) ) ;
#4261 = LINE ( 'NONE', #3340, #322 ) ;
#4262 = FILL_AREA_STYLE_COLOUR ( '', #1689 ) ;
#4263 = ORIENTED_EDGE ( 'NONE', *, *, #1792, .T. ) ;
#4264 = PLANE ( 'NONE',  #1292 ) ;
#4265 = PRESENTATION_LAYER_ASSIGNMENT (  '', '', ( #1840 ) ) ;
#4266 =( NAMED_UNIT ( * ) PLANE_ANGLE_UNIT ( ) SI_UNIT ( $, .RADIAN. ) );
#4267 = COLOUR_RGB ( '',0.7686274509803920900, 0.7686274509803920900, 0.7686274509803920900 ) ;
#4268 = VERTEX_POINT ( 'NONE', #2338 ) ;
#4269 = UNCERTAINTY_MEASURE_WITH_UNIT (LENGTH_MEASURE( 1.000000000000000100E-005 ), #2723, 'distance_accuracy_value', 'NONE');
#4270 = VERTEX_POINT ( 'NONE', #45 ) ;
#4271 =( GEOMETRIC_REPRESENTATION_CONTEXT ( 3 ) GLOBAL_UNCERTAINTY_ASSIGNED_CONTEXT ( ( #545 ) ) GLOBAL_UNIT_ASSIGNED_CONTEXT ( ( #3926, #3947, #2967 ) ) REPRESENTATION_CONTEXT ( 'NONE', 'WORKASPACE' ) );
#4272 = ORIENTED_EDGE ( 'NONE', *, *, #3984, .F. ) ;
#4273 = PRESENTATION_STYLE_ASSIGNMENT (( #646 ) ) ;
#4274 = ORIENTED_EDGE ( 'NONE', *, *, #2888, .T. ) ;
#4275 = CARTESIAN_POINT ( 'NONE',  ( 0.0000000000000000000, 0.05000000000000000300, 3.049999999999999800 ) ) ;
#4276 = CARTESIAN_POINT ( 'NONE',  ( 2.250000000000000400, 0.9499999999999999600, -3.364765362886000300E-016 ) ) ;
#4277 = CARTESIAN_POINT ( 'NONE',  ( 2.600000000000000500, -0.05000000000000002400, -0.3450000000000000300 ) ) ;
#4278 = PLANE ( 'NONE',  #3580 ) ;
#4279 = FILL_AREA_STYLE ('',( #2660 ) ) ;
#4280 = EDGE_CURVE ( 'NONE', #452, #1464, #4261, .T. ) ;
#4281 = ORIENTED_EDGE ( 'NONE', *, *, #1271, .F. ) ;
#4282 = PRESENTATION_LAYER_ASSIGNMENT (  '', '', ( #3616 ) ) ;
#4283 = ORIENTED_EDGE ( 'NONE', *, *, #3773, .T. ) ;
#4284 = SURFACE_STYLE_USAGE ( .BOTH. , #1979 ) ;
#4285 = ORIENTED_EDGE ( 'NONE', *, *, #433, .T. ) ;
#4286 = VECTOR ( 'NONE', #1801, 1000.000000000000000 ) ;
#4287 = VECTOR ( 'NONE', #1715, 1000.000000000000000 ) ;
#4288 = EDGE_CURVE ( 'NONE', #1153, #1732, #3992, .T. ) ;
#4289 =( NAMED_UNIT ( * ) SI_UNIT ( $, .STERADIAN. ) SOLID_ANGLE_UNIT ( ) );
#4290 = NEXT_ASSEMBLY_USAGE_OCCURRENCE ( 'NAUO1', ' ', ' ', #2868, #3083, $ ) ;
ENDSEC;
END-ISO-10303-21;
